timestamp,user_id,item_id,subdomain,action_type,os
1098 days 00:02:48.544207,3207065,nfmcg_1761668,search,view,android
1098 days 00:02:55.640227,62664917,nfmcg_4085927,other,view,android
1098 days 00:04:24.525927,76599612,nfmcg_13165877,u2i,view,android
1098 days 00:08:26.454737,19187989,nfmcg_19906056,u2i,view,android
1098 days 00:10:07.079173,3207065,nfmcg_3998891,search,view,android
1098 days 00:10:42.138231,35820640,nfmcg_284956,other,view,android
1098 days 00:22:33.275026,39306103,nfmcg_4292092,u2i,view,android
1098 days 00:23:16.955055,13213304,nfmcg_19742246,u2i,view,android
1098 days 00:23:53.639418,38072167,nfmcg_26649662,u2i,view,ios
1098 days 00:24:40.179047,28821368,nfmcg_22802028,u2i,view,android
1098 days 00:24:52.399042,3207065,nfmcg_9104016,u2i,view,android
1098 days 00:25:22.736857,3207065,nfmcg_23559184,search,view,android
1098 days 00:26:36.956995,41034695,nfmcg_1263011,u2i,view,android
1098 days 00:27:38.912587,28821368,nfmcg_9091730,u2i,view,android
1098 days 00:31:40.134401,13213304,nfmcg_14517903,u2i,view,android
1098 days 00:32:39.984831,50235997,nfmcg_26806627,u2i,click,android
1098 days 00:35:56.101734,67324557,nfmcg_21674081,search,view,android
1098 days 00:36:29.466790,41008204,nfmcg_867469,u2i,view,android
1098 days 00:37:07.894308,9147261,nfmcg_20114920,other,view,android
1098 days 00:38:41.288879,43432437,nfmcg_16830074,u2i,view,android
1098 days 00:39:39.626952,3207065,nfmcg_19575632,u2i,view,android
1098 days 00:40:33.442366,3207065,nfmcg_3491112,u2i,view,android
1098 days 00:40:46.378469,69939832,nfmcg_28451636,u2i,view,android
1098 days 00:45:00.653248,45328424,nfmcg_4478803,u2i,view,android
1098 days 00:45:18.832216,31174913,nfmcg_20675903,other,view,android
1098 days 00:45:36.839897,43432437,nfmcg_10417851,u2i,view,android
1098 days 00:46:08.238232,28821368,nfmcg_19575632,u2i,view,android
1098 days 00:49:41.904961,27806484,nfmcg_6383887,u2i,view,android
1098 days 00:51:38.580367,3207065,nfmcg_28558581,search,view,android
1098 days 00:51:59.231459,22629359,nfmcg_254657,u2i,view,android
1098 days 00:52:45.928463,11570248,nfmcg_26419020,catalog,view,android
1098 days 00:53:02.678319,67324557,nfmcg_19358507,other,view,android
1098 days 00:54:37.950126,3207065,nfmcg_8564924,search,view,android
1098 days 00:57:18.899238,12534837,nfmcg_26806627,u2i,view,android
1098 days 00:58:09.149218,11281781,nfmcg_18843173,u2i,view,ios
1098 days 01:03:04.280691,11402786,nfmcg_13266323,u2i,view,android
1098 days 01:05:38.807104,28821368,nfmcg_10765817,u2i,view,android
1098 days 01:08:08.633882,3207065,nfmcg_13890080,search,view,android
1098 days 01:11:18.498212,11402786,nfmcg_20140725,u2i,view,android
1098 days 01:12:07.179298,67324557,nfmcg_3547227,search,view,android
1098 days 01:12:50.836353,11496423,nfmcg_19742246,u2i,view,android
1098 days 01:12:56.963910,50235997,nfmcg_17419311,u2i,view,android
1098 days 01:13:04.300242,37924756,nfmcg_12538738,other,view,android
1098 days 01:17:32.297769,11496423,nfmcg_2681623,u2i,view,android
1098 days 01:20:10.322789,67324557,nfmcg_6655754,other,view,android
1098 days 01:22:19.123417,73212316,nfmcg_16213424,other,view,android
1098 days 01:22:22.526048,13213304,nfmcg_10472957,u2i,view,android
1098 days 01:22:47.166572,26592247,nfmcg_26806627,catalog,view,android
1098 days 01:24:47.610901,19187989,nfmcg_1167561,u2i,view,android
1098 days 01:25:53.727774,3207065,nfmcg_10310953,u2i,view,android
1098 days 01:26:09.179952,45335831,nfmcg_14649335,u2i,view,android
1098 days 01:27:49.243775,67324557,nfmcg_27804220,search,view,android
1098 days 01:28:40.365191,67324557,nfmcg_9251125,search,view,android
1098 days 01:29:42.086457,3207065,nfmcg_2138782,u2i,view,android
1098 days 01:30:23.961894,87554499,nfmcg_13741830,other,view,android
1098 days 01:30:49.585655,19597826,nfmcg_28048730,u2i,view,android
1098 days 01:32:56.328687,69939832,nfmcg_4703456,u2i,view,android
1098 days 01:38:02.495270,39306103,nfmcg_15410130,u2i,view,android
1098 days 01:38:39.868281,11402786,nfmcg_21363739,u2i,view,android
1098 days 01:39:49.026144,41133300,nfmcg_24292729,u2i,view,android
1098 days 01:41:24.465317,29391887,nfmcg_22764748,u2i,view,android
1098 days 01:43:30.860955,3207065,nfmcg_16851959,u2i,view,android
1098 days 01:47:25.003246,56389430,nfmcg_254657,other,view,android
1098 days 01:48:44.737905,74169333,nfmcg_27711770,u2i,view,android
1098 days 01:48:44.942148,53399996,nfmcg_20675903,u2i,view,android
1098 days 01:49:14.191934,11496423,nfmcg_2544281,u2i,view,android
1098 days 01:49:56.730160,59807873,nfmcg_21179186,u2i,view,android
1098 days 01:52:14.947434,11570248,nfmcg_13517883,u2i,view,android
1098 days 01:52:21.118343,50235997,nfmcg_2681623,u2i,view,android
1098 days 01:54:29.258302,50235997,nfmcg_8577680,u2i,view,android
1098 days 01:55:21.298224,43432437,nfmcg_11106361,u2i,view,android
1098 days 01:56:55.218145,19597826,nfmcg_26806627,u2i,view,android
1098 days 01:58:22.419644,50235997,nfmcg_17419311,u2i,view,android
1098 days 01:58:22.552581,27806484,nfmcg_13757063,u2i,view,android
1098 days 02:00:32.309273,10477941,nfmcg_2992071,u2i,view,android
1098 days 02:00:47.315308,65686595,nfmcg_6383887,other,view,ios
1098 days 02:03:27.743108,3207065,nfmcg_6080785,search,view,android
1098 days 02:03:35.612784,3207065,nfmcg_1728448,search,view,android
1098 days 02:04:19.338905,69939832,nfmcg_4436221,u2i,view,android
1098 days 02:04:45.561446,45335831,nfmcg_15508131,u2i,view,ios
1098 days 02:04:49.031337,3207065,nfmcg_1343251,u2i,view,android
1098 days 02:08:05.011480,84527155,nfmcg_24564699,u2i,view,android
1098 days 02:10:26.502150,3207065,nfmcg_4735969,u2i,view,android
1098 days 02:11:52.095616,75148099,nfmcg_2681623,u2i,view,android
1098 days 02:12:07.040366,74429669,nfmcg_10707222,u2i,view,android
1098 days 02:13:42.525053,19597826,nfmcg_6841227,u2i,view,android
1098 days 02:13:47.796817,3207065,nfmcg_20209840,search,view,android
1098 days 02:15:39.823194,17715302,nfmcg_4932322,other,view,android
1098 days 02:15:59.992643,3207065,nfmcg_3183910,search,view,android
1098 days 02:16:50.529459,74169333,nfmcg_4085927,u2i,view,android
1098 days 02:17:39.578930,3207065,nfmcg_7250772,u2i,view,android
1098 days 02:19:16.445351,19597826,nfmcg_20381554,u2i,view,android
1098 days 02:19:30.988410,59807873,nfmcg_10046742,u2i,view,android
1098 days 02:21:16.456017,69885243,nfmcg_2879160,other,view,android
1098 days 02:22:53.256286,44354150,nfmcg_19906056,u2i,click,android
1098 days 02:24:07.593178,37924756,nfmcg_23893806,other,view,android
1098 days 02:25:33.619724,3207065,nfmcg_27873997,u2i,view,android
1098 days 02:27:09.685039,4186816,nfmcg_24564699,u2i,view,android
1098 days 02:27:36.383462,50235997,nfmcg_10472957,u2i,view,android
1098 days 02:28:21.457555,77236477,nfmcg_27581059,u2i,view,android
1098 days 02:28:32.376017,29391887,nfmcg_20114920,u2i,view,android
1098 days 02:31:09.900584,27806484,nfmcg_16669558,u2i,view,android
1098 days 02:31:26.227330,3207065,nfmcg_26025175,search,view,android
1098 days 02:34:41.208369,84527155,nfmcg_4436221,u2i,view,android
1098 days 02:35:07.666297,8803898,nfmcg_14039825,u2i,view,android
1098 days 02:36:31.539460,38072167,nfmcg_2879160,u2i,view,ios
1098 days 02:38:12.853887,64478175,nfmcg_3665310,u2i,view,android
1098 days 02:39:43.717747,3207065,nfmcg_19654445,search,view,android
1098 days 02:39:59.623157,44052577,nfmcg_7727120,other,view,android
1098 days 02:40:03.199011,3207065,nfmcg_22098018,search,view,android
1098 days 02:41:23.101797,43432437,nfmcg_7442977,other,view,android
1098 days 02:43:17.293666,77236477,nfmcg_21514286,u2i,view,android
1098 days 02:44:21.525073,62878922,nfmcg_12284330,other,view,android
1098 days 02:46:08.730423,50235997,nfmcg_2681623,u2i,view,android
1098 days 02:46:25.207664,6608257,nfmcg_11127127,u2i,view,ios
1098 days 02:47:12.288299,3207065,nfmcg_217809,u2i,view,android
1098 days 02:48:14.062254,3207065,nfmcg_25620577,search,view,android
1098 days 02:48:14.213911,6827311,nfmcg_14297356,u2i,view,android
1098 days 02:48:22.259577,43432437,nfmcg_15097877,u2i,view,android
1098 days 02:48:55.010663,44354150,nfmcg_14522263,u2i,view,android
1098 days 02:51:26.537843,76022406,nfmcg_11807359,u2i,view,android
1098 days 02:54:15.325007,3207065,nfmcg_28436912,search,view,android
1098 days 02:55:31.759418,11281781,nfmcg_2879160,u2i,view,ios
1098 days 02:57:41.766297,41034695,nfmcg_12406233,u2i,view,android
1098 days 02:59:13.389088,39306103,nfmcg_3631101,u2i,view,android
1098 days 02:59:48.102549,74429669,nfmcg_14074689,u2i,view,android
1098 days 03:00:04.435824,11496423,nfmcg_28036449,u2i,view,android
1098 days 03:00:33.933826,3207065,nfmcg_12131320,search,view,android
1098 days 03:01:36.232076,3207065,nfmcg_4314567,u2i,view,android
1098 days 03:02:45.959176,13213304,nfmcg_8577680,u2i,view,android
1098 days 03:03:35.438238,20597109,nfmcg_17780904,u2i,view,android
1098 days 03:04:33.733245,41034695,nfmcg_254657,u2i,view,android
1098 days 03:05:01.645605,1281539,nfmcg_11784384,other,view,android
1098 days 03:07:35.208376,52326907,nfmcg_26806627,u2i,view,android
1098 days 03:08:45.294290,38353164,nfmcg_7727120,u2i,view,android
1098 days 03:09:17.267962,3207065,nfmcg_1404579,u2i,view,android
1098 days 03:10:02.679995,69939832,nfmcg_867469,u2i,view,android
1098 days 03:13:36.061571,3207065,nfmcg_16138396,search,view,android
1098 days 03:14:15.732928,3207065,nfmcg_19240373,search,view,android
1098 days 03:14:46.146918,3207065,nfmcg_18752167,u2i,view,android
1098 days 03:15:09.819748,3207065,nfmcg_10360464,search,view,android
1098 days 03:15:37.311788,13554331,nfmcg_7816204,u2i,view,android
1098 days 03:16:16.197680,3207065,nfmcg_13407368,search,view,android
1098 days 03:16:33.513754,50235997,nfmcg_19742246,u2i,view,android
1098 days 03:17:27.967351,69939832,nfmcg_4436221,u2i,view,android
1098 days 03:17:32.421656,59807873,nfmcg_15927396,other,view,android
1098 days 03:18:24.712442,29391887,nfmcg_28078922,u2i,view,android
1098 days 03:18:31.585994,27806484,nfmcg_16669558,u2i,view,android
1098 days 03:19:36.927690,38072167,nfmcg_5554541,u2i,view,ios
1098 days 03:21:21.660724,42278615,nfmcg_7313303,other,view,android
1098 days 03:21:36.626263,1085308,nfmcg_15022704,other,view,ios
1098 days 03:25:48.526228,41034695,nfmcg_11474207,u2i,view,android
1098 days 03:26:03.570346,6012807,nfmcg_27581059,u2i,view,ios
1098 days 03:26:59.732880,29391887,nfmcg_16684390,u2i,view,android
1098 days 03:27:55.030856,65686595,nfmcg_10472957,u2i,view,ios
1098 days 03:28:35.195880,43432437,nfmcg_16484774,u2i,view,android
1098 days 03:31:52.623555,3207065,nfmcg_8481368,search,view,android
1098 days 03:33:22.301654,84527155,nfmcg_4703456,u2i,view,android
1098 days 03:35:24.643477,2376485,nfmcg_1995428,u2i,view,android
1098 days 03:37:36.285005,26592247,nfmcg_13757063,u2i,click,android
1098 days 03:37:58.933613,68643250,nfmcg_22461105,u2i,view,android
1098 days 03:39:29.705169,52326907,nfmcg_11018527,u2i,view,android
1098 days 03:39:49.827138,87554499,nfmcg_10472957,other,view,android
1098 days 03:47:07.742258,52326907,nfmcg_26806627,u2i,view,android
1098 days 03:47:17.687160,54326542,nfmcg_26806627,u2i,view,android
1098 days 03:48:49.745158,38072167,nfmcg_21678523,u2i,view,ios
1098 days 03:50:54.449710,52326907,nfmcg_2681623,u2i,view,android
1098 days 03:51:28.778833,74429669,nfmcg_10707222,u2i,click,android
1098 days 03:54:01.822727,3207065,nfmcg_21703202,search,view,android
1098 days 03:55:35.496968,29391887,nfmcg_9907774,u2i,view,android
1098 days 03:56:02.949821,59646916,nfmcg_24492920,u2i,view,android
1098 days 03:56:33.035171,52333688,nfmcg_867469,u2i,view,android
1098 days 03:57:52.838636,6012807,nfmcg_4085927,u2i,view,ios
1098 days 03:58:56.627889,50235997,nfmcg_5968503,u2i,view,android
1098 days 03:58:59.787085,50235997,nfmcg_19742246,u2i,view,android
1098 days 03:59:29.751221,38072167,nfmcg_7362830,u2i,view,ios
1098 days 03:59:48.036835,11570248,nfmcg_4703456,catalog,click,android
1098 days 04:01:20.164848,3207065,nfmcg_14328843,u2i,view,android
1098 days 04:01:53.513870,50235997,nfmcg_5968503,u2i,view,android
1098 days 04:02:33.124990,77953027,nfmcg_11875472,u2i,view,android
1098 days 04:02:53.249153,38072167,nfmcg_27873997,u2i,view,ios
1098 days 04:04:00.243012,14528741,nfmcg_27281646,u2i,view,android
1098 days 04:04:51.066014,52326907,nfmcg_19742246,u2i,view,android
1098 days 04:05:40.280765,39306103,nfmcg_15410130,u2i,view,android
1098 days 04:06:46.922250,74429669,nfmcg_22992567,u2i,view,android
1098 days 04:08:01.820915,59807873,nfmcg_15893105,u2i,view,android
1098 days 04:08:13.867536,43432437,nfmcg_18364403,u2i,view,android
1098 days 04:08:45.801005,43432437,nfmcg_12516043,u2i,view,android
1098 days 04:09:07.077436,45328424,nfmcg_6315289,u2i,view,android
1098 days 04:11:17.059861,50235997,nfmcg_11018527,u2i,view,android
1098 days 04:11:17.463971,3207065,nfmcg_21138375,search,view,android
1098 days 04:14:00.851044,3207065,nfmcg_14921513,other,view,android
1098 days 04:15:26.634016,44354150,nfmcg_10046742,u2i,view,android
1098 days 04:15:44.911494,41133300,nfmcg_17884195,u2i,view,android
1098 days 04:16:01.722986,59807873,nfmcg_25823124,u2i,view,android
1098 days 04:16:07.428983,29391887,nfmcg_11112738,u2i,click,android
1098 days 04:16:13.170045,14528741,nfmcg_10196773,catalog,view,android
1098 days 04:17:07.321573,35820640,nfmcg_12516043,other,view,android
1098 days 04:18:11.454464,38072167,nfmcg_11948699,u2i,view,ios
1098 days 04:21:56.187744,76022406,nfmcg_13757063,u2i,view,android
1098 days 04:22:25.069269,52326907,nfmcg_11018527,u2i,view,android
1098 days 04:22:48.802593,52326907,nfmcg_26806627,u2i,view,android
1098 days 04:23:33.491408,1085308,nfmcg_19358507,other,view,ios
1098 days 04:23:39.497247,26839580,nfmcg_21786924,other,view,android
1098 days 04:23:41.146515,13917026,nfmcg_14297356,other,view,android
1098 days 04:24:29.907682,75148099,nfmcg_27219064,u2i,view,ios
1098 days 04:26:38.463498,77236477,nfmcg_25446985,u2i,view,android
1098 days 04:27:13.381502,19597826,nfmcg_7442977,u2i,view,android
1098 days 04:28:03.841067,29391887,nfmcg_11581023,u2i,view,android
1098 days 04:31:35.226861,31208240,nfmcg_20114920,u2i,view,ios
1098 days 04:32:20.956678,3207065,nfmcg_28057908,search,view,android
1098 days 04:35:23.846159,8803898,nfmcg_25823124,u2i,view,android
1098 days 04:36:08.093579,31208240,nfmcg_28078922,u2i,view,ios
1098 days 04:37:07.999851,64478175,nfmcg_3631334,u2i,view,android
1098 days 04:37:24.377556,13213304,nfmcg_2681623,u2i,view,android
1098 days 04:39:01.639382,17599506,nfmcg_3913573,u2i,view,android
1098 days 04:39:04.895131,14528741,nfmcg_20675903,u2i,view,android
1098 days 04:41:35.771603,59807873,nfmcg_11856679,u2i,view,android
1098 days 04:41:53.070247,46265088,nfmcg_3898374,other,view,android
1098 days 04:42:03.825749,31208240,nfmcg_3421073,u2i,view,ios
1098 days 04:42:04.300215,19597826,nfmcg_20992285,u2i,view,android
1098 days 04:42:18.353591,44354150,nfmcg_21363739,u2i,view,android
1098 days 04:42:32.051663,44354150,nfmcg_9498902,u2i,view,android
1098 days 04:43:03.636263,38353164,nfmcg_26806627,u2i,view,android
1098 days 04:43:08.294335,59807873,nfmcg_10046742,other,view,android
1098 days 04:43:59.511098,6857436,nfmcg_21363739,u2i,view,android
1098 days 04:45:01.564669,3207065,nfmcg_22348264,search,view,android
1098 days 04:45:05.369677,44354150,nfmcg_11856679,u2i,view,android
1098 days 04:45:21.964490,67767492,nfmcg_7854923,other,view,android
1098 days 04:46:14.614675,75148099,nfmcg_11018527,u2i,view,android
1098 days 04:46:42.204637,14812641,nfmcg_22764748,u2i,view,android
1098 days 04:46:47.453645,38072167,nfmcg_21786924,u2i,view,ios
1098 days 04:49:37.305200,38072167,nfmcg_28270569,u2i,view,ios
1098 days 04:50:19.572741,75148099,nfmcg_17419311,u2i,click,android
1098 days 04:52:23.178734,59807873,nfmcg_6334516,u2i,view,android
1098 days 04:52:50.212788,3207065,nfmcg_25385783,search,view,android
1098 days 04:53:26.625648,3207065,nfmcg_2859367,search,view,android
1098 days 04:53:27.722559,31208240,nfmcg_3421073,u2i,view,ios
1098 days 04:53:37.739851,20597109,nfmcg_22764748,u2i,view,android
1098 days 04:54:08.837496,6857436,nfmcg_10417851,u2i,view,android
1098 days 04:59:28.784383,42278615,nfmcg_15241635,u2i,view,android
1098 days 05:02:04.537312,44354150,nfmcg_14893278,u2i,view,android
1098 days 05:02:20.486182,29254326,nfmcg_25237144,u2i,view,android
1098 days 05:02:30.341631,50235997,nfmcg_5968503,u2i,view,android
1098 days 05:03:07.508001,45328424,nfmcg_19742246,u2i,view,android
1098 days 05:05:00.540752,38353164,nfmcg_13757063,u2i,view,android
1098 days 05:05:09.416372,3207065,nfmcg_16463669,search,view,android
1098 days 05:05:16.290828,34893890,nfmcg_19030396,other,view,android
1098 days 05:05:28.758802,37924756,nfmcg_12538738,other,view,android
1098 days 05:07:02.447919,59646916,nfmcg_12351545,u2i,view,android
1098 days 05:07:18.043492,17599506,nfmcg_21179186,other,view,android
1098 days 05:07:25.699453,45335831,nfmcg_5968503,u2i,view,ios
1098 days 05:08:02.949471,50235997,nfmcg_10472957,u2i,view,android
1098 days 05:09:12.637618,31208240,nfmcg_4085927,u2i,view,ios
1098 days 05:10:29.635683,43432437,nfmcg_4737005,u2i,view,android
1098 days 05:10:31.950302,31208240,nfmcg_15508131,u2i,view,ios
1098 days 05:10:43.977376,44354150,nfmcg_9908021,u2i,view,android
1098 days 05:11:18.237908,43432437,nfmcg_11948699,u2i,view,android
1098 days 05:11:33.699133,69939832,nfmcg_14893278,u2i,view,android
1098 days 05:11:39.268598,23138974,nfmcg_11127127,u2i,view,ios
1098 days 05:11:50.160618,3207065,nfmcg_26224393,u2i,view,android
1098 days 05:12:04.000090,13213304,nfmcg_10472957,u2i,view,android
1098 days 05:12:31.087877,44813615,nfmcg_14893278,other,view,android
1098 days 05:13:10.062368,14528741,nfmcg_13767212,u2i,view,android
1098 days 05:14:03.655044,3207065,nfmcg_26053389,search,view,android
1098 days 05:14:05.832907,74429669,nfmcg_22992567,other,view,android
1098 days 05:16:31.477965,38353164,nfmcg_7727120,u2i,view,android
1098 days 05:17:32.682559,13554331,nfmcg_13723637,u2i,view,android
1098 days 05:19:27.195851,43356923,nfmcg_12538738,u2i,click,android
1098 days 05:20:27.719559,397333,nfmcg_2879160,u2i,view,android
1098 days 05:23:01.942259,6857436,nfmcg_7854923,u2i,view,android
1098 days 05:24:02.919249,4186816,nfmcg_19030396,u2i,view,android
1098 days 05:24:19.310705,3207065,nfmcg_6777867,u2i,view,android
1098 days 05:24:59.367927,50235997,nfmcg_11018527,u2i,view,android
1098 days 05:27:02.850371,3207065,nfmcg_5245666,search,view,android
1098 days 05:27:10.889222,20597109,nfmcg_12538738,u2i,view,android
1098 days 05:27:28.028073,3207065,nfmcg_23216105,search,view,android
1098 days 05:28:03.497339,45328424,nfmcg_26806627,u2i,view,android
1098 days 05:29:46.845791,59807873,nfmcg_27986943,u2i,view,android
1098 days 05:30:53.958991,13554331,nfmcg_2992071,u2i,view,android
1098 days 05:31:27.043878,3207065,nfmcg_3513347,u2i,view,android
1098 days 05:31:56.281948,1085308,nfmcg_11116446,other,view,ios
1098 days 05:32:38.154892,38072167,nfmcg_11474207,u2i,view,ios
1098 days 05:32:49.150290,59807873,nfmcg_9498902,u2i,view,android
1098 days 05:36:02.317899,38353164,nfmcg_14649335,u2i,view,android
1098 days 05:37:45.226878,52326907,nfmcg_8577680,u2i,view,android
1098 days 05:37:53.648152,45328424,nfmcg_27113139,u2i,view,android
1098 days 05:38:15.838040,14528741,nfmcg_26806627,u2i,view,android
1098 days 05:38:21.858430,38072167,nfmcg_20114920,u2i,view,ios
1098 days 05:39:19.208320,29391887,nfmcg_16122000,other,view,android
1098 days 05:40:02.041964,4186816,nfmcg_28451636,u2i,view,android
1098 days 05:42:29.103852,27806484,nfmcg_7415146,u2i,view,android
1098 days 05:42:32.460094,31208240,nfmcg_15241635,u2i,view,ios
1098 days 05:42:56.243431,3207065,nfmcg_18709879,u2i,view,android
1098 days 05:44:40.160136,84527155,nfmcg_4085927,u2i,view,android
1098 days 05:45:29.845039,14812641,nfmcg_13516083,u2i,view,android
1098 days 05:47:24.349276,75148099,nfmcg_11018527,u2i,click,android
1098 days 05:49:10.736227,29391887,nfmcg_16883345,other,view,android
1098 days 05:52:31.375187,38353164,nfmcg_26806627,u2i,view,android
1098 days 05:53:00.064086,50734691,nfmcg_4311248,u2i,view,android
1098 days 05:54:11.613659,11570248,nfmcg_2992071,i2i,click,android
1098 days 05:55:21.796694,89405671,nfmcg_1724547,other,view,android
1098 days 05:55:46.615412,52326907,nfmcg_10472957,u2i,view,android
1098 days 05:56:17.786439,38353164,nfmcg_13757063,u2i,view,android
1098 days 05:57:36.290175,52326907,nfmcg_23857142,u2i,click,android
1098 days 05:58:32.509477,59807873,nfmcg_15022704,other,view,android
1098 days 05:59:06.240477,24632313,nfmcg_17801925,u2i,view,android
1098 days 06:02:51.573580,14528741,nfmcg_18347964,u2i,view,android
1098 days 06:03:01.278537,49681645,nfmcg_15241635,other,view,android
1098 days 06:03:30.160486,29254326,nfmcg_9424302,u2i,view,android
1098 days 06:05:15.756767,59807873,nfmcg_21179186,other,view,android
1098 days 06:06:11.819484,3207065,nfmcg_21555352,search,view,android
1098 days 06:06:14.652112,44354150,nfmcg_3625288,u2i,view,android
1098 days 06:06:26.274476,29391887,nfmcg_19806311,u2i,view,android
1098 days 06:08:15.473103,59646916,nfmcg_25454249,other,view,android
1098 days 06:11:23.493656,3207065,nfmcg_23158016,search,view,android
1098 days 06:11:37.850202,47639006,nfmcg_20575214,other,view,android
1098 days 06:12:28.974652,84440491,nfmcg_12661298,u2i,view,android
1098 days 06:12:45.680494,3207065,nfmcg_5260230,search,view,android
1098 days 06:16:56.166562,66404811,nfmcg_22860181,u2i,view,android
1098 days 06:17:45.558878,59807873,nfmcg_14802843,u2i,view,android
1098 days 06:18:01.126208,56389430,nfmcg_11931229,other,view,android
1098 days 06:22:25.255323,3207065,nfmcg_11383240,search,view,android
1098 days 06:22:41.647593,45328424,nfmcg_10472957,u2i,view,android
1098 days 06:22:44.065254,6012807,nfmcg_1263011,u2i,view,ios
1098 days 06:24:32.889776,76511864,nfmcg_22764748,other,view,android
1098 days 06:24:47.729348,3207065,nfmcg_27973885,u2i,view,android
1098 days 06:27:06.650679,27806484,nfmcg_9688964,u2i,view,android
1098 days 06:27:23.142877,2376485,nfmcg_2879160,u2i,view,android
1098 days 06:28:35.002886,62878922,nfmcg_20992285,other,view,android
1098 days 06:29:11.946915,13554331,nfmcg_12516043,u2i,view,android
1098 days 06:29:28.185015,397333,nfmcg_15410130,u2i,view,android
1098 days 06:31:17.055659,72532746,nfmcg_14893278,u2i,view,android
1098 days 06:33:32.367125,77236477,nfmcg_10418658,u2i,view,android
1098 days 06:33:50.894057,76511864,nfmcg_11199214,other,view,ios
1098 days 06:34:50.073441,3207065,nfmcg_27108276,u2i,view,android
1098 days 06:35:18.936251,84440491,nfmcg_28078922,u2i,view,android
1098 days 06:35:26.204983,45335831,nfmcg_22146622,u2i,view,ios
1098 days 06:35:39.498158,70487119,nfmcg_7861852,u2i,view,android
1098 days 06:35:47.163409,81193178,nfmcg_6443648,u2i,view,android
1098 days 06:37:59.396196,77236477,nfmcg_28190260,u2i,view,android
1098 days 06:38:21.487433,45328424,nfmcg_19742246,u2i,view,android
1098 days 06:38:30.908623,3207065,nfmcg_16598441,u2i,view,android
1098 days 06:39:23.123476,74429669,nfmcg_28078922,u2i,click,android
1098 days 06:40:08.508091,397333,nfmcg_19197979,u2i,view,android
1098 days 06:40:53.613738,50235997,nfmcg_26806627,u2i,view,android
1098 days 06:41:49.451942,56389430,nfmcg_11931229,other,view,android
1098 days 06:44:27.911839,13554331,nfmcg_24492920,u2i,view,android
1098 days 06:44:53.775450,29391887,nfmcg_22011830,u2i,view,android
1098 days 06:45:30.798302,74429669,nfmcg_14074689,u2i,view,android
1098 days 06:45:49.943054,35175543,nfmcg_25454249,u2i,view,android
1098 days 06:46:49.322673,42278615,nfmcg_27581059,u2i,view,android
1098 days 06:47:30.655424,3207065,nfmcg_6831014,search,view,android
1098 days 06:48:24.295584,57486402,nfmcg_14193797,u2i,view,ios
1098 days 06:49:53.001524,3207065,nfmcg_7171908,u2i,view,android
1098 days 06:50:24.758220,50277145,nfmcg_11127127,u2i,view,ios
1098 days 06:50:31.521790,29391887,nfmcg_21078980,other,view,android
1098 days 06:51:13.859568,81767833,nfmcg_4857549,other,view,android
1098 days 06:55:11.289898,52326907,nfmcg_5968503,u2i,view,android
1098 days 06:55:43.510217,54840528,nfmcg_8098893,other,view,android
1098 days 06:59:02.897123,76022406,nfmcg_17687750,u2i,view,android
1098 days 06:59:33.856527,6857436,nfmcg_2879160,other,view,android
1098 days 07:00:04.028691,75148099,nfmcg_10472957,u2i,view,android
1098 days 07:00:33.502384,8803898,nfmcg_21179186,u2i,view,android
1098 days 07:01:06.116350,11496423,nfmcg_15765285,u2i,view,android
1098 days 07:01:43.836358,74169333,nfmcg_16984600,u2i,view,android
1098 days 07:02:41.062087,45328424,nfmcg_24299152,u2i,view,ios
1098 days 07:03:44.869362,27806484,nfmcg_12756065,u2i,view,android
1098 days 07:06:11.810495,74429669,nfmcg_10707222,u2i,view,android
1098 days 07:06:15.846638,74169333,nfmcg_4085927,u2i,view,android
1098 days 07:08:56.564799,3207065,nfmcg_5551832,search,view,android
1098 days 07:09:47.186474,45328424,nfmcg_27113139,u2i,view,android
1098 days 07:10:24.267842,59646916,nfmcg_24292729,u2i,view,android
1098 days 07:11:00.626943,52333688,nfmcg_5752785,u2i,view,android
1098 days 07:11:06.016506,2714093,nfmcg_10765817,u2i,view,android
1098 days 07:12:38.978123,84527155,nfmcg_28078922,u2i,view,android
1098 days 07:16:52.906131,3207065,nfmcg_25692230,u2i,view,android
1098 days 07:17:18.382013,37924756,nfmcg_8245669,other,view,android
1098 days 07:18:23.396737,3207065,nfmcg_22754747,u2i,view,android
1098 days 07:23:29.298900,9886332,nfmcg_21179186,u2i,view,android
1098 days 07:24:24.517825,45328424,nfmcg_26806627,u2i,view,android
1098 days 07:27:27.697479,59807873,nfmcg_7410673,u2i,view,android
1098 days 07:27:46.587466,59646916,nfmcg_25454249,u2i,view,android
1098 days 07:27:46.734171,74429669,nfmcg_10707222,u2i,view,android
1098 days 07:28:47.939133,59807873,nfmcg_1167561,u2i,view,android
1098 days 07:28:51.217399,11402786,nfmcg_11856679,u2i,view,android
1098 days 07:29:36.093912,59807873,nfmcg_7816204,u2i,view,android
1098 days 07:29:53.375694,81193178,nfmcg_14326289,u2i,view,android
1098 days 07:30:52.313859,6012807,nfmcg_25454249,u2i,view,ios
1098 days 07:32:45.433667,3207065,nfmcg_6093922,search,view,android
1098 days 07:32:51.041086,10566654,nfmcg_28169368,other,view,android
1098 days 07:32:57.938987,3207065,nfmcg_26648862,other,view,android
1098 days 07:35:31.662067,33841113,nfmcg_9728251,other,view,android
1098 days 07:36:17.624291,70487119,nfmcg_25559321,u2i,view,ios
1098 days 07:36:40.103989,52326907,nfmcg_17419311,u2i,view,android
1098 days 07:36:41.631022,77236477,nfmcg_92721,u2i,view,android
1098 days 07:38:53.461277,69939832,nfmcg_4436221,u2i,click,android
1098 days 07:43:55.728107,31208240,nfmcg_4085927,u2i,view,ios
1098 days 07:44:22.057784,50235997,nfmcg_8577680,u2i,view,android
1098 days 07:44:31.046095,77236477,nfmcg_4263860,u2i,view,android
1098 days 07:46:59.629614,1085308,nfmcg_25895560,other,view,ios
1098 days 07:47:48.830203,57486402,nfmcg_14802843,u2i,view,ios
1098 days 07:48:10.435808,3207065,nfmcg_15811628,u2i,click,android
1098 days 07:49:16.435527,44354150,nfmcg_3625288,u2i,click,android
1098 days 07:49:36.532979,14528741,nfmcg_16680886,u2i,view,android
1098 days 07:51:07.911337,9886332,nfmcg_13329597,other,view,android
1098 days 07:51:36.259320,50235997,nfmcg_26806627,u2i,view,android
1098 days 07:54:17.272598,42278615,nfmcg_3631334,u2i,view,android
1098 days 07:54:23.404250,14812641,nfmcg_24157427,u2i,view,android
1098 days 07:56:11.792973,397333,nfmcg_9728251,u2i,view,ios
1098 days 07:57:06.129783,17599506,nfmcg_10472957,other,view,android
1098 days 07:57:44.465975,59807873,nfmcg_9908021,u2i,view,android
1098 days 07:59:51.793953,1085308,nfmcg_18652421,u2i,view,ios
1098 days 07:59:52.689737,22629359,nfmcg_254657,u2i,view,android
1098 days 08:00:54.647555,67222005,nfmcg_12284330,u2i,view,android
1098 days 08:02:09.200351,6857436,nfmcg_22035600,u2i,view,android
1098 days 08:04:06.549138,4186816,nfmcg_254657,u2i,view,android
1098 days 08:04:10.868291,3207065,nfmcg_9104016,u2i,view,android
1098 days 08:04:43.626833,29391887,nfmcg_27118219,u2i,view,android
1098 days 08:05:15.711913,50235997,nfmcg_11018527,u2i,view,android
1098 days 08:06:04.395146,14528741,nfmcg_10472957,u2i,view,android
1098 days 08:06:23.778101,59646916,nfmcg_4436221,u2i,view,android
1098 days 08:06:53.590487,52326907,nfmcg_19742246,u2i,view,android
1098 days 08:07:44.630121,11402786,nfmcg_642781,u2i,view,android
1098 days 08:08:43.628558,20606998,nfmcg_14326289,other,view,android
1098 days 08:09:50.625481,56389430,nfmcg_254657,other,view,android
1098 days 08:10:07.855531,84527155,nfmcg_28078922,u2i,view,android
1098 days 08:10:51.822689,59807873,nfmcg_25454249,u2i,view,android
1098 days 08:10:52.291229,69939832,nfmcg_15893105,u2i,view,android
1098 days 08:11:10.580035,29391887,nfmcg_20114920,u2i,view,android
1098 days 08:11:19.299674,54840528,nfmcg_12898997,other,view,android
1098 days 08:11:32.241663,52333688,nfmcg_18197150,u2i,view,android
1098 days 08:12:29.985169,12534837,nfmcg_27460404,other,view,ios
1098 days 08:13:34.570486,44354150,nfmcg_10046742,other,view,android
1098 days 08:15:44.152685,84527155,nfmcg_21815977,u2i,view,android
1098 days 08:16:19.060300,36282132,nfmcg_2869369,i2i,view,android
1098 days 08:17:52.815181,31063549,nfmcg_28078922,u2i,view,android
1098 days 08:18:15.859943,76022406,nfmcg_4263860,u2i,view,android
1098 days 08:18:18.441461,59807873,nfmcg_28153258,u2i,view,android
1098 days 08:20:15.255352,36282132,nfmcg_1433585,i2i,view,android
1098 days 08:22:01.258654,20597109,nfmcg_3665310,u2i,view,android
1098 days 08:24:10.874884,65686595,nfmcg_26806627,u2i,view,ios
1098 days 08:24:56.444975,9886332,nfmcg_92721,u2i,view,android
1098 days 08:25:31.689811,67222005,nfmcg_14326289,u2i,view,android
1098 days 08:26:43.574481,36365863,nfmcg_7313303,u2i,view,other
1098 days 08:26:46.490678,6857436,nfmcg_4085927,u2i,view,android
1098 days 08:27:23.077437,66404811,nfmcg_8386753,u2i,view,android
1098 days 08:27:29.085167,46479423,nfmcg_5628184,other,view,android
1098 days 08:28:48.479389,29391887,nfmcg_12538738,u2i,view,android
1098 days 08:30:08.304241,11402786,nfmcg_25823124,u2i,view,android
1098 days 08:30:54.902860,29254326,nfmcg_19030396,u2i,view,android
1098 days 08:31:21.387369,11402786,nfmcg_15241635,u2i,view,android
1098 days 08:31:51.477006,29391887,nfmcg_22203502,u2i,view,android
1098 days 08:32:38.286340,36282132,nfmcg_12975921,i2i,view,android
1098 days 08:32:45.581568,45328424,nfmcg_4478803,u2i,view,android
1098 days 08:33:02.547997,76022406,nfmcg_19741298,u2i,view,android
1098 days 08:33:27.585974,14812641,nfmcg_15508131,u2i,view,android
1098 days 08:35:21.269224,50235997,nfmcg_19742246,u2i,view,android
1098 days 08:35:30.090186,42278615,nfmcg_5944695,u2i,view,android
1098 days 08:35:52.812899,59953117,nfmcg_13517883,other,view,ios
1098 days 08:37:37.598625,52326907,nfmcg_17419311,u2i,view,android
1098 days 08:38:32.608315,31208240,nfmcg_28078922,u2i,view,ios
1098 days 08:41:08.536888,38353164,nfmcg_27581059,u2i,view,android
1098 days 08:41:46.196077,50235997,nfmcg_20114920,other,view,android
1098 days 08:42:28.877436,29254326,nfmcg_4085927,u2i,view,android
1098 days 08:43:37.373011,3207065,nfmcg_25316637,search,view,android
1098 days 08:44:51.950306,50734691,nfmcg_9313115,u2i,view,android
1098 days 08:45:04.134060,84527155,nfmcg_24564699,u2i,view,android
1098 days 08:45:06.359912,59646916,nfmcg_2992071,u2i,view,android
1098 days 08:45:25.907911,36365863,nfmcg_12136252,u2i,view,ios
1098 days 08:48:34.540600,36282132,nfmcg_25926998,u2i,click,android
1098 days 08:50:11.972896,29391887,nfmcg_14326289,u2i,view,android
1098 days 08:51:16.854245,26839580,nfmcg_16525554,other,view,android
1098 days 08:51:21.672593,48644187,nfmcg_20675903,u2i,view,android
1098 days 08:52:24.773054,51048267,nfmcg_7077303,u2i,view,android
1098 days 08:52:47.049622,15906630,nfmcg_13517883,u2i,view,android
1098 days 08:55:46.211127,6827311,nfmcg_26806627,u2i,view,android
1098 days 08:56:00.122582,52326907,nfmcg_5968503,u2i,view,android
1098 days 08:57:06.955701,10566654,nfmcg_11474207,other,view,android
1098 days 08:57:08.896301,52326907,nfmcg_11018527,u2i,view,android
1098 days 08:57:55.101631,19597826,nfmcg_4025182,u2i,view,android
1098 days 09:01:35.012102,17599506,nfmcg_11784384,u2i,view,android
1098 days 09:02:13.206624,3438353,nfmcg_9892045,u2i,view,android
1098 days 09:03:22.125494,69939832,nfmcg_3631334,u2i,view,android
1098 days 09:04:06.218628,50235997,nfmcg_26806627,u2i,view,android
1098 days 09:05:05.419869,29391887,nfmcg_27118219,u2i,view,android
1098 days 09:08:48.885152,69939832,nfmcg_14893278,u2i,view,android
1098 days 09:09:24.291735,59987520,nfmcg_12699637,u2i,view,ios
1098 days 09:09:50.630203,59646916,nfmcg_2992071,other,view,android
1098 days 09:09:51.753504,66404811,nfmcg_22764748,u2i,view,android
1098 days 09:10:22.275178,76022406,nfmcg_3896208,u2i,view,android
1098 days 09:12:38.057727,36282132,nfmcg_14732816,i2i,view,android
1098 days 09:12:42.858202,13213304,nfmcg_26806627,u2i,view,android
1098 days 09:13:29.903845,36282132,nfmcg_1851461,i2i,view,android
1098 days 09:14:26.783949,77236477,nfmcg_13757063,u2i,view,android
1098 days 09:15:10.215440,3207065,nfmcg_13757063,u2i,view,android
1098 days 09:15:25.962279,52326907,nfmcg_2681623,u2i,view,android
1098 days 09:15:43.118460,14528741,nfmcg_1404557,catalog,view,android
1098 days 09:15:48.918013,50235997,nfmcg_2681623,u2i,view,android
1098 days 09:15:55.469568,19597826,nfmcg_7554026,u2i,view,android
1098 days 09:16:58.598016,54840528,nfmcg_92721,other,view,ios
1098 days 09:17:02.688381,29391887,nfmcg_28078922,u2i,view,android
1098 days 09:17:06.929710,48644187,nfmcg_19742246,u2i,view,android
1098 days 09:17:46.278981,14528741,nfmcg_20675903,u2i,view,android
1098 days 09:18:26.488654,7534736,nfmcg_4236027,u2i,view,android
1098 days 09:18:48.506550,38353164,nfmcg_15904154,u2i,view,android
1098 days 09:19:45.935093,65686595,nfmcg_2544281,u2i,view,ios
1098 days 09:20:22.222679,75148099,nfmcg_7727120,other,clickout,android
1098 days 09:22:02.540544,4186816,nfmcg_28078922,u2i,view,android
1098 days 09:22:32.010959,50235997,nfmcg_19742246,other,view,android
1098 days 09:23:08.938059,11281781,nfmcg_6221368,other,view,android
1098 days 09:23:35.921711,57486402,nfmcg_14522263,u2i,view,ios
1098 days 09:24:27.301873,50235997,nfmcg_17419311,u2i,view,android
1098 days 09:26:42.673855,59646916,nfmcg_20114920,u2i,view,android
1098 days 09:27:05.296509,33841113,nfmcg_10472957,u2i,view,android
1098 days 09:27:48.696772,29391887,nfmcg_6655754,other,view,android
1098 days 09:28:53.312609,81193178,nfmcg_16213424,u2i,view,android
1098 days 09:30:09.875420,41034695,nfmcg_4085927,u2i,view,android
1098 days 09:31:09.733355,1085308,nfmcg_16883345,other,view,ios
1098 days 09:31:10.546787,6857436,nfmcg_10417851,u2i,view,android
1098 days 09:32:09.287848,6012807,nfmcg_16684390,u2i,view,ios
1098 days 09:32:56.756470,22629359,nfmcg_14326289,u2i,view,android
1098 days 09:33:07.516346,72532746,nfmcg_26885820,u2i,view,android
1098 days 09:36:18.410706,66404811,nfmcg_20992285,u2i,view,android
1098 days 09:37:09.157385,14528741,nfmcg_19927971,catalog,view,android
1098 days 09:38:34.754154,31208240,nfmcg_27684225,u2i,view,ios
1098 days 09:38:58.180866,44813615,nfmcg_15410130,u2i,view,android
1098 days 09:40:19.064931,54326542,nfmcg_25454249,other,view,android
1098 days 09:40:41.183454,38072167,nfmcg_22992567,other,view,android
1098 days 09:41:32.674400,397333,nfmcg_4001905,u2i,view,android
1098 days 09:42:55.418084,397333,nfmcg_22035600,u2i,view,android
1098 days 09:44:45.468910,19673253,nfmcg_22764748,u2i,view,android
1098 days 09:46:26.406047,36282132,nfmcg_13278035,i2i,view,android
1098 days 09:49:48.827176,74429669,nfmcg_14074689,u2i,view,android
1098 days 09:51:03.730526,27736789,nfmcg_18843173,other,view,android
1098 days 09:52:59.027096,29391887,nfmcg_19806311,u2i,view,android
1098 days 09:53:08.059174,3207065,nfmcg_2138782,u2i,view,android
1098 days 09:54:29.914445,6827311,nfmcg_11784384,u2i,view,android
1098 days 09:55:27.903930,59807873,nfmcg_4703456,u2i,view,android
1098 days 09:55:59.088721,75148099,nfmcg_19742246,u2i,view,android
1098 days 09:56:40.337421,22629359,nfmcg_19030396,u2i,view,android
1098 days 09:58:14.070713,12534837,nfmcg_26576478,u2i,view,android
1098 days 09:59:08.039263,69939832,nfmcg_15893105,u2i,view,android
1098 days 09:59:53.260605,79476977,nfmcg_16213424,other,view,android
1098 days 10:00:55.708879,52333688,nfmcg_2992071,u2i,view,android
1098 days 10:01:06.711851,17599506,nfmcg_19742246,u2i,view,android
1098 days 10:02:36.461023,41034695,nfmcg_25237144,u2i,view,android
1098 days 10:03:42.238442,54361198,nfmcg_11856679,u2i,view,android
1098 days 10:04:21.295173,76022406,nfmcg_13757063,other,view,android
1098 days 10:04:42.203215,6827311,nfmcg_10472957,u2i,view,android
1098 days 10:04:48.333760,51048267,nfmcg_1188374,u2i,view,android
1098 days 10:05:45.545597,6857436,nfmcg_2879160,u2i,view,android
1098 days 10:06:18.886690,75148099,nfmcg_17419311,u2i,view,android
1098 days 10:08:08.949805,50235997,nfmcg_4436276,u2i,view,android
1098 days 10:08:46.325040,32734359,nfmcg_24197449,u2i,view,android
1098 days 10:09:21.315572,39306103,nfmcg_4292092,u2i,view,android
1098 days 10:10:31.460270,72532746,nfmcg_7854923,u2i,view,android
1098 days 10:11:20.077532,44354150,nfmcg_4857549,other,view,android
1098 days 10:13:10.175532,12534837,nfmcg_13157621,u2i,view,android
1098 days 10:14:40.555431,3438353,nfmcg_7854923,u2i,view,android
1098 days 10:15:08.632686,44052577,nfmcg_12538738,other,view,android
1098 days 10:16:41.528287,29391887,nfmcg_22764748,u2i,view,android
1098 days 10:17:06.815406,13554331,nfmcg_12406233,u2i,view,android
1098 days 10:18:35.172373,56389430,nfmcg_15022704,other,view,android
1098 days 10:18:56.958331,52326907,nfmcg_10472957,u2i,view,android
1098 days 10:20:12.538613,5542319,nfmcg_11474207,u2i,view,android
1098 days 10:20:26.169814,13213304,nfmcg_11018527,u2i,view,android
1098 days 10:20:31.814869,3207065,nfmcg_3896208,u2i,view,android
1098 days 10:23:40.386515,50235997,nfmcg_7429378,u2i,view,android
1098 days 10:24:01.516559,29391887,nfmcg_14193797,u2i,view,android
1098 days 10:24:15.800690,46479423,nfmcg_24564699,other,view,android
1098 days 10:25:17.111841,28765674,nfmcg_15636721,other,view,android
1098 days 10:26:46.101253,81065084,nfmcg_2544281,other,view,ios
1098 days 10:26:47.461187,4186816,nfmcg_15241635,u2i,view,android
1098 days 10:27:12.905377,75148099,nfmcg_5968503,u2i,view,android
1098 days 10:29:33.223105,59953117,nfmcg_14649335,other,view,android
1098 days 10:30:17.834826,24632313,nfmcg_21786924,u2i,view,android
1098 days 10:30:56.581674,32734359,nfmcg_17419311,u2i,view,android
1098 days 10:31:05.721754,7534736,nfmcg_14326289,u2i,view,android
1098 days 10:32:38.282250,7534736,nfmcg_4703456,u2i,view,android
1098 days 10:32:42.822163,57486402,nfmcg_16851959,u2i,view,ios
1098 days 10:33:33.751018,36282132,nfmcg_11074857,i2i,view,android
1098 days 10:35:56.258030,74429669,nfmcg_26948451,other,view,ios
1098 days 10:36:59.861845,9227607,nfmcg_4085927,other,view,android
1098 days 10:37:16.124413,12534837,nfmcg_7696108,u2i,view,android
1098 days 10:37:19.823498,51048267,nfmcg_15241635,other,view,android
1098 days 10:37:26.029271,728091,nfmcg_27873997,other,view,android
1098 days 10:38:48.444977,70487119,nfmcg_6566425,u2i,view,ios
1098 days 10:39:13.254879,13213304,nfmcg_5968503,u2i,view,android
1098 days 10:40:27.277093,36282132,nfmcg_20102210,u2i,view,android
1098 days 10:40:56.410267,27806484,nfmcg_13757063,u2i,view,android
1098 days 10:41:52.426339,62971197,nfmcg_22764748,u2i,view,android
1098 days 10:43:53.366727,50734691,nfmcg_4311248,u2i,view,android
1098 days 10:44:15.239470,50734691,nfmcg_7078972,u2i,view,android
1098 days 10:45:41.481255,45328424,nfmcg_6315289,u2i,view,android
1098 days 10:46:53.046185,42278615,nfmcg_4263860,u2i,view,android
1098 days 10:47:40.463095,77953027,nfmcg_18652421,u2i,view,android
1098 days 10:48:09.216580,41034695,nfmcg_4857549,u2i,view,android
1098 days 10:49:37.682981,70487119,nfmcg_26806627,u2i,view,ios
1098 days 10:49:49.473752,29391887,nfmcg_16484774,u2i,view,android
1098 days 10:49:53.764418,12534837,nfmcg_2340615,u2i,view,android
1098 days 10:50:03.788527,50235997,nfmcg_26806627,u2i,view,android
1098 days 10:52:51.877795,52333688,nfmcg_15648772,u2i,view,android
1098 days 10:53:21.815944,77236477,nfmcg_9907774,u2i,view,android
1098 days 10:54:41.934386,38353164,nfmcg_14649335,u2i,view,android
1098 days 10:54:53.514351,42278615,nfmcg_9679045,other,view,android
1098 days 10:54:57.112048,84527155,nfmcg_4436221,u2i,view,android
1098 days 10:55:15.681080,31208240,nfmcg_11474207,u2i,view,ios
1098 days 10:55:24.761830,12534837,nfmcg_13165877,u2i,view,android
1098 days 10:56:34.202377,36282132,nfmcg_14732816,i2i,view,android
1098 days 10:57:26.752669,1085308,nfmcg_16122000,other,view,ios
1098 days 10:57:40.980537,59646916,nfmcg_11856679,u2i,view,android
1098 days 10:57:54.920487,51048267,nfmcg_22903580,other,view,android
1098 days 10:59:17.556878,70487119,nfmcg_7459787,u2i,view,ios
1098 days 10:59:33.993257,76022406,nfmcg_25443592,other,view,android
1098 days 11:02:15.659161,3207065,nfmcg_16522731,u2i,view,android
1098 days 11:04:04.312033,50734691,nfmcg_9313115,u2i,view,android
1098 days 11:04:35.450503,14528741,nfmcg_16845100,catalog,click,android
1098 days 11:05:08.676921,44354150,nfmcg_26576478,u2i,view,android
1098 days 11:05:14.661972,69939832,nfmcg_3631334,u2i,click,android
1098 days 11:06:49.300575,59941592,nfmcg_14649335,u2i,view,android
1098 days 11:08:09.007585,54361198,nfmcg_25823124,u2i,view,android
1098 days 11:08:36.272234,36282132,nfmcg_6497162,i2i,view,android
1098 days 11:12:06.963383,8803898,nfmcg_13723637,u2i,view,android
1098 days 11:12:22.639278,48644187,nfmcg_21388948,u2i,view,android
1098 days 11:12:44.690943,14528741,nfmcg_25928643,u2i,view,android
1098 days 11:13:09.891724,44354150,nfmcg_4236027,u2i,view,android
1098 days 11:13:27.932226,2038152,nfmcg_17419311,u2i,view,android
1098 days 11:16:01.176741,38353164,nfmcg_19873284,u2i,view,android
1098 days 11:16:13.851259,6857436,nfmcg_4085927,u2i,view,android
1098 days 11:16:35.475697,57486402,nfmcg_2826310,u2i,view,ios
1098 days 11:17:37.694339,5542319,nfmcg_12636714,u2i,view,android
1098 days 11:19:31.709641,7534736,nfmcg_25823124,u2i,view,ios
1098 days 11:20:21.165619,29391887,nfmcg_11474207,u2i,view,android
1098 days 11:21:09.728508,24180866,nfmcg_25454249,other,view,android
1098 days 11:21:44.604827,77236477,nfmcg_92721,u2i,view,android
1098 days 11:21:56.787964,62971197,nfmcg_26631679,u2i,view,android
1098 days 11:22:33.046449,19673253,nfmcg_18652421,u2i,view,ios
1098 days 11:23:19.833673,6012807,nfmcg_2245668,u2i,view,android
1098 days 11:24:48.960254,43356923,nfmcg_4436221,u2i,view,android
1098 days 11:27:52.104085,52333688,nfmcg_6048871,u2i,view,android
1098 days 11:31:37.470870,50235997,nfmcg_25559321,u2i,view,android
1098 days 11:33:41.312755,52450121,nfmcg_2992071,other,view,android
1098 days 11:34:29.315377,50235997,nfmcg_26806627,u2i,view,android
1098 days 11:35:13.195235,59987520,nfmcg_4436276,u2i,view,android
1098 days 11:35:17.739256,9557762,nfmcg_4085927,other,view,android
1098 days 11:35:22.607424,37924756,nfmcg_12538738,other,view,android
1098 days 11:36:38.062823,3207065,nfmcg_5551881,u2i,view,android
1098 days 11:37:16.698457,77236477,nfmcg_21514286,u2i,view,android
1098 days 11:37:34.663605,70487119,nfmcg_14777696,u2i,view,ios
1098 days 11:37:57.911994,57486402,nfmcg_13723637,u2i,view,ios
1098 days 11:38:07.517689,12534837,nfmcg_11637538,u2i,view,android
1098 days 11:39:20.657014,69939832,nfmcg_26053389,u2i,view,android
1098 days 11:39:38.629920,62278346,nfmcg_2879160,other,view,android
1098 days 11:41:02.655352,1085308,nfmcg_11449610,other,view,ios
1098 days 11:41:12.009895,11402786,nfmcg_13757063,u2i,view,ios
1098 days 11:41:32.351947,43356923,nfmcg_7816204,u2i,view,android
1098 days 11:41:37.725662,3207065,nfmcg_14893278,u2i,view,android
1098 days 11:44:34.933284,9886332,nfmcg_11856679,u2i,view,android
1098 days 11:44:37.283166,17599506,nfmcg_10472957,u2i,view,android
1098 days 11:45:49.670835,39306103,nfmcg_867469,u2i,view,android
1098 days 11:48:07.485338,32734359,nfmcg_19742246,u2i,view,android
1098 days 11:48:21.581465,50235997,nfmcg_27460404,u2i,view,android
1098 days 11:49:02.978423,36282132,nfmcg_28458022,i2i,click,android
1098 days 11:49:22.933907,29254326,nfmcg_14204829,u2i,view,android
1098 days 11:52:28.452759,31208240,nfmcg_15241635,u2i,view,ios
1098 days 11:52:46.947487,26592247,nfmcg_19742246,u2i,view,android
1098 days 11:53:19.398139,42236716,nfmcg_9907774,other,view,android
1098 days 11:54:21.001510,4186816,nfmcg_21678523,u2i,view,android
1098 days 11:55:14.484227,36282132,nfmcg_12195807,u2i,view,android
1098 days 11:55:30.634775,81193178,nfmcg_19030396,u2i,view,android
1098 days 11:55:42.854479,42278615,nfmcg_2138782,u2i,view,android
1098 days 11:56:21.196432,29391887,nfmcg_12538738,u2i,click,android
1098 days 11:56:41.499640,43356923,nfmcg_4135053,u2i,view,android
1098 days 11:57:23.928161,84440491,nfmcg_22167570,u2i,view,android
1098 days 11:58:12.713396,38353164,nfmcg_19873284,u2i,view,android
1098 days 11:58:38.797085,74429669,nfmcg_22992567,u2i,view,android
1098 days 12:00:32.018167,76022406,nfmcg_25446985,u2i,view,android
1098 days 12:00:36.248866,6857436,nfmcg_22035600,u2i,view,android
1098 days 12:00:44.205929,27806484,nfmcg_15299713,u2i,view,android
1098 days 12:01:15.750795,36282132,nfmcg_1851461,i2i,click,android
1098 days 12:02:05.492310,84440491,nfmcg_10585529,u2i,view,android
1098 days 12:08:27.587942,52326907,nfmcg_22998180,u2i,view,android
1098 days 12:08:37.920872,36282132,nfmcg_2318270,i2i,view,android
1098 days 12:09:37.925939,11125616,nfmcg_12284330,other,view,android
1098 days 12:09:40.673183,6857436,nfmcg_4085927,other,view,android
1098 days 12:10:15.189653,84527155,nfmcg_12538738,u2i,view,android
1098 days 12:11:03.233323,52326907,nfmcg_8577680,u2i,click,android
1098 days 12:11:11.076468,81193178,nfmcg_12538738,u2i,view,android
1098 days 12:14:28.851070,52326907,nfmcg_5968503,u2i,view,android
1098 days 12:15:43.052545,9886332,nfmcg_20140725,u2i,view,android
1098 days 12:15:54.696971,11570248,nfmcg_892289,catalog,view,android
1098 days 12:16:11.610324,3207065,nfmcg_11856679,u2i,click,ios
1098 days 12:16:37.465744,74429669,nfmcg_3896208,u2i,view,android
1098 days 12:17:09.038977,12534837,nfmcg_27118219,u2i,view,android
1098 days 12:18:50.157947,54361198,nfmcg_25823124,u2i,view,android
1098 days 12:18:57.451769,84527155,nfmcg_28078922,u2i,view,android
1098 days 12:19:08.034013,14528741,nfmcg_12318615,u2i,view,android
1098 days 12:19:14.110533,5542319,nfmcg_7249733,u2i,view,android
1098 days 12:20:29.033322,5036420,nfmcg_2879160,other,view,android
1098 days 12:20:43.259876,43356923,nfmcg_26806627,u2i,view,android
1098 days 12:21:16.591177,14528741,nfmcg_21571882,catalog,view,android
1098 days 12:21:25.659611,11570248,nfmcg_26798861,catalog,view,android
1098 days 12:22:34.283181,9147261,nfmcg_25454249,other,view,android
1098 days 12:23:06.224138,84440491,nfmcg_27684225,u2i,view,android
1098 days 12:24:01.606038,12534837,nfmcg_7816204,u2i,view,android
1098 days 12:24:02.038441,66404811,nfmcg_1724547,u2i,view,android
1098 days 12:24:06.007775,27806484,nfmcg_15166566,u2i,view,android
1098 days 12:24:27.840344,11570248,nfmcg_22504094,u2i,view,android
1098 days 12:27:31.528671,84440491,nfmcg_2067568,u2i,view,android
1098 days 12:27:48.151623,23138974,nfmcg_17260421,u2i,view,android
1098 days 12:29:04.784974,36282132,nfmcg_18640080,u2i,click,android
1098 days 12:29:43.771037,84527155,nfmcg_2879160,u2i,view,android
1098 days 12:31:44.781294,29391887,nfmcg_14802843,u2i,view,android
1098 days 12:35:34.900139,59941592,nfmcg_16134128,u2i,view,android
1098 days 12:35:36.897710,2714093,nfmcg_15410130,other,view,android
1098 days 12:35:37.459179,51048267,nfmcg_2826310,u2i,view,android
1098 days 12:36:10.999266,57486402,nfmcg_12516043,u2i,view,ios
1098 days 12:38:24.290900,68198324,nfmcg_23085320,other,view,android
1098 days 12:38:58.206465,67767492,nfmcg_19806311,other,view,android
1098 days 12:39:09.769558,11496423,nfmcg_10472957,u2i,view,android
1098 days 12:42:41.626102,32734359,nfmcg_1927374,u2i,click,android
1098 days 12:42:55.238573,11570248,nfmcg_22311637,catalog,view,android
1098 days 12:43:11.987865,17599506,nfmcg_10472957,other,view,android
1098 days 12:45:19.307222,3164563,nfmcg_3913573,other,view,android
1098 days 12:50:21.970234,14528741,nfmcg_4526567,catalog,view,android
1098 days 12:50:52.240807,17599506,nfmcg_9724480,u2i,view,android
1098 days 12:51:52.072638,43432437,nfmcg_17687693,other,view,android
1098 days 12:54:37.871337,17715302,nfmcg_20114920,other,view,ios
1098 days 12:57:17.637052,12534837,nfmcg_4135053,u2i,view,android
1098 days 12:57:55.122280,17599506,nfmcg_10472957,u2i,view,android
1098 days 12:57:57.869364,26592247,nfmcg_21141027,catalog,view,android
1098 days 12:58:48.705029,1085308,nfmcg_25446985,u2i,view,ios
1098 days 12:59:05.845612,12534837,nfmcg_4857549,u2i,click,android
1098 days 12:59:25.905485,56389430,nfmcg_254657,other,view,android
1098 days 13:00:08.052326,14528741,nfmcg_20675903,u2i,view,android
1098 days 13:01:14.261808,26592247,nfmcg_26806627,u2i,view,android
1098 days 13:01:53.674939,3164563,nfmcg_12538738,other,view,android
1098 days 13:01:54.461750,32734359,nfmcg_10472957,u2i,view,android
1098 days 13:02:06.615885,44354150,nfmcg_21179186,u2i,view,android
1098 days 13:03:33.971473,22629359,nfmcg_18295548,u2i,view,android
1098 days 13:03:50.578587,38369196,nfmcg_19030396,other,view,ios
1098 days 13:09:21.718567,38353164,nfmcg_15904154,u2i,view,android
1098 days 13:09:37.915222,5542319,nfmcg_12821364,u2i,view,android
1098 days 13:09:56.095002,1085308,nfmcg_6655754,other,view,ios
1098 days 13:11:01.367992,62971197,nfmcg_19030396,u2i,view,android
1098 days 13:12:39.570377,6857436,nfmcg_2879160,u2i,view,android
1098 days 13:13:18.631430,38369196,nfmcg_4357696,other,view,android
1098 days 13:13:26.573477,73212316,nfmcg_10046742,other,view,ios
1098 days 13:14:26.935594,14528741,nfmcg_10472957,u2i,view,android
1098 days 13:14:49.159617,12534837,nfmcg_15241635,u2i,view,android
1098 days 13:15:46.046976,6857436,nfmcg_2879160,u2i,view,android
1098 days 13:16:21.186978,43432437,nfmcg_867469,u2i,view,android
1098 days 13:16:23.997097,38353164,nfmcg_26806627,u2i,view,android
1098 days 13:17:03.904183,11570248,nfmcg_23738649,catalog,view,android
1098 days 13:17:23.974516,44354150,nfmcg_7654479,u2i,view,android
1098 days 13:21:17.162354,14528741,nfmcg_25229307,u2i,view,android
1098 days 13:21:33.126066,11570248,nfmcg_10893311,catalog,view,android
1098 days 13:21:45.888843,14528741,nfmcg_10569016,catalog,view,android
1098 days 13:22:34.727931,84440491,nfmcg_9171721,u2i,view,android
1098 days 13:22:45.302496,26592247,nfmcg_22669293,i2i,click,android
1098 days 13:22:47.782349,38353164,nfmcg_17687693,u2i,view,android
1098 days 13:24:23.597487,3438353,nfmcg_13669587,u2i,view,android
1098 days 13:24:54.257343,20597109,nfmcg_11474207,u2i,view,android
1098 days 13:26:58.243698,77236477,nfmcg_13405584,u2i,view,android
1098 days 13:27:33.967865,15906630,nfmcg_20114920,u2i,view,android
1098 days 13:28:15.975114,11570248,nfmcg_4505595,catalog,view,android
1098 days 13:29:50.405171,397333,nfmcg_24900487,u2i,view,android
1098 days 13:29:56.839557,3438353,nfmcg_7854923,u2i,view,android
1098 days 13:30:27.980220,14528741,nfmcg_1049066,u2i,view,android
1098 days 13:30:49.661673,43356923,nfmcg_2992071,u2i,view,android
1098 days 13:30:56.029542,17599506,nfmcg_9724480,other,view,android
1098 days 13:31:26.694240,70487119,nfmcg_14777696,u2i,view,ios
1098 days 13:32:33.688133,6827311,nfmcg_3021923,u2i,view,android
1098 days 13:34:40.059095,54361198,nfmcg_13690587,u2i,view,android
1098 days 13:37:26.644206,62278346,nfmcg_2879160,other,view,android
1098 days 13:37:28.327377,26592247,nfmcg_10472957,u2i,view,android
1098 days 13:37:36.770656,12534837,nfmcg_3631101,u2i,view,android
1098 days 13:37:51.053283,44813615,nfmcg_27127463,u2i,view,android
1098 days 13:38:11.996205,67222005,nfmcg_11883565,u2i,view,android
1098 days 13:38:16.384768,38353164,nfmcg_17687693,u2i,view,android
1098 days 13:38:32.371062,3207065,nfmcg_11474207,u2i,view,android
1098 days 13:38:51.497588,6857436,nfmcg_4085927,u2i,view,android
1098 days 13:39:49.713917,11570248,nfmcg_2879160,u2i,click,android
1098 days 13:40:07.659990,26592247,nfmcg_10472957,u2i,view,android
1098 days 13:40:21.843193,64170162,nfmcg_25454249,other,view,android
1098 days 13:40:35.496737,12534837,nfmcg_4266250,u2i,view,android
1098 days 13:40:36.743081,11570248,nfmcg_16966327,catalog,view,android
1098 days 13:42:16.645548,26592247,nfmcg_13127276,catalog,view,android
1098 days 13:44:23.035123,54361198,nfmcg_19441563,u2i,view,android
1098 days 13:46:38.159134,35175543,nfmcg_19766962,u2i,view,android
1098 days 13:46:54.963399,59646916,nfmcg_13723637,other,view,android
1098 days 13:48:43.586694,3207065,nfmcg_2138782,u2i,view,android
1098 days 13:48:48.398557,1281539,nfmcg_19030396,other,view,android
1098 days 13:52:21.428639,14528741,nfmcg_27281646,u2i,view,android
1098 days 13:52:45.694117,52333688,nfmcg_4085927,u2i,view,android
1098 days 13:53:20.636445,12534837,nfmcg_22860181,u2i,view,android
1098 days 13:54:31.376395,72532746,nfmcg_14802843,u2i,view,android
1098 days 13:54:52.198260,38353164,nfmcg_23681976,u2i,view,android
1098 days 13:56:49.787888,14528741,nfmcg_14785195,catalog,view,android
1098 days 13:57:02.076066,66404811,nfmcg_12538738,u2i,view,android
1098 days 13:57:05.022367,27267945,nfmcg_4436221,other,view,ios
1098 days 13:59:15.596957,38353164,nfmcg_27581059,u2i,view,android
1098 days 14:00:11.550076,10532586,nfmcg_15811628,other,view,android
1098 days 14:00:26.673699,64478175,nfmcg_16883345,u2i,view,ios
1098 days 14:00:47.306403,17492249,nfmcg_10472957,u2i,view,android
1098 days 14:01:23.203518,44813615,nfmcg_14326289,other,view,android
1098 days 14:01:30.183966,38072167,nfmcg_254657,u2i,view,android
1098 days 14:05:25.061623,29254326,nfmcg_13757063,u2i,view,android
1098 days 14:05:36.122509,3207065,nfmcg_3896208,u2i,view,android
1098 days 14:06:03.217111,14528741,nfmcg_10472957,u2i,view,android
1098 days 14:07:30.572823,6857436,nfmcg_24216775,other,view,android
1098 days 14:07:53.199505,12534837,nfmcg_16740525,u2i,view,android
1098 days 14:08:35.989320,3207065,nfmcg_3896208,u2i,view,android
1098 days 14:10:39.278796,62971197,nfmcg_22764748,u2i,view,android
1098 days 14:11:03.172294,52326907,nfmcg_2681623,u2i,view,android
1098 days 14:12:18.731503,3207065,nfmcg_13757063,u2i,view,android
1098 days 14:12:23.504159,33841113,nfmcg_22764748,u2i,view,android
1098 days 14:13:57.877348,44813615,nfmcg_17246467,u2i,view,android
1098 days 14:15:13.378093,77236477,nfmcg_15432422,u2i,view,android
1098 days 14:15:42.685185,12534837,nfmcg_19059025,u2i,view,android
1098 days 14:23:20.070699,1085308,nfmcg_23090702,other,view,ios
1098 days 14:23:22.730406,43356923,nfmcg_26806627,u2i,view,android
1098 days 14:23:32.399812,11570248,nfmcg_10893311,catalog,view,android
1098 days 14:24:46.352035,73212316,nfmcg_22845798,other,view,android
1098 days 14:27:17.864167,46480631,nfmcg_7854923,other,view,android
1098 days 14:28:00.167962,13554331,nfmcg_25934548,u2i,view,android
1098 days 14:28:41.778327,50235997,nfmcg_27460404,u2i,view,android
1098 days 14:28:48.069282,52333688,nfmcg_28219568,u2i,view,android
1098 days 14:28:58.304447,62278346,nfmcg_4085927,other,view,android
1098 days 14:29:18.297809,11570248,nfmcg_22430497,catalog,view,android
1098 days 14:30:18.738586,13554331,nfmcg_11856679,u2i,view,android
1098 days 14:30:50.161929,43356923,nfmcg_11856679,u2i,view,android
1098 days 14:31:34.165670,14528741,nfmcg_5141656,catalog,view,android
1098 days 14:32:39.816483,14528741,nfmcg_17325704,catalog,view,android
1098 days 14:32:40.707641,69885243,nfmcg_22764748,other,view,android
1098 days 14:33:59.925254,2714093,nfmcg_7313303,other,view,android
1098 days 14:37:02.227078,11570248,nfmcg_892289,catalog,view,android
1098 days 14:37:13.999043,38353164,nfmcg_27581059,u2i,view,android
1098 days 14:37:21.266902,70487119,nfmcg_10472957,u2i,view,ios
1098 days 14:38:10.057949,26592247,nfmcg_12636714,u2i,view,ios
1098 days 14:38:17.278730,70487119,nfmcg_12898997,u2i,view,ios
1098 days 14:38:23.834311,3207065,nfmcg_12826101,u2i,view,android
1098 days 14:38:40.988498,59646916,nfmcg_2992071,u2i,view,android
1098 days 14:39:04.194902,19742241,nfmcg_3665310,other,view,android
1098 days 14:39:54.989249,31208240,nfmcg_9888443,u2i,view,android
1098 days 14:41:05.598167,13213304,nfmcg_22003990,u2i,view,android
1098 days 14:41:51.492437,11570248,nfmcg_13068923,catalog,view,android
1098 days 14:42:36.832558,26592247,nfmcg_13047243,u2i,view,android
1098 days 14:43:25.304384,74429669,nfmcg_22992567,u2i,view,android
1098 days 14:43:35.740776,5036420,nfmcg_13386125,other,view,android
1098 days 14:44:30.508908,32734359,nfmcg_10472957,u2i,view,android
1098 days 14:45:25.571205,5542319,nfmcg_3536609,u2i,view,android
1098 days 14:46:25.150133,38353164,nfmcg_19873284,u2i,view,android
1098 days 14:46:35.339236,17599506,nfmcg_13171880,u2i,view,android
1098 days 14:46:42.918551,1085308,nfmcg_8078750,other,view,android
1098 days 14:46:46.502118,65692899,nfmcg_22764748,other,view,android
1098 days 14:47:26.582189,36282132,nfmcg_26651227,i2i,view,android
1098 days 14:48:59.929315,14528741,nfmcg_16055864,u2i,view,android
1098 days 14:49:08.405402,14528741,nfmcg_5839271,u2i,view,android
1098 days 14:50:31.323577,14812641,nfmcg_20992285,u2i,view,android
1098 days 14:52:11.724291,14528741,nfmcg_15410130,catalog,click,android
1098 days 14:53:47.063703,11570248,nfmcg_9021442,catalog,view,android
1098 days 14:54:02.418584,6857436,nfmcg_10417851,u2i,view,android
1098 days 14:54:14.414263,36282132,nfmcg_23429957,i2i,view,android
1098 days 14:55:22.570941,31208240,nfmcg_15508131,u2i,view,ios
1098 days 14:55:25.405596,6012807,nfmcg_20114920,u2i,view,ios
1098 days 14:56:36.880878,26592247,nfmcg_5589906,catalog,click,android
1098 days 14:57:15.410005,44813615,nfmcg_23347282,u2i,view,android
1098 days 14:58:35.894652,43356923,nfmcg_2992071,u2i,view,android
1098 days 15:03:37.364342,29254326,nfmcg_3631334,u2i,view,android
1098 days 15:03:44.921823,33841113,nfmcg_22765054,u2i,view,android
1098 days 15:04:03.222607,36282132,nfmcg_7082082,i2i,view,android
1098 days 15:05:06.919481,11570248,nfmcg_4505595,catalog,view,android
1098 days 15:05:17.206093,14528741,nfmcg_16845100,catalog,view,android
1098 days 15:07:16.784345,59646916,nfmcg_12521867,u2i,view,android
1098 days 15:07:21.765299,29254326,nfmcg_11931229,u2i,view,android
1098 days 15:07:35.105244,50235997,nfmcg_4436276,u2i,view,android
1098 days 15:11:02.549614,26592247,nfmcg_10472957,u2i,view,android
1098 days 15:11:52.423570,26592247,nfmcg_12977198,catalog,view,android
1098 days 15:12:08.765380,36282132,nfmcg_28458022,i2i,view,android
1098 days 15:12:11.171315,72532746,nfmcg_3625288,u2i,view,android
1098 days 15:13:34.586962,6857436,nfmcg_2879160,u2i,view,android
1098 days 15:13:42.685429,6857436,nfmcg_22035600,u2i,view,android
1098 days 15:14:25.865773,6012807,nfmcg_4857549,u2i,view,ios
1098 days 15:16:40.530583,62971197,nfmcg_20114920,u2i,view,android
1098 days 15:16:51.749076,6857436,nfmcg_11856679,u2i,view,android
1098 days 15:17:22.227634,397333,nfmcg_4085927,u2i,view,android
1098 days 15:17:34.065411,12534837,nfmcg_8374082,u2i,view,android
1098 days 15:18:15.982273,10790310,nfmcg_25454249,other,view,android
1098 days 15:19:02.364758,6857436,nfmcg_24492920,u2i,view,android
1098 days 15:21:42.519473,54326542,nfmcg_15534308,other,view,android
1098 days 15:23:25.704351,32734359,nfmcg_17419311,u2i,view,android
1098 days 15:25:04.660319,72532746,nfmcg_9724480,u2i,view,android
1098 days 15:25:05.111889,27736789,nfmcg_5625384,other,view,android
1098 days 15:26:26.286690,48644187,nfmcg_12898997,u2i,view,android
1098 days 15:27:59.701957,12534837,nfmcg_24492920,u2i,view,android
1098 days 15:29:42.887942,36282132,nfmcg_28485717,i2i,view,android
1098 days 15:29:55.267690,12534837,nfmcg_2992071,u2i,view,android
1098 days 15:32:14.604216,62971197,nfmcg_12538738,u2i,view,android
1098 days 15:34:00.308980,11570248,nfmcg_23515811,catalog,view,android
1098 days 15:34:50.633950,33841113,nfmcg_22764748,u2i,view,android
1098 days 15:36:15.008312,3207065,nfmcg_13757063,u2i,view,android
1098 days 15:36:36.075155,31208240,nfmcg_27684225,u2i,view,ios
1098 days 15:39:44.746702,11570248,nfmcg_26798861,catalog,view,android
1098 days 15:39:45.518998,53498083,nfmcg_21349299,other,view,android
1098 days 15:40:26.367318,70487119,nfmcg_12898997,u2i,view,ios
1098 days 15:41:22.328251,38353164,nfmcg_15904154,u2i,view,android
1098 days 15:41:32.290990,36282132,nfmcg_27117590,u2i,view,android
1098 days 15:42:53.016916,43356923,nfmcg_20726859,u2i,view,android
1098 days 15:43:08.310957,33841113,nfmcg_5468700,u2i,view,android
1098 days 15:44:44.016859,68461759,nfmcg_6315289,u2i,view,android
1098 days 15:45:46.574435,3438353,nfmcg_7854923,u2i,view,android
1098 days 15:45:47.944852,31208240,nfmcg_11474207,u2i,view,ios
1098 days 15:47:42.108844,6827311,nfmcg_9724480,u2i,view,android
1098 days 15:49:00.337297,27736789,nfmcg_14326289,other,view,android
1098 days 15:49:11.097655,14812641,nfmcg_17419311,u2i,view,android
1098 days 15:49:23.086497,17599506,nfmcg_21272322,u2i,view,android
1098 days 15:49:40.601169,6857436,nfmcg_24492920,u2i,view,android
1098 days 15:49:59.431470,14528741,nfmcg_20675903,u2i,view,android
1098 days 15:52:16.850547,26592247,nfmcg_1494537,catalog,view,android
1098 days 15:53:19.788013,48644187,nfmcg_17419311,u2i,view,android
1098 days 15:54:59.644240,32734359,nfmcg_24100635,u2i,view,android
1098 days 15:56:26.535206,72532746,nfmcg_7854923,u2i,view,android
1098 days 15:57:27.219627,53399996,nfmcg_9728251,u2i,view,android
1098 days 15:59:04.407277,11570248,nfmcg_15771703,u2i,view,android
1098 days 16:00:09.436596,5542319,nfmcg_11474207,u2i,view,android
1098 days 16:00:45.964338,60567206,nfmcg_25454249,other,view,android
1098 days 16:00:52.759428,59646916,nfmcg_2992071,other,view,android
1098 days 16:02:13.223750,9886332,nfmcg_13723637,u2i,view,android
1098 days 16:02:21.921207,22629359,nfmcg_22764748,u2i,view,android
1098 days 16:02:38.170256,3438353,nfmcg_13669587,u2i,view,android
1098 days 16:03:10.663064,68461759,nfmcg_8621622,u2i,view,android
1098 days 16:03:10.897532,9886332,nfmcg_21363739,u2i,view,android
1098 days 16:05:01.642299,77236477,nfmcg_13757063,u2i,view,android
1098 days 16:05:21.173180,50734691,nfmcg_4085927,u2i,view,android
1098 days 16:05:28.627596,5542319,nfmcg_3536609,u2i,view,android
1098 days 16:05:28.842725,14528741,nfmcg_26806627,u2i,view,android
1098 days 16:07:32.709371,6857436,nfmcg_7854923,u2i,view,android
1098 days 16:10:41.985238,12534837,nfmcg_1263011,u2i,view,android
1098 days 16:13:18.112950,33841113,nfmcg_4085927,u2i,view,android
1098 days 16:15:57.288007,11570248,nfmcg_9021442,u2i,view,android
1098 days 16:18:42.620371,44813615,nfmcg_14326289,u2i,view,android
1098 days 16:19:37.361367,9147261,nfmcg_25823124,other,view,android
1098 days 16:19:47.650462,36282132,nfmcg_24332460,i2i,view,android
1098 days 16:21:25.028081,5542319,nfmcg_12821364,u2i,view,android
1098 days 16:21:46.922613,26592247,nfmcg_15811628,catalog,click,android
1098 days 16:22:05.067603,12534837,nfmcg_25338589,u2i,view,android
1098 days 16:24:06.869681,20597109,nfmcg_12660139,u2i,view,android
1098 days 16:24:37.247131,33841113,nfmcg_2879160,u2i,view,android
1098 days 16:24:46.973484,59646916,nfmcg_25454249,other,view,android
1098 days 16:25:38.242179,68461759,nfmcg_12106109,u2i,view,android
1098 days 16:27:29.530370,50734691,nfmcg_7078972,u2i,view,android
1098 days 16:27:53.723414,38072167,nfmcg_13707213,other,view,ios
1098 days 16:30:42.701124,12534837,nfmcg_16484774,u2i,view,android
1098 days 16:31:33.769642,7534736,nfmcg_17288923,u2i,view,android
1098 days 16:31:55.110622,7258437,nfmcg_28078922,other,view,android
1098 days 16:33:16.365063,65686595,nfmcg_24100635,u2i,view,android
1098 days 16:33:44.441671,11570248,nfmcg_23935654,catalog,view,android
1098 days 16:33:51.883531,7534736,nfmcg_21177692,u2i,view,android
1098 days 16:34:15.997415,3207065,nfmcg_9104016,u2i,view,android
1098 days 16:36:14.011189,12534837,nfmcg_21179186,u2i,view,android
1098 days 16:40:58.128048,18427765,nfmcg_13517883,u2i,view,android
1098 days 16:41:43.675868,3438353,nfmcg_9892045,u2i,view,android
1098 days 16:42:40.477452,5542319,nfmcg_11474207,u2i,view,android
1098 days 16:43:20.639300,68461759,nfmcg_18051153,u2i,view,android
1098 days 16:43:59.144437,9147261,nfmcg_10046742,other,view,android
1098 days 16:45:39.649754,4186816,nfmcg_28078922,u2i,view,android
1098 days 16:53:02.273530,26592247,nfmcg_4989973,catalog,view,android
1098 days 16:56:08.060209,6827311,nfmcg_21272322,u2i,view,android
1098 days 16:57:36.001146,44813615,nfmcg_21786924,other,view,android
1098 days 16:59:16.597705,50235997,nfmcg_2879160,u2i,click,android
1098 days 16:59:19.688873,24632313,nfmcg_14160980,u2i,view,android
1098 days 17:01:03.137203,51048267,nfmcg_6390091,u2i,view,android
1098 days 17:01:12.116488,36282132,nfmcg_17727806,i2i,view,android
1098 days 17:02:47.523224,5542319,nfmcg_7249733,u2i,view,android
1098 days 17:03:34.694286,68461759,nfmcg_3995626,u2i,view,android
1098 days 17:04:27.327513,68643250,nfmcg_2245668,u2i,view,ios
1098 days 17:04:34.662395,5542319,nfmcg_12821364,u2i,view,android
1098 days 17:05:02.863113,70487119,nfmcg_19742246,u2i,view,ios
1098 days 17:05:05.120735,50235997,nfmcg_7429378,u2i,view,android
1098 days 17:09:13.574153,26592247,nfmcg_22207127,catalog,view,android
1098 days 17:09:19.457065,50734691,nfmcg_10472957,u2i,view,android
1098 days 17:09:51.610214,77236477,nfmcg_28190260,u2i,view,android
1098 days 17:10:24.255524,11570248,nfmcg_22504094,catalog,view,android
1098 days 17:10:56.874207,81767833,nfmcg_6809580,other,view,ios
1098 days 17:11:18.448455,84440491,nfmcg_867469,u2i,view,android
1098 days 17:11:57.595766,26592247,nfmcg_20675903,u2i,click,android
1098 days 17:12:10.381740,26592247,nfmcg_20649481,catalog,view,android
1098 days 17:14:23.894173,36282132,nfmcg_15898044,u2i,click,android
1098 days 17:17:45.317853,59941592,nfmcg_9728251,u2i,view,android
1098 days 17:18:25.664875,72532746,nfmcg_21363739,u2i,view,android
1098 days 17:18:36.144781,11570248,nfmcg_14917618,catalog,view,android
1098 days 17:20:12.238369,59941592,nfmcg_23935354,u2i,view,android
1098 days 17:26:02.365643,26592247,nfmcg_18723596,catalog,view,android
1098 days 17:27:15.632567,3207065,nfmcg_4735969,u2i,view,android
1098 days 17:28:54.396328,6857436,nfmcg_7854923,u2i,view,android
1098 days 17:30:26.013428,43356923,nfmcg_4135053,u2i,view,android
1098 days 17:33:09.030214,11570248,nfmcg_15985904,u2i,view,android
1098 days 17:33:31.263269,7258437,nfmcg_4436221,other,view,android
1098 days 17:33:53.426677,26592247,nfmcg_24663712,catalog,view,android
1098 days 17:34:07.349554,10477941,nfmcg_17884195,u2i,view,ios
1098 days 17:36:00.631233,65692899,nfmcg_26806627,other,view,ios
1098 days 17:37:22.703949,12534837,nfmcg_25823124,u2i,view,android
1098 days 17:38:18.519313,11570248,nfmcg_2879160,u2i,view,android
1098 days 17:38:46.394868,36282132,nfmcg_19574369,i2i,view,android
1098 days 17:40:34.251942,6857436,nfmcg_2879160,other,view,android
1098 days 17:43:01.774018,18427765,nfmcg_13517883,u2i,view,android
1098 days 17:43:45.415701,20606998,nfmcg_7854923,other,view,android
1098 days 17:44:14.613182,33841113,nfmcg_92721,u2i,view,android
1098 days 17:46:11.574317,8321442,nfmcg_16883345,other,view,android
1098 days 17:48:38.060126,17599506,nfmcg_14090912,u2i,view,android
1098 days 17:49:07.068235,36282132,nfmcg_12288272,i2i,view,android
1098 days 17:49:31.619859,26592247,nfmcg_2587642,catalog,view,android
1098 days 17:50:42.795959,3438353,nfmcg_19845414,u2i,view,android
1098 days 17:51:19.540910,26592247,nfmcg_20675903,u2i,view,android
1098 days 17:51:43.041881,26592247,nfmcg_798122,catalog,view,android
1098 days 17:56:17.885979,11570248,nfmcg_8400470,catalog,view,android
1098 days 17:57:12.268917,68461759,nfmcg_20675903,other,view,android
1098 days 17:57:19.064656,68461759,nfmcg_20675903,u2i,view,android
1098 days 17:57:40.379473,17492249,nfmcg_26806627,u2i,view,android
1098 days 17:57:48.662055,11125616,nfmcg_14326289,other,view,android
1098 days 17:58:33.246803,16676381,nfmcg_673736,other,view,android
1098 days 18:00:04.837501,11570248,nfmcg_4085927,u2i,view,android
1098 days 18:00:31.606308,32734359,nfmcg_2134450,u2i,view,android
1098 days 18:01:23.148470,26592247,nfmcg_22204691,catalog,view,android
1098 days 18:01:45.033755,48644187,nfmcg_19115712,u2i,view,android
1098 days 18:03:15.504837,36282132,nfmcg_27315366,i2i,view,android
1098 days 18:04:05.946604,18427765,nfmcg_19766962,u2i,view,android
1098 days 18:04:08.144681,81193178,nfmcg_22764748,u2i,view,android
1098 days 18:04:21.720699,11570248,nfmcg_23894926,u2i,view,android
1098 days 18:08:36.996115,36282132,nfmcg_21526224,i2i,view,android
1098 days 18:09:42.636881,22629359,nfmcg_10840247,u2i,view,android
1098 days 18:10:01.806197,6857436,nfmcg_22035600,u2i,view,android
1098 days 18:10:14.887517,62971197,nfmcg_14326289,u2i,view,android
1098 days 18:10:27.320569,43356923,nfmcg_4436221,u2i,click,android
1098 days 18:11:37.464183,26592247,nfmcg_25449234,i2i,click,android
1098 days 18:11:47.003012,26592247,nfmcg_8748371,catalog,view,android
1098 days 18:11:55.128369,12534837,nfmcg_27802309,u2i,view,android
1098 days 18:13:46.178226,36282132,nfmcg_6095534,i2i,view,android
1098 days 18:14:10.334436,6827311,nfmcg_19742246,u2i,view,android
1098 days 18:15:10.892929,6857436,nfmcg_15410130,u2i,view,android
1098 days 18:16:33.917900,70487119,nfmcg_25559321,u2i,view,ios
1098 days 18:18:59.139220,12534837,nfmcg_10046742,u2i,view,android
1098 days 18:19:44.456117,8321442,nfmcg_6655754,other,view,android
1098 days 18:21:04.933911,68461759,nfmcg_12898997,u2i,view,android
1098 days 18:21:12.502758,2038152,nfmcg_9724480,u2i,view,android
1098 days 18:21:25.195585,26592247,nfmcg_4989973,catalog,click,android
1098 days 18:21:26.978406,47639006,nfmcg_12538738,other,view,android
1098 days 18:25:35.897630,1085308,nfmcg_11856679,u2i,view,android
1098 days 18:26:40.020438,33841113,nfmcg_2879160,other,view,android
1098 days 18:27:49.943010,3207065,nfmcg_2138782,u2i,view,android
1098 days 18:33:23.131469,31063549,nfmcg_13517883,u2i,view,android
1098 days 18:37:12.235614,44813615,nfmcg_19030396,u2i,view,android
1098 days 18:37:40.400246,72532746,nfmcg_26885820,u2i,view,android
1098 days 18:37:41.960343,12534837,nfmcg_1380237,u2i,view,android
1098 days 18:37:45.436690,11281781,nfmcg_14893278,u2i,view,android
1098 days 18:38:13.956266,5542319,nfmcg_7249733,u2i,view,android
1098 days 18:42:34.687845,11570248,nfmcg_13068923,catalog,click,android
1098 days 18:47:16.896127,48644187,nfmcg_10472957,u2i,view,android
1098 days 18:47:34.278551,32734359,nfmcg_24100635,u2i,view,android
1098 days 18:49:01.426184,26592247,nfmcg_13149794,i2i,click,android
1098 days 18:50:25.558528,7534736,nfmcg_6162112,u2i,view,android
1098 days 18:51:01.319553,68198324,nfmcg_10472957,other,view,android
1098 days 18:58:23.927248,11570248,nfmcg_1724547,u2i,view,android
1098 days 19:00:48.489448,44813615,nfmcg_6669217,u2i,view,android
1098 days 19:02:17.201647,38369196,nfmcg_19030396,other,view,ios
1098 days 19:03:22.727318,33841113,nfmcg_24564699,u2i,view,android
1098 days 19:03:30.935656,11570248,nfmcg_22430497,catalog,view,android
1098 days 19:04:41.939431,17599506,nfmcg_26806627,u2i,view,android
1098 days 19:05:26.470355,36282132,nfmcg_17798140,i2i,view,android
1098 days 19:07:07.536617,7534736,nfmcg_2552142,u2i,view,android
1098 days 19:07:43.322871,49681645,nfmcg_13757063,other,view,android
1098 days 19:09:18.177695,68461759,nfmcg_20675903,other,view,android
1098 days 19:11:33.589674,11570248,nfmcg_13068923,u2i,view,android
1098 days 19:13:12.276084,26592247,nfmcg_23334095,i2i,click,android
1098 days 19:14:16.962251,32734359,nfmcg_3383965,u2i,view,android
1098 days 19:18:30.212740,36282132,nfmcg_26811593,i2i,view,android
1098 days 19:18:35.983175,59695659,nfmcg_4857549,other,view,android
1098 days 19:19:04.718287,72532746,nfmcg_11462265,u2i,view,android
1098 days 19:19:25.997572,50235997,nfmcg_25559321,u2i,view,android
1098 days 19:21:03.572815,11570248,nfmcg_701215,catalog,view,android
1098 days 19:25:18.353701,33841113,nfmcg_5468700,u2i,view,android
1098 days 19:26:53.850409,77953027,nfmcg_25446985,u2i,view,android
1098 days 19:27:55.408924,11570248,nfmcg_4085927,u2i,view,android
1098 days 19:28:56.514063,42236716,nfmcg_13757063,other,view,android
1098 days 19:29:05.693029,48644187,nfmcg_20705694,u2i,view,android
1098 days 19:29:06.082764,53399996,nfmcg_26806627,other,view,android
1098 days 19:31:58.611025,36282132,nfmcg_25929174,i2i,view,android
1098 days 19:32:15.487996,51048267,nfmcg_22903580,u2i,view,android
1098 days 19:33:47.635183,59941592,nfmcg_9091730,u2i,view,android
1098 days 19:34:50.924277,11570248,nfmcg_14922261,catalog,view,android
1098 days 19:36:03.207767,43356923,nfmcg_9933766,u2i,view,android
1098 days 19:37:37.770071,12534837,nfmcg_5968503,u2i,view,android
1098 days 19:37:55.470657,68461759,nfmcg_18274778,u2i,view,android
1098 days 19:38:42.885863,38072167,nfmcg_18843173,u2i,view,ios
1098 days 19:38:43.723930,26592247,nfmcg_20675903,u2i,view,android
1098 days 19:40:22.303950,37924756,nfmcg_23893806,other,view,android
1098 days 19:41:20.479388,26592247,nfmcg_12898997,u2i,view,android
1098 days 19:41:24.325989,11570248,nfmcg_13068923,u2i,view,android
1098 days 19:42:22.583393,6608257,nfmcg_2552142,u2i,view,android
1098 days 19:50:58.400266,8321442,nfmcg_22203502,u2i,view,android
1098 days 19:51:47.511922,18427765,nfmcg_18843173,u2i,view,android
1098 days 19:51:54.168303,26592247,nfmcg_8388052,i2i,click,android
1098 days 19:53:17.597409,54361198,nfmcg_11856679,u2i,view,android
1098 days 19:57:01.900735,26592247,nfmcg_1576132,catalog,view,android
1098 days 19:57:50.394064,6857436,nfmcg_7854923,u2i,view,android
1098 days 20:00:57.945305,68461759,nfmcg_25034176,u2i,view,android
1098 days 20:02:21.266723,38072167,nfmcg_13707213,u2i,view,ios
1098 days 20:03:54.397297,68461759,nfmcg_5261063,u2i,view,android
1098 days 20:05:15.552372,13917026,nfmcg_10765817,other,view,android
1098 days 20:05:22.453343,12534837,nfmcg_11856679,other,view,android
1098 days 20:06:29.530862,81767833,nfmcg_15387370,other,view,android
1098 days 20:08:32.704633,36934976,nfmcg_2992071,other,view,android
1098 days 20:13:11.238856,26592247,nfmcg_12898997,u2i,view,android
1098 days 20:13:11.974637,41133300,nfmcg_16213424,u2i,view,ios
1098 days 20:13:33.283472,12534837,nfmcg_11856679,u2i,view,android
1098 days 20:14:10.677287,68461759,nfmcg_1380237,u2i,view,android
1098 days 20:15:30.560186,9147261,nfmcg_15927396,other,view,android
1098 days 20:17:12.424553,43356923,nfmcg_4436221,u2i,view,android
1098 days 20:18:47.890564,11570248,nfmcg_17237027,catalog,view,android
1098 days 20:23:10.208249,68461759,nfmcg_19742246,u2i,view,android
1098 days 20:27:58.092520,68461759,nfmcg_5752785,u2i,view,android
1098 days 20:30:20.774797,17599506,nfmcg_3021923,u2i,view,android
1098 days 20:30:38.226478,26592247,nfmcg_26806627,u2i,view,android
1098 days 20:30:48.702418,43356923,nfmcg_10046742,u2i,view,android
1098 days 20:30:49.685678,70192234,nfmcg_3416168,other,view,android
1098 days 20:31:04.235702,11570248,nfmcg_7791842,catalog,view,android
1098 days 20:31:28.970332,32734359,nfmcg_2134450,u2i,view,android
1098 days 20:32:03.388144,11570248,nfmcg_4208284,catalog,view,android
1098 days 20:33:42.931358,8321442,nfmcg_28078922,u2i,view,android
1098 days 20:34:00.582831,19742241,nfmcg_27281646,other,view,android
1098 days 20:34:05.378641,28765674,nfmcg_21806157,other,view,android
1098 days 20:37:55.137443,11570248,nfmcg_8400470,catalog,view,android
1098 days 20:39:07.176107,11570248,nfmcg_27713764,catalog,view,android
1098 days 20:40:46.823228,50235997,nfmcg_20675903,u2i,view,android
1098 days 20:41:47.478346,33841113,nfmcg_2879160,u2i,view,android
1098 days 20:46:28.558135,15906630,nfmcg_11856679,u2i,view,android
1098 days 20:47:14.252374,8321442,nfmcg_11116446,other,view,android
1098 days 20:49:19.511810,11570248,nfmcg_15985904,catalog,view,android
1098 days 20:50:24.608512,62971197,nfmcg_254657,u2i,view,android
1098 days 20:50:52.442588,12534837,nfmcg_8374082,u2i,click,android
1098 days 20:51:40.823208,50235997,nfmcg_26806627,u2i,view,android
1098 days 20:52:15.300584,26592247,nfmcg_15069882,i2i,click,android
1098 days 20:52:40.189737,3438353,nfmcg_9892045,u2i,view,android
1098 days 20:54:31.401897,68461759,nfmcg_10409922,u2i,view,android
1098 days 21:05:07.997162,44813615,nfmcg_7843489,u2i,view,android
1098 days 21:08:43.840448,26592247,nfmcg_12898997,u2i,view,android
1098 days 21:09:57.163003,26592247,nfmcg_10472957,u2i,view,android
1098 days 21:11:25.593642,11570248,nfmcg_23894926,catalog,view,android
1098 days 21:12:21.681931,40045994,nfmcg_18843173,u2i,view,android
1098 days 21:15:49.696141,26647220,nfmcg_28529315,u2i,view,android
1098 days 21:16:00.495025,6857436,nfmcg_15410130,u2i,view,android
1098 days 21:16:33.611906,68461759,nfmcg_2681623,u2i,view,android
1098 days 21:18:27.387484,11570248,nfmcg_1724547,u2i,view,android
1098 days 21:20:27.453660,77236477,nfmcg_12611615,u2i,view,android
1098 days 21:20:35.694433,14528741,nfmcg_27219064,i2i,click,android
1098 days 21:23:55.345709,26592247,nfmcg_13047243,u2i,click,android
1098 days 21:26:05.737603,11570248,nfmcg_10802537,catalog,view,android
1098 days 21:27:53.193296,50235997,nfmcg_20675903,u2i,view,android
1098 days 21:29:46.259765,59941592,nfmcg_14297356,u2i,view,ios
1098 days 21:31:15.398397,76022406,nfmcg_3649922,u2i,view,android
1098 days 21:34:09.191229,11570248,nfmcg_12562314,u2i,view,android
1098 days 21:35:10.967953,11570248,nfmcg_4208284,catalog,view,android
1098 days 21:37:14.758013,59941592,nfmcg_3631334,u2i,view,android
1098 days 21:38:34.094812,68461759,nfmcg_2021721,u2i,view,android
1098 days 21:39:47.438539,61690736,nfmcg_20635570,u2i,view,android
1098 days 21:40:24.124766,11570248,nfmcg_678995,catalog,view,android
1098 days 21:42:47.350340,33841113,nfmcg_24564699,u2i,view,android
1098 days 21:45:34.308434,50235997,nfmcg_26806627,u2i,view,android
1098 days 21:47:15.548433,1281539,nfmcg_5703482,other,view,android
1098 days 21:47:41.470098,68461759,nfmcg_7554026,u2i,view,android
1098 days 21:51:58.615231,31174913,nfmcg_16774057,other,view,android
1098 days 21:52:45.770718,59941592,nfmcg_2879160,u2i,view,android
1098 days 21:59:37.805589,11570248,nfmcg_3832709,catalog,view,android
1098 days 22:03:24.371054,64611440,nfmcg_21996380,search,view,ios
1098 days 22:07:53.302896,64611440,nfmcg_4505595,catalog,view,ios
1098 days 22:10:01.271427,11570248,nfmcg_10907998,catalog,view,android
1098 days 22:10:18.401995,26592247,nfmcg_19742246,u2i,view,android
1098 days 22:16:38.508016,18361670,nfmcg_22992567,other,view,ios
1098 days 22:17:28.780472,82127508,nfmcg_2648706,u2i,view,android
1098 days 22:18:34.182761,81767833,nfmcg_4857549,other,view,android
1098 days 22:18:55.520740,26592247,nfmcg_7180858,i2i,click,android
1098 days 22:19:16.433709,26592247,nfmcg_19742246,u2i,view,android
1098 days 22:23:51.352762,26592247,nfmcg_13047243,u2i,view,android
1098 days 22:26:06.239114,73212316,nfmcg_16213424,other,view,android
1098 days 22:26:43.336045,7336685,nfmcg_6334516,u2i,view,android
1098 days 22:27:06.344823,64358791,nfmcg_13140736,catalog,view,android
1098 days 22:29:57.745683,68461759,nfmcg_379772,u2i,view,android
1098 days 22:30:36.929416,11570248,nfmcg_22504094,u2i,view,android
1098 days 22:33:28.609724,26592247,nfmcg_26090055,catalog,view,android
1098 days 22:34:49.201230,33841113,nfmcg_3236567,u2i,view,android
1098 days 22:35:10.100229,76540344,nfmcg_14200435,u2i,click,android
1098 days 22:37:08.439716,11570248,nfmcg_23935654,catalog,view,android
1098 days 22:38:39.845459,8321442,nfmcg_17325224,u2i,view,android
1098 days 22:38:48.764211,50235997,nfmcg_3383965,u2i,click,android
1098 days 22:39:34.036701,8321442,nfmcg_16484774,u2i,view,android
1098 days 22:40:18.223018,26592247,nfmcg_12422606,catalog,view,android
1098 days 22:40:20.050753,2714093,nfmcg_7313303,u2i,view,android
1098 days 22:46:40.550530,43356923,nfmcg_11856679,u2i,view,android
1098 days 22:47:11.121097,18427765,nfmcg_18843173,u2i,view,android
1098 days 22:49:08.377276,64611440,nfmcg_10792372,search,view,ios
1098 days 22:49:25.544417,15906630,nfmcg_20992285,u2i,view,android
1098 days 22:49:59.624455,26647220,nfmcg_10719749,u2i,view,android
1098 days 22:51:14.503010,33841113,nfmcg_92721,u2i,view,android
1098 days 22:56:22.703482,26592247,nfmcg_20336134,catalog,view,android
1098 days 23:02:18.008250,11570248,nfmcg_2879160,u2i,view,android
1098 days 23:05:13.244311,2714093,nfmcg_27598210,u2i,view,android
1098 days 23:11:11.797232,26592247,nfmcg_26806627,u2i,view,android
1098 days 23:11:22.264566,7336685,nfmcg_9908021,u2i,view,android
1098 days 23:11:32.641699,26592247,nfmcg_15308104,i2i,click,android
1098 days 23:12:37.764015,73589802,nfmcg_6390618,u2i,view,ios
1098 days 23:19:46.549240,28840212,nfmcg_11343562,u2i,view,android
1098 days 23:21:50.816477,40045994,nfmcg_17484860,other,view,android
1098 days 23:23:36.592304,26592247,nfmcg_13047243,u2i,view,android
1098 days 23:24:20.049774,68461759,nfmcg_20575214,u2i,view,android
1098 days 23:24:31.547706,11570248,nfmcg_15771703,catalog,view,android
1098 days 23:25:13.630718,50734691,nfmcg_3383965,u2i,view,android
1098 days 23:27:03.043290,17492249,nfmcg_13329597,u2i,view,ios
1098 days 23:27:51.921143,11570248,nfmcg_14917618,u2i,view,android
1098 days 23:31:18.183897,26592247,nfmcg_6942771,catalog,view,android
1098 days 23:38:19.642695,8321442,nfmcg_22764748,u2i,view,android
1098 days 23:39:03.017447,1085308,nfmcg_25446985,u2i,view,ios
1098 days 23:42:17.196565,64611440,nfmcg_11112738,search,view,android
1098 days 23:45:11.079748,89405671,nfmcg_6809580,other,view,android
1098 days 23:48:10.122615,27724689,nfmcg_26806627,other,view,android
1098 days 23:48:12.899000,59987520,nfmcg_12699637,u2i,view,ios
1098 days 23:49:04.317738,8321442,nfmcg_12538738,u2i,view,android
1098 days 23:50:23.192335,21040972,nfmcg_20575214,u2i,view,android
1098 days 23:54:30.249246,14528741,nfmcg_26202322,u2i,click,android
1098 days 23:55:57.776478,27736789,nfmcg_18843173,other,view,android
1098 days 23:57:31.492278,59987520,nfmcg_18652421,u2i,view,ios
1098 days 23:59:02.703970,35820640,nfmcg_284956,other,view,android
1099 days 00:00:57.214660,18427765,nfmcg_20114920,u2i,view,android
1099 days 00:01:06.915457,18427765,nfmcg_13517883,u2i,view,android
1099 days 00:02:28.630039,64611440,nfmcg_7554026,u2i,view,ios
1099 days 00:07:32.883133,6857436,nfmcg_4085927,u2i,view,android
1099 days 00:14:23.832350,28840212,nfmcg_867469,u2i,view,android
1099 days 00:19:31.291864,78198065,nfmcg_25338589,u2i,view,android
1099 days 00:20:12.715602,33841113,nfmcg_3236567,u2i,view,android
1099 days 00:22:28.987022,28840212,nfmcg_6563951,u2i,view,android
1099 days 00:25:33.361239,68643250,nfmcg_18295548,u2i,view,ios
1099 days 00:26:20.224879,68461759,nfmcg_10020334,u2i,view,android
1099 days 00:28:18.640666,8321442,nfmcg_16122000,other,view,android
1099 days 00:29:28.466436,8321442,nfmcg_8386753,u2i,view,android
1099 days 00:31:09.853118,18427765,nfmcg_18843173,u2i,view,android
1099 days 00:31:12.590020,47894981,nfmcg_4436221,u2i,view,android
1099 days 00:32:18.715312,38072167,nfmcg_4857549,other,view,android
1099 days 00:34:09.645207,20047319,nfmcg_8595807,u2i,view,android
1099 days 00:36:50.272417,33841113,nfmcg_4085927,u2i,view,android
1099 days 00:38:44.206198,11496423,nfmcg_7415146,u2i,view,android
1099 days 00:39:33.774357,24990849,nfmcg_13757063,u2i,view,ios
1099 days 00:40:47.045483,9557762,nfmcg_2992071,other,view,android
1099 days 00:43:30.741913,65686595,nfmcg_26806627,u2i,view,ios
1099 days 00:49:46.670651,78198065,nfmcg_10839255,u2i,view,android
1099 days 00:50:27.700348,27337246,nfmcg_14375492,catalog,view,android
1099 days 00:51:02.396792,8321442,nfmcg_20282739,u2i,view,android
1099 days 00:54:29.585352,50235997,nfmcg_8595807,u2i,view,android
1099 days 01:01:43.727116,68461759,nfmcg_16287106,u2i,view,android
1099 days 01:06:45.243959,77726687,nfmcg_2067568,u2i,view,android
1099 days 01:06:51.834577,20047319,nfmcg_9728251,u2i,view,android
1099 days 01:08:04.741892,68461759,nfmcg_23347282,u2i,view,android
1099 days 01:08:31.082225,64611440,nfmcg_22370239,u2i,view,ios
1099 days 01:10:42.628311,8321442,nfmcg_16684390,u2i,view,android
1099 days 01:11:14.556868,8321442,nfmcg_27711770,u2i,view,android
1099 days 01:13:33.418250,78198065,nfmcg_10046742,u2i,view,android
1099 days 01:14:03.780079,50734691,nfmcg_26806627,u2i,view,android
1099 days 01:15:41.104652,73617542,nfmcg_7854923,u2i,view,android
1099 days 01:16:04.670805,27337246,nfmcg_6477331,catalog,view,android
1099 days 01:16:33.056145,78198065,nfmcg_4135053,u2i,view,android
1099 days 01:20:15.928452,64611440,nfmcg_22370239,u2i,view,ios
1099 days 01:34:03.441120,68461759,nfmcg_26806627,u2i,view,android
1099 days 01:34:40.756311,11281781,nfmcg_18843173,u2i,view,ios
1099 days 01:35:47.776034,27337246,nfmcg_19288529,catalog,view,android
1099 days 01:37:23.451259,28840212,nfmcg_21786924,u2i,view,android
1099 days 01:47:03.481489,8321442,nfmcg_20114920,u2i,view,android
1099 days 01:47:16.616513,84440491,nfmcg_1734723,u2i,view,android
1099 days 01:49:41.095194,26647220,nfmcg_9171721,u2i,view,android
1099 days 01:52:10.586489,68461759,nfmcg_11130057,other,view,android
1099 days 01:52:18.658512,67767492,nfmcg_4436221,u2i,view,android
1099 days 01:59:24.080083,17492249,nfmcg_20675903,u2i,view,android
1099 days 02:01:48.133414,68461759,nfmcg_25034176,u2i,view,android
1099 days 02:04:09.663774,20047319,nfmcg_17687693,u2i,view,android
1099 days 02:05:18.439072,48504377,nfmcg_24564699,u2i,view,ios
1099 days 02:06:57.876373,68461759,nfmcg_3562111,u2i,view,android
1099 days 02:08:13.250929,28765674,nfmcg_14893278,other,view,android
1099 days 02:13:53.468700,28840212,nfmcg_21678523,u2i,click,android
1099 days 02:16:15.995038,61690736,nfmcg_11856679,u2i,view,android
1099 days 02:16:28.764333,5303449,nfmcg_28078922,u2i,view,android
1099 days 02:28:36.718495,73617542,nfmcg_6443648,u2i,view,ios
1099 days 02:29:36.423859,8321442,nfmcg_17325224,u2i,click,android
1099 days 02:31:35.472918,68461759,nfmcg_10472957,u2i,view,android
1099 days 02:34:03.255839,73529352,nfmcg_26806627,u2i,view,android
1099 days 02:34:49.519515,68461759,nfmcg_18733173,u2i,view,android
1099 days 02:36:32.300712,78198065,nfmcg_9933766,u2i,view,android
1099 days 02:43:04.939053,18427765,nfmcg_20114920,u2i,view,android
1099 days 02:49:20.135544,28840212,nfmcg_21678523,u2i,view,android
1099 days 02:49:29.146393,68461759,nfmcg_11784384,u2i,view,android
1099 days 02:51:15.684619,30166973,nfmcg_15022704,other,view,android
1099 days 02:53:09.319104,77726687,nfmcg_4703456,u2i,view,android
1099 days 02:55:55.416349,66636649,nfmcg_10418658,other,view,ios
1099 days 02:57:57.102945,11496423,nfmcg_20675903,u2i,view,android
1099 days 03:02:36.252601,60567206,nfmcg_7356505,u2i,view,android
1099 days 03:10:07.039657,18343762,nfmcg_2992071,other,view,android
1099 days 03:10:09.429088,53399996,nfmcg_27581059,other,view,android
1099 days 03:19:19.734820,80696195,nfmcg_4436221,u2i,view,android
1099 days 03:19:35.742023,80696195,nfmcg_19030396,u2i,view,android
1099 days 03:23:35.381569,72279832,nfmcg_3913573,u2i,view,android
1099 days 03:25:11.252157,20047319,nfmcg_8386753,u2i,view,android
1099 days 03:26:42.139236,68461759,nfmcg_9091730,u2i,view,android
1099 days 03:29:20.472959,64358791,nfmcg_12660139,u2i,view,ios
1099 days 03:29:22.243797,27337246,nfmcg_3416168,catalog,view,ios
1099 days 03:30:35.745816,8321442,nfmcg_19806311,u2i,view,android
1099 days 03:35:13.601043,68461759,nfmcg_14200435,other,view,android
1099 days 03:35:56.214992,48504377,nfmcg_28404864,u2i,view,ios
1099 days 03:37:30.370231,47568801,nfmcg_13266323,u2i,click,android
1099 days 03:38:26.656096,50235997,nfmcg_3383965,u2i,view,android
1099 days 03:39:59.079085,27337246,nfmcg_20822608,catalog,view,android
1099 days 03:44:52.343738,20047319,nfmcg_23334095,u2i,view,android
1099 days 03:51:10.119047,28840212,nfmcg_7696108,u2i,view,android
1099 days 03:51:14.592776,67767492,nfmcg_25823124,other,view,android
1099 days 03:54:53.974648,60567206,nfmcg_20675903,u2i,view,android
1099 days 03:58:34.087753,53399996,nfmcg_27581059,u2i,view,android
1099 days 04:01:50.679368,57487649,nfmcg_7654479,u2i,view,android
1099 days 04:05:36.237953,2091299,nfmcg_28244876,other,view,ios
1099 days 04:05:39.714452,27806484,nfmcg_13757063,other,view,android
1099 days 04:07:04.239508,28840212,nfmcg_28270569,u2i,click,android
1099 days 04:07:15.602819,61690736,nfmcg_3236567,u2i,view,android
1099 days 04:13:19.674269,27337246,nfmcg_14090912,catalog,view,android
1099 days 04:18:55.633838,50235997,nfmcg_16652137,u2i,view,android
1099 days 04:26:04.095053,72279832,nfmcg_10472957,u2i,view,android
1099 days 04:26:23.800030,16301,nfmcg_4104418,catalog,view,android
1099 days 04:30:29.304076,14528741,nfmcg_7078972,i2i,click,android
1099 days 04:31:38.092104,57155725,nfmcg_740061,u2i,view,android
1099 days 04:37:03.384283,16301,nfmcg_1404557,catalog,view,android
1099 days 04:38:31.614889,66449878,nfmcg_20114920,u2i,view,android
1099 days 04:39:45.124901,57487649,nfmcg_25454249,u2i,view,android
1099 days 04:41:55.699670,70192234,nfmcg_20869172,u2i,view,android
1099 days 04:46:09.604067,89196550,nfmcg_14893278,u2i,view,ios
1099 days 04:48:27.872231,7336685,nfmcg_10046742,u2i,view,android
1099 days 04:49:15.144432,57487649,nfmcg_11462743,u2i,view,android
1099 days 04:50:01.961430,31739267,nfmcg_8134244,other,view,android
1099 days 04:52:59.272456,27337246,nfmcg_24438366,catalog,view,android
1099 days 04:53:24.976682,20461961,nfmcg_12611615,u2i,view,android
1099 days 04:55:44.562537,64611440,nfmcg_22504094,u2i,view,ios
1099 days 04:56:04.309969,8321442,nfmcg_8386753,u2i,click,android
1099 days 04:58:13.502688,7336685,nfmcg_3896208,u2i,view,android
1099 days 05:00:37.380486,22904400,nfmcg_16134128,u2i,view,ios
1099 days 05:02:11.777034,48504377,nfmcg_23347282,u2i,view,ios
1099 days 05:02:12.089125,47568801,nfmcg_25780858,u2i,click,android
1099 days 05:02:12.423137,28840212,nfmcg_6563951,u2i,view,android
1099 days 05:04:41.342632,8321442,nfmcg_15022704,other,view,android
1099 days 05:07:46.577750,7336685,nfmcg_21179186,u2i,view,android
1099 days 05:10:29.182689,2714093,nfmcg_27598210,u2i,view,android
1099 days 05:12:24.653188,25765724,nfmcg_23085320,other,view,ios
1099 days 05:18:08.243400,28840212,nfmcg_11343562,u2i,view,android
1099 days 05:19:15.384358,78198065,nfmcg_10046742,u2i,view,android
1099 days 05:21:04.808745,24990849,nfmcg_17716573,u2i,view,android
1099 days 05:22:51.599809,26647220,nfmcg_4085927,u2i,view,android
1099 days 05:23:08.841197,28840212,nfmcg_21786924,u2i,view,android
1099 days 05:27:16.839995,73212316,nfmcg_16213424,other,view,android
1099 days 05:27:46.574292,59646916,nfmcg_2992071,other,view,android
1099 days 05:32:36.829875,69872702,nfmcg_14648214,other,view,ios
1099 days 05:33:17.397087,55888240,nfmcg_3631334,u2i,view,android
1099 days 05:34:45.473673,28840212,nfmcg_21678523,u2i,view,android
1099 days 05:36:32.093237,70448365,nfmcg_25365129,u2i,view,android
1099 days 05:37:06.073616,41133300,nfmcg_15431332,u2i,view,android
1099 days 05:39:08.635685,16489944,nfmcg_3898374,u2i,view,ios
1099 days 05:39:16.175125,54326542,nfmcg_23334095,u2i,view,android
1099 days 05:41:45.479690,68461759,nfmcg_4857549,u2i,view,android
1099 days 05:41:51.675504,47894981,nfmcg_23347282,other,view,android
1099 days 05:43:05.409370,64611440,nfmcg_22370239,u2i,view,ios
1099 days 05:47:36.662033,47568801,nfmcg_642781,u2i,view,android
1099 days 05:48:26.528864,28840212,nfmcg_7696108,u2i,view,android
1099 days 05:49:44.068521,78198065,nfmcg_27118219,u2i,view,android
1099 days 05:51:52.809345,24990849,nfmcg_8577680,u2i,view,android
1099 days 05:53:50.097772,27337246,nfmcg_11332365,catalog,view,android
1099 days 05:54:05.777537,56371779,nfmcg_4857549,u2i,view,android
1099 days 05:58:42.445536,16301,nfmcg_5141656,catalog,view,android
1099 days 06:01:19.758905,2714093,nfmcg_20903225,u2i,view,android
1099 days 06:02:09.116776,20047319,nfmcg_9104016,u2i,view,android
1099 days 06:02:25.738555,66449878,nfmcg_4085927,u2i,view,android
1099 days 06:02:54.369979,41133300,nfmcg_13165877,u2i,view,android
1099 days 06:06:15.392739,11281781,nfmcg_24086552,u2i,view,android
1099 days 06:11:33.501175,27337246,nfmcg_4005708,catalog,view,android
1099 days 06:11:36.062991,38072167,nfmcg_4857549,u2i,view,android
1099 days 06:11:54.342360,70192234,nfmcg_17687750,u2i,view,android
1099 days 06:12:34.035701,32954358,nfmcg_4857549,u2i,view,android
1099 days 06:23:57.839138,24990849,nfmcg_8577680,u2i,view,android
1099 days 06:24:29.781226,7336685,nfmcg_25823124,u2i,view,android
1099 days 06:24:49.031281,73529352,nfmcg_14326289,u2i,view,android
1099 days 06:27:14.672010,61690736,nfmcg_1724547,u2i,view,android
1099 days 06:27:44.470891,70192234,nfmcg_20306657,u2i,view,android
1099 days 06:30:54.415227,60567206,nfmcg_28140674,u2i,view,android
1099 days 06:33:11.683543,16301,nfmcg_16055864,u2i,view,android
1099 days 06:35:14.503568,80696195,nfmcg_28451636,u2i,view,android
1099 days 06:37:09.309435,38188511,nfmcg_20869172,other,view,android
1099 days 06:42:08.935523,69700615,nfmcg_18152882,other,view,android
1099 days 06:42:19.947901,78198065,nfmcg_27118219,u2i,view,android
1099 days 06:42:37.657558,9953451,nfmcg_14326289,u2i,view,android
1099 days 06:44:06.226522,47568801,nfmcg_13266323,u2i,view,android
1099 days 06:44:57.144509,32954358,nfmcg_12516043,u2i,view,android
1099 days 06:45:08.044954,73617542,nfmcg_13376547,u2i,view,ios
1099 days 06:47:43.719235,14528741,nfmcg_6464466,u2i,view,android
1099 days 06:48:27.526711,55888240,nfmcg_14204829,u2i,view,android
1099 days 06:49:41.836043,16301,nfmcg_3797627,catalog,view,android
1099 days 06:51:26.598965,2714093,nfmcg_7313303,u2i,view,android
1099 days 06:53:47.421068,48504377,nfmcg_28048730,u2i,view,ios
1099 days 06:55:03.351461,70192234,nfmcg_5656387,catalog,view,android
1099 days 06:55:12.333778,57487649,nfmcg_2067568,u2i,view,android
1099 days 06:56:10.365205,80696195,nfmcg_15431332,u2i,view,android
1099 days 06:57:41.585917,64358791,nfmcg_14200435,catalog,click,android
1099 days 06:59:59.239961,27337246,nfmcg_21189822,catalog,view,android
1099 days 07:01:49.160919,80696195,nfmcg_4436221,u2i,view,android
1099 days 07:02:18.476900,66449878,nfmcg_2879160,u2i,view,android
1099 days 07:02:46.617881,47568801,nfmcg_21363739,u2i,view,android
1099 days 07:02:55.754775,63978799,nfmcg_13918219,other,view,android
1099 days 07:03:33.288443,60567206,nfmcg_26806627,u2i,view,android
1099 days 07:05:29.703816,73529352,nfmcg_20114920,u2i,view,android
1099 days 07:06:47.532195,50734691,nfmcg_20675903,u2i,view,android
1099 days 07:06:49.776939,54326542,nfmcg_2992071,other,view,android
1099 days 07:07:07.205470,50734691,nfmcg_16652137,u2i,view,android
1099 days 07:12:00.375785,64358791,nfmcg_12611615,u2i,view,android
1099 days 07:13:55.999295,15191421,nfmcg_13900568,u2i,view,ios
1099 days 07:17:06.364544,68461759,nfmcg_27056349,u2i,view,android
1099 days 07:21:50.588595,26647220,nfmcg_3625288,u2i,view,android
1099 days 07:22:35.408328,17438839,nfmcg_4085927,u2i,view,android
1099 days 07:23:45.247849,47568801,nfmcg_13266323,u2i,view,android
1099 days 07:24:49.182361,7336685,nfmcg_11856679,u2i,view,android
1099 days 07:27:23.357765,84440491,nfmcg_9171721,u2i,view,android
1099 days 07:27:50.066695,76511864,nfmcg_22764748,other,view,android
1099 days 07:28:11.096531,39949767,nfmcg_26806627,u2i,view,android
1099 days 07:28:12.186951,28840212,nfmcg_2992071,u2i,click,android
1099 days 07:28:19.590102,902867,nfmcg_5628184,u2i,view,android
1099 days 07:28:28.369250,72279832,nfmcg_26806627,u2i,view,android
1099 days 07:29:57.232935,50235997,nfmcg_3383965,u2i,view,android
1099 days 07:32:08.344948,70192234,nfmcg_20869172,u2i,view,android
1099 days 07:33:12.125343,73617542,nfmcg_13376547,u2i,view,ios
1099 days 07:33:28.396150,70448365,nfmcg_7554026,u2i,view,android
1099 days 07:36:24.703848,70448365,nfmcg_7554026,u2i,view,android
1099 days 07:37:59.633454,54326542,nfmcg_2992071,u2i,view,android
1099 days 07:42:14.132495,47568801,nfmcg_11856679,u2i,view,android
1099 days 07:44:00.750453,1281539,nfmcg_14628165,other,view,android
1099 days 07:44:07.725997,84440491,nfmcg_2067568,u2i,view,android
1099 days 07:44:32.573430,16489944,nfmcg_20140725,u2i,view,android
1099 days 07:44:40.747237,78198065,nfmcg_11856679,u2i,view,android
1099 days 07:44:51.910153,64611440,nfmcg_11856679,catalog,view,android
1099 days 07:44:55.411265,28840212,nfmcg_867469,u2i,view,android
1099 days 07:48:45.701038,28840212,nfmcg_28270569,u2i,view,android
1099 days 07:49:05.886230,64358791,nfmcg_20696863,u2i,view,android
1099 days 07:49:09.542905,24990849,nfmcg_740061,u2i,view,android
1099 days 07:50:06.010473,14528741,nfmcg_18314716,u2i,view,android
1099 days 07:51:16.675627,80696195,nfmcg_4703456,u2i,view,android
1099 days 07:51:40.224929,7336685,nfmcg_28078922,u2i,view,android
1099 days 07:52:33.265984,1111799,nfmcg_12611615,u2i,view,android
1099 days 07:55:58.156460,27736789,nfmcg_14193797,other,view,android
1099 days 07:56:08.717453,25765724,nfmcg_3913573,other,view,android
1099 days 07:56:47.452255,14528741,nfmcg_26806627,i2i,click,android
1099 days 07:59:31.730514,64611440,nfmcg_13068923,u2i,view,ios
1099 days 08:00:10.415867,84440491,nfmcg_13165877,u2i,view,android
1099 days 08:00:26.931934,40045994,nfmcg_19742246,u2i,view,ios
1099 days 08:01:36.773386,50235997,nfmcg_16652137,u2i,view,android
1099 days 08:03:20.348296,20461961,nfmcg_16055864,u2i,view,android
1099 days 08:05:19.100648,9953451,nfmcg_19030396,u2i,view,android
1099 days 08:06:11.636928,57487649,nfmcg_19270524,u2i,view,android
1099 days 08:06:32.725791,20047319,nfmcg_13757063,u2i,view,android
1099 days 08:11:19.489707,28840212,nfmcg_28270569,u2i,view,android
1099 days 08:13:55.331282,27337246,nfmcg_13913166,catalog,view,android
1099 days 08:14:32.185034,27337246,nfmcg_15959415,catalog,view,android
1099 days 08:15:44.769783,60576373,nfmcg_28153258,other,view,android
1099 days 08:16:48.558121,64611440,nfmcg_1162007,search,view,ios
1099 days 08:17:42.454532,40045994,nfmcg_10409922,u2i,view,ios
1099 days 08:19:13.051397,64358791,nfmcg_12516043,u2i,view,android
1099 days 08:20:22.320948,2038152,nfmcg_19742246,u2i,view,android
1099 days 08:20:45.536179,89196550,nfmcg_11875472,u2i,view,android
1099 days 08:21:46.979588,902867,nfmcg_17884195,u2i,view,android
1099 days 08:21:57.847638,22904400,nfmcg_13386125,u2i,view,android
1099 days 08:22:37.833408,73985896,nfmcg_18733173,u2i,view,android
1099 days 08:22:43.951349,80696195,nfmcg_254657,u2i,view,android
1099 days 08:23:33.162595,27806484,nfmcg_16669558,other,view,android
1099 days 08:24:45.376699,37228978,nfmcg_11343562,u2i,view,android
1099 days 08:24:59.713422,16301,nfmcg_28057908,u2i,view,android
1099 days 08:26:42.563084,70192234,nfmcg_14090912,catalog,view,android
1099 days 08:32:10.503879,64358791,nfmcg_18805941,catalog,view,android
1099 days 08:33:36.528578,87006990,nfmcg_26806627,u2i,view,android
1099 days 08:33:46.551589,76599612,nfmcg_19742246,u2i,view,android
1099 days 08:34:46.347316,24990849,nfmcg_26806627,u2i,view,android
1099 days 08:35:58.952092,32954358,nfmcg_21514286,u2i,view,android
1099 days 08:36:38.655995,15191421,nfmcg_26806627,u2i,view,ios
1099 days 08:44:02.599894,14528741,nfmcg_26202322,u2i,view,android
1099 days 08:44:44.671932,70263830,nfmcg_14200435,u2i,view,ios
1099 days 08:47:03.119599,35820640,nfmcg_22903580,other,view,android
1099 days 08:47:13.320431,64358791,nfmcg_16588047,catalog,view,android
1099 days 08:48:03.858722,8321442,nfmcg_27711770,u2i,view,android
1099 days 08:49:12.795669,64358791,nfmcg_20577046,catalog,view,android
1099 days 08:50:21.064075,1281539,nfmcg_14628165,other,view,android
1099 days 08:50:22.246476,70192234,nfmcg_11019315,catalog,view,android
1099 days 08:53:57.551524,21040972,nfmcg_284956,u2i,view,android
1099 days 08:55:03.177943,55888240,nfmcg_22003990,u2i,view,android
1099 days 08:57:17.635402,25765724,nfmcg_3913573,u2i,view,android
1099 days 08:58:28.731058,58795679,nfmcg_19906056,other,view,android
1099 days 09:00:22.860025,70192234,nfmcg_13757063,catalog,view,android
1099 days 09:00:40.425470,80696195,nfmcg_12406233,u2i,view,android
1099 days 09:05:22.066820,28840212,nfmcg_25237144,u2i,view,android
1099 days 09:05:50.197357,64358791,nfmcg_24803488,u2i,view,android
1099 days 09:08:35.626673,9953451,nfmcg_254657,u2i,view,android
1099 days 09:10:01.553588,28765674,nfmcg_16610720,other,view,android
1099 days 09:11:03.427268,11496423,nfmcg_10472957,u2i,view,android
1099 days 09:13:23.818364,64358791,nfmcg_25871901,catalog,view,android
1099 days 09:15:10.521066,11496423,nfmcg_4857549,u2i,view,android
1099 days 09:17:14.773185,78198065,nfmcg_2992071,u2i,view,android
1099 days 09:17:37.449484,53399996,nfmcg_13517883,u2i,view,android
1099 days 09:19:03.711843,15191421,nfmcg_3913573,u2i,view,ios
1099 days 09:20:25.599850,69700615,nfmcg_2210165,other,view,android
1099 days 09:21:10.918814,16301,nfmcg_25823124,catalog,view,android
1099 days 09:21:40.363166,76511864,nfmcg_14649335,u2i,view,android
1099 days 09:23:48.990200,21040972,nfmcg_6702130,u2i,view,android
1099 days 09:24:43.642102,40045994,nfmcg_24467202,u2i,view,ios
1099 days 09:26:56.347740,35820640,nfmcg_11856679,u2i,view,android
1099 days 09:27:39.801242,65471418,nfmcg_1466327,catalog,view,android
1099 days 09:28:01.060220,68461759,nfmcg_26806627,u2i,view,android
1099 days 09:29:05.461998,70263830,nfmcg_22370239,u2i,view,ios
1099 days 09:29:22.982337,40045994,nfmcg_20675903,u2i,view,ios
1099 days 09:30:39.243132,902867,nfmcg_17884195,u2i,view,android
1099 days 09:32:07.527324,84440491,nfmcg_5063751,u2i,view,android
1099 days 09:32:53.239403,64611440,nfmcg_26798861,catalog,view,ios
1099 days 09:37:15.661871,73529352,nfmcg_21815977,u2i,view,android
1099 days 09:38:25.114737,46479423,nfmcg_20114920,other,view,android
1099 days 09:39:19.722964,1631714,nfmcg_4436221,u2i,view,ios
1099 days 09:41:18.401180,56371779,nfmcg_16684390,u2i,view,android
1099 days 09:41:25.142417,76540344,nfmcg_20869172,u2i,view,android
1099 days 09:42:10.053208,1111799,nfmcg_4922475,u2i,view,android
1099 days 09:43:50.495407,44860120,nfmcg_11856679,u2i,view,ios
1099 days 09:46:07.150999,21040972,nfmcg_14893278,u2i,view,android
1099 days 09:46:18.839058,73985896,nfmcg_6464466,u2i,view,android
1099 days 09:47:13.694763,28840212,nfmcg_25237144,u2i,view,android
1099 days 09:48:54.140784,15191421,nfmcg_10472957,u2i,view,ios
1099 days 09:48:56.565394,76511864,nfmcg_22006405,u2i,view,android
1099 days 09:49:02.371395,57487649,nfmcg_7654479,u2i,view,android
1099 days 09:51:57.183210,64358791,nfmcg_17484860,u2i,view,android
1099 days 09:54:25.006706,86547097,nfmcg_14326289,u2i,view,ios
1099 days 09:55:52.556392,56042488,nfmcg_19741298,u2i,view,android
1099 days 09:56:05.203927,28840212,nfmcg_7696108,u2i,view,android
1099 days 09:56:59.476820,78198065,nfmcg_10839255,u2i,view,android
1099 days 10:00:25.713633,902867,nfmcg_5628184,u2i,view,android
1099 days 10:00:27.360484,80696195,nfmcg_254657,u2i,view,android
1099 days 10:01:08.611558,2111125,nfmcg_10472957,u2i,view,ios
1099 days 10:02:51.553875,59646916,nfmcg_2992071,u2i,view,android
1099 days 10:03:39.332914,76511864,nfmcg_10840247,u2i,view,android
1099 days 10:06:14.889749,70192234,nfmcg_17687750,u2i,view,android
1099 days 10:06:25.982891,64358791,nfmcg_19241195,u2i,view,android
1099 days 10:07:25.719375,85708141,nfmcg_19179336,other,view,android
1099 days 10:09:30.368782,11496423,nfmcg_8595807,u2i,view,android
1099 days 10:10:23.825322,68643250,nfmcg_867469,u2i,view,android
1099 days 10:11:02.546353,63978799,nfmcg_27711770,other,view,android
1099 days 10:11:45.922789,25765724,nfmcg_25454249,u2i,view,ios
1099 days 10:14:06.298379,64358791,nfmcg_26053389,u2i,view,android
1099 days 10:14:48.390764,66449878,nfmcg_1724547,u2i,view,android
1099 days 10:20:47.860412,32954358,nfmcg_26053389,u2i,view,android
1099 days 10:25:28.767887,32954358,nfmcg_3898374,u2i,view,android
1099 days 10:26:56.732214,44354150,nfmcg_10046742,other,view,android
1099 days 10:28:05.189004,86525696,nfmcg_20140725,u2i,view,android
1099 days 10:28:31.283907,58706189,nfmcg_13757063,u2i,view,android
1099 days 10:28:35.070546,21040972,nfmcg_11343562,u2i,view,android
1099 days 10:29:08.696274,22904400,nfmcg_6162112,u2i,view,android
1099 days 10:29:30.203141,48504377,nfmcg_18519394,u2i,view,ios
1099 days 10:30:33.437317,31313027,nfmcg_20114920,u2i,view,ios
1099 days 10:30:39.040759,2111125,nfmcg_11856679,u2i,view,android
1099 days 10:33:17.663996,1631714,nfmcg_2067568,u2i,view,android
1099 days 10:33:48.455200,40045994,nfmcg_27736590,u2i,view,ios
1099 days 10:34:06.051812,1618816,nfmcg_15431332,other,view,android
1099 days 10:34:34.029218,8321442,nfmcg_1315404,u2i,view,android
1099 days 10:40:09.133005,48504377,nfmcg_20114920,u2i,view,ios
1099 days 10:45:21.586781,40045994,nfmcg_24573113,u2i,view,ios
1099 days 10:45:58.367578,11496423,nfmcg_25034176,u2i,view,android
1099 days 10:46:56.288464,1111799,nfmcg_24086552,u2i,view,android
1099 days 10:47:34.205404,40045994,nfmcg_19906056,u2i,view,ios
1099 days 10:49:09.688477,76599612,nfmcg_19742246,u2i,view,android
1099 days 10:49:21.976408,2129404,nfmcg_27802309,u2i,view,android
1099 days 10:51:11.923458,8321442,nfmcg_20282739,u2i,view,android
1099 days 10:51:40.521724,16489944,nfmcg_25823124,u2i,view,android
1099 days 10:51:46.971946,56042488,nfmcg_13757063,u2i,view,android
1099 days 10:52:02.260527,87006990,nfmcg_19742246,u2i,view,android
1099 days 10:52:53.680871,9953451,nfmcg_254657,u2i,view,android
1099 days 10:53:59.656265,18343762,nfmcg_4436221,other,view,android
1099 days 11:02:32.263634,32954358,nfmcg_13757063,u2i,view,android
1099 days 11:02:44.287397,73985896,nfmcg_4436221,u2i,view,android
1099 days 11:02:53.198370,14528741,nfmcg_5554541,u2i,click,android
1099 days 11:03:26.625235,57487649,nfmcg_22802028,u2i,view,android
1099 days 11:04:34.080534,60576373,nfmcg_22992567,other,view,android
1099 days 11:05:36.493575,64358791,nfmcg_8514919,catalog,view,android
1099 days 11:05:51.994634,26647220,nfmcg_22003990,u2i,view,android
1099 days 11:07:01.079726,16489944,nfmcg_11856679,u2i,view,android
1099 days 11:08:57.355964,76511864,nfmcg_22764748,u2i,view,android
1099 days 11:09:03.272876,36553861,nfmcg_3898374,u2i,view,ios
1099 days 11:09:49.003184,47568801,nfmcg_21179186,u2i,view,android
1099 days 11:10:37.977367,57487649,nfmcg_4436221,u2i,view,android
1099 days 11:11:38.901487,59646916,nfmcg_22903580,u2i,view,android
1099 days 11:12:03.634922,31313027,nfmcg_11856679,u2i,view,ios
1099 days 11:14:29.226161,87006990,nfmcg_10472957,u2i,view,android
1099 days 11:14:59.326560,8321442,nfmcg_22764748,u2i,view,android
1099 days 11:16:46.229908,67767492,nfmcg_11856679,other,view,android
1099 days 11:17:00.153984,56042488,nfmcg_12611615,u2i,view,android
1099 days 11:17:03.216084,70448365,nfmcg_22370239,u2i,view,android
1099 days 11:21:46.795648,2038152,nfmcg_19906056,u2i,view,android
1099 days 11:22:06.341868,60567206,nfmcg_28140674,other,view,android
1099 days 11:23:46.862375,70192234,nfmcg_20306657,u2i,view,android
1099 days 11:26:10.790058,30166973,nfmcg_4085927,other,view,android
1099 days 11:26:24.156838,73985896,nfmcg_28244876,u2i,view,android
1099 days 11:26:50.044518,47568801,nfmcg_11856679,u2i,view,android
1099 days 11:28:28.268299,47568801,nfmcg_21363739,u2i,view,android
1099 days 11:28:29.819217,16301,nfmcg_19899409,catalog,view,android
1099 days 11:29:43.128207,16489944,nfmcg_21363739,u2i,view,android
1099 days 11:32:06.841638,47568801,nfmcg_25823124,u2i,view,android
1099 days 11:32:22.554071,47568801,nfmcg_20140725,u2i,view,android
1099 days 11:35:09.101346,86547097,nfmcg_27533672,u2i,click,android
1099 days 11:37:08.036919,27806484,nfmcg_13757063,other,view,android
1099 days 11:38:41.586620,22904400,nfmcg_26649662,u2i,view,android
1099 days 11:38:46.901810,57487649,nfmcg_25454249,u2i,view,android
1099 days 11:42:36.134040,70192234,nfmcg_22003990,u2i,view,android
1099 days 11:42:37.389184,77726687,nfmcg_4857549,u2i,view,android
1099 days 11:43:37.395369,84440491,nfmcg_24086552,u2i,view,android
1099 days 11:45:48.839598,70263830,nfmcg_22003990,u2i,view,ios
1099 days 11:45:59.702429,16489944,nfmcg_3896208,u2i,view,android
1099 days 11:46:00.428094,47568801,nfmcg_15241635,u2i,view,android
1099 days 11:47:08.678870,57487649,nfmcg_11462743,u2i,view,android
1099 days 11:47:45.981862,1631714,nfmcg_10585529,u2i,view,android
1099 days 11:48:26.880532,21040972,nfmcg_28146323,u2i,view,android
1099 days 11:49:46.377954,9953451,nfmcg_20114920,u2i,view,android
1099 days 11:53:21.817079,66449878,nfmcg_21786924,u2i,view,android
1099 days 11:54:06.017718,1111799,nfmcg_21177692,u2i,view,android
1099 days 11:56:10.234551,48504377,nfmcg_4857549,u2i,view,ios
1099 days 11:56:41.624051,73529352,nfmcg_6295608,u2i,view,android
1099 days 11:56:59.056120,56042488,nfmcg_18930131,u2i,view,android
1099 days 11:57:11.770028,47894981,nfmcg_11474207,u2i,view,android
1099 days 11:57:23.487397,84440491,nfmcg_19766962,u2i,view,android
1099 days 11:59:35.038216,39949767,nfmcg_20635570,u2i,view,android
1099 days 12:00:56.611260,2038152,nfmcg_10472957,u2i,view,android
1099 days 12:01:04.833998,76511864,nfmcg_22764748,u2i,view,android
1099 days 12:03:06.501424,57487649,nfmcg_3307868,u2i,view,android
1099 days 12:03:50.884560,76540344,nfmcg_17284268,u2i,view,android
1099 days 12:04:40.390040,64358791,nfmcg_27939469,catalog,view,android
1099 days 12:06:22.051991,80696195,nfmcg_12406233,u2i,view,android
1099 days 12:08:25.142608,68643250,nfmcg_23807241,u2i,view,ios
1099 days 12:11:12.305729,8321442,nfmcg_19287685,u2i,click,android
1099 days 12:11:40.009906,70192234,nfmcg_19288529,catalog,view,android
1099 days 12:15:51.397495,57155725,nfmcg_22003990,u2i,view,android
1099 days 12:15:56.013541,15351943,nfmcg_20114920,other,view,android
1099 days 12:18:35.093037,59646916,nfmcg_25454249,u2i,view,android
1099 days 12:20:04.080341,22904400,nfmcg_27598210,u2i,view,android
1099 days 12:20:48.319457,17438839,nfmcg_10417851,u2i,view,android
1099 days 12:22:27.411476,73529352,nfmcg_11474207,u2i,view,android
1099 days 12:23:48.970170,21040972,nfmcg_15241635,other,view,android
1099 days 12:23:53.034410,72279832,nfmcg_11018527,u2i,view,android
1099 days 12:24:24.446161,68461759,nfmcg_8448287,u2i,view,android
1099 days 12:26:07.773672,59646916,nfmcg_2992071,u2i,view,android
1099 days 12:26:24.213660,16301,nfmcg_25928643,u2i,view,android
1099 days 12:29:36.647620,86547097,nfmcg_12898997,u2i,view,android
1099 days 12:31:18.440136,72279832,nfmcg_8386753,u2i,view,android
1099 days 12:32:06.953360,1111799,nfmcg_26053389,u2i,view,android
1099 days 12:34:13.687800,64358791,nfmcg_21514286,u2i,view,android
1099 days 12:34:44.361791,86547097,nfmcg_4470966,i2i,click,android
1099 days 12:34:48.786182,1618816,nfmcg_1343251,other,view,android
1099 days 12:37:27.728569,27736789,nfmcg_8829408,other,view,ios
1099 days 12:39:29.222966,65471418,nfmcg_23606464,u2i,view,android
1099 days 12:40:40.456796,80696195,nfmcg_2879160,u2i,view,android
1099 days 12:40:54.282136,40045994,nfmcg_10472957,u2i,view,ios
1099 days 12:40:59.210898,85708141,nfmcg_25823124,u2i,view,android
1099 days 12:41:05.364299,55061087,nfmcg_4857549,other,view,android
1099 days 12:41:10.043136,85708141,nfmcg_23857142,u2i,view,android
1099 days 12:42:28.627184,19673253,nfmcg_11301063,u2i,view,ios
1099 days 12:51:51.654170,21040972,nfmcg_18197150,u2i,view,android
1099 days 12:53:21.398262,32954358,nfmcg_8078750,u2i,view,android
1099 days 12:54:04.735464,65471418,nfmcg_7591832,catalog,view,android
1099 days 12:54:23.779206,2714093,nfmcg_7861852,u2i,view,android
1099 days 12:54:58.449537,85708141,nfmcg_10314844,u2i,view,android
1099 days 12:56:09.539639,84440491,nfmcg_13165877,u2i,view,android
1099 days 12:59:37.567624,21040972,nfmcg_20575214,u2i,view,android
1099 days 13:02:50.273655,15191421,nfmcg_10330490,u2i,view,ios
1099 days 13:03:11.258345,47894981,nfmcg_22764748,u2i,view,android
1099 days 13:03:21.593156,84440491,nfmcg_24086552,u2i,view,android
1099 days 13:04:16.345483,44354150,nfmcg_21786924,u2i,click,ios
1099 days 13:04:36.199508,65471418,nfmcg_4631158,catalog,view,android
1099 days 13:04:52.260347,46265088,nfmcg_14893278,other,view,android
1099 days 13:05:22.364463,16301,nfmcg_14209780,catalog,view,android
1099 days 13:08:20.473735,65686595,nfmcg_14326289,u2i,view,android
1099 days 13:09:28.614642,85708141,nfmcg_12821364,u2i,view,android
1099 days 13:09:35.923267,15351943,nfmcg_8257861,u2i,view,android
1099 days 13:10:19.610396,2111125,nfmcg_7727120,u2i,view,ios
1099 days 13:10:46.220981,89196550,nfmcg_17780904,u2i,view,android
1099 days 13:10:53.664574,57487649,nfmcg_15904154,u2i,view,android
1099 days 13:12:10.565538,64358791,nfmcg_9314605,catalog,view,android
1099 days 13:13:36.693420,40045994,nfmcg_10585529,u2i,click,android
1099 days 13:16:11.902141,78198065,nfmcg_22146622,u2i,view,android
1099 days 13:16:41.855286,65471418,nfmcg_14496528,catalog,view,android
1099 days 13:16:43.708253,21040972,nfmcg_4703456,u2i,view,android
1099 days 13:19:34.065092,55888240,nfmcg_9498879,u2i,view,android
1099 days 13:20:12.809157,40045994,nfmcg_4857549,u2i,click,ios
1099 days 13:21:25.235778,32954358,nfmcg_3898374,u2i,view,android
1099 days 13:22:43.704001,80696195,nfmcg_15893105,u2i,view,android
1099 days 13:23:27.913289,40045994,nfmcg_22903580,u2i,view,ios
1099 days 13:23:43.417664,82127508,nfmcg_18652421,u2i,view,ios
1099 days 13:24:39.405164,65471418,nfmcg_14048009,catalog,view,android
1099 days 13:26:04.052103,32954358,nfmcg_8078750,u2i,view,android
1099 days 13:27:25.764142,16301,nfmcg_22764748,u2i,view,android
1099 days 13:27:47.843101,27736789,nfmcg_11740381,other,view,android
1099 days 13:28:10.380003,55897847,nfmcg_27565820,other,view,android
1099 days 13:28:38.240832,65471418,nfmcg_168587,catalog,view,android
1099 days 13:28:39.924403,54361198,nfmcg_22146622,other,view,android
1099 days 13:30:06.683876,65471418,nfmcg_4668262,catalog,view,android
1099 days 13:30:47.414311,1111799,nfmcg_4470966,u2i,view,android
1099 days 13:31:30.365640,16301,nfmcg_17325704,catalog,view,android
1099 days 13:32:22.338845,32954358,nfmcg_6747190,u2i,view,android
1099 days 13:33:22.678516,24990849,nfmcg_26806627,u2i,view,android
1099 days 13:34:18.878651,73589802,nfmcg_20686453,u2i,view,android
1099 days 13:34:31.186947,47894981,nfmcg_22764748,other,view,android
1099 days 13:36:22.214898,65471418,nfmcg_23387381,catalog,view,android
1099 days 13:36:32.720600,87006990,nfmcg_17484860,u2i,view,android
1099 days 13:36:57.928576,70448365,nfmcg_13757063,u2i,view,android
1099 days 13:42:31.241325,64358791,nfmcg_6113140,u2i,view,android
1099 days 13:43:11.436350,1281539,nfmcg_20705694,other,view,android
1099 days 13:43:17.013600,85708141,nfmcg_27565820,u2i,view,android
1099 days 13:44:20.286924,15191421,nfmcg_3898374,u2i,view,android
1099 days 13:44:40.892317,76599612,nfmcg_19742246,other,view,android
1099 days 13:44:41.960405,57487649,nfmcg_2067568,u2i,view,android
1099 days 13:45:43.595853,72279832,nfmcg_13900568,u2i,view,android
1099 days 13:48:21.465307,21040972,nfmcg_6829990,u2i,view,android
1099 days 13:48:49.706925,86525696,nfmcg_27118219,u2i,view,android
1099 days 13:49:36.639557,85708141,nfmcg_13757063,other,view,android
1099 days 13:51:51.573069,84440491,nfmcg_27778856,u2i,view,android
1099 days 13:52:07.000399,70448365,nfmcg_22370239,u2i,view,android
1099 days 13:52:44.907178,86547097,nfmcg_10534068,i2i,click,android
1099 days 13:53:32.301607,22904400,nfmcg_23334095,u2i,view,android
1099 days 13:53:51.535624,53399996,nfmcg_2943775,other,view,android
1099 days 13:54:27.072719,85708141,nfmcg_4761190,u2i,view,android
1099 days 13:55:13.629598,65692899,nfmcg_19030396,other,view,android
1099 days 14:01:50.803389,57487649,nfmcg_15904154,u2i,view,android
1099 days 14:03:00.541896,57155725,nfmcg_9709388,u2i,view,android
1099 days 14:04:15.831025,59646916,nfmcg_25454249,u2i,view,android
1099 days 14:04:26.020564,60567206,nfmcg_10472957,u2i,view,android
1099 days 14:06:26.998460,89196550,nfmcg_4085927,u2i,view,android
1099 days 14:06:40.875599,902867,nfmcg_5628184,u2i,view,android
1099 days 14:08:12.547563,728091,nfmcg_636719,other,view,android
1099 days 14:08:26.153536,2111125,nfmcg_26200435,u2i,view,ios
1099 days 14:08:26.722168,65471418,nfmcg_8255607,catalog,view,android
1099 days 14:09:57.322387,8321442,nfmcg_20114920,u2i,view,android
1099 days 14:10:02.041464,2129404,nfmcg_867469,u2i,view,android
1099 days 14:11:46.522559,32954358,nfmcg_13757063,u2i,view,android
1099 days 14:13:12.885373,24990849,nfmcg_14804165,u2i,view,android
1099 days 14:14:35.020920,2091299,nfmcg_16792991,u2i,view,android
1099 days 14:14:55.072301,57487649,nfmcg_4436221,u2i,view,android
1099 days 14:15:32.325282,65471418,nfmcg_17513825,catalog,view,android
1099 days 14:16:27.064320,7258437,nfmcg_254657,other,view,android
1099 days 14:22:06.260593,15351943,nfmcg_10330490,other,view,android
1099 days 14:23:34.324302,64358791,nfmcg_9812595,catalog,view,android
1099 days 14:24:30.386626,16489944,nfmcg_10046742,u2i,view,android
1099 days 14:24:52.134488,37228978,nfmcg_21363739,u2i,view,android
1099 days 14:30:23.320038,2091299,nfmcg_16883345,other,view,android
1099 days 14:31:38.426146,28840212,nfmcg_6292881,u2i,view,android
1099 days 14:32:37.979089,89196550,nfmcg_13266323,other,view,android
1099 days 14:36:14.112004,40045994,nfmcg_26806627,u2i,view,ios
1099 days 14:38:14.483061,55888240,nfmcg_774048,u2i,view,android
1099 days 14:39:00.462478,16301,nfmcg_17904667,catalog,view,android
1099 days 14:39:17.886730,66449878,nfmcg_254657,u2i,view,android
1099 days 14:40:13.194516,8321442,nfmcg_16484774,u2i,view,android
1099 days 14:43:17.040826,76599612,nfmcg_17780904,u2i,view,android
1099 days 14:43:30.017421,70192234,nfmcg_20869172,other,view,android
1099 days 14:44:01.199737,20047319,nfmcg_9091730,u2i,view,android
1099 days 14:44:48.731037,64358791,nfmcg_28041816,u2i,view,android
1099 days 14:44:58.848929,65471418,nfmcg_22626385,catalog,view,android
1099 days 14:46:47.984719,85708141,nfmcg_9245128,other,view,android
1099 days 14:49:03.193657,41133300,nfmcg_28532715,u2i,view,android
1099 days 14:49:43.225956,65471418,nfmcg_9644794,catalog,view,android
1099 days 14:53:04.317596,76540344,nfmcg_17284268,u2i,view,android
1099 days 14:55:50.488493,85708141,nfmcg_2326353,u2i,view,android
1099 days 14:55:59.382055,5303449,nfmcg_14522263,u2i,view,android
1099 days 14:56:57.843557,55897847,nfmcg_13757063,other,view,android
1099 days 14:57:12.148444,15351943,nfmcg_10472957,u2i,view,android
1099 days 15:00:32.298107,17438839,nfmcg_17780904,u2i,view,android
1099 days 15:00:43.712854,2714093,nfmcg_28169368,u2i,view,android
1099 days 15:02:03.641530,15351943,nfmcg_11363319,u2i,view,android
1099 days 15:02:06.183830,65471418,nfmcg_5438500,catalog,view,android
1099 days 15:03:24.755760,34392272,nfmcg_27802309,other,view,android
1099 days 15:06:02.137233,87006990,nfmcg_7078972,u2i,view,android
1099 days 15:06:35.596055,11281781,nfmcg_673736,other,view,android
1099 days 15:07:37.944894,64358791,nfmcg_27233246,catalog,view,android
1099 days 15:08:22.023795,5303449,nfmcg_11856679,u2i,view,android
1099 days 15:08:57.836104,24990849,nfmcg_740061,u2i,view,android
1099 days 15:10:46.628299,65471418,nfmcg_18480297,catalog,view,android
1099 days 15:11:25.155996,44354150,nfmcg_21786924,other,view,ios
1099 days 15:11:46.020354,85708141,nfmcg_2138782,u2i,view,android
1099 days 15:12:16.719945,56042488,nfmcg_19030396,u2i,view,android
1099 days 15:13:32.966202,64358791,nfmcg_20975861,catalog,view,android
1099 days 15:13:59.992578,47894981,nfmcg_254657,u2i,view,android
1099 days 15:14:05.091106,40045994,nfmcg_13535247,u2i,view,ios
1099 days 15:15:19.095175,76511864,nfmcg_19030396,u2i,view,android
1099 days 15:15:41.594473,86547097,nfmcg_9709388,u2i,click,android
1099 days 15:16:49.565863,44860120,nfmcg_27117590,u2i,view,android
1099 days 15:18:14.543801,64358791,nfmcg_14658036,catalog,click,android
1099 days 15:19:57.636917,2091299,nfmcg_16621063,u2i,view,android
1099 days 15:22:56.954341,76599612,nfmcg_19575632,other,view,android
1099 days 15:23:43.325047,2091299,nfmcg_19030396,u2i,view,android
1099 days 15:25:24.008658,2091299,nfmcg_16122000,other,view,android
1099 days 15:26:24.099104,65471418,nfmcg_19741495,catalog,view,android
1099 days 15:28:47.670357,73985896,nfmcg_22077898,u2i,view,android
1099 days 15:30:34.628506,24990849,nfmcg_14804165,u2i,view,android
1099 days 15:36:48.738765,55888240,nfmcg_9709388,u2i,view,android
1099 days 15:36:49.650124,70192234,nfmcg_11332365,catalog,view,android
1099 days 15:38:13.830200,70192234,nfmcg_23334095,u2i,view,android
1099 days 15:39:10.909531,9953451,nfmcg_22764748,u2i,view,android
1099 days 15:41:16.060173,32954358,nfmcg_26053389,u2i,view,android
1099 days 15:42:34.734621,86547097,nfmcg_2681623,u2i,view,android
1099 days 15:42:43.971558,52094414,nfmcg_11477750,other,view,android
1099 days 15:43:29.277373,40045994,nfmcg_8134244,u2i,view,ios
1099 days 15:44:08.130116,76511864,nfmcg_3185174,u2i,view,android
1099 days 15:44:35.370747,76540344,nfmcg_11856679,u2i,view,android
1099 days 15:45:30.436962,85708141,nfmcg_14071858,u2i,view,android
1099 days 15:48:23.445773,65471418,nfmcg_22684131,catalog,view,android
1099 days 15:50:36.619058,65471418,nfmcg_17990495,catalog,view,android
1099 days 15:56:07.065502,84440491,nfmcg_9171721,u2i,view,android
1099 days 15:59:26.821159,57155725,nfmcg_3748778,u2i,view,android
1099 days 16:00:56.422960,40045994,nfmcg_16029011,u2i,view,ios
1099 days 16:05:15.381378,18427765,nfmcg_7854923,u2i,view,android
1099 days 16:05:58.328473,57487649,nfmcg_3307868,u2i,view,android
1099 days 16:05:59.714015,65471418,nfmcg_4065015,catalog,click,android
1099 days 16:06:27.758165,55888240,nfmcg_2453760,u2i,view,android
1099 days 16:12:39.724164,65471418,nfmcg_385076,catalog,view,android
1099 days 16:14:50.670470,73985896,nfmcg_15648772,u2i,view,android
1099 days 16:15:34.609930,89196550,nfmcg_10417851,u2i,view,android
1099 days 16:16:53.067976,31313027,nfmcg_10506432,u2i,view,android
1099 days 16:19:42.361396,32954358,nfmcg_5930496,catalog,view,android
1099 days 16:19:45.411515,46479423,nfmcg_18604150,other,view,android
1099 days 16:20:24.770077,59646916,nfmcg_25454249,other,view,android
1099 days 16:20:36.153916,5303449,nfmcg_20140725,u2i,view,android
1099 days 16:22:57.415638,2714093,nfmcg_23976908,u2i,view,android
1099 days 16:26:00.661201,902867,nfmcg_19129512,u2i,view,ios
1099 days 16:26:27.138626,73212316,nfmcg_22845798,other,view,android
1099 days 16:27:25.765452,15351943,nfmcg_19742246,u2i,view,android
1099 days 16:29:10.145277,1631714,nfmcg_20114920,u2i,view,android
1099 days 16:31:51.409002,38072167,nfmcg_14326289,u2i,view,ios
1099 days 16:32:00.116761,85708141,nfmcg_3631334,u2i,view,android
1099 days 16:33:08.457038,86525696,nfmcg_7816204,u2i,view,android
1099 days 16:33:25.038324,59646916,nfmcg_24292729,u2i,view,android
1099 days 16:36:16.793675,5749350,nfmcg_14831429,other,view,android
1099 days 16:37:40.851998,84440491,nfmcg_14649335,u2i,view,android
1099 days 16:38:20.142724,89196550,nfmcg_4085927,u2i,view,android
1099 days 16:40:27.412630,40045994,nfmcg_12898997,u2i,view,ios
1099 days 16:46:05.882136,7258437,nfmcg_19742246,other,view,android
1099 days 16:47:22.147333,64358791,nfmcg_11725003,catalog,view,android
1099 days 16:48:49.514331,65471418,nfmcg_13517883,u2i,view,android
1099 days 16:53:33.926699,65471418,nfmcg_10486923,catalog,view,android
1099 days 16:58:04.825233,59646916,nfmcg_4436221,u2i,view,android
1099 days 17:00:53.617951,64358791,nfmcg_13757063,u2i,view,android
1099 days 17:02:31.043171,56042488,nfmcg_18548974,u2i,view,android
1099 days 17:02:52.912165,87006990,nfmcg_19906056,u2i,view,android
1099 days 17:03:39.646748,27806484,nfmcg_14893278,other,view,android
1099 days 17:04:33.292563,50235997,nfmcg_11474207,u2i,view,ios
1099 days 17:07:59.208883,84440491,nfmcg_14649335,u2i,view,android
1099 days 17:13:00.046875,16489944,nfmcg_25454249,u2i,view,android
1099 days 17:16:26.347281,2111125,nfmcg_2210165,u2i,view,ios
1099 days 17:20:28.192024,65471418,nfmcg_5485525,catalog,view,android
1099 days 17:20:39.587254,40045994,nfmcg_3995626,u2i,view,ios
1099 days 17:21:14.834078,65471418,nfmcg_16134296,catalog,view,android
1099 days 17:23:07.657197,64611440,nfmcg_20992285,u2i,view,ios
1099 days 17:23:21.322211,21040972,nfmcg_20114920,other,view,android
1099 days 17:25:42.759305,60567206,nfmcg_12611615,u2i,view,android
1099 days 17:30:32.620277,76511864,nfmcg_20114920,u2i,view,android
1099 days 17:31:25.209936,40045994,nfmcg_379772,u2i,view,ios
1099 days 17:34:46.292513,64358791,nfmcg_8987827,u2i,view,android
1099 days 17:36:54.188569,59646916,nfmcg_25454249,u2i,view,android
1099 days 17:43:47.823041,73212316,nfmcg_22845798,other,view,android
1099 days 17:45:00.123252,47894981,nfmcg_19030396,u2i,view,android
1099 days 17:46:36.679295,40045994,nfmcg_27833370,u2i,view,ios
1099 days 17:47:22.956840,59646916,nfmcg_2992071,other,view,android
1099 days 17:48:59.780993,59646916,nfmcg_9933766,u2i,view,android
1099 days 17:49:08.337935,15351943,nfmcg_24467202,u2i,view,android
1099 days 17:49:13.632432,26839580,nfmcg_4085927,u2i,view,android
1099 days 17:51:09.372744,85708141,nfmcg_24086552,u2i,view,android
1099 days 17:52:10.010949,2038152,nfmcg_7078972,u2i,view,android
1099 days 17:55:21.224049,67767492,nfmcg_20114920,u2i,view,android
1099 days 17:56:27.487955,64358791,nfmcg_25629591,u2i,view,android
1099 days 17:57:41.184525,44813615,nfmcg_14326289,other,view,android
1099 days 17:58:35.019158,73212316,nfmcg_16213424,other,view,android
1099 days 17:58:42.551234,48504377,nfmcg_4857549,u2i,view,android
1099 days 17:59:59.676951,85708141,nfmcg_9245128,u2i,view,android
1099 days 18:01:32.077120,57487649,nfmcg_11462743,u2i,view,android
1099 days 18:07:33.544433,34392272,nfmcg_2552142,other,view,android
1099 days 18:10:14.869435,57487649,nfmcg_2067568,u2i,view,android
1099 days 18:12:55.912755,86547097,nfmcg_3631334,i2i,click,android
1099 days 18:15:21.295012,38072167,nfmcg_21786924,u2i,view,ios
1099 days 18:21:10.416434,32954358,nfmcg_10638192,catalog,view,android
1099 days 18:23:44.248322,2091299,nfmcg_16792991,u2i,view,android
1099 days 18:24:56.734726,7258437,nfmcg_4436221,other,view,android
1099 days 18:26:00.707956,64358791,nfmcg_8665702,u2i,view,android
1099 days 18:27:32.506962,57155725,nfmcg_25454249,u2i,view,android
1099 days 18:28:06.445923,18427765,nfmcg_11474207,other,view,android
1099 days 18:29:14.324798,2091299,nfmcg_8818537,u2i,view,android
1099 days 18:30:39.946267,2038152,nfmcg_26806627,u2i,view,android
1099 days 18:36:29.650740,8321442,nfmcg_19806311,u2i,view,android
1099 days 18:41:03.402857,76540344,nfmcg_6388854,u2i,view,android
1099 days 18:41:13.865236,32954358,nfmcg_21040429,catalog,view,android
1099 days 18:45:10.828075,76599612,nfmcg_7078972,u2i,view,android
1099 days 18:45:31.185547,65471418,nfmcg_19742246,catalog,click,ios
1099 days 18:49:09.210719,85708141,nfmcg_10707222,u2i,view,android
1099 days 18:51:01.583524,2091299,nfmcg_8818537,u2i,view,android
1099 days 18:52:51.200351,85708141,nfmcg_24086552,u2i,view,android
1099 days 18:53:04.546653,2091299,nfmcg_3358917,u2i,view,android
1099 days 18:53:25.613708,59646916,nfmcg_2992071,u2i,view,android
1099 days 18:54:38.902424,64358791,nfmcg_3898374,u2i,view,android
1099 days 18:55:58.980635,70411794,nfmcg_23807241,u2i,view,android
1099 days 18:57:18.602141,57155725,nfmcg_16684390,u2i,view,android
1099 days 18:58:03.341693,50235997,nfmcg_3631334,i2i,click,ios
1099 days 18:58:55.754867,65471418,nfmcg_15319833,u2i,view,android
1099 days 19:00:22.685644,36553861,nfmcg_18652421,u2i,view,android
1099 days 19:04:49.678911,21040972,nfmcg_4436221,u2i,view,android
1099 days 19:08:54.572611,65471418,nfmcg_8037608,catalog,view,android
1099 days 19:12:34.151171,19673253,nfmcg_19030396,u2i,view,android
1099 days 19:13:35.176807,85708141,nfmcg_14326289,u2i,view,android
1099 days 19:15:28.246395,5303449,nfmcg_12636714,u2i,view,android
1099 days 19:17:21.418658,2091299,nfmcg_16621063,u2i,view,android
1099 days 19:24:20.575345,86547097,nfmcg_9709388,u2i,view,android
1099 days 19:25:37.894450,76540344,nfmcg_1687065,u2i,view,android
1099 days 19:26:34.030309,84440491,nfmcg_19766962,u2i,view,android
1099 days 19:28:18.218808,40045994,nfmcg_8134244,other,view,ios
1099 days 19:28:20.320257,86547097,nfmcg_9709388,u2i,view,android
1099 days 19:31:24.370295,44987371,nfmcg_19742246,other,view,android
1099 days 19:31:47.850031,15351943,nfmcg_26806627,u2i,view,android
1099 days 19:33:17.739134,65692899,nfmcg_17419311,other,view,android
1099 days 19:34:32.700071,65471418,nfmcg_24057055,catalog,view,android
1099 days 19:35:01.875612,86525696,nfmcg_7854923,u2i,view,android
1099 days 19:36:55.905870,86525696,nfmcg_11856679,u2i,view,android
1099 days 19:38:00.181720,32954358,nfmcg_16154725,catalog,view,android
1099 days 19:39:58.647767,40045994,nfmcg_8257861,u2i,view,ios
1099 days 19:40:02.634249,86547097,nfmcg_613117,i2i,click,android
1099 days 19:46:02.884832,8321442,nfmcg_19030396,other,view,android
1099 days 19:48:17.946244,76540344,nfmcg_1687065,u2i,view,android
1099 days 19:48:59.303555,2091299,nfmcg_15022704,other,view,android
1099 days 19:49:02.211570,21040972,nfmcg_27711770,u2i,view,android
1099 days 19:49:33.794045,47894981,nfmcg_14326289,u2i,view,android
1099 days 19:50:57.591053,30153714,nfmcg_16213424,other,view,android
1099 days 19:54:39.356973,86525696,nfmcg_13158672,u2i,view,android
1099 days 19:56:49.791095,11281781,nfmcg_10839025,u2i,view,ios
1099 days 19:58:20.299321,85708141,nfmcg_7362830,u2i,view,android
1099 days 20:05:16.501203,59646916,nfmcg_2992071,u2i,view,android
1099 days 20:07:09.060792,35415450,nfmcg_15604363,other,view,android
1099 days 20:07:29.603382,70411794,nfmcg_4735969,u2i,view,android
1099 days 20:12:04.162572,8065138,nfmcg_6971345,other,view,ios
1099 days 20:14:57.067259,18427765,nfmcg_7851817,other,view,android
1099 days 20:17:51.495763,86525696,nfmcg_12127508,u2i,view,android
1099 days 20:18:19.949597,57487649,nfmcg_4085927,other,view,android
1099 days 20:21:00.806489,76540344,nfmcg_15241635,u2i,view,android
1099 days 20:26:24.971488,28840212,nfmcg_2542353,catalog,view,android
1099 days 20:28:34.502303,85708141,nfmcg_13757063,u2i,view,android
1099 days 20:28:52.492409,81102534,nfmcg_15195552,u2i,view,android
1099 days 20:29:04.923046,32954358,nfmcg_22613580,catalog,view,android
1099 days 20:29:54.685016,86547097,nfmcg_14649335,u2i,view,android
1099 days 20:32:26.444719,47568801,nfmcg_26053389,u2i,view,ios
1099 days 20:33:03.971880,88824113,nfmcg_11784384,u2i,view,ios
1099 days 20:39:36.180690,85708141,nfmcg_25928643,u2i,view,android
1099 days 20:39:47.535380,59646916,nfmcg_11856679,other,view,android
1099 days 20:40:21.891469,85708141,nfmcg_13757063,u2i,view,android
1099 days 20:40:42.650700,85708141,nfmcg_13757063,other,view,android
1099 days 20:42:21.651816,5303449,nfmcg_13723637,u2i,view,android
1099 days 20:48:57.330454,54326542,nfmcg_4631158,other,view,android
1099 days 20:52:33.752982,57487649,nfmcg_3307868,other,view,android
1099 days 20:55:52.219274,11281781,nfmcg_13329597,u2i,view,ios
1099 days 20:57:02.443887,65471418,nfmcg_7844241,u2i,view,android
1099 days 20:59:22.554918,65686595,nfmcg_25446985,other,view,android
1099 days 21:01:17.595511,65471418,nfmcg_20909006,catalog,view,android
1099 days 21:03:09.411506,28840212,nfmcg_11343562,u2i,view,android
1099 days 21:05:12.109501,88824113,nfmcg_9528279,u2i,view,android
1099 days 21:07:04.364520,73212316,nfmcg_6464466,other,view,android
1099 days 21:08:05.308532,86547097,nfmcg_12898997,u2i,view,android
1099 days 21:10:41.956138,39697819,nfmcg_14896223,u2i,view,ios
1099 days 21:11:33.922833,39697819,nfmcg_4085927,u2i,view,ios
1099 days 21:11:56.497996,902867,nfmcg_17884195,u2i,view,android
1099 days 21:12:30.808601,38072167,nfmcg_20114920,other,view,ios
1099 days 21:13:56.920671,50235997,nfmcg_19030396,u2i,click,android
1099 days 21:15:37.177815,28840212,nfmcg_25237144,u2i,view,android
1099 days 21:17:12.619886,73918679,nfmcg_19742246,u2i,view,ios
1099 days 21:19:19.588003,73918679,nfmcg_26806627,u2i,view,ios
1099 days 21:23:45.340802,76540344,nfmcg_21179186,u2i,view,android
1099 days 21:24:55.054775,55888240,nfmcg_7006930,u2i,view,android
1099 days 21:25:03.369672,85708141,nfmcg_22430079,u2i,view,android
1099 days 21:28:52.591229,76511864,nfmcg_4292092,other,view,android
1099 days 21:32:04.383214,65471418,nfmcg_6295608,u2i,view,android
1099 days 21:33:15.928949,35820640,nfmcg_4292092,u2i,view,android
1099 days 21:35:20.404967,2091299,nfmcg_3358917,u2i,view,android
1099 days 21:39:00.613025,65471418,nfmcg_153018,catalog,view,android
1099 days 21:44:26.367531,85708141,nfmcg_14193797,u2i,view,android
1099 days 21:45:19.070705,76540344,nfmcg_11856679,u2i,view,android
1099 days 21:46:09.772428,28840212,nfmcg_867469,u2i,view,android
1099 days 21:48:55.505866,58706189,nfmcg_26053389,u2i,view,android
1099 days 21:51:46.226081,5749350,nfmcg_15431332,other,view,android
1099 days 21:53:37.299611,86547097,nfmcg_22003990,i2i,click,android
1099 days 21:57:56.456955,85708141,nfmcg_4857549,u2i,view,android
1099 days 21:58:02.184913,65471418,nfmcg_18906383,catalog,view,android
1099 days 21:59:11.416355,28765674,nfmcg_5968503,other,view,android
1099 days 21:59:27.843608,86547097,nfmcg_14649335,u2i,view,android
1099 days 22:01:18.726278,39697819,nfmcg_20903225,other,view,ios
1099 days 22:02:42.579913,59646916,nfmcg_2826310,other,view,ios
1099 days 22:03:19.900985,19742241,nfmcg_3665310,other,view,android
1099 days 22:03:35.495752,38188511,nfmcg_3631334,other,view,android
1099 days 22:05:44.175181,28840212,nfmcg_23563602,u2i,view,android
1099 days 22:10:37.048130,5303449,nfmcg_7816204,u2i,view,android
1099 days 22:11:35.065272,65471418,nfmcg_13241854,catalog,view,android
1099 days 22:12:14.953414,86525696,nfmcg_27975705,u2i,view,android
1099 days 22:14:41.860070,85708141,nfmcg_867469,u2i,view,android
1099 days 22:15:56.631738,7258437,nfmcg_4436221,other,view,android
1099 days 22:17:38.053104,59646916,nfmcg_7249733,u2i,view,android
1099 days 22:24:10.980708,29328171,nfmcg_20114920,u2i,view,android
1099 days 22:25:21.011559,28840212,nfmcg_3342838,catalog,view,android
1099 days 22:29:19.655356,88824113,nfmcg_14326289,u2i,view,android
1099 days 22:29:56.247697,28840212,nfmcg_21728705,catalog,view,android
1099 days 22:30:05.973446,65471418,nfmcg_17785130,catalog,view,android
1099 days 22:31:51.379129,11281781,nfmcg_26053389,u2i,view,ios
1099 days 22:33:37.117200,88952686,nfmcg_4085927,u2i,view,android
1099 days 22:33:51.211644,65471418,nfmcg_21400075,u2i,view,android
1099 days 22:36:26.787508,5303449,nfmcg_25823124,u2i,view,android
1099 days 22:37:00.155617,35820640,nfmcg_11856679,u2i,view,android
1099 days 22:39:44.028677,86525696,nfmcg_28456199,u2i,view,android
1099 days 22:41:56.921691,76540344,nfmcg_6388854,u2i,view,android
1099 days 22:43:03.144161,59646916,nfmcg_11856679,u2i,view,android
1099 days 22:43:18.361809,59646916,nfmcg_2992071,u2i,view,android
1099 days 22:46:15.522913,85708141,nfmcg_9245128,u2i,view,android
1099 days 22:53:11.376347,39697819,nfmcg_4236027,u2i,view,ios
1099 days 22:53:13.427132,86547097,nfmcg_2681623,u2i,click,android
1099 days 22:58:14.749816,50728289,nfmcg_14326289,u2i,view,ios
1099 days 22:59:20.249322,70411794,nfmcg_27873997,u2i,view,android
1099 days 23:06:41.722425,39697819,nfmcg_1724547,u2i,view,ios
1099 days 23:12:32.673612,10532586,nfmcg_19741298,other,view,android
1099 days 23:12:50.218073,28840212,nfmcg_20992285,catalog,view,android
1099 days 23:14:15.912983,65471418,nfmcg_20114920,u2i,view,android
1099 days 23:17:12.546590,28840212,nfmcg_6563951,u2i,view,android
1099 days 23:20:00.939733,902867,nfmcg_17884195,u2i,view,android
1099 days 23:22:06.594378,86525696,nfmcg_4984604,catalog,view,android
1099 days 23:27:20.326454,65471418,nfmcg_15421036,catalog,view,android
1099 days 23:36:02.648498,17438839,nfmcg_867469,u2i,view,android
1099 days 23:38:24.719326,29611271,nfmcg_9907774,u2i,view,android
1099 days 23:38:44.495231,73918679,nfmcg_10417851,u2i,view,ios
1099 days 23:45:03.615839,65471418,nfmcg_27889181,catalog,view,android
1099 days 23:46:30.183242,65471418,nfmcg_16453030,catalog,view,android
1099 days 23:47:28.678963,11281781,nfmcg_6829990,other,view,android
1099 days 23:48:45.963877,28840212,nfmcg_12656479,catalog,view,android
1099 days 23:49:03.480120,53399996,nfmcg_7415146,u2i,view,ios
1099 days 23:50:51.639941,72942632,nfmcg_2138782,u2i,view,android
1099 days 23:56:14.526568,65692899,nfmcg_17419311,other,view,android
1099 days 23:57:42.759402,39697819,nfmcg_8374082,other,view,ios
1100 days 00:05:29.508661,88952686,nfmcg_22764748,u2i,view,android
1100 days 00:08:20.592398,39697819,nfmcg_20635570,u2i,view,ios
1100 days 00:08:42.264419,65740740,nfmcg_22146622,u2i,view,android
1100 days 00:12:47.834524,28840212,nfmcg_1699437,catalog,view,android
1100 days 00:15:30.907266,32954358,nfmcg_17606253,catalog,view,android
1100 days 00:15:37.700513,15870850,nfmcg_25926998,u2i,view,android
1100 days 00:18:52.819240,65692899,nfmcg_21786924,other,view,android
1100 days 00:18:56.500498,72942632,nfmcg_24086552,u2i,view,android
1100 days 00:20:23.456933,28840212,nfmcg_27322396,catalog,view,android
1100 days 00:27:18.928156,59646916,nfmcg_8374082,u2i,view,android
1100 days 00:28:17.949489,3438353,nfmcg_6971345,other,view,android
1100 days 00:29:29.215200,65692899,nfmcg_17419311,other,view,android
1100 days 00:32:25.144516,86525696,nfmcg_14261241,u2i,view,android
1100 days 00:33:32.347520,6857436,nfmcg_24492920,u2i,view,android
1100 days 00:33:56.991641,6857436,nfmcg_4085927,u2i,view,android
1100 days 00:44:04.189273,13188292,nfmcg_11784384,u2i,view,android
1100 days 00:44:58.687612,65692899,nfmcg_21786924,other,view,android
1100 days 00:47:30.053363,70411794,nfmcg_2138782,u2i,view,android
1100 days 00:50:02.584556,27196993,nfmcg_202724,u2i,view,ios
1100 days 00:52:33.820385,50349981,nfmcg_23807241,other,view,android
1100 days 00:53:42.234138,86525696,nfmcg_22609057,u2i,view,android
1100 days 00:57:18.410472,38072167,nfmcg_17687693,u2i,view,ios
1100 days 00:59:21.273518,88824113,nfmcg_14326289,u2i,view,android
1100 days 01:02:29.530289,32954358,nfmcg_15785244,catalog,view,android
1100 days 01:02:47.331230,6857436,nfmcg_22035600,u2i,view,android
1100 days 01:07:07.178826,39697819,nfmcg_28404864,u2i,view,ios
1100 days 01:07:17.315638,59646916,nfmcg_20140725,u2i,view,android
1100 days 01:07:53.051520,26839580,nfmcg_21786924,u2i,view,android
1100 days 01:09:08.873471,28840212,nfmcg_5625384,catalog,view,android
1100 days 01:12:05.575952,48644187,nfmcg_13757063,u2i,view,android
1100 days 01:14:43.701856,11394013,nfmcg_20762172,catalog,view,android
1100 days 01:18:34.224655,11394013,nfmcg_2542353,catalog,view,android
1100 days 01:21:15.486878,6857436,nfmcg_2879160,u2i,view,android
1100 days 01:22:26.857924,88952686,nfmcg_3185174,u2i,view,android
1100 days 01:23:02.582517,11394013,nfmcg_12656479,catalog,view,android
1100 days 01:26:02.693572,39697819,nfmcg_6803618,u2i,view,ios
1100 days 01:27:15.450489,86525696,nfmcg_5402803,u2i,view,android
1100 days 01:27:31.255310,58431173,nfmcg_8818537,u2i,view,android
1100 days 01:34:26.407122,15870850,nfmcg_7313303,u2i,view,android
1100 days 01:41:42.901349,2038152,nfmcg_18640080,u2i,view,android
1100 days 01:44:23.326296,39697819,nfmcg_8374082,other,view,ios
1100 days 01:49:07.885317,62593339,nfmcg_22802028,u2i,view,android
1100 days 01:49:14.527920,6857436,nfmcg_15410130,u2i,view,android
1100 days 01:50:29.313675,27196993,nfmcg_2067568,u2i,view,ios
1100 days 01:50:48.554368,39697819,nfmcg_28270569,u2i,view,ios
1100 days 01:51:19.481083,59646916,nfmcg_7249733,u2i,view,android
1100 days 01:51:23.128996,53399996,nfmcg_20675903,other,view,android
1100 days 01:51:41.327763,59646916,nfmcg_20140725,u2i,view,android
1100 days 01:52:30.187960,11281781,nfmcg_12516043,u2i,view,ios
1100 days 01:55:09.221417,70901337,nfmcg_21786924,u2i,view,android
1100 days 01:56:45.206918,32954358,nfmcg_7563678,catalog,view,android
1100 days 01:57:44.040005,38072167,nfmcg_14326289,u2i,view,ios
1100 days 02:00:00.525143,11394013,nfmcg_20684313,catalog,view,android
1100 days 02:00:11.926067,28840212,nfmcg_2568757,catalog,view,android
1100 days 02:00:53.123657,39697819,nfmcg_8374082,u2i,view,ios
1100 days 02:01:20.470797,67649738,nfmcg_20869172,other,view,android
1100 days 02:08:38.891888,60095071,nfmcg_14326289,u2i,view,android
1100 days 02:10:20.748518,87783687,nfmcg_19742246,u2i,view,android
1100 days 02:12:24.455571,65740740,nfmcg_2992071,u2i,view,android
1100 days 02:13:19.906396,11394013,nfmcg_15844448,catalog,view,android
1100 days 02:16:09.235339,72942632,nfmcg_20114920,other,view,android
1100 days 02:17:30.043508,28840212,nfmcg_13789754,catalog,view,android
1100 days 02:20:25.176860,28840212,nfmcg_21678523,u2i,view,android
1100 days 02:21:10.832036,11394013,nfmcg_10472957,u2i,view,android
1100 days 02:21:11.306503,27196993,nfmcg_5574961,u2i,view,ios
1100 days 02:21:17.781360,26839580,nfmcg_20114920,u2i,view,android
1100 days 02:21:29.706054,39697819,nfmcg_13723637,u2i,view,ios
1100 days 02:22:59.800210,11394013,nfmcg_14758340,catalog,view,android
1100 days 02:23:02.691452,59646916,nfmcg_9933766,u2i,view,android
1100 days 02:23:27.013743,74743328,nfmcg_3082637,other,view,android
1100 days 02:27:01.370487,27736789,nfmcg_14193797,other,view,android
1100 days 02:30:02.190073,85390663,nfmcg_13517883,u2i,view,android
1100 days 02:31:30.938002,67649738,nfmcg_13321159,catalog,view,android
1100 days 02:35:17.111637,11394013,nfmcg_12656479,catalog,view,android
1100 days 02:36:39.947579,11394013,nfmcg_28078922,catalog,view,android
1100 days 02:41:11.879262,6857436,nfmcg_10417851,u2i,view,android
1100 days 02:43:24.202445,60095071,nfmcg_22764748,u2i,view,android
1100 days 02:44:00.402901,86525696,nfmcg_11883565,catalog,view,android
1100 days 02:45:24.552870,39697819,nfmcg_25237144,u2i,view,ios
1100 days 02:47:27.523992,38476510,nfmcg_22869123,u2i,view,android
1100 days 02:47:28.319068,58431173,nfmcg_2992071,u2i,view,android
1100 days 02:47:36.378518,15870850,nfmcg_17447853,u2i,view,android
1100 days 02:48:47.704103,29250236,nfmcg_4737005,other,view,android
1100 days 02:49:08.909776,27196993,nfmcg_13757063,u2i,view,ios
1100 days 02:50:28.076815,6857436,nfmcg_15410130,u2i,view,android
1100 days 02:51:06.319470,6857436,nfmcg_10417851,u2i,view,android
1100 days 02:55:22.108895,20402031,nfmcg_16883345,other,view,ios
1100 days 02:56:37.289456,72942632,nfmcg_18843173,u2i,view,android
1100 days 02:57:40.236188,85390663,nfmcg_24900487,u2i,view,android
1100 days 02:58:14.413792,6857436,nfmcg_2879160,u2i,view,android
1100 days 03:00:26.185295,11394013,nfmcg_3533435,catalog,view,android
1100 days 03:01:08.060070,70411794,nfmcg_4735969,u2i,view,android
1100 days 03:06:09.903922,11394013,nfmcg_1466327,u2i,view,android
1100 days 03:06:22.101538,86525696,nfmcg_21539618,u2i,view,android
1100 days 03:09:31.861796,75881907,nfmcg_24014517,u2i,view,android
1100 days 03:11:27.224373,6857436,nfmcg_11856679,u2i,view,android
1100 days 03:11:33.902977,62593339,nfmcg_9728251,u2i,view,android
1100 days 03:13:05.198005,28840212,nfmcg_28270569,u2i,view,android
1100 days 03:14:25.503891,61865218,nfmcg_3913573,u2i,view,android
1100 days 03:18:17.181565,88824113,nfmcg_9528279,u2i,view,android
1100 days 03:19:35.208202,60095071,nfmcg_254657,u2i,view,android
1100 days 03:19:58.763093,28840212,nfmcg_15844448,catalog,view,android
1100 days 03:22:44.046579,59646916,nfmcg_4436221,u2i,view,android
1100 days 03:25:07.379512,28840212,nfmcg_21786924,u2i,view,android
1100 days 03:25:28.935745,75881907,nfmcg_582503,u2i,click,android
1100 days 03:26:07.273524,38476510,nfmcg_25007566,u2i,view,android
1100 days 03:26:07.845904,11394013,nfmcg_12796030,u2i,view,android
1100 days 03:28:52.451698,58431173,nfmcg_15410130,u2i,view,android
1100 days 03:30:19.022698,19289681,nfmcg_19091516,catalog,view,android
1100 days 03:32:08.381210,87783687,nfmcg_22764748,u2i,view,android
1100 days 03:36:27.823886,39697819,nfmcg_28404864,other,view,ios
1100 days 03:37:23.804185,11032364,nfmcg_7816204,u2i,view,android
1100 days 03:40:18.922561,38476510,nfmcg_6295608,u2i,view,android
1100 days 03:41:16.565541,6857436,nfmcg_4085927,u2i,view,android
1100 days 03:41:45.632514,73918679,nfmcg_10472957,u2i,view,ios
1100 days 03:42:54.350404,15870850,nfmcg_19270524,other,view,android
1100 days 03:42:56.048037,58431173,nfmcg_10046742,u2i,view,android
1100 days 03:46:16.685905,27196993,nfmcg_11112738,u2i,view,ios
1100 days 03:46:34.749523,38072167,nfmcg_2956928,u2i,view,ios
1100 days 03:47:37.249870,70411794,nfmcg_13757063,u2i,view,android
1100 days 03:48:14.897346,8321442,nfmcg_15431332,u2i,view,ios
1100 days 03:49:21.154518,88952686,nfmcg_21786924,u2i,view,android
1100 days 03:50:04.713831,76511864,nfmcg_22845798,other,view,ios
1100 days 03:51:18.966063,58431173,nfmcg_7816204,u2i,view,android
1100 days 03:52:46.796474,38476510,nfmcg_15092544,u2i,view,android
1100 days 03:53:49.398505,39697819,nfmcg_8374082,other,click,ios
1100 days 03:54:31.779512,28840212,nfmcg_1466327,u2i,view,android
1100 days 03:55:38.842785,44813615,nfmcg_26806627,u2i,view,android
1100 days 03:55:52.231597,38476510,nfmcg_6843248,u2i,view,android
1100 days 03:56:22.817149,59646916,nfmcg_4436221,other,view,android
1100 days 03:57:16.067199,11032364,nfmcg_4436221,u2i,view,android
1100 days 04:03:07.085971,38509566,nfmcg_25454249,other,view,android
1100 days 04:05:53.628209,11394013,nfmcg_1466327,u2i,view,android
1100 days 04:09:36.773952,60095071,nfmcg_254657,u2i,view,android
1100 days 04:15:42.018347,11394013,nfmcg_23405265,catalog,view,android
1100 days 04:18:06.696120,28840212,nfmcg_7696108,u2i,view,android
1100 days 04:18:56.149958,59646916,nfmcg_11856679,u2i,view,android
1100 days 04:19:54.063691,39697819,nfmcg_28078922,u2i,view,ios
1100 days 04:19:59.380684,88952686,nfmcg_10840247,u2i,view,android
1100 days 04:20:45.231002,38476510,nfmcg_25462390,catalog,view,android
1100 days 04:25:57.593816,87783687,nfmcg_254657,u2i,view,android
1100 days 04:26:45.665520,11281781,nfmcg_4761190,u2i,view,ios
1100 days 04:28:09.544736,75881907,nfmcg_21786924,u2i,view,android
1100 days 04:29:17.137478,59646916,nfmcg_24492920,u2i,view,android
1100 days 04:30:26.761928,81102534,nfmcg_4436221,u2i,view,android
1100 days 04:31:16.851555,3438353,nfmcg_11856679,u2i,view,android
1100 days 04:31:31.909213,11394013,nfmcg_16081340,catalog,view,android
1100 days 04:31:58.066421,19289681,nfmcg_6016177,u2i,view,android
1100 days 04:32:30.146388,86525696,nfmcg_24200405,u2i,view,android
1100 days 04:34:19.676936,86525696,nfmcg_10312036,u2i,view,android
1100 days 04:35:17.844308,6857436,nfmcg_4085927,u2i,view,android
1100 days 04:37:59.353334,70411794,nfmcg_16851959,u2i,view,android
1100 days 04:38:32.101684,11032364,nfmcg_7816204,u2i,view,android
1100 days 04:38:39.352105,60095071,nfmcg_22764748,u2i,view,android
1100 days 04:45:44.850156,6857436,nfmcg_22035600,u2i,view,android
1100 days 04:47:28.675786,48992091,nfmcg_20114920,u2i,view,android
1100 days 04:48:54.749862,15870850,nfmcg_19270524,u2i,view,android
1100 days 04:49:35.719011,48992091,nfmcg_254657,u2i,view,android
1100 days 04:49:43.328215,6857436,nfmcg_7854923,u2i,view,android
1100 days 04:50:13.331460,13188292,nfmcg_10472957,u2i,view,ios
1100 days 04:54:48.342890,61865218,nfmcg_4436221,u2i,view,android
1100 days 04:55:53.998904,86525696,nfmcg_6209196,u2i,view,android
1100 days 04:56:04.952290,38476510,nfmcg_5360667,u2i,view,android
1100 days 04:58:27.794784,59646916,nfmcg_8374082,u2i,view,android
1100 days 04:58:28.371585,11394013,nfmcg_12796030,u2i,view,android
1100 days 05:01:06.344467,39697819,nfmcg_4857549,u2i,view,android
1100 days 05:05:39.268960,59646916,nfmcg_4436221,u2i,view,android
1100 days 05:11:54.073516,76511864,nfmcg_22764748,other,view,android
1100 days 05:13:08.911044,39697819,nfmcg_28451636,u2i,view,ios
1100 days 05:15:15.445378,59421152,nfmcg_27873997,u2i,view,android
1100 days 05:16:26.417181,65740740,nfmcg_11856679,u2i,view,android
1100 days 05:20:27.853513,6857436,nfmcg_2879160,u2i,view,android
1100 days 05:22:21.935649,54951949,nfmcg_12614839,other,view,other
1100 days 05:23:38.823737,73918679,nfmcg_8185746,u2i,view,ios
1100 days 05:25:36.606351,13188292,nfmcg_19742246,u2i,view,ios
1100 days 05:25:53.529669,61865218,nfmcg_16484774,u2i,view,android
1100 days 05:29:17.102583,28840212,nfmcg_11986548,catalog,view,android
1100 days 05:29:35.523318,9557762,nfmcg_28078922,other,view,android
1100 days 05:30:30.016383,49582828,nfmcg_12796030,u2i,view,android
1100 days 05:31:27.427419,11394013,nfmcg_27322396,catalog,view,android
1100 days 05:31:27.828124,248860,nfmcg_16287106,u2i,view,android
1100 days 05:32:20.686155,11394013,nfmcg_12656479,catalog,view,android
1100 days 05:32:24.664523,39697819,nfmcg_15387370,u2i,view,ios
1100 days 05:33:29.299744,8321442,nfmcg_22764748,u2i,view,android
1100 days 05:33:35.512344,57486402,nfmcg_15241635,u2i,view,ios
1100 days 05:34:30.027028,39697819,nfmcg_21678523,u2i,view,ios
1100 days 05:34:48.473472,11394013,nfmcg_27322396,catalog,view,android
1100 days 05:35:28.969609,19289681,nfmcg_3898374,u2i,view,android
1100 days 05:38:03.906937,13188292,nfmcg_3082637,u2i,view,ios
1100 days 05:38:45.897566,86525696,nfmcg_11884639,u2i,view,android
1100 days 05:40:02.242293,87783687,nfmcg_14326289,u2i,view,android
1100 days 05:40:55.339004,39697819,nfmcg_15410130,u2i,view,ios
1100 days 05:41:01.703497,75881907,nfmcg_20903225,u2i,view,android
1100 days 05:41:19.835516,39697819,nfmcg_15241635,u2i,view,ios
1100 days 05:45:21.900048,29328171,nfmcg_11474207,other,view,android
1100 days 05:45:45.196629,49582828,nfmcg_12796030,u2i,view,android
1100 days 05:46:48.690455,5515542,nfmcg_25407133,u2i,click,android
1100 days 05:49:13.491630,38476510,nfmcg_19393019,catalog,view,android
1100 days 05:50:49.195966,11394013,nfmcg_226874,u2i,view,android
1100 days 05:50:50.563300,3438353,nfmcg_211737,u2i,view,android
1100 days 05:52:22.622982,44813615,nfmcg_16213424,other,view,android
1100 days 05:52:54.292641,28840212,nfmcg_3533435,catalog,view,android
1100 days 05:53:04.976503,50728289,nfmcg_19766962,u2i,view,android
1100 days 05:53:05.829247,28840212,nfmcg_1005581,catalog,view,android
1100 days 05:53:08.558222,86525696,nfmcg_8984051,u2i,view,android
1100 days 05:53:41.109491,19289681,nfmcg_28072917,u2i,view,android
1100 days 05:59:47.938417,87783687,nfmcg_19030396,u2i,view,android
1100 days 06:03:10.033480,3438353,nfmcg_16122000,other,view,android
1100 days 06:03:18.588407,8321442,nfmcg_20114920,u2i,view,android
1100 days 06:04:01.536417,19289681,nfmcg_19806311,u2i,view,android
1100 days 06:06:48.127834,61865218,nfmcg_16484774,u2i,view,android
1100 days 06:07:10.195590,61865218,nfmcg_15387370,u2i,view,android
1100 days 06:07:53.517002,28840212,nfmcg_28270569,u2i,view,android
1100 days 06:08:13.960019,38476510,nfmcg_17128323,u2i,view,android
1100 days 06:09:38.088363,4595069,nfmcg_12022740,u2i,view,android
1100 days 06:09:41.026213,43941814,nfmcg_226874,u2i,view,android
1100 days 06:11:52.864778,39697819,nfmcg_13723637,other,view,ios
1100 days 06:13:02.962797,3438353,nfmcg_7816204,u2i,view,android
1100 days 06:14:13.028891,8065138,nfmcg_17832503,u2i,view,ios
1100 days 06:14:18.730747,61590889,nfmcg_867469,u2i,view,ios
1100 days 06:17:25.898198,86525696,nfmcg_18442136,u2i,view,android
1100 days 06:17:43.197905,75881907,nfmcg_21786924,u2i,view,android
1100 days 06:17:45.999956,55897847,nfmcg_27815984,u2i,view,android
1100 days 06:18:20.243801,19289681,nfmcg_2956928,other,view,android
1100 days 06:18:20.571410,81102534,nfmcg_15927396,u2i,view,android
1100 days 06:18:34.831053,44354150,nfmcg_11856679,u2i,view,android
1100 days 06:19:50.321729,19289681,nfmcg_22167570,u2i,view,android
1100 days 06:25:10.263556,59421152,nfmcg_22992567,u2i,view,android
1100 days 06:26:00.742490,55897847,nfmcg_3416168,other,view,android
1100 days 06:26:45.370240,75881907,nfmcg_20903225,u2i,view,android
1100 days 06:27:15.966871,5515542,nfmcg_12611615,u2i,view,android
1100 days 06:30:38.204449,86525696,nfmcg_1317067,u2i,view,android
1100 days 06:31:50.390782,11394013,nfmcg_23563602,u2i,view,android
1100 days 06:31:59.261186,67649738,nfmcg_6729392,catalog,view,android
1100 days 06:32:13.348351,86591445,nfmcg_7707365,other,view,android
1100 days 06:32:48.854880,48992091,nfmcg_254657,u2i,view,android
1100 days 06:32:49.923952,67649738,nfmcg_11245698,catalog,view,android
1100 days 06:33:54.810121,86525696,nfmcg_2992071,u2i,view,android
1100 days 06:33:56.511504,60095071,nfmcg_13386125,u2i,view,android
1100 days 06:37:15.329039,15870850,nfmcg_28497515,u2i,view,android
1100 days 06:37:38.413430,50728289,nfmcg_15431332,catalog,view,android
1100 days 06:38:56.602603,26839580,nfmcg_3625288,u2i,view,android
1100 days 06:39:08.598971,37924756,nfmcg_22764748,other,view,android
1100 days 06:41:00.878183,68464324,nfmcg_673736,other,view,android
1100 days 06:41:19.721204,8065138,nfmcg_20675903,u2i,view,ios
1100 days 06:41:51.011337,55897847,nfmcg_13757063,u2i,view,android
1100 days 06:43:12.298516,20402031,nfmcg_8078750,other,view,android
1100 days 06:44:56.679857,39697819,nfmcg_20635570,other,view,ios
1100 days 06:47:20.097238,60883739,nfmcg_4436221,u2i,view,ios
1100 days 06:49:01.908613,67649738,nfmcg_9528279,other,view,android
1100 days 06:50:29.628242,50728289,nfmcg_19766962,u2i,view,android
1100 days 06:50:31.830255,43344407,nfmcg_21363739,u2i,view,android
1100 days 06:51:08.198904,3438353,nfmcg_6655754,other,view,android
1100 days 06:51:20.048244,54326542,nfmcg_22903580,u2i,view,android
1100 days 06:51:59.928128,48992091,nfmcg_22035600,u2i,view,android
1100 days 06:52:36.382388,86525696,nfmcg_11190174,u2i,view,android
1100 days 06:53:05.338908,11032364,nfmcg_3185174,u2i,view,android
1100 days 06:53:23.117532,39697819,nfmcg_20140725,u2i,view,ios
1100 days 06:54:11.330293,61590889,nfmcg_6670489,u2i,view,ios
1100 days 06:54:35.722993,50728289,nfmcg_10287041,u2i,view,android
1100 days 06:56:26.694971,58431173,nfmcg_1263011,u2i,view,android
1100 days 06:57:08.271801,60095071,nfmcg_13386125,u2i,view,android
1100 days 06:57:51.778043,50728289,nfmcg_7313303,catalog,view,android
1100 days 06:58:27.423877,75881907,nfmcg_13517883,u2i,view,android
1100 days 07:00:36.934177,75881907,nfmcg_24014517,u2i,click,android
1100 days 07:00:50.042435,8065138,nfmcg_23205214,u2i,view,ios
1100 days 07:01:03.628625,50728289,nfmcg_19741298,u2i,view,android
1100 days 07:01:12.781923,8065138,nfmcg_17419311,u2i,view,android
1100 days 07:06:04.174364,48644187,nfmcg_27354817,u2i,view,android
1100 days 07:06:16.175142,4963889,nfmcg_92721,u2i,view,android
1100 days 07:07:24.141980,49582828,nfmcg_27692958,u2i,view,android
1100 days 07:07:29.970664,38509566,nfmcg_3082637,other,view,android
1100 days 07:08:00.850568,8065138,nfmcg_23543336,u2i,view,ios
1100 days 07:08:17.238580,49582828,nfmcg_226874,u2i,view,android
1100 days 07:08:46.557143,86525696,nfmcg_22630877,catalog,view,android
1100 days 07:09:19.492213,39697819,nfmcg_28078922,u2i,click,ios
1100 days 07:09:41.908070,86591445,nfmcg_12898997,other,view,android
1100 days 07:10:53.485318,34392272,nfmcg_4436221,other,view,android
1100 days 07:12:46.652038,3438353,nfmcg_5160196,u2i,view,android
1100 days 07:14:25.673413,70209910,nfmcg_16610720,other,view,android
1100 days 07:15:56.585873,75881907,nfmcg_21786924,u2i,view,android
1100 days 07:16:44.614591,75881907,nfmcg_24014517,u2i,click,android
1100 days 07:19:44.556215,43344407,nfmcg_92721,u2i,view,ios
1100 days 07:20:16.224064,31739267,nfmcg_16213424,other,view,android
1100 days 07:20:47.772629,61865218,nfmcg_4436221,other,view,android
1100 days 07:25:49.007846,44354150,nfmcg_3416168,other,view,android
1100 days 07:27:20.135426,28840212,nfmcg_5770087,catalog,view,android
1100 days 07:28:03.566816,67649738,nfmcg_8386753,other,view,android
1100 days 07:28:25.030266,28840212,nfmcg_20684313,catalog,view,android
1100 days 07:30:35.235094,39697819,nfmcg_9575654,u2i,view,ios
1100 days 07:32:28.422112,67649738,nfmcg_12082115,catalog,view,android
1100 days 07:33:09.201907,67649738,nfmcg_17785130,u2i,view,android
1100 days 07:33:14.704864,61590889,nfmcg_27354817,u2i,view,ios
1100 days 07:33:15.694401,50728289,nfmcg_19791674,catalog,view,android
1100 days 07:33:50.287582,38476510,nfmcg_21908200,u2i,view,android
1100 days 07:34:50.120319,67649738,nfmcg_9213086,catalog,view,android
1100 days 07:36:06.455313,50728289,nfmcg_2326353,u2i,view,android
1100 days 07:36:35.655814,32760160,nfmcg_21786924,u2i,view,android
1100 days 07:36:51.051755,67649738,nfmcg_22609057,u2i,view,android
1100 days 07:40:04.384875,35820640,nfmcg_284956,other,view,android
1100 days 07:41:03.678742,50728289,nfmcg_14994129,catalog,view,android
1100 days 07:41:05.261924,9187571,nfmcg_16684390,u2i,view,android
1100 days 07:43:01.872160,38476510,nfmcg_6179369,u2i,view,android
1100 days 07:44:02.705996,53399996,nfmcg_27581059,other,view,android
1100 days 07:44:18.062732,60095071,nfmcg_14326289,u2i,view,android
1100 days 07:44:52.817476,39697819,nfmcg_20869172,other,click,android
1100 days 07:46:28.564438,8065138,nfmcg_4573722,u2i,view,ios
1100 days 07:47:22.012081,6857436,nfmcg_11856679,u2i,view,android
1100 days 07:47:49.236991,11394013,nfmcg_5770087,catalog,view,android
1100 days 07:49:14.160626,85390663,nfmcg_16400259,u2i,view,android
1100 days 07:51:34.981621,2376485,nfmcg_20114920,other,view,android
1100 days 07:52:27.115195,50728289,nfmcg_2326353,u2i,view,android
1100 days 07:54:22.644494,50728289,nfmcg_19766962,u2i,click,android
1100 days 07:54:34.803278,67649738,nfmcg_19238887,catalog,view,android
1100 days 07:54:58.841248,60095071,nfmcg_22764748,u2i,view,android
1100 days 07:56:07.163396,67649738,nfmcg_16680886,u2i,view,android
1100 days 07:56:51.899998,11032364,nfmcg_4436221,u2i,view,android
1100 days 07:57:43.053468,67649738,nfmcg_17780904,u2i,view,android
1100 days 07:57:43.332374,29772327,nfmcg_27692958,other,view,android
1100 days 07:57:47.566996,50728289,nfmcg_19766962,u2i,view,android
1100 days 07:57:55.213297,67649738,nfmcg_20114920,u2i,view,android
1100 days 07:58:30.016683,50728289,nfmcg_16883345,u2i,view,android
1100 days 07:59:00.853107,67649738,nfmcg_15654818,search,view,android
1100 days 07:59:31.396487,39697819,nfmcg_9908021,u2i,view,ios
1100 days 08:00:07.799303,38476510,nfmcg_13165877,u2i,view,ios
1100 days 08:00:40.233633,9187571,nfmcg_11407585,u2i,view,android
1100 days 08:01:26.070096,49916919,nfmcg_19742246,u2i,view,android
1100 days 08:01:58.504346,70901337,nfmcg_13757063,u2i,view,android
1100 days 08:02:49.881008,75881907,nfmcg_14204829,u2i,view,android
1100 days 08:03:31.375540,11032364,nfmcg_25823124,u2i,view,android
1100 days 08:04:02.626851,11394013,nfmcg_15844448,catalog,view,android
1100 days 08:04:45.681324,65692899,nfmcg_21786924,other,view,android
1100 days 08:05:25.591206,50728289,nfmcg_8837194,catalog,view,android
1100 days 08:08:39.220688,15870850,nfmcg_3631334,u2i,view,android
1100 days 08:11:37.383729,61590889,nfmcg_23205214,u2i,view,ios
1100 days 08:14:02.748008,50728289,nfmcg_19766962,u2i,view,android
1100 days 08:15:29.274671,38476510,nfmcg_26952283,catalog,view,android
1100 days 08:16:56.360111,68643250,nfmcg_26176989,u2i,view,ios
1100 days 08:17:02.434391,87783687,nfmcg_11474207,u2i,view,android
1100 days 08:17:24.653903,75881907,nfmcg_20114920,u2i,view,android
1100 days 08:17:52.038716,67649738,nfmcg_12318615,u2i,view,android
1100 days 08:18:58.258314,39697819,nfmcg_20114920,u2i,view,ios
1100 days 08:20:40.251446,11586536,nfmcg_25454249,u2i,view,android
1100 days 08:21:01.420618,67767492,nfmcg_25823124,u2i,view,android
1100 days 08:23:42.139916,81102534,nfmcg_4703456,u2i,view,android
1100 days 08:24:20.886255,8065138,nfmcg_20575214,u2i,view,ios
1100 days 08:24:50.208671,67649738,nfmcg_18639707,catalog,view,android
1100 days 08:25:52.767489,67649738,nfmcg_20811117,catalog,view,android
1100 days 08:27:40.564028,59646916,nfmcg_11764840,other,view,android
1100 days 08:28:15.973692,67649738,nfmcg_4428710,u2i,view,android
1100 days 08:28:17.483743,77370653,nfmcg_4857549,other,view,android
1100 days 08:28:26.317653,38476510,nfmcg_14176814,u2i,view,android
1100 days 08:28:34.344288,67649738,nfmcg_25085270,catalog,view,android
1100 days 08:29:08.976437,73918679,nfmcg_24086552,u2i,view,android
1100 days 08:29:37.279642,11394013,nfmcg_7336469,u2i,view,android
1100 days 08:29:52.353790,11394013,nfmcg_27692958,u2i,view,android
1100 days 08:30:50.145607,67649738,nfmcg_7489571,search,view,android
1100 days 08:32:07.995729,50728289,nfmcg_2326353,u2i,click,android
1100 days 08:32:22.474358,61590889,nfmcg_27354817,u2i,view,ios
1100 days 08:32:23.386949,81102534,nfmcg_20140725,u2i,view,android
1100 days 08:33:27.495513,67649738,nfmcg_16055864,u2i,view,android
1100 days 08:33:58.265209,50728289,nfmcg_10980126,catalog,view,android
1100 days 08:34:04.992650,75881907,nfmcg_24014517,u2i,view,android
1100 days 08:34:32.938139,48992091,nfmcg_20114920,u2i,view,android
1100 days 08:35:00.703609,72532746,nfmcg_17260421,u2i,view,android
1100 days 08:36:42.691490,61590889,nfmcg_12898997,u2i,view,ios
1100 days 08:37:06.784348,54951949,nfmcg_12756065,other,click,android
1100 days 08:38:46.474399,44813615,nfmcg_14326289,other,view,android
1100 days 08:39:06.169772,49916919,nfmcg_10472957,u2i,view,android
1100 days 08:39:16.664594,8065138,nfmcg_3082637,u2i,view,ios
1100 days 08:39:29.383429,50728289,nfmcg_22555956,catalog,view,android
1100 days 08:39:34.730267,67649738,nfmcg_17419311,u2i,view,android
1100 days 08:39:45.648973,72942632,nfmcg_11474207,u2i,view,android
1100 days 08:40:19.173149,48992091,nfmcg_14326289,u2i,view,android
1100 days 08:40:32.500844,50728289,nfmcg_10287041,u2i,view,android
1100 days 08:41:40.219539,50728289,nfmcg_19766962,u2i,click,android
1100 days 08:41:53.250890,67649738,nfmcg_11190174,u2i,view,android
1100 days 08:41:58.062854,82986356,nfmcg_2340615,other,view,android
1100 days 08:43:51.293025,75881907,nfmcg_21786924,u2i,view,android
1100 days 08:45:08.209957,38476510,nfmcg_11254510,catalog,view,android
1100 days 08:47:11.856794,61590889,nfmcg_10409922,u2i,view,ios
1100 days 08:47:35.861271,19742241,nfmcg_19030396,other,view,ios
1100 days 08:50:48.024686,50728289,nfmcg_6162112,u2i,view,android
1100 days 08:51:24.987920,43941814,nfmcg_10472957,u2i,view,android
1100 days 08:54:04.558424,67649738,nfmcg_4502022,catalog,view,android
1100 days 08:54:19.576273,76511864,nfmcg_22764748,other,view,android
1100 days 08:55:30.675962,50728289,nfmcg_2810412,catalog,view,android
1100 days 08:55:41.424796,67649738,nfmcg_26333440,catalog,view,android
1100 days 08:55:49.353115,62325019,nfmcg_22787009,u2i,view,android
1100 days 08:56:11.662811,50728289,nfmcg_19741298,u2i,view,android
1100 days 08:56:58.327184,67649738,nfmcg_23164234,u2i,view,android
1100 days 08:57:56.296032,53399996,nfmcg_27581059,u2i,view,android
1100 days 08:59:19.635604,50728289,nfmcg_10287041,u2i,view,android
1100 days 09:01:09.380482,67649738,nfmcg_8386753,u2i,view,android
1100 days 09:02:46.793740,42278615,nfmcg_28270569,u2i,view,android
1100 days 09:04:25.819296,49582828,nfmcg_226874,u2i,view,android
1100 days 09:04:57.078071,67767492,nfmcg_23031220,u2i,view,ios
1100 days 09:05:50.490350,8065138,nfmcg_24618665,other,view,ios
1100 days 09:06:40.503571,50728289,nfmcg_20635570,u2i,view,android
1100 days 09:06:56.726167,61590889,nfmcg_27833370,u2i,view,ios
1100 days 09:07:50.961891,11394013,nfmcg_19687790,catalog,view,android
1100 days 09:07:54.272543,72942632,nfmcg_4761190,u2i,view,android
1100 days 09:08:19.801496,85390663,nfmcg_19030396,u2i,view,android
1100 days 09:08:55.018845,67649738,nfmcg_15195552,catalog,click,android
1100 days 09:09:38.423512,67649738,nfmcg_738232,search,view,android
1100 days 09:10:09.785275,61590889,nfmcg_10472957,other,view,ios
1100 days 09:10:35.412955,50728289,nfmcg_19766962,u2i,click,android
1100 days 09:11:27.363765,19289681,nfmcg_26605228,u2i,view,android
1100 days 09:12:33.353220,42278615,nfmcg_12516043,u2i,view,android
1100 days 09:12:42.372162,67649738,nfmcg_16883345,other,view,android
1100 days 09:15:22.884756,50728289,nfmcg_6162112,u2i,view,android
1100 days 09:15:47.988820,67649738,nfmcg_6940903,catalog,view,android
1100 days 09:17:26.165847,67649738,nfmcg_8386753,u2i,view,android
1100 days 09:17:26.243283,67649738,nfmcg_18523274,search,click,android
1100 days 09:18:26.950551,8065138,nfmcg_24991013,u2i,view,ios
1100 days 09:19:23.863359,67649738,nfmcg_24551134,u2i,view,android
1100 days 09:23:54.505666,3438353,nfmcg_8374082,u2i,view,android
1100 days 09:24:31.314107,11394013,nfmcg_19479254,catalog,view,android
1100 days 09:24:55.161836,26756467,nfmcg_15432422,u2i,view,android
1100 days 09:25:05.254396,48644187,nfmcg_10472957,u2i,view,android
1100 days 09:25:48.811112,8321442,nfmcg_27711770,u2i,view,android
1100 days 09:26:34.811684,11394013,nfmcg_12796030,u2i,view,android
1100 days 09:26:49.065643,50728289,nfmcg_19741298,u2i,view,android
1100 days 09:26:51.866007,8065138,nfmcg_6829990,u2i,view,ios
1100 days 09:27:49.685645,67649738,nfmcg_17785130,u2i,view,android
1100 days 09:28:16.623537,11394013,nfmcg_27322396,catalog,view,android
1100 days 09:28:46.686730,88824113,nfmcg_7843489,u2i,view,android
1100 days 09:29:31.563363,75881907,nfmcg_14204829,u2i,view,android
1100 days 09:31:01.747305,67649738,nfmcg_18347964,u2i,view,android
1100 days 09:31:14.188793,232509,nfmcg_19742246,u2i,view,android
1100 days 09:32:56.812970,11394013,nfmcg_23563602,u2i,view,android
1100 days 09:32:57.414511,11394013,nfmcg_19742246,u2i,view,android
1100 days 09:33:28.210992,8065138,nfmcg_27354817,u2i,view,ios
1100 days 09:34:38.636324,42278615,nfmcg_14649335,u2i,view,android
1100 days 09:35:37.865978,67649738,nfmcg_19608224,catalog,view,android
1100 days 09:35:56.957842,67649738,nfmcg_15022704,other,view,android
1100 days 09:37:00.955503,67649738,nfmcg_16883345,other,view,android
1100 days 09:37:24.904682,50728289,nfmcg_19741298,u2i,view,android
1100 days 09:38:42.820857,69613161,nfmcg_24689492,u2i,click,android
1100 days 09:38:56.723970,11394013,nfmcg_27692958,u2i,view,android
1100 days 09:39:17.506667,61865218,nfmcg_20114920,u2i,view,android
1100 days 09:42:20.184822,67649738,nfmcg_20027595,catalog,view,android
1100 days 09:43:43.718475,48644187,nfmcg_24530905,u2i,view,android
1100 days 09:44:45.826160,88824113,nfmcg_6826041,u2i,view,android
1100 days 09:46:52.788840,67649738,nfmcg_16122000,other,view,android
1100 days 09:47:00.834685,70411794,nfmcg_5103006,u2i,view,android
1100 days 09:47:11.757786,49582828,nfmcg_19742246,u2i,view,android
1100 days 09:47:34.736125,8065138,nfmcg_27833370,u2i,view,ios
1100 days 09:48:54.848718,67649738,nfmcg_17785130,u2i,view,android
1100 days 09:49:44.122497,85883433,nfmcg_15410130,u2i,view,android
1100 days 09:51:39.516500,11394013,nfmcg_23563602,u2i,view,android
1100 days 09:52:10.567816,81102534,nfmcg_11856679,u2i,view,android
1100 days 09:54:05.873703,53399996,nfmcg_20675903,other,view,android
1100 days 09:54:24.333552,11394013,nfmcg_6129837,u2i,view,android
1100 days 09:54:45.788846,248860,nfmcg_25446985,u2i,view,android
1100 days 09:56:43.409088,50728289,nfmcg_6971345,u2i,click,android
1100 days 09:57:29.359776,11032364,nfmcg_25823124,u2i,view,android
1100 days 09:59:29.569707,43344407,nfmcg_12660139,u2i,view,android
1100 days 09:59:45.151603,67649738,nfmcg_19132953,catalog,view,android
1100 days 09:59:52.303026,54951949,nfmcg_22764748,other,view,android
1100 days 09:59:59.474206,67649738,nfmcg_4085927,u2i,view,android
1100 days 10:00:38.803556,67649738,nfmcg_27129841,catalog,view,android
1100 days 10:00:51.487873,81102534,nfmcg_20140725,u2i,view,android
1100 days 10:02:36.108390,19289681,nfmcg_1846261,u2i,view,android
1100 days 10:02:49.935781,67649738,nfmcg_1317067,u2i,view,android
1100 days 10:03:04.840531,9187571,nfmcg_14193797,u2i,view,android
1100 days 10:04:05.893904,67649738,nfmcg_16518156,u2i,click,android
1100 days 10:04:09.317460,67649738,nfmcg_9498879,u2i,view,android
1100 days 10:08:27.192966,50728289,nfmcg_8078750,u2i,view,android
1100 days 10:08:51.458725,59421152,nfmcg_28270569,u2i,view,android
1100 days 10:08:55.761058,67649738,nfmcg_7078972,u2i,view,android
1100 days 10:10:04.350881,11032364,nfmcg_15927396,u2i,view,android
1100 days 10:10:19.778519,42278615,nfmcg_12516043,u2i,view,android
1100 days 10:11:02.723018,61590889,nfmcg_5261063,u2i,view,ios
1100 days 10:11:04.636672,67649738,nfmcg_6729392,catalog,view,android
1100 days 10:11:44.269433,11032364,nfmcg_15927396,u2i,view,android
1100 days 10:11:44.792932,81767833,nfmcg_867469,other,view,ios
1100 days 10:11:49.132176,67649738,nfmcg_27711770,other,view,android
1100 days 10:11:56.708881,67649738,nfmcg_2350309,u2i,view,android
1100 days 10:12:07.483657,67649738,nfmcg_27191427,catalog,view,android
1100 days 10:13:17.785810,67649738,nfmcg_20114920,u2i,view,android
1100 days 10:13:34.574641,86525696,nfmcg_4436221,catalog,view,android
1100 days 10:14:41.806810,61590889,nfmcg_3748778,u2i,view,ios
1100 days 10:15:09.364101,62593339,nfmcg_17687750,u2i,view,android
1100 days 10:15:12.086918,11586536,nfmcg_28078922,u2i,view,android
1100 days 10:16:02.858055,67649738,nfmcg_26366972,catalog,view,android
1100 days 10:16:25.039915,42278615,nfmcg_27598210,u2i,view,android
1100 days 10:16:35.012015,67649738,nfmcg_17785130,u2i,view,android
1100 days 10:17:24.513333,11394013,nfmcg_10472957,u2i,view,android
1100 days 10:17:36.991098,67649738,nfmcg_22630877,catalog,view,android
1100 days 10:19:50.913525,88824113,nfmcg_254657,u2i,view,android
1100 days 10:20:00.662886,50728289,nfmcg_3898374,u2i,view,android
1100 days 10:20:26.554667,11394013,nfmcg_1761955,catalog,view,android
1100 days 10:20:41.090788,60095071,nfmcg_14326289,u2i,view,android
1100 days 10:21:24.526180,5515542,nfmcg_6129837,u2i,view,android
1100 days 10:22:06.862243,72942632,nfmcg_13517883,u2i,view,android
1100 days 10:22:21.734657,36421240,nfmcg_16134128,u2i,view,android
1100 days 10:22:36.976229,88824113,nfmcg_14326289,u2i,view,android
1100 days 10:24:38.939012,67649738,nfmcg_12546198,u2i,view,android
1100 days 10:25:55.192437,67649738,nfmcg_5839271,u2i,view,android
1100 days 10:26:09.515085,11394013,nfmcg_19259929,catalog,view,android
1100 days 10:26:24.068147,67649738,nfmcg_19132953,catalog,view,android
1100 days 10:27:31.887589,50728289,nfmcg_20660719,catalog,view,android
1100 days 10:28:02.836885,50728289,nfmcg_19766962,u2i,view,android
1100 days 10:28:27.044208,67649738,nfmcg_2187157,catalog,view,android
1100 days 10:28:41.433402,67649738,nfmcg_20114920,other,view,android
1100 days 10:30:11.375950,67649738,nfmcg_436303,search,view,android
1100 days 10:30:22.841163,50728289,nfmcg_10287041,u2i,view,android
1100 days 10:30:34.061623,61590889,nfmcg_10472957,u2i,view,ios
1100 days 10:31:01.075672,67649738,nfmcg_21819908,catalog,view,android
1100 days 10:31:01.854896,57486402,nfmcg_21363739,u2i,view,ios
1100 days 10:31:05.363836,61590889,nfmcg_10829491,u2i,view,ios
1100 days 10:31:19.772753,15674403,nfmcg_22538317,other,view,ios
1100 days 10:33:10.986076,61590889,nfmcg_24530905,u2i,view,ios
1100 days 10:33:23.571057,27196993,nfmcg_11884639,u2i,view,ios
1100 days 10:33:53.786129,38476510,nfmcg_25047785,u2i,view,android
1100 days 10:34:22.865758,50728289,nfmcg_8078750,u2i,view,android
1100 days 10:34:34.282161,50728289,nfmcg_17289265,catalog,view,android
1100 days 10:35:03.697738,65740740,nfmcg_6940903,u2i,view,android
1100 days 10:36:30.832110,54326542,nfmcg_12022740,other,view,android
1100 days 10:37:06.953683,11394013,nfmcg_4478803,u2i,view,android
1100 days 10:37:44.136572,72942632,nfmcg_21786924,u2i,view,android
1100 days 10:37:58.125230,48992091,nfmcg_22035600,u2i,view,android
1100 days 10:38:05.179766,62971197,nfmcg_19030396,u2i,view,android
1100 days 10:40:40.808442,75881907,nfmcg_2326353,u2i,view,android
1100 days 10:41:28.671072,67649738,nfmcg_26957595,catalog,view,android
1100 days 10:41:51.201161,19289681,nfmcg_23471392,u2i,view,android
1100 days 10:41:53.576973,11394013,nfmcg_1005581,catalog,view,android
1100 days 10:42:00.236686,6857436,nfmcg_24492920,u2i,view,android
1100 days 10:42:03.617909,11394013,nfmcg_19742246,u2i,view,android
1100 days 10:42:30.212311,8065138,nfmcg_2681623,u2i,view,ios
1100 days 10:46:26.234559,67649738,nfmcg_2071674,u2i,view,android
1100 days 10:48:06.058576,49582828,nfmcg_19742246,u2i,view,android
1100 days 10:48:11.594108,19289681,nfmcg_6212301,u2i,view,android
1100 days 10:50:16.341898,43941814,nfmcg_19742246,u2i,view,android
1100 days 10:51:08.557920,43941814,nfmcg_12796030,u2i,view,android
1100 days 10:52:01.289185,11394013,nfmcg_226874,u2i,view,android
1100 days 10:53:31.429825,54326542,nfmcg_25454249,other,view,android
1100 days 10:53:51.073456,19289681,nfmcg_9245128,u2i,view,android
1100 days 10:54:50.949389,67649738,nfmcg_28483355,u2i,view,android
1100 days 10:55:15.595939,8065138,nfmcg_6670489,u2i,view,ios
1100 days 10:57:22.625902,67649738,nfmcg_24642854,search,view,android
1100 days 10:57:59.068783,50728289,nfmcg_4573167,catalog,view,android
1100 days 10:58:17.424538,75881907,nfmcg_20114920,u2i,view,android
1100 days 10:58:33.570100,55897847,nfmcg_9528279,u2i,view,android
1100 days 10:59:18.815298,19289681,nfmcg_15022704,other,view,android
1100 days 10:59:51.266619,11394013,nfmcg_10472957,other,view,android
1100 days 11:00:16.526760,61590889,nfmcg_13540687,u2i,view,ios
1100 days 11:00:24.478267,61865218,nfmcg_2826310,u2i,view,android
1100 days 11:00:41.687273,19289681,nfmcg_16122000,other,view,android
1100 days 11:00:58.669145,75881907,nfmcg_6048871,u2i,view,android
1100 days 11:01:17.712730,39697819,nfmcg_4478803,u2i,click,android
1100 days 11:02:38.139583,81102534,nfmcg_7816204,u2i,view,android
1100 days 11:03:41.024437,50728289,nfmcg_20635570,u2i,view,android
1100 days 11:03:59.106451,30720050,nfmcg_13194985,u2i,view,android
1100 days 11:04:03.505960,61865218,nfmcg_25454249,u2i,view,android
1100 days 11:04:12.834734,75881907,nfmcg_6048871,u2i,view,android
1100 days 11:05:31.435151,67649738,nfmcg_2494306,catalog,view,android
1100 days 11:05:48.923681,63743426,nfmcg_9723998,u2i,view,android
1100 days 11:07:12.934669,8321442,nfmcg_19806311,u2i,view,android
1100 days 11:08:22.910728,49916919,nfmcg_9528279,u2i,view,android
1100 days 11:08:25.952404,81102534,nfmcg_4703456,u2i,view,android
1100 days 11:08:34.258466,48644187,nfmcg_10829491,u2i,view,android
1100 days 11:08:37.972833,11394013,nfmcg_10216361,catalog,view,android
1100 days 11:09:04.989313,19289681,nfmcg_16653118,catalog,view,android
1100 days 11:10:01.046514,62971197,nfmcg_14326289,u2i,view,android
1100 days 11:10:12.006091,67649738,nfmcg_27711770,u2i,view,android
1100 days 11:13:25.699400,67649738,nfmcg_20080401,u2i,view,ios
1100 days 11:13:27.306231,59695659,nfmcg_25443592,other,view,android
1100 days 11:16:00.987910,60883739,nfmcg_13872110,u2i,view,ios
1100 days 11:16:02.911115,75881907,nfmcg_2326353,u2i,view,android
1100 days 11:17:59.363229,49916919,nfmcg_13194985,u2i,view,android
1100 days 11:18:20.928403,86591445,nfmcg_12898997,other,view,android
1100 days 11:18:57.336976,19289681,nfmcg_27862599,u2i,view,android
1100 days 11:19:12.376870,9187571,nfmcg_15508131,u2i,view,android
1100 days 11:19:52.413077,38476510,nfmcg_2552142,u2i,view,android
1100 days 11:21:58.625935,61865218,nfmcg_1322023,u2i,view,android
1100 days 11:24:19.388654,11032364,nfmcg_22727523,u2i,view,android
1100 days 11:26:04.158057,50728289,nfmcg_23877090,catalog,view,android
1100 days 11:26:19.130664,67649738,nfmcg_20114920,u2i,view,android
1100 days 11:26:30.993614,5515542,nfmcg_13757063,u2i,view,android
1100 days 11:26:39.291543,67649738,nfmcg_8650215,u2i,view,android
1100 days 11:26:44.949029,42278615,nfmcg_27598210,u2i,view,android
1100 days 11:27:11.767846,67649738,nfmcg_9528279,u2i,view,android
1100 days 11:27:25.347828,67649738,nfmcg_22609057,u2i,click,android
1100 days 11:27:39.284147,72532746,nfmcg_15648772,u2i,view,android
1100 days 11:28:24.916566,8065138,nfmcg_16400259,u2i,view,ios
1100 days 11:28:36.014326,81767833,nfmcg_4857549,other,view,android
1100 days 11:30:47.654418,76511864,nfmcg_14649335,other,view,android
1100 days 11:32:06.519589,9187571,nfmcg_14193797,u2i,view,android
1100 days 11:32:12.095869,3438353,nfmcg_3185174,u2i,view,android
1100 days 11:32:23.524858,67649738,nfmcg_18464744,search,click,android
1100 days 11:32:30.044382,63743426,nfmcg_23941265,u2i,view,android
1100 days 11:32:41.319360,67649738,nfmcg_21786924,search,view,ios
1100 days 11:34:17.654368,11394013,nfmcg_2568757,catalog,view,android
1100 days 11:34:24.537919,50728289,nfmcg_14559095,catalog,view,android
1100 days 11:34:53.814536,67649738,nfmcg_8386753,u2i,view,android
1100 days 11:35:34.635570,7258437,nfmcg_2992071,other,view,android
1100 days 11:37:37.820765,4595069,nfmcg_8158987,u2i,view,ios
1100 days 11:38:20.832055,19289681,nfmcg_25928643,u2i,view,android
1100 days 11:38:39.622674,11394013,nfmcg_20684313,catalog,view,android
1100 days 11:42:12.447842,77370653,nfmcg_20869172,other,view,android
1100 days 11:44:19.295134,75881907,nfmcg_2326353,u2i,view,android
1100 days 11:46:13.209607,49582828,nfmcg_8374082,u2i,view,android
1100 days 11:47:13.545516,67649738,nfmcg_7379999,search,view,android
1100 days 11:49:40.453727,72532746,nfmcg_9498879,u2i,view,android
1100 days 11:50:14.420703,19289681,nfmcg_24054467,catalog,view,android
1100 days 11:50:22.112863,67649738,nfmcg_8078750,catalog,clickout,android
1100 days 11:50:26.001199,11394013,nfmcg_9313601,catalog,view,android
1100 days 11:51:20.252270,67649738,nfmcg_8386753,u2i,view,android
1100 days 11:52:15.068669,81102534,nfmcg_7816204,u2i,view,android
1100 days 11:52:55.752239,62593339,nfmcg_2956928,u2i,view,android
1100 days 11:53:01.639728,48992091,nfmcg_19030396,u2i,view,android
1100 days 11:54:22.157732,19289681,nfmcg_2989942,search,view,android
1100 days 11:55:15.028394,67649738,nfmcg_26654808,catalog,click,android
1100 days 11:55:18.355339,37924756,nfmcg_22764748,u2i,view,android
1100 days 11:57:03.691173,70209910,nfmcg_19030396,other,view,ios
1100 days 11:57:24.580923,51188728,nfmcg_28451636,u2i,click,android
1100 days 11:57:43.347778,43941814,nfmcg_27692958,u2i,view,android
1100 days 11:58:22.427908,11394013,nfmcg_15844448,catalog,view,android
1100 days 11:58:50.424617,75881907,nfmcg_21786924,u2i,view,android
1100 days 11:58:57.091609,27196993,nfmcg_21388948,u2i,view,ios
1100 days 11:59:45.178234,19289681,nfmcg_19408903,u2i,view,android
1100 days 12:01:02.410028,67649738,nfmcg_10046742,u2i,view,android
1100 days 12:01:15.064433,50728289,nfmcg_3898374,u2i,view,android
1100 days 12:01:18.708048,69613161,nfmcg_1941891,u2i,view,ios
1100 days 12:01:28.056277,67649738,nfmcg_959712,catalog,view,android
1100 days 12:01:53.046116,67649738,nfmcg_25500596,catalog,view,android
1100 days 12:02:41.236691,49582828,nfmcg_4478803,other,view,android
1100 days 12:03:32.219038,81767833,nfmcg_20114920,other,view,android
1100 days 12:04:20.818810,47453716,nfmcg_19030396,u2i,view,android
1100 days 12:04:27.535974,19289681,nfmcg_16055864,u2i,view,android
1100 days 12:04:38.357827,11586536,nfmcg_21786924,u2i,view,android
1100 days 12:05:40.741648,8065138,nfmcg_10829491,u2i,view,ios
1100 days 12:06:01.504999,48992091,nfmcg_20992285,u2i,view,android
1100 days 12:06:23.162194,11394013,nfmcg_2436302,catalog,view,android
1100 days 12:06:27.918155,55897847,nfmcg_23652828,u2i,view,android
1100 days 12:06:55.053839,42278615,nfmcg_9709388,u2i,view,android
1100 days 12:06:55.461226,67767492,nfmcg_9679045,other,view,android
1100 days 12:07:56.129523,60095071,nfmcg_254657,u2i,view,android
1100 days 12:08:01.236837,61590889,nfmcg_10472957,u2i,view,ios
1100 days 12:08:37.882952,67649738,nfmcg_9528279,u2i,view,android
1100 days 12:09:02.768751,5515542,nfmcg_92721,u2i,view,android
1100 days 12:09:11.881414,50728289,nfmcg_10287041,u2i,view,android
1100 days 12:09:14.508055,67767492,nfmcg_4436221,other,view,android
1100 days 12:09:19.207938,67649738,nfmcg_26255845,search,view,android
1100 days 12:09:27.571933,43240787,nfmcg_27614130,u2i,view,android
1100 days 12:09:29.908510,61865218,nfmcg_4436221,other,view,android
1100 days 12:09:48.741090,67649738,nfmcg_2071674,u2i,view,android
1100 days 12:09:50.552485,48992091,nfmcg_19030396,u2i,view,android
1100 days 12:11:25.427355,85390663,nfmcg_28451636,u2i,view,android
1100 days 12:12:36.776600,67649738,nfmcg_5240309,catalog,view,android
1100 days 12:12:53.097193,58431173,nfmcg_11856679,u2i,view,android
1100 days 12:13:14.004142,59646916,nfmcg_2992071,u2i,view,android
1100 days 12:13:42.068753,67649738,nfmcg_16122000,other,view,android
1100 days 12:14:02.008160,5515542,nfmcg_25407133,u2i,view,android
1100 days 12:14:45.352802,5515542,nfmcg_22146622,u2i,click,android
1100 days 12:16:32.484211,8065138,nfmcg_19742246,u2i,view,ios
1100 days 12:18:02.518410,42278615,nfmcg_9709388,u2i,view,android
1100 days 12:18:02.624696,29772327,nfmcg_20080401,other,view,android
1100 days 12:19:20.144768,85390663,nfmcg_7806339,u2i,view,android
1100 days 12:19:22.405996,75881907,nfmcg_20114920,u2i,view,android
1100 days 12:19:28.321947,88824113,nfmcg_16598691,u2i,view,android
1100 days 12:19:43.448017,58431173,nfmcg_4135053,u2i,view,android
1100 days 12:20:14.797660,19289681,nfmcg_28072917,u2i,view,android
1100 days 12:20:19.180178,38476510,nfmcg_5743260,u2i,view,android
1100 days 12:21:35.113449,19289681,nfmcg_6878187,catalog,view,android
1100 days 12:22:31.422859,38476510,nfmcg_20114920,u2i,view,android
1100 days 12:24:25.659042,67649738,nfmcg_21397443,catalog,view,android
1100 days 12:25:27.305237,75881907,nfmcg_2326353,u2i,view,android
1100 days 12:25:36.320267,67649738,nfmcg_2410701,search,view,android
1100 days 12:25:54.610463,50728289,nfmcg_23767389,catalog,view,android
1100 days 12:27:59.746577,44813615,nfmcg_6669217,u2i,view,android
1100 days 12:29:16.647224,67649738,nfmcg_25443592,catalog,view,android
1100 days 12:29:35.215724,67649738,nfmcg_15022704,other,view,android
1100 days 12:29:56.900143,19289681,nfmcg_24627081,catalog,view,android
1100 days 12:30:26.378873,61865218,nfmcg_4857549,other,view,android
1100 days 12:31:43.807338,32760160,nfmcg_10472957,u2i,view,ios
1100 days 12:32:26.491421,6857436,nfmcg_2879160,u2i,view,android
1100 days 12:33:46.642348,38476510,nfmcg_28451636,catalog,view,android
1100 days 12:34:09.136376,6857436,nfmcg_7854923,u2i,view,android
1100 days 12:34:27.820661,67649738,nfmcg_18884892,catalog,click,android
1100 days 12:34:53.955104,232509,nfmcg_21786924,u2i,view,android
1100 days 12:36:54.102758,62971197,nfmcg_10840247,u2i,view,android
1100 days 12:40:22.990072,50728289,nfmcg_19741298,u2i,view,android
1100 days 12:40:38.427051,11394013,nfmcg_12796030,u2i,view,android
1100 days 12:40:47.950097,9187571,nfmcg_27802309,u2i,view,android
1100 days 12:40:51.909271,50349981,nfmcg_19408903,other,view,android
1100 days 12:42:35.223794,50728289,nfmcg_19766962,u2i,view,android
1100 days 12:42:41.425485,67649738,nfmcg_19750765,catalog,view,android
1100 days 12:42:56.983839,37924756,nfmcg_20575214,u2i,view,android
1100 days 12:43:12.365599,61590889,nfmcg_17832503,u2i,view,ios
1100 days 12:43:34.662896,5515542,nfmcg_21514286,u2i,view,android
1100 days 12:44:08.613424,11465539,nfmcg_25097287,u2i,view,ios
1100 days 12:46:15.949117,19289681,nfmcg_6655754,other,view,android
1100 days 12:46:31.810056,8065138,nfmcg_10472957,u2i,view,ios
1100 days 12:48:15.700024,61865218,nfmcg_15387370,u2i,view,android
1100 days 12:48:16.180032,21206495,nfmcg_867469,u2i,view,android
1100 days 12:48:32.721305,68643250,nfmcg_20869172,u2i,view,ios
1100 days 12:48:36.146936,67649738,nfmcg_27711770,u2i,view,android
1100 days 12:48:43.895670,61590889,nfmcg_41976,u2i,view,ios
1100 days 12:49:03.858153,36421240,nfmcg_8374082,u2i,view,ios
1100 days 12:50:01.596548,9227607,nfmcg_20114920,other,view,android
1100 days 12:50:46.154739,2376485,nfmcg_19129512,other,view,android
1100 days 12:51:00.392152,57486402,nfmcg_92721,u2i,view,ios
1100 days 12:52:31.810289,60883739,nfmcg_11856679,u2i,view,ios
1100 days 12:52:48.604705,88824113,nfmcg_9528279,u2i,view,android
1100 days 12:55:00.757160,8065138,nfmcg_19742246,u2i,view,ios
1100 days 12:56:02.656078,37924756,nfmcg_11856679,other,view,android
1100 days 12:56:16.201722,69613161,nfmcg_27751421,u2i,view,android
1100 days 12:56:19.011528,61590889,nfmcg_13386125,u2i,view,ios
1100 days 12:56:42.144864,11394013,nfmcg_19742246,u2i,view,android
1100 days 12:57:41.688715,8065138,nfmcg_10472957,u2i,view,ios
1100 days 12:57:59.133926,48992091,nfmcg_19030396,u2i,view,ios
1100 days 12:58:23.427226,59646916,nfmcg_4436221,u2i,view,android
1100 days 12:58:53.766911,67649738,nfmcg_23243374,catalog,view,android
1100 days 12:59:00.304623,49916919,nfmcg_27954633,u2i,view,android
1100 days 12:59:20.334258,14140110,nfmcg_14326289,other,view,android
1100 days 13:01:02.070308,88824113,nfmcg_16213424,u2i,view,android
1100 days 13:01:18.114131,67649738,nfmcg_25134575,catalog,view,android
1100 days 13:01:27.653016,50728289,nfmcg_21030877,catalog,view,android
1100 days 13:01:48.673524,67649738,nfmcg_17419311,u2i,view,android
1100 days 13:03:16.697074,61865218,nfmcg_20114920,other,view,android
1100 days 13:04:33.770907,72532746,nfmcg_15241635,u2i,view,android
1100 days 13:04:40.960045,38476510,nfmcg_27325826,u2i,view,android
1100 days 13:04:59.945430,67649738,nfmcg_8190809,search,view,android
1100 days 13:05:48.381534,50728289,nfmcg_7793027,catalog,view,ios
1100 days 13:05:50.838345,38476510,nfmcg_3213028,u2i,view,android
1100 days 13:06:46.452737,59646916,nfmcg_13757063,u2i,view,ios
1100 days 13:06:47.354723,19289681,nfmcg_1864266,catalog,view,android
1100 days 13:07:53.148988,19289681,nfmcg_15520561,catalog,view,android
1100 days 13:08:21.865747,67649738,nfmcg_2542941,u2i,view,android
1100 days 13:08:54.505808,75881907,nfmcg_20114920,u2i,view,android
1100 days 13:09:01.764101,50728289,nfmcg_10287041,u2i,view,android
1100 days 13:09:05.928963,61590889,nfmcg_20575214,u2i,view,ios
1100 days 13:09:46.220419,67649738,nfmcg_23691820,search,click,android
1100 days 13:09:54.832789,11394013,nfmcg_4478803,u2i,view,android
1100 days 13:10:19.926292,11032364,nfmcg_11856679,u2i,view,android
1100 days 13:10:50.100217,8065138,nfmcg_23599753,u2i,view,ios
1100 days 13:11:25.232679,67649738,nfmcg_11360798,u2i,view,android
1100 days 13:13:22.275584,19289681,nfmcg_25410792,search,view,android
1100 days 13:15:42.834495,11394013,nfmcg_1466327,u2i,view,android
1100 days 13:16:01.948199,33212431,nfmcg_19030396,u2i,view,android
1100 days 13:17:19.742170,63743426,nfmcg_8374082,u2i,view,android
1100 days 13:18:23.456969,36421240,nfmcg_10707222,u2i,view,android
1100 days 13:19:57.736784,50728289,nfmcg_771990,catalog,view,android
1100 days 13:21:42.046255,55897847,nfmcg_15431332,u2i,view,android
1100 days 13:22:19.292878,44987371,nfmcg_19766962,other,view,android
1100 days 13:22:32.636476,19289681,nfmcg_12261337,search,view,android
1100 days 13:22:38.050528,11586536,nfmcg_20114920,u2i,view,android
1100 days 13:23:16.263302,19289681,nfmcg_2340615,u2i,view,android
1100 days 13:23:46.600711,47453716,nfmcg_10840247,u2i,view,android
1100 days 13:24:13.675737,29611271,nfmcg_10472957,u2i,view,android
1100 days 13:25:21.245861,11394013,nfmcg_4478803,u2i,view,android
1100 days 13:25:45.274116,44354150,nfmcg_11856679,other,view,android
1100 days 13:26:09.561925,86591445,nfmcg_14893278,other,view,android
1100 days 13:26:12.695443,42052799,nfmcg_3976723,u2i,view,android
1100 days 13:28:50.308597,8065138,nfmcg_10472957,u2i,view,ios
1100 days 13:29:06.211615,44354150,nfmcg_16213424,u2i,view,android
1100 days 13:29:38.826873,36421240,nfmcg_6544249,u2i,view,android
1100 days 13:30:18.219612,11586536,nfmcg_28451636,u2i,view,android
1100 days 13:30:46.782155,74743328,nfmcg_6702130,other,view,android
1100 days 13:31:13.568943,11394013,nfmcg_26948451,u2i,view,android
1100 days 13:31:42.764986,67649738,nfmcg_8304686,catalog,view,android
1100 days 13:31:57.215336,50728289,nfmcg_6162112,u2i,view,android
1100 days 13:32:05.706073,67649738,nfmcg_21815977,u2i,click,android
1100 days 13:34:12.807458,67649738,nfmcg_27975705,u2i,view,android
1100 days 13:34:34.088120,19289681,nfmcg_25229307,u2i,view,android
1100 days 13:34:39.250737,19289681,nfmcg_22380227,catalog,view,android
1100 days 13:35:01.962028,65692899,nfmcg_4292092,other,view,ios
1100 days 13:36:20.675998,67649738,nfmcg_16836981,catalog,view,android
1100 days 13:37:10.300937,67649738,nfmcg_15604055,catalog,view,android
1100 days 13:37:43.968218,57486402,nfmcg_25823124,u2i,view,ios
1100 days 13:39:41.104459,232509,nfmcg_3976723,u2i,view,android
1100 days 13:43:21.978704,60576373,nfmcg_12826101,other,view,android
1100 days 13:45:24.120521,32954358,nfmcg_3631334,u2i,view,ios
1100 days 13:46:28.907595,67649738,nfmcg_4072689,catalog,view,android
1100 days 13:47:16.116409,67649738,nfmcg_4402053,u2i,view,android
1100 days 13:50:04.511505,30153714,nfmcg_11856679,other,view,android
1100 days 13:50:12.504782,11394013,nfmcg_10472957,u2i,view,android
1100 days 13:50:13.683534,42278615,nfmcg_7078972,u2i,view,android
1100 days 13:50:39.782765,49916919,nfmcg_13329988,u2i,view,android
1100 days 13:53:17.712772,19289681,nfmcg_23370537,catalog,view,android
1100 days 13:54:56.400517,3438353,nfmcg_11856679,u2i,view,android
1100 days 13:54:59.839136,11394013,nfmcg_4478803,u2i,view,android
1100 days 13:55:10.387652,11032364,nfmcg_3185174,u2i,view,android
1100 days 13:55:47.414440,57486402,nfmcg_20140725,u2i,view,ios
1100 days 13:56:23.243545,50728289,nfmcg_10287041,u2i,view,android
1100 days 13:56:24.076498,61590889,nfmcg_4573722,u2i,view,ios
1100 days 13:56:57.886824,75881907,nfmcg_2326353,u2i,view,android
1100 days 13:58:15.331859,36934976,nfmcg_11474207,other,view,android
1100 days 13:59:45.841471,44813615,nfmcg_6971345,other,view,android
1100 days 14:00:02.660674,67649738,nfmcg_8440789,search,view,android
1100 days 14:03:02.465569,50728289,nfmcg_20635570,u2i,view,android
1100 days 14:03:49.283196,44813615,nfmcg_14326289,u2i,view,android
1100 days 14:05:25.961737,48992091,nfmcg_14326289,u2i,view,android
1100 days 14:06:55.092315,37924756,nfmcg_4070440,u2i,view,ios
1100 days 14:08:05.926361,19289681,nfmcg_22437058,u2i,view,android
1100 days 14:08:06.604120,26756467,nfmcg_22802028,u2i,view,android
1100 days 14:08:22.377696,55897847,nfmcg_27815984,other,view,android
1100 days 14:09:24.718520,11465539,nfmcg_17171514,u2i,view,ios
1100 days 14:09:29.530830,9187571,nfmcg_11474207,u2i,view,android
1100 days 14:10:09.702878,2091299,nfmcg_4857549,u2i,view,android
1100 days 14:11:03.323469,67649738,nfmcg_16055096,catalog,view,android
1100 days 14:12:45.792228,25567708,nfmcg_14326289,u2i,view,android
1100 days 14:12:53.550763,61590889,nfmcg_23196163,u2i,view,ios
1100 days 14:13:50.120318,67649738,nfmcg_4690794,u2i,view,android
1100 days 14:13:50.185078,32760160,nfmcg_24530905,u2i,view,ios
1100 days 14:13:50.297417,11394013,nfmcg_10472957,u2i,view,android
1100 days 14:14:40.820736,3438353,nfmcg_16883345,other,view,android
1100 days 14:15:21.719566,44813615,nfmcg_16213424,u2i,view,android
1100 days 14:15:24.558791,67649738,nfmcg_6209196,u2i,view,android
1100 days 14:15:56.263086,11394013,nfmcg_3533435,catalog,view,android
1100 days 14:16:07.815653,61590889,nfmcg_19742246,u2i,view,ios
1100 days 14:17:57.068797,67649738,nfmcg_17419311,u2i,view,android
1100 days 14:18:20.516514,8065138,nfmcg_2681623,u2i,view,ios
1100 days 14:18:22.409431,67649738,nfmcg_9528279,u2i,view,android
1100 days 14:18:33.409079,67649738,nfmcg_15139463,search,view,android
1100 days 14:18:43.753409,67649738,nfmcg_21866477,u2i,view,android
1100 days 14:19:12.405245,67649738,nfmcg_6655754,other,view,android
1100 days 14:20:07.516305,67649738,nfmcg_1903139,catalog,view,android
1100 days 14:20:13.549174,43344407,nfmcg_11856679,u2i,view,android
1100 days 14:20:21.789200,75881907,nfmcg_13517883,u2i,view,android
1100 days 14:23:35.239290,60095071,nfmcg_28244876,u2i,view,android
1100 days 14:23:45.509725,19289681,nfmcg_8386753,u2i,view,android
1100 days 14:24:44.055405,42278615,nfmcg_25454249,u2i,view,ios
1100 days 14:27:01.721719,81102534,nfmcg_8374082,u2i,view,android
1100 days 14:28:15.815525,35820640,nfmcg_2992071,other,view,android
1100 days 14:28:29.404055,67649738,nfmcg_5854571,u2i,view,android
1100 days 14:29:07.997059,26628713,nfmcg_12738476,other,view,android
1100 days 14:30:39.955798,49582828,nfmcg_2681623,other,view,android
1100 days 14:34:23.853855,50728289,nfmcg_3898374,u2i,view,android
1100 days 14:35:20.153540,62971197,nfmcg_22764748,u2i,view,android
1100 days 14:36:46.482885,50728289,nfmcg_24507665,catalog,view,android
1100 days 14:37:49.886203,47453716,nfmcg_25454249,u2i,view,android
1100 days 14:38:00.805991,67649738,nfmcg_17419311,other,view,android
1100 days 14:39:03.407980,22652231,nfmcg_2992071,other,view,ios
1100 days 14:39:05.134367,232509,nfmcg_25919685,u2i,view,android
1100 days 14:39:22.462309,43344407,nfmcg_20140725,u2i,view,android
1100 days 14:41:16.479578,67649738,nfmcg_10534068,u2i,view,android
1100 days 14:41:23.181008,11394013,nfmcg_27692958,u2i,view,android
1100 days 14:42:31.672476,19289681,nfmcg_7410673,u2i,view,android
1100 days 14:43:28.687064,8065138,nfmcg_23205214,u2i,view,ios
1100 days 14:45:33.201861,43344407,nfmcg_5148253,u2i,view,android
1100 days 14:46:05.878023,67649738,nfmcg_14293952,catalog,view,android
1100 days 14:46:30.907392,11586536,nfmcg_28153258,u2i,view,android
1100 days 14:48:31.575527,61590889,nfmcg_379772,u2i,view,ios
1100 days 14:48:47.302751,67649738,nfmcg_14436909,catalog,view,android
1100 days 14:49:27.874391,19289681,nfmcg_20858398,catalog,view,android
1100 days 14:49:35.527435,50728289,nfmcg_6162112,u2i,view,android
1100 days 14:50:22.402148,50728289,nfmcg_19741298,u2i,view,android
1100 days 14:50:26.372185,67649738,nfmcg_9528279,u2i,view,android
1100 days 14:52:47.988986,8321442,nfmcg_20282739,u2i,view,android
1100 days 14:53:19.168836,29611271,nfmcg_12022740,u2i,view,android
1100 days 14:55:31.859526,67649738,nfmcg_2343912,catalog,view,android
1100 days 14:55:36.966220,5515542,nfmcg_17247859,u2i,view,android
1100 days 14:56:48.105845,9187571,nfmcg_11884639,u2i,view,android
1100 days 14:57:50.961885,69613161,nfmcg_20869172,u2i,view,ios
1100 days 15:00:23.769342,14140110,nfmcg_92721,other,view,android
1100 days 15:00:31.649718,61590889,nfmcg_19742246,other,view,ios
1100 days 15:01:20.379124,67649738,nfmcg_2879160,search,click,android
1100 days 15:01:46.139353,81767833,nfmcg_20114920,other,view,android
1100 days 15:03:04.376001,67649738,nfmcg_12357166,search,view,android
1100 days 15:04:10.187781,67649738,nfmcg_26005191,search,click,android
1100 days 15:04:18.832439,67649738,nfmcg_14555983,catalog,view,android
1100 days 15:05:09.735586,19289681,nfmcg_5061761,search,view,android
1100 days 15:06:29.608164,67649738,nfmcg_11272251,catalog,view,android
1100 days 15:07:43.826873,19289681,nfmcg_22662738,search,view,android
1100 days 15:08:15.828952,48644187,nfmcg_10829491,u2i,view,android
1100 days 15:09:08.706241,19289681,nfmcg_2340615,u2i,view,android
1100 days 15:09:24.600301,19289681,nfmcg_13767212,u2i,view,android
1100 days 15:09:28.198921,67649738,nfmcg_9690989,catalog,view,android
1100 days 15:09:54.283450,11394013,nfmcg_19742246,u2i,view,android
1100 days 15:10:20.152179,19289681,nfmcg_14326289,u2i,view,android
1100 days 15:10:52.999434,44813615,nfmcg_6669217,u2i,view,android
1100 days 15:12:17.168318,67649738,nfmcg_4393657,catalog,view,android
1100 days 15:12:23.210281,67649738,nfmcg_27711770,u2i,view,android
1100 days 15:13:28.303660,32954358,nfmcg_12660139,catalog,view,ios
1100 days 15:14:19.796124,50728289,nfmcg_6162112,u2i,view,android
1100 days 15:17:40.729993,67649738,nfmcg_9213086,catalog,view,android
1100 days 15:18:45.878952,32504191,nfmcg_19742246,u2i,view,android
1100 days 15:18:55.368203,67649738,nfmcg_10046742,u2i,view,android
1100 days 15:19:19.582316,67649738,nfmcg_7689605,catalog,view,android
1100 days 15:19:35.029451,50728289,nfmcg_6162112,u2i,view,android
1100 days 15:19:43.687103,50728289,nfmcg_19741298,u2i,view,android
1100 days 15:20:31.783483,42278615,nfmcg_14649335,u2i,click,android
1100 days 15:21:02.635825,9557762,nfmcg_10085840,other,view,android
1100 days 15:21:05.844683,44813615,nfmcg_14326289,other,view,android
1100 days 15:21:08.523025,8065138,nfmcg_18051153,u2i,view,ios
1100 days 15:23:56.448273,11586536,nfmcg_9575654,u2i,view,android
1100 days 15:25:41.132840,38072167,nfmcg_17687693,u2i,view,ios
1100 days 15:26:33.190549,67649738,nfmcg_1163416,catalog,view,android
1100 days 15:27:08.995140,67649738,nfmcg_4737005,u2i,click,android
1100 days 15:27:42.897214,50728289,nfmcg_8078750,u2i,view,android
1100 days 15:28:08.548783,48644187,nfmcg_27354817,u2i,view,android
1100 days 15:28:09.488332,85883433,nfmcg_25237144,u2i,view,android
1100 days 15:28:19.140160,8065138,nfmcg_379772,u2i,view,ios
1100 days 15:31:19.485005,29328171,nfmcg_17687693,other,view,android
1100 days 15:31:45.414630,50728289,nfmcg_6162112,u2i,view,android
1100 days 15:32:19.602957,11465539,nfmcg_26948451,u2i,view,android
1100 days 15:32:23.900447,67649738,nfmcg_1349361,catalog,view,android
1100 days 15:35:41.640183,11032364,nfmcg_20869172,other,view,android
1100 days 15:36:07.802363,8065138,nfmcg_12898997,u2i,view,ios
1100 days 15:36:09.739345,19289681,nfmcg_3913573,u2i,view,android
1100 days 15:36:28.601041,44813615,nfmcg_19030396,u2i,view,android
1100 days 15:36:36.106475,34793749,nfmcg_11110544,search,view,android
1100 days 15:37:14.526731,67649738,nfmcg_26654808,catalog,clickout,android
1100 days 15:38:56.432521,62325019,nfmcg_13757063,u2i,view,android
1100 days 15:39:04.620625,59421152,nfmcg_6971345,u2i,view,ios
1100 days 15:39:57.490199,34793749,nfmcg_28404864,u2i,view,android
1100 days 15:40:02.776654,85883433,nfmcg_2826310,u2i,view,android
1100 days 15:43:00.588497,67649738,nfmcg_18105561,search,view,android
1100 days 15:45:58.668196,38072167,nfmcg_3748778,other,view,android
1100 days 15:47:23.111987,34793749,nfmcg_1381987,search,view,android
1100 days 15:48:21.178529,61590889,nfmcg_20675903,other,view,ios
1100 days 15:48:38.231020,61590889,nfmcg_6829990,u2i,view,ios
1100 days 15:48:57.929799,75881907,nfmcg_20114920,u2i,view,android
1100 days 15:49:34.992529,50728289,nfmcg_2326353,u2i,view,android
1100 days 15:49:45.989820,67649738,nfmcg_5521665,u2i,view,android
1100 days 15:50:38.524537,34793749,nfmcg_21173986,search,view,android
1100 days 15:51:54.443308,67649738,nfmcg_12487919,catalog,view,android
1100 days 15:52:29.450728,67649738,nfmcg_27711770,u2i,view,android
1100 days 15:53:08.952731,37924756,nfmcg_19030396,u2i,view,android
1100 days 15:53:11.586879,34793749,nfmcg_4135766,search,view,android
1100 days 15:53:22.682851,24180866,nfmcg_2992071,other,view,android
1100 days 15:53:41.756572,70321012,nfmcg_26202322,u2i,view,ios
1100 days 15:56:05.051201,19289681,nfmcg_4165688,catalog,view,android
1100 days 15:56:30.315964,34793749,nfmcg_22803046,search,click,android
1100 days 15:56:43.153511,67649738,nfmcg_947364,u2i,view,android
1100 days 15:56:55.183494,4963889,nfmcg_20140725,u2i,view,ios
1100 days 15:58:09.638277,81102534,nfmcg_8374082,u2i,view,android
1100 days 15:58:27.605933,19289681,nfmcg_20019723,search,view,android
1100 days 15:58:50.305361,61590889,nfmcg_24530905,u2i,view,ios
1100 days 15:59:09.487521,34793749,nfmcg_17337260,search,view,android
1100 days 15:59:24.140621,61865218,nfmcg_21786924,u2i,view,android
1100 days 16:00:07.831869,8065138,nfmcg_19742246,u2i,view,ios
1100 days 16:00:32.414154,34793749,nfmcg_10585529,u2i,view,android
1100 days 16:02:17.575624,70321012,nfmcg_20114920,u2i,view,ios
1100 days 16:04:03.616064,37924756,nfmcg_10840247,u2i,view,android
1100 days 16:04:27.860065,34793749,nfmcg_12689486,search,view,android
1100 days 16:04:40.869395,67649738,nfmcg_14226113,u2i,view,android
1100 days 16:05:08.585327,67649738,nfmcg_16038641,catalog,view,android
1100 days 16:05:25.110628,34793749,nfmcg_3421073,u2i,view,android
1100 days 16:06:08.890041,19289681,nfmcg_2340615,u2i,view,android
1100 days 16:07:11.786457,19289681,nfmcg_18347964,u2i,view,android
1100 days 16:07:31.437439,61590889,nfmcg_27354817,other,view,ios
1100 days 16:07:51.854267,70321012,nfmcg_7854923,other,view,android
1100 days 16:08:20.303779,19289681,nfmcg_28072917,u2i,view,android
1100 days 16:08:27.307222,7258437,nfmcg_4436221,other,view,android
1100 days 16:09:21.173614,34793749,nfmcg_25344652,search,view,android
1100 days 16:09:29.699979,55897847,nfmcg_17687693,u2i,view,android
1100 days 16:09:57.226875,34793749,nfmcg_23910018,u2i,view,android
1100 days 16:10:30.834692,34793749,nfmcg_11875472,u2i,view,android
1100 days 16:11:08.922535,50728289,nfmcg_6162112,u2i,view,android
1100 days 16:12:43.954163,62325019,nfmcg_20114920,u2i,view,android
1100 days 16:13:24.353780,70321012,nfmcg_15508131,u2i,view,ios
1100 days 16:13:44.187578,67649738,nfmcg_17419311,u2i,view,android
1100 days 16:13:51.886976,34793749,nfmcg_28192464,search,view,android
1100 days 16:15:33.886070,61865218,nfmcg_21786924,u2i,view,android
1100 days 16:15:47.532838,67649738,nfmcg_10046742,u2i,view,android
1100 days 16:15:54.488646,67649738,nfmcg_25928643,u2i,view,android
1100 days 16:15:57.337652,67649738,nfmcg_21794151,catalog,view,android
1100 days 16:17:00.120045,27196993,nfmcg_20869172,u2i,view,android
1100 days 16:17:11.291396,35820640,nfmcg_11468582,u2i,view,android
1100 days 16:17:19.514399,67649738,nfmcg_11883565,catalog,view,android
1100 days 16:17:20.217101,34793749,nfmcg_3112243,search,view,android
1100 days 16:18:56.340432,75881907,nfmcg_24014517,u2i,view,android
1100 days 16:19:56.052081,34793749,nfmcg_9259352,search,view,android
1100 days 16:20:40.873406,34793749,nfmcg_14193797,other,view,android
1100 days 16:20:49.385457,9187571,nfmcg_6829990,u2i,view,android
1100 days 16:21:53.849434,67649738,nfmcg_27711770,u2i,view,android
1100 days 16:22:27.925009,47453716,nfmcg_4436221,u2i,view,android
1100 days 16:22:54.507967,61590889,nfmcg_24991013,u2i,view,ios
1100 days 16:23:07.631929,70321012,nfmcg_26202322,u2i,view,ios
1100 days 16:23:26.060782,34793749,nfmcg_1763605,u2i,view,android
1100 days 16:23:35.115015,67649738,nfmcg_14803604,catalog,view,android
1100 days 16:23:36.788107,67649738,nfmcg_11407339,u2i,view,ios
1100 days 16:23:42.683558,55897847,nfmcg_19129512,u2i,view,android
1100 days 16:24:54.121085,70321012,nfmcg_16684390,u2i,view,ios
1100 days 16:26:13.591479,48644187,nfmcg_10472957,u2i,view,android
1100 days 16:27:20.070144,51188728,nfmcg_22802028,u2i,view,android
1100 days 16:27:47.350108,8065138,nfmcg_19742246,u2i,view,ios
1100 days 16:28:48.867263,50728289,nfmcg_19766962,u2i,click,android
1100 days 16:28:49.867830,67649738,nfmcg_19608224,catalog,view,android
1100 days 16:29:02.626967,34793749,nfmcg_17895612,search,view,android
1100 days 16:29:07.691535,34793749,nfmcg_4195987,search,view,android
1100 days 16:29:43.031473,50728289,nfmcg_6387615,catalog,view,android
1100 days 16:30:02.643943,50728289,nfmcg_19766962,u2i,view,android
1100 days 16:30:21.647400,34793749,nfmcg_17156587,search,view,android
1100 days 16:31:40.778489,67649738,nfmcg_4085927,u2i,view,android
1100 days 16:33:04.535915,34793749,nfmcg_14319403,search,view,android
1100 days 16:33:23.355624,728091,nfmcg_19766962,u2i,view,android
1100 days 16:33:57.678854,50728289,nfmcg_19741298,u2i,view,android
1100 days 16:34:15.115057,9187571,nfmcg_11474207,u2i,view,android
1100 days 16:34:45.957777,34793749,nfmcg_11320575,search,view,android
1100 days 16:35:03.941570,70321012,nfmcg_7078972,u2i,view,ios
1100 days 16:35:10.839100,67649738,nfmcg_9498879,u2i,view,android
1100 days 16:35:13.264035,67649738,nfmcg_3663363,catalog,view,android
1100 days 16:35:23.542405,34793749,nfmcg_4276831,search,view,android
1100 days 16:35:38.857426,32760160,nfmcg_10829491,u2i,view,ios
1100 days 16:35:48.038467,34793749,nfmcg_2314102,search,view,android
1100 days 16:36:10.908883,34793749,nfmcg_11593479,search,view,android
1100 days 16:36:13.325004,70321012,nfmcg_20114920,u2i,view,ios
1100 days 16:36:40.883266,34793749,nfmcg_16684390,u2i,view,android
1100 days 16:36:48.756384,51188728,nfmcg_22802028,u2i,view,android
1100 days 16:38:41.445853,34793749,nfmcg_27945919,search,view,android
1100 days 16:39:13.796483,37924756,nfmcg_23893806,u2i,view,android
1100 days 16:42:29.499477,61590889,nfmcg_23543336,u2i,view,ios
1100 days 16:42:43.306779,67649738,nfmcg_14649335,u2i,view,android
1100 days 16:43:28.616197,34793749,nfmcg_22860181,u2i,view,android
1100 days 16:43:59.162688,70321012,nfmcg_16684390,u2i,view,ios
1100 days 16:44:09.735197,34793749,nfmcg_254657,u2i,view,android
1100 days 16:45:19.871099,19289681,nfmcg_1469151,catalog,view,android
1100 days 16:45:31.558744,67649738,nfmcg_17419311,u2i,view,android
1100 days 16:45:36.582814,67649738,nfmcg_20569861,catalog,view,android
1100 days 16:45:50.021621,34793749,nfmcg_18614619,search,click,android
1100 days 16:46:43.053042,67649738,nfmcg_20799123,u2i,view,android
1100 days 16:46:53.085586,34793749,nfmcg_3610063,u2i,view,android
1100 days 16:47:07.360078,34793749,nfmcg_20635570,u2i,view,android
1100 days 16:47:09.603226,70321012,nfmcg_19742246,u2i,view,ios
1100 days 16:47:19.529042,55897847,nfmcg_12611615,u2i,view,android
1100 days 16:47:38.145042,34793749,nfmcg_12281184,search,view,android
1100 days 16:50:57.935726,34793749,nfmcg_12900333,search,click,android
1100 days 16:51:20.072020,3438353,nfmcg_211737,u2i,view,android
1100 days 16:51:24.838199,67649738,nfmcg_25229307,u2i,view,android
1100 days 16:51:33.089118,67649738,nfmcg_21585123,u2i,view,android
1100 days 16:51:49.251611,34793749,nfmcg_25097287,u2i,view,android
1100 days 16:52:33.960565,19289681,nfmcg_23480651,catalog,view,android
1100 days 16:52:52.633827,61590889,nfmcg_2138782,other,view,android
1100 days 16:53:09.199329,34793749,nfmcg_21363739,u2i,view,android
1100 days 16:53:10.886540,63319420,nfmcg_15044500,other,view,android
1100 days 16:55:00.996965,51188728,nfmcg_13386125,u2i,view,android
1100 days 16:55:42.963427,44813615,nfmcg_19030396,u2i,view,android
1100 days 16:55:51.742600,9187571,nfmcg_27802309,u2i,view,android
1100 days 16:56:35.962997,34793749,nfmcg_11257548,search,view,android
1100 days 16:56:51.420251,63743426,nfmcg_16484774,u2i,view,android
1100 days 16:57:07.019652,34793749,nfmcg_28153258,u2i,view,android
1100 days 16:58:16.051921,59646916,nfmcg_11856679,u2i,view,android
1100 days 16:59:31.436216,4167317,nfmcg_12900886,u2i,view,ios
1100 days 16:59:33.901611,34793749,nfmcg_15866681,u2i,view,android
1100 days 16:59:48.198475,67649738,nfmcg_27044039,catalog,view,android
1100 days 16:59:59.004270,34793749,nfmcg_19738144,search,view,android
1100 days 17:00:33.636995,34793749,nfmcg_11573802,u2i,view,android
1100 days 17:01:16.246352,19289681,nfmcg_7410673,u2i,view,android
1100 days 17:02:12.909606,34793749,nfmcg_25658871,search,view,android
1100 days 17:02:27.226887,70321012,nfmcg_23347282,u2i,view,ios
1100 days 17:05:00.243311,67649738,nfmcg_5540162,u2i,view,android
1100 days 17:05:11.694525,34793749,nfmcg_20114920,u2i,view,android
1100 days 17:05:33.220718,34793749,nfmcg_28260720,search,view,android
1100 days 17:05:56.878107,34793749,nfmcg_25174083,search,view,android
1100 days 17:06:25.825753,34793749,nfmcg_9251176,search,view,android
1100 days 17:06:35.890252,67649738,nfmcg_9528279,u2i,view,android
1100 days 17:07:20.386452,29328171,nfmcg_9526432,u2i,view,android
1100 days 17:07:38.638482,20597109,nfmcg_7459787,u2i,view,android
1100 days 17:07:47.290070,67649738,nfmcg_23302246,catalog,view,android
1100 days 17:08:15.406280,50728289,nfmcg_15195552,other,clickout,android
1100 days 17:08:34.904239,34793749,nfmcg_14862967,search,view,android
1100 days 17:08:36.571932,32165268,nfmcg_26283808,u2i,view,android
1100 days 17:08:58.205810,34793749,nfmcg_12900333,search,view,android
1100 days 17:09:27.585693,67649738,nfmcg_14120853,catalog,view,android
1100 days 17:09:37.231132,34275335,nfmcg_23060522,u2i,view,android
1100 days 17:10:35.034574,34793749,nfmcg_13640447,search,view,android
1100 days 17:11:46.671204,25567708,nfmcg_13757063,u2i,view,android
1100 days 17:11:49.083318,63319420,nfmcg_15893105,other,view,android
1100 days 17:11:53.227073,32165268,nfmcg_12738476,u2i,view,android
1100 days 17:14:05.125287,34793749,nfmcg_3112243,search,view,android
1100 days 17:14:06.608039,43040024,nfmcg_23331687,u2i,view,android
1100 days 17:15:05.155077,34793749,nfmcg_14101082,u2i,view,android
1100 days 17:15:35.574778,50728289,nfmcg_14158756,catalog,view,android
1100 days 17:16:15.345657,67649738,nfmcg_17780904,u2i,view,android
1100 days 17:17:04.933823,19289681,nfmcg_12318615,u2i,view,android
1100 days 17:17:14.371201,67649738,nfmcg_27862599,u2i,view,android
1100 days 17:18:55.322635,30720050,nfmcg_20869172,u2i,view,android
1100 days 17:19:15.077446,70321012,nfmcg_7078972,u2i,view,ios
1100 days 17:19:34.378947,51188728,nfmcg_2067568,u2i,view,android
1100 days 17:20:06.255620,67649738,nfmcg_6070689,catalog,view,android
1100 days 17:21:05.396872,6857436,nfmcg_16589292,u2i,view,android
1100 days 17:21:10.158998,50728289,nfmcg_10287041,u2i,view,android
1100 days 17:21:45.814399,50728289,nfmcg_19766962,u2i,view,android
1100 days 17:21:48.708460,43941814,nfmcg_16652137,u2i,view,android
1100 days 17:22:23.507095,34793749,nfmcg_9522774,search,view,android
1100 days 17:22:58.106794,32165268,nfmcg_6747190,u2i,view,android
1100 days 17:23:21.075689,4963889,nfmcg_2992071,u2i,view,ios
1100 days 17:23:22.065565,34793749,nfmcg_4026332,search,view,android
1100 days 17:24:36.364704,67649738,nfmcg_12320434,catalog,view,android
1100 days 17:24:53.256110,67649738,nfmcg_6624805,catalog,view,android
1100 days 17:25:14.947018,25359980,nfmcg_20635570,u2i,view,android
1100 days 17:25:20.614323,67649738,nfmcg_13767212,u2i,view,android
1100 days 17:25:42.366602,34793749,nfmcg_26158548,search,view,android
1100 days 17:26:10.822133,34793749,nfmcg_10054852,search,view,android
1100 days 17:26:37.079083,25359980,nfmcg_17780904,u2i,view,android
1100 days 17:26:40.409421,67649738,nfmcg_1325126,search,view,android
1100 days 17:27:22.392566,34793749,nfmcg_21713188,u2i,view,android
1100 days 17:28:14.164937,728091,nfmcg_13329597,u2i,view,android
1100 days 17:28:53.914021,25359980,nfmcg_11026960,u2i,view,android
1100 days 17:29:21.929969,34793749,nfmcg_19030396,u2i,view,android
1100 days 17:30:48.907174,34793749,nfmcg_2314102,search,view,android
1100 days 17:31:08.265584,34793749,nfmcg_26513010,search,view,android
1100 days 17:31:32.205670,67649738,nfmcg_19232350,catalog,view,android
1100 days 17:31:45.510335,34275335,nfmcg_12898997,u2i,click,android
1100 days 17:32:39.678338,34793749,nfmcg_24564699,u2i,view,android
1100 days 17:33:33.633909,67649738,nfmcg_25325449,catalog,view,android
1100 days 17:33:51.453227,67649738,nfmcg_7078972,u2i,view,android
1100 days 17:34:44.126199,5563033,nfmcg_1757172,other,view,android
1100 days 17:35:01.901706,67649738,nfmcg_8386753,u2i,view,android
1100 days 17:35:08.893541,34793749,nfmcg_18387601,u2i,view,android
1100 days 17:35:42.451132,67649738,nfmcg_17419311,u2i,view,android
1100 days 17:36:39.648465,34793749,nfmcg_24492920,u2i,view,android
1100 days 17:37:30.496045,50728289,nfmcg_19741298,u2i,view,android
1100 days 17:38:24.069152,34793749,nfmcg_2684066,search,view,android
1100 days 17:39:11.016444,63743426,nfmcg_4441999,u2i,view,android
1100 days 17:39:28.048711,8065138,nfmcg_24530905,u2i,view,ios
1100 days 17:40:40.928382,34793749,nfmcg_735616,search,view,android
1100 days 17:41:38.639428,34793749,nfmcg_18180700,u2i,view,android
1100 days 17:41:55.964677,42052799,nfmcg_17867241,u2i,view,android
1100 days 17:42:25.353195,34793749,nfmcg_25588651,u2i,view,android
1100 days 17:44:07.911554,34793749,nfmcg_27556927,search,view,android
1100 days 17:45:50.166422,33212431,nfmcg_21514286,u2i,view,android
1100 days 17:46:22.810245,67649738,nfmcg_15250068,catalog,view,android
1100 days 17:46:52.035001,34793749,nfmcg_11216842,u2i,view,android
1100 days 17:48:16.451196,25359980,nfmcg_23986876,u2i,view,android
1100 days 17:48:46.121960,34793749,nfmcg_21984785,search,view,android
1100 days 17:49:21.125074,15870850,nfmcg_27620513,other,view,android
1100 days 17:49:50.598094,34793749,nfmcg_7864867,u2i,view,android
1100 days 17:49:55.577724,67649738,nfmcg_9267342,catalog,view,android
1100 days 17:51:50.146537,248860,nfmcg_21786924,u2i,view,android
1100 days 17:52:30.731087,67649738,nfmcg_20969597,catalog,view,android
1100 days 17:52:48.725494,61590889,nfmcg_20675903,u2i,view,ios
1100 days 17:52:53.441580,33212431,nfmcg_13329597,u2i,view,android
1100 days 17:55:16.867997,11586536,nfmcg_15022704,u2i,view,android
1100 days 17:55:22.851354,8065138,nfmcg_3748778,u2i,view,ios
1100 days 17:55:38.303864,33212431,nfmcg_13329597,u2i,view,android
1100 days 17:56:13.202594,69613161,nfmcg_1941891,u2i,click,ios
1100 days 17:56:34.928937,47453716,nfmcg_254657,u2i,view,android
1100 days 17:56:44.450209,32165268,nfmcg_6747190,u2i,view,android
1100 days 17:57:21.955235,34793749,nfmcg_8287559,search,view,android
1100 days 17:57:48.966309,34793749,nfmcg_23196163,u2i,view,android
1100 days 17:58:48.517772,34793749,nfmcg_16518156,u2i,view,android
1100 days 18:00:16.600887,34793749,nfmcg_7889375,u2i,view,android
1100 days 18:01:33.532447,70321012,nfmcg_20114920,u2i,view,ios
1100 days 18:02:00.293069,38072167,nfmcg_14326289,u2i,view,ios
1100 days 18:03:16.664620,34793749,nfmcg_13098707,u2i,view,android
1100 days 18:04:23.551863,34793749,nfmcg_13707213,u2i,view,android
1100 days 18:04:43.552203,34793749,nfmcg_4441999,u2i,view,android
1100 days 18:05:46.009742,8065138,nfmcg_3082637,u2i,view,ios
1100 days 18:06:18.755760,34793749,nfmcg_25344652,search,view,android
1100 days 18:06:19.508954,25359980,nfmcg_6643196,catalog,view,android
1100 days 18:06:30.310300,67649738,nfmcg_4299997,catalog,view,android
1100 days 18:07:17.320955,34793749,nfmcg_4195987,search,view,android
1100 days 18:07:31.818859,34793749,nfmcg_22645636,search,view,android
1100 days 18:08:07.304084,34793749,nfmcg_26576478,search,click,android
1100 days 18:09:01.727055,67649738,nfmcg_21007669,catalog,view,android
1100 days 18:09:39.717939,34793749,nfmcg_17292527,search,view,android
1100 days 18:10:40.954235,67649738,nfmcg_23085320,u2i,view,android
1100 days 18:15:05.687855,67649738,nfmcg_8386753,u2i,view,android
1100 days 18:15:10.838161,42278615,nfmcg_28078922,u2i,click,android
1100 days 18:15:56.712420,34793749,nfmcg_7816204,u2i,view,android
1100 days 18:16:00.709073,34793749,nfmcg_22056385,search,view,android
1100 days 18:17:15.525791,62325019,nfmcg_19766962,u2i,view,android
1100 days 18:17:44.739083,34793749,nfmcg_15308924,search,view,android
1100 days 18:18:35.885209,32165268,nfmcg_12738476,u2i,view,android
1100 days 18:18:37.063414,34793749,nfmcg_3962347,search,view,android
1100 days 18:19:14.921505,42052799,nfmcg_10472957,u2i,view,android
1100 days 18:19:54.787714,34793749,nfmcg_17968679,u2i,view,android
1100 days 18:20:53.946013,34793749,nfmcg_14404508,search,view,android
1100 days 18:21:08.585098,57486402,nfmcg_16851959,u2i,view,ios
1100 days 18:21:10.837628,51188728,nfmcg_13386125,u2i,view,android
1100 days 18:21:15.758503,34793749,nfmcg_20787399,search,view,android
1100 days 18:24:51.137219,22652231,nfmcg_763302,other,view,android
1100 days 18:26:39.667560,232509,nfmcg_17867241,u2i,view,android
1100 days 18:26:56.989703,34793749,nfmcg_13513508,search,view,android
1100 days 18:28:13.650537,34793749,nfmcg_14219638,search,view,android
1100 days 18:28:34.187091,67649738,nfmcg_28419806,search,view,android
1100 days 18:29:08.473696,89701100,nfmcg_19742246,u2i,view,android
1100 days 18:29:52.363172,32165268,nfmcg_26283808,u2i,view,android
1100 days 18:30:17.795080,47453716,nfmcg_21786924,u2i,view,android
1100 days 18:33:16.959410,70321012,nfmcg_23205214,u2i,view,ios
1100 days 18:33:42.648527,34793749,nfmcg_6803618,u2i,view,android
1100 days 18:33:52.037500,6313820,nfmcg_13329597,catalog,view,android
1100 days 18:34:15.237216,32165268,nfmcg_12738476,u2i,view,android
1100 days 18:37:29.076778,44813615,nfmcg_16213424,u2i,view,android
1100 days 18:37:52.631419,34793749,nfmcg_28078922,u2i,view,android
1100 days 18:38:05.502394,34793749,nfmcg_17990045,search,view,android
1100 days 18:38:17.109525,19289681,nfmcg_9245128,u2i,view,android
1100 days 18:39:19.194920,67649738,nfmcg_7126316,u2i,view,android
1100 days 18:39:42.159769,34793749,nfmcg_23910018,u2i,click,android
1100 days 18:39:43.994621,67649738,nfmcg_20114920,u2i,view,android
1100 days 18:39:50.994119,37924756,nfmcg_4436221,u2i,view,android
1100 days 18:40:20.658892,67649738,nfmcg_20605596,u2i,view,android
1100 days 18:41:13.162273,34793749,nfmcg_17780904,u2i,view,android
1100 days 18:41:40.972779,34297850,nfmcg_16684390,u2i,view,android
1100 days 18:42:14.732277,59697359,nfmcg_16883345,other,view,ios
1100 days 18:42:16.681961,25359980,nfmcg_2177625,catalog,view,android
1100 days 18:42:46.895121,9187571,nfmcg_28404864,u2i,view,android
1100 days 18:44:02.101289,67649738,nfmcg_12151930,search,click,android
1100 days 18:45:39.098906,34793749,nfmcg_694750,search,view,android
1100 days 18:46:16.164209,34793749,nfmcg_8765484,search,view,android
1100 days 18:47:09.120506,38072167,nfmcg_21786924,u2i,view,ios
1100 days 18:50:01.361060,62325019,nfmcg_14326289,u2i,view,android
1100 days 18:50:45.620378,34793749,nfmcg_4541141,search,view,android
1100 days 18:51:09.123433,34793749,nfmcg_12636714,u2i,view,android
1100 days 18:51:42.942752,21206495,nfmcg_15431332,u2i,view,android
1100 days 18:52:14.611396,34793749,nfmcg_27056349,search,click,android
1100 days 18:52:23.011730,32504191,nfmcg_20869172,u2i,view,ios
1100 days 18:52:52.611791,28765674,nfmcg_12660139,other,view,android
1100 days 18:53:12.777579,67649738,nfmcg_23732101,catalog,view,android
1100 days 18:53:35.972559,34793749,nfmcg_24710551,search,view,android
1100 days 18:54:03.376205,67649738,nfmcg_21079455,search,view,android
1100 days 18:54:26.037338,34793749,nfmcg_2372541,search,view,android
1100 days 18:54:29.957082,34297850,nfmcg_21786924,u2i,view,android
1100 days 18:54:36.271543,67649738,nfmcg_19569228,catalog,view,android
1100 days 18:54:54.450149,70321012,nfmcg_23205214,u2i,view,ios
1100 days 18:55:33.838910,42052799,nfmcg_19742246,u2i,view,android
1100 days 18:55:38.850641,38072167,nfmcg_20114920,u2i,view,ios
1100 days 18:55:56.143862,19289681,nfmcg_22274954,search,view,android
1100 days 18:56:26.825458,34793749,nfmcg_14193797,u2i,view,android
1100 days 18:56:52.566171,47453716,nfmcg_22764748,u2i,view,android
1100 days 18:58:12.654344,47639006,nfmcg_20575214,other,view,android
1100 days 18:58:25.605731,67649738,nfmcg_13703766,search,view,android
1100 days 18:59:34.912176,70321012,nfmcg_26202322,u2i,view,ios
1100 days 18:59:53.114893,67649738,nfmcg_23739710,catalog,view,android
1100 days 19:00:18.170778,34793749,nfmcg_13207970,u2i,view,android
1100 days 19:02:07.915491,63743426,nfmcg_12636714,u2i,view,android
1100 days 19:02:23.999899,34793749,nfmcg_14628165,search,view,android
1100 days 19:03:15.021376,34793749,nfmcg_27932100,search,view,android
1100 days 19:04:27.652077,34793749,nfmcg_26576478,search,view,android
1100 days 19:05:23.122689,89701100,nfmcg_13540687,u2i,view,android
1100 days 19:05:29.352377,67649738,nfmcg_12389954,u2i,view,android
1100 days 19:05:53.256271,25359980,nfmcg_21786924,u2i,view,android
1100 days 19:05:54.168776,47453716,nfmcg_11474207,u2i,view,android
1100 days 19:05:59.715814,19289681,nfmcg_17279027,catalog,view,android
1100 days 19:07:33.769677,67649738,nfmcg_4942798,catalog,view,android
1100 days 19:07:57.428294,11394013,nfmcg_15028357,other,view,android
1100 days 19:08:10.880895,34793749,nfmcg_27986074,search,view,android
1100 days 19:09:41.623896,34793749,nfmcg_11342845,search,view,android
1100 days 19:13:01.743125,34793749,nfmcg_14596490,u2i,view,android
1100 days 19:16:03.603692,34793749,nfmcg_12689486,search,view,android
1100 days 19:16:41.870974,34793749,nfmcg_1380237,search,view,android
1100 days 19:17:09.773768,34793749,nfmcg_13540660,u2i,view,android
1100 days 19:17:13.511963,51188728,nfmcg_2067568,u2i,view,android
1100 days 19:17:42.175556,67649738,nfmcg_14649335,u2i,view,android
1100 days 19:18:06.905449,33212431,nfmcg_24086552,u2i,view,android
1100 days 19:19:02.297393,76511864,nfmcg_15866681,other,view,android
1100 days 19:19:24.055747,34275335,nfmcg_13540687,u2i,view,android
1100 days 19:21:07.835825,34793749,nfmcg_27689220,search,view,android
1100 days 19:21:31.328678,67649738,nfmcg_8758658,search,view,android
1100 days 19:22:06.144430,19289681,nfmcg_20533416,search,view,android
1100 days 19:23:24.195884,34793749,nfmcg_11342845,search,view,android
1100 days 19:23:25.838724,34793749,nfmcg_8806191,search,view,android
1100 days 19:24:36.602988,25359980,nfmcg_2478644,catalog,view,android
1100 days 19:24:51.429045,85883433,nfmcg_1263011,u2i,view,android
1100 days 19:25:08.890525,32165268,nfmcg_14326289,u2i,view,android
1100 days 19:26:36.726132,25359980,nfmcg_24716099,catalog,view,android
1100 days 19:26:43.360019,9227607,nfmcg_4436221,other,view,ios
1100 days 19:27:34.693264,32165268,nfmcg_14326289,u2i,view,android
1100 days 19:28:13.247449,25359980,nfmcg_6655754,other,view,android
1100 days 19:28:36.021261,25359980,nfmcg_22704905,catalog,view,android
1100 days 19:28:37.356817,34275335,nfmcg_23060522,u2i,view,android
1100 days 19:29:35.980202,47639006,nfmcg_20114920,other,view,android
1100 days 19:29:41.124028,34793749,nfmcg_11257548,search,view,android
1100 days 19:31:00.793148,34793749,nfmcg_15867688,search,view,android
1100 days 19:31:31.059363,70321012,nfmcg_20114920,u2i,view,ios
1100 days 19:31:49.357373,34793749,nfmcg_24058134,u2i,click,android
1100 days 19:33:29.345884,51188728,nfmcg_23378496,u2i,view,android
1100 days 19:34:46.388226,34793749,nfmcg_4179012,search,view,android
1100 days 19:35:03.097070,232509,nfmcg_867469,u2i,view,android
1100 days 19:35:43.746393,34793749,nfmcg_27988091,search,click,android
1100 days 19:36:24.783130,61590889,nfmcg_11856679,u2i,view,android
1100 days 19:36:45.914456,34793749,nfmcg_21370255,search,view,android
1100 days 19:36:51.628316,34297850,nfmcg_16484774,u2i,view,android
1100 days 19:37:01.665098,728091,nfmcg_19741298,u2i,view,android
1100 days 19:37:21.873370,34793749,nfmcg_18614619,search,view,android
1100 days 19:37:46.682268,34793749,nfmcg_11110544,search,view,android
1100 days 19:38:18.967428,29611271,nfmcg_226874,u2i,view,android
1100 days 19:39:07.593091,25359980,nfmcg_7791050,catalog,view,android
1100 days 19:39:47.581739,53399996,nfmcg_27581059,other,view,android
1100 days 19:40:40.912169,34297850,nfmcg_27118219,u2i,view,android
1100 days 19:40:43.166034,34793749,nfmcg_2268853,search,view,android
1100 days 19:41:51.587718,34793749,nfmcg_18614619,search,view,android
1100 days 19:42:24.392717,25567708,nfmcg_14649335,u2i,view,android
1100 days 19:43:51.576779,34793749,nfmcg_8912042,search,view,android
1100 days 19:44:47.582218,19289681,nfmcg_23416517,catalog,view,android
1100 days 19:47:02.088717,29250236,nfmcg_6971345,other,view,android
1100 days 19:47:09.990824,34793749,nfmcg_18614619,search,view,android
1100 days 19:47:18.291710,34793749,nfmcg_16748317,search,view,android
1100 days 19:47:27.098219,34793749,nfmcg_9259352,search,view,android
1100 days 19:48:00.787737,34793749,nfmcg_13540687,u2i,view,android
1100 days 19:48:49.806219,19289681,nfmcg_4690794,u2i,view,android
1100 days 19:49:01.988491,34793749,nfmcg_10512564,search,view,android
1100 days 19:49:05.954996,34793749,nfmcg_21605624,u2i,view,android
1100 days 19:49:22.299112,34793749,nfmcg_25237144,u2i,view,android
1100 days 19:49:27.802488,21888700,nfmcg_14326289,u2i,view,android
1100 days 19:49:45.328281,70321012,nfmcg_26202322,u2i,view,ios
1100 days 19:49:54.560425,34275335,nfmcg_23347282,u2i,view,android
1100 days 19:52:05.943406,34793749,nfmcg_13409561,search,view,android
1100 days 19:54:00.820150,72942632,nfmcg_18051153,other,view,android
1100 days 19:54:55.320043,19289681,nfmcg_22167570,u2i,view,android
1100 days 19:55:05.227753,54951949,nfmcg_22764748,other,click,android
1100 days 19:57:02.310364,34793749,nfmcg_21370255,search,view,android
1100 days 19:57:21.322845,34793749,nfmcg_15258683,u2i,view,android
1100 days 19:57:32.233936,21888700,nfmcg_22764748,u2i,view,android
1100 days 19:57:33.407201,34793749,nfmcg_16290354,u2i,view,android
1100 days 19:57:34.677532,34793749,nfmcg_14319403,search,view,android
1100 days 19:58:51.673663,34793749,nfmcg_27056349,search,view,android
1100 days 19:59:02.313501,34793749,nfmcg_13640447,search,view,android
1100 days 19:59:43.144366,34793749,nfmcg_2943361,u2i,view,android
1100 days 20:00:23.583641,34793749,nfmcg_10195299,search,click,android
1100 days 20:01:19.791195,34793749,nfmcg_27556927,search,view,android
1100 days 20:02:08.047969,34793749,nfmcg_28239559,search,view,android
1100 days 20:02:31.596695,34793749,nfmcg_3582472,search,click,android
1100 days 20:02:52.081156,19289681,nfmcg_17666980,catalog,view,android
1100 days 20:02:55.924920,34793749,nfmcg_21678523,u2i,view,android
1100 days 20:04:17.809608,19289681,nfmcg_28097973,catalog,view,android
1100 days 20:04:26.441733,1618816,nfmcg_15431332,other,view,android
1100 days 20:04:27.252775,70321012,nfmcg_20114920,u2i,view,ios
1100 days 20:04:53.223121,37924756,nfmcg_21786924,u2i,view,android
1100 days 20:05:24.813876,34793749,nfmcg_27056349,search,clickout,android
1100 days 20:06:42.725637,21888700,nfmcg_3665310,u2i,view,android
1100 days 20:06:56.312175,59695659,nfmcg_11856679,other,view,android
1100 days 20:07:39.576922,34392272,nfmcg_27802309,other,view,android
1100 days 20:07:50.667867,8065138,nfmcg_226874,u2i,view,ios
1100 days 20:07:56.288504,61509576,nfmcg_20869172,search,view,android
1100 days 20:09:26.108544,34793749,nfmcg_12406233,u2i,view,android
1100 days 20:09:36.833760,34793749,nfmcg_19873284,u2i,view,android
1100 days 20:10:20.325240,72532746,nfmcg_21363739,u2i,view,android
1100 days 20:10:26.750513,34793749,nfmcg_28566561,search,view,android
1100 days 20:10:55.998646,67649738,nfmcg_25454249,u2i,view,android
1100 days 20:11:10.796848,19289681,nfmcg_20040213,catalog,view,android
1100 days 20:12:13.617853,728091,nfmcg_16134128,u2i,view,android
1100 days 20:12:49.334906,11465539,nfmcg_8374082,u2i,view,ios
1100 days 20:14:15.264076,34793749,nfmcg_19383957,u2i,view,android
1100 days 20:14:41.081758,34793749,nfmcg_8277485,search,view,android
1100 days 20:15:44.698437,34793749,nfmcg_25323339,search,view,android
1100 days 20:15:53.107129,34793749,nfmcg_9522774,search,view,android
1100 days 20:16:21.437525,34793749,nfmcg_13020632,search,view,android
1100 days 20:16:38.220840,34793749,nfmcg_22803046,search,view,android
1100 days 20:19:07.437789,34793749,nfmcg_27118219,u2i,view,android
1100 days 20:20:03.623055,62971197,nfmcg_20114920,u2i,view,android
1100 days 20:20:09.109688,34793749,nfmcg_25195870,search,view,android
1100 days 20:20:18.724424,34793749,nfmcg_13577187,u2i,view,android
1100 days 20:22:48.507724,38072167,nfmcg_20114920,other,view,ios
1100 days 20:23:47.527377,34793749,nfmcg_9735673,search,view,android
1100 days 20:24:25.598460,42052799,nfmcg_25919685,u2i,view,android
1100 days 20:25:01.188047,67649738,nfmcg_14831429,catalog,view,ios
1100 days 20:25:37.550329,54326542,nfmcg_2992071,other,view,android
1100 days 20:26:00.531690,34793749,nfmcg_14522263,u2i,view,android
1100 days 20:26:34.097155,34275335,nfmcg_23060522,u2i,view,android
1100 days 20:27:34.545010,34793749,nfmcg_10512564,search,view,android
1100 days 20:28:12.343517,62325019,nfmcg_24086552,u2i,view,android
1100 days 20:28:21.264537,34793749,nfmcg_28566561,search,view,android
1100 days 20:28:53.717955,19289681,nfmcg_28031081,catalog,view,android
1100 days 20:31:11.646036,34793749,nfmcg_9188338,search,view,android
1100 days 20:32:13.951462,73212316,nfmcg_17780904,other,view,android
1100 days 20:34:05.530066,34793749,nfmcg_20102906,search,view,android
1100 days 20:34:17.503922,29725028,nfmcg_2340615,other,view,android
1100 days 20:38:49.508318,34793749,nfmcg_22533971,search,view,android
1100 days 20:40:10.234510,25567708,nfmcg_12611615,u2i,view,android
1100 days 20:40:21.922710,19289681,nfmcg_24506774,catalog,view,android
1100 days 20:40:24.024783,34793749,nfmcg_4737005,u2i,view,android
1100 days 20:40:27.840740,21888700,nfmcg_27802309,u2i,view,android
1100 days 20:40:31.123128,25359980,nfmcg_11856679,u2i,view,android
1100 days 20:43:15.734823,8065138,nfmcg_18051153,u2i,view,ios
1100 days 20:43:30.244665,34793749,nfmcg_17156587,search,view,android
1100 days 20:44:46.674304,32165268,nfmcg_6747190,u2i,view,android
1100 days 20:45:44.662077,34793749,nfmcg_25240298,search,view,android
1100 days 20:46:22.974194,32165268,nfmcg_14326289,u2i,view,android
1100 days 20:46:37.072031,25359980,nfmcg_22764748,u2i,view,android
1100 days 20:47:09.519689,25359980,nfmcg_16883345,other,view,android
1100 days 20:47:23.162173,34793749,nfmcg_15508131,u2i,view,android
1100 days 20:48:28.047519,34793749,nfmcg_4013830,search,view,android
1100 days 20:51:15.678806,60576373,nfmcg_22880824,other,view,ios
1100 days 20:53:40.609811,51188728,nfmcg_20114920,u2i,view,android
1100 days 20:54:03.703208,33212431,nfmcg_21514286,u2i,view,android
1100 days 20:54:33.048363,19289681,nfmcg_6212301,u2i,view,android
1100 days 20:56:35.012636,3438353,nfmcg_1343251,u2i,view,android
1100 days 20:56:40.681489,70321012,nfmcg_11474207,u2i,view,ios
1100 days 20:57:16.652163,11281781,nfmcg_2685929,u2i,view,android
1100 days 20:58:02.933346,34793749,nfmcg_10122257,search,view,android
1100 days 20:58:14.385675,34793749,nfmcg_6414759,search,view,android
1100 days 20:59:13.692539,34793749,nfmcg_5264021,search,view,android
1100 days 21:02:14.658457,42052799,nfmcg_22003990,u2i,view,ios
1100 days 21:02:45.225486,34793749,nfmcg_27281646,u2i,view,android
1100 days 21:04:26.038115,34793749,nfmcg_17628241,u2i,view,android
1100 days 21:04:31.329497,19289681,nfmcg_5839271,u2i,view,android
1100 days 21:05:21.474806,19289681,nfmcg_16055864,u2i,view,android
1100 days 21:07:13.219210,34297850,nfmcg_20114920,u2i,view,android
1100 days 21:07:20.402351,32165268,nfmcg_2326353,u2i,view,android
1100 days 21:08:24.598651,728091,nfmcg_21514286,u2i,view,android
1100 days 21:08:45.859464,34793749,nfmcg_1724547,u2i,view,android
1100 days 21:10:17.126842,19289681,nfmcg_25928643,u2i,view,android
1100 days 21:10:23.813451,34793749,nfmcg_16270508,search,view,android
1100 days 21:11:19.722645,25359980,nfmcg_20580454,catalog,view,android
1100 days 21:14:31.492333,63743426,nfmcg_20282739,u2i,view,android
1100 days 21:15:06.591823,6313820,nfmcg_4085927,u2i,view,android
1100 days 21:15:24.478432,34793749,nfmcg_9098830,search,view,android
1100 days 21:15:43.699942,34275335,nfmcg_23347282,u2i,view,android
1100 days 21:16:32.811857,25359980,nfmcg_4085927,u2i,view,android
1100 days 21:16:38.851189,34793749,nfmcg_28404864,other,view,android
1100 days 21:16:45.049507,70321012,nfmcg_23347282,u2i,view,ios
1100 days 21:16:51.601404,70321012,nfmcg_19742246,u2i,view,ios
1100 days 21:17:06.050068,34793749,nfmcg_5205781,search,view,android
1100 days 21:17:20.705170,19289681,nfmcg_13911278,search,view,android
1100 days 21:17:49.657714,34793749,nfmcg_7965268,search,view,android
1100 days 21:18:43.998910,34793749,nfmcg_10609316,u2i,view,android
1100 days 21:19:43.888978,34793749,nfmcg_15031137,search,view,android
1100 days 21:20:46.513647,34793749,nfmcg_14879320,search,view,android
1100 days 21:20:54.175126,34793749,nfmcg_14107027,search,view,android
1100 days 21:22:05.311841,25359980,nfmcg_19030396,u2i,view,android
1100 days 21:22:16.833512,34793749,nfmcg_4761190,u2i,view,android
1100 days 21:23:06.180568,34793749,nfmcg_9259352,search,view,android
1100 days 21:23:20.568126,72942632,nfmcg_19742246,u2i,view,android
1100 days 21:24:02.743224,85883433,nfmcg_14326289,u2i,view,android
1100 days 21:24:06.930301,72532746,nfmcg_13266323,u2i,view,android
1100 days 21:24:58.356609,59646916,nfmcg_11856679,other,view,android
1100 days 21:26:03.435275,75881907,nfmcg_20869172,u2i,view,android
1100 days 21:27:15.454870,34793749,nfmcg_26576478,search,view,android
1100 days 21:28:57.195153,34297850,nfmcg_11474207,u2i,view,android
1100 days 21:30:52.145891,34793749,nfmcg_15893105,u2i,view,android
1100 days 21:31:15.914806,7258437,nfmcg_4857549,other,view,android
1100 days 21:31:27.802182,11281781,nfmcg_26053389,u2i,view,ios
1100 days 21:32:26.778616,34793749,nfmcg_26158548,search,view,android
1100 days 21:33:22.825516,19289681,nfmcg_24304185,catalog,view,android
1100 days 21:33:41.674343,6313820,nfmcg_21177692,u2i,view,android
1100 days 21:34:21.007259,6313820,nfmcg_24750252,catalog,view,android
1100 days 21:34:55.403203,34793749,nfmcg_13809873,search,view,android
1100 days 21:34:59.520801,34793749,nfmcg_11128199,search,view,android
1100 days 21:35:34.912637,51188728,nfmcg_8078750,u2i,view,android
1100 days 21:36:06.958163,34793749,nfmcg_18777934,search,view,android
1100 days 21:37:10.771229,34793749,nfmcg_4821846,search,view,android
1100 days 21:37:30.894021,6313820,nfmcg_7609616,catalog,view,android
1100 days 21:37:43.964440,34793749,nfmcg_26576478,search,view,android
1100 days 21:38:02.324424,32165268,nfmcg_21786924,u2i,view,android
1100 days 21:41:15.555258,34793749,nfmcg_10791026,search,view,android
1100 days 21:42:24.290360,25359980,nfmcg_15410130,u2i,view,android
1100 days 21:43:34.910738,34793749,nfmcg_14802843,u2i,view,android
1100 days 21:43:39.714605,6313820,nfmcg_2025358,catalog,view,android
1100 days 21:43:47.975266,34793749,nfmcg_9722108,search,view,android
1100 days 21:44:16.945916,34793749,nfmcg_3112243,search,click,android
1100 days 21:45:51.364789,34793749,nfmcg_15377487,search,view,android
1100 days 21:46:17.759403,34793749,nfmcg_6829990,u2i,view,android
1100 days 21:46:57.827245,44813615,nfmcg_7843489,u2i,view,android
1100 days 21:48:15.079791,33212431,nfmcg_28190260,u2i,view,android
1100 days 21:48:39.837863,34793749,nfmcg_22803046,search,view,android
1100 days 21:49:58.418893,8065138,nfmcg_23205214,u2i,view,ios
1100 days 21:51:50.485910,44813615,nfmcg_27371570,u2i,view,android
1100 days 21:52:34.930864,34793749,nfmcg_10195299,search,view,android
1100 days 21:53:24.674678,34793749,nfmcg_14804165,u2i,view,android
1100 days 21:53:32.158193,29611271,nfmcg_20675903,u2i,view,android
1100 days 21:53:54.397061,728091,nfmcg_24086552,u2i,view,android
1100 days 21:54:09.676603,34793749,nfmcg_13020632,search,view,android
1100 days 21:54:11.968289,34793749,nfmcg_4521506,u2i,view,android
1100 days 21:54:12.438189,34793749,nfmcg_20028576,search,view,android
1100 days 21:55:18.428312,67649738,nfmcg_25928643,u2i,view,android
1100 days 21:55:50.363099,70321012,nfmcg_19742246,u2i,view,ios
1100 days 21:56:03.840198,34793749,nfmcg_4195987,search,view,android
1100 days 21:57:59.424299,34275335,nfmcg_23471392,u2i,view,android
1100 days 21:58:03.332048,88952686,nfmcg_8331119,u2i,view,android
1100 days 21:58:16.720717,34793749,nfmcg_15955575,search,view,android
1100 days 21:58:18.522254,62971197,nfmcg_4773954,u2i,view,ios
1100 days 21:59:21.940721,32165268,nfmcg_2326353,u2i,view,android
1100 days 21:59:27.545215,70321012,nfmcg_26202322,u2i,view,ios
1100 days 22:00:56.013094,6313820,nfmcg_26170524,catalog,view,android
1100 days 22:02:56.812671,6313820,nfmcg_17242917,catalog,view,android
1100 days 22:04:05.753764,34793749,nfmcg_25208497,search,view,android
1100 days 22:05:01.116072,34275335,nfmcg_12898997,u2i,view,android
1100 days 22:05:16.178994,62278346,nfmcg_21179186,u2i,click,ios
1100 days 22:05:34.488597,34793749,nfmcg_28057908,u2i,view,android
1100 days 22:06:55.271796,728091,nfmcg_12611615,u2i,view,android
1100 days 22:07:45.117676,34793749,nfmcg_15435158,search,view,android
1100 days 22:07:58.547737,6313820,nfmcg_25019524,catalog,view,android
1100 days 22:08:27.997083,85883433,nfmcg_4135053,u2i,view,android
1100 days 22:09:20.527677,34793749,nfmcg_2138782,u2i,view,android
1100 days 22:09:24.048132,6313820,nfmcg_24618665,catalog,view,android
1100 days 22:10:57.170650,34793749,nfmcg_23122468,search,view,android
1100 days 22:11:05.645149,34793749,nfmcg_14677759,search,view,android
1100 days 22:11:59.298120,34793749,nfmcg_25208497,search,view,android
1100 days 22:14:18.171187,34793749,nfmcg_2992071,u2i,view,android
1100 days 22:14:56.348127,44813615,nfmcg_27371570,u2i,view,android
1100 days 22:15:27.863203,34793749,nfmcg_20282739,u2i,click,android
1100 days 22:16:49.072605,70321012,nfmcg_20114920,u2i,view,ios
1100 days 22:18:34.982158,34793749,nfmcg_21815977,u2i,view,android
1100 days 22:19:04.938525,34793749,nfmcg_8096362,search,view,android
1100 days 22:19:23.571165,19289681,nfmcg_5045495,catalog,view,android
1100 days 22:21:55.068552,34793749,nfmcg_27263396,search,view,android
1100 days 22:22:35.186152,34793749,nfmcg_13540660,other,view,android
1100 days 22:23:42.123050,28765674,nfmcg_5968503,other,view,android
1100 days 22:24:30.025724,34793749,nfmcg_14628165,search,view,android
1100 days 22:24:43.863171,34275335,nfmcg_13540687,u2i,view,android
1100 days 22:25:00.209727,34793749,nfmcg_14282645,search,view,android
1100 days 22:27:35.162721,34793749,nfmcg_23550869,search,view,android
1100 days 22:29:37.796864,34793749,nfmcg_27556927,search,view,android
1100 days 22:30:09.589290,34793749,nfmcg_14738464,search,click,android
1100 days 22:30:20.598413,34793749,nfmcg_16857906,u2i,view,android
1100 days 22:30:28.527066,33212431,nfmcg_24086552,u2i,view,android
1100 days 22:30:32.355069,52326907,nfmcg_23471392,other,view,android
1100 days 22:30:41.674338,29611271,nfmcg_19742246,u2i,view,android
1100 days 22:31:41.736938,19289681,nfmcg_13110496,search,view,android
1100 days 22:32:06.089786,28840212,nfmcg_6783688,u2i,view,android
1100 days 22:32:15.507880,63743426,nfmcg_26283808,u2i,view,android
1100 days 22:32:24.533976,34793749,nfmcg_7079292,search,view,android
1100 days 22:32:49.248116,34793749,nfmcg_27986074,search,view,android
1100 days 22:32:49.543845,34793749,nfmcg_5480135,search,view,android
1100 days 22:34:46.686333,19528250,nfmcg_8374082,u2i,view,android
1100 days 22:35:32.007741,51188728,nfmcg_13089034,u2i,view,android
1100 days 22:35:49.980985,25359980,nfmcg_23667036,catalog,view,android
1100 days 22:38:03.567399,19289681,nfmcg_16680886,u2i,view,android
1100 days 22:39:14.971352,34793749,nfmcg_28549828,search,view,android
1100 days 22:40:00.659701,34793749,nfmcg_9722108,search,view,android
1100 days 22:41:16.015023,70321012,nfmcg_7078972,u2i,view,ios
1100 days 22:42:18.845369,51188728,nfmcg_14649335,u2i,view,android
1100 days 22:43:07.750659,25359980,nfmcg_22119396,catalog,view,android
1100 days 22:45:41.477309,54326542,nfmcg_11856679,other,view,android
1100 days 22:45:49.414568,50728289,nfmcg_2326353,u2i,view,android
1100 days 22:46:15.389102,34793749,nfmcg_26737733,search,view,android
1100 days 22:48:04.097512,34793749,nfmcg_4195987,search,view,android
1100 days 22:49:16.585358,25359980,nfmcg_9163647,catalog,view,android
1100 days 22:49:35.459691,34793749,nfmcg_14677759,search,view,android
1100 days 22:50:38.502733,6313820,nfmcg_4314391,catalog,view,android
1100 days 22:52:51.352420,34793749,nfmcg_7388634,search,view,android
1100 days 22:52:54.494128,37924756,nfmcg_22764748,other,view,android
1100 days 22:54:24.009309,34793749,nfmcg_22195491,search,view,android
1100 days 22:54:58.781390,34793749,nfmcg_2694382,search,view,android
1100 days 22:55:04.887032,34793749,nfmcg_14193797,search,click,android
1100 days 22:56:55.899377,34793749,nfmcg_14404508,search,view,android
1100 days 22:57:49.628019,89701100,nfmcg_11581023,u2i,view,android
1100 days 22:58:16.872058,25359980,nfmcg_1189372,catalog,view,android
1100 days 22:58:34.627860,6313820,nfmcg_24564699,u2i,view,android
1100 days 22:58:51.715085,70321012,nfmcg_23347282,u2i,view,ios
1100 days 23:00:05.653421,34793749,nfmcg_25195870,search,view,android
1100 days 23:03:52.065989,25359980,nfmcg_11462265,u2i,view,android
1100 days 23:03:57.704945,34793749,nfmcg_567130,u2i,view,android
1100 days 23:03:58.273245,34793749,nfmcg_18777934,search,view,android
1100 days 23:05:00.578289,49582828,nfmcg_14672849,u2i,view,android
1100 days 23:05:52.092138,34793749,nfmcg_15195552,search,view,android
1100 days 23:06:47.811490,34793749,nfmcg_14628165,search,click,android
1100 days 23:07:02.074908,34793749,nfmcg_14738464,search,view,android
1100 days 23:09:10.657329,34793749,nfmcg_10122257,search,view,android
1100 days 23:09:50.818851,34793749,nfmcg_15656019,u2i,view,android
1100 days 23:12:11.891332,34793749,nfmcg_19906056,u2i,view,android
1100 days 23:13:13.775101,34793749,nfmcg_22208833,search,view,android
1100 days 23:13:14.158633,24492813,nfmcg_13540687,u2i,view,android
1100 days 23:14:13.033554,32165268,nfmcg_12738476,u2i,view,android
1100 days 23:16:20.352162,53399996,nfmcg_20675903,u2i,view,android
1100 days 23:17:51.825115,34275335,nfmcg_13540687,u2i,view,android
1100 days 23:17:59.900195,73212316,nfmcg_9245128,other,view,android
1100 days 23:18:13.787533,34793749,nfmcg_8287559,search,view,android
1100 days 23:18:42.533938,12389350,nfmcg_10472957,other,view,android
1100 days 23:19:47.906168,51188728,nfmcg_20114920,u2i,view,android
1100 days 23:20:52.101012,51188728,nfmcg_14649335,u2i,view,android
1100 days 23:22:43.019570,34793749,nfmcg_25037989,search,view,android
1100 days 23:23:47.164287,34793749,nfmcg_5146886,search,view,android
1100 days 23:24:14.379018,34793749,nfmcg_10512564,search,view,android
1100 days 23:25:09.275066,34297850,nfmcg_14326289,u2i,view,android
1100 days 23:26:12.258244,34793749,nfmcg_15241635,u2i,view,android
1100 days 23:26:47.805883,44813615,nfmcg_14326289,u2i,view,android
1100 days 23:27:03.304778,21888700,nfmcg_14326289,u2i,view,android
1100 days 23:27:16.914178,50567388,nfmcg_15195552,u2i,view,android
1100 days 23:27:44.259936,34793749,nfmcg_12821364,u2i,view,android
1100 days 23:29:11.998276,34793749,nfmcg_2694382,search,view,android
1100 days 23:30:37.210449,34793749,nfmcg_735616,search,view,android
1100 days 23:32:06.681097,34793749,nfmcg_3895556,search,view,android
1100 days 23:33:19.054862,70321012,nfmcg_23205214,u2i,view,ios
1100 days 23:33:52.156470,34793749,nfmcg_11106361,u2i,view,android
1100 days 23:34:53.461106,6313820,nfmcg_5291332,catalog,view,android
1100 days 23:35:47.686156,34793749,nfmcg_14989905,search,view,android
1100 days 23:37:26.509952,69893006,nfmcg_4470966,u2i,view,android
1100 days 23:37:52.765320,34793749,nfmcg_568309,search,view,android
1100 days 23:40:29.221569,6313820,nfmcg_26003289,catalog,view,android
1100 days 23:41:02.517164,5515542,nfmcg_26056439,u2i,view,android
1100 days 23:41:15.051219,34793749,nfmcg_8352326,search,view,android
1100 days 23:42:09.530415,34793749,nfmcg_11983885,search,view,android
1100 days 23:42:46.114332,25359980,nfmcg_19290940,catalog,view,android
1100 days 23:43:46.765495,34793749,nfmcg_9563327,u2i,view,android
1100 days 23:43:47.715624,51960645,nfmcg_20992285,other,view,android
1100 days 23:47:37.232500,32165268,nfmcg_26283808,u2i,view,android
1100 days 23:51:59.043063,32165268,nfmcg_14326289,u2i,view,android
1100 days 23:52:19.761889,3438353,nfmcg_5160196,u2i,view,android
1100 days 23:52:46.613139,51048267,nfmcg_3896208,u2i,view,android
1100 days 23:53:13.606272,34793749,nfmcg_14219638,search,view,android
1100 days 23:54:07.601797,32165268,nfmcg_21786924,u2i,view,android
1100 days 23:55:47.276932,34275335,nfmcg_18197150,u2i,view,android
1100 days 23:55:53.837204,6313820,nfmcg_16883345,other,view,android
1100 days 23:57:00.255768,6313820,nfmcg_20114920,u2i,view,android
1100 days 23:57:07.378497,6313820,nfmcg_6271540,catalog,view,android
1100 days 23:58:11.806772,34793749,nfmcg_28404864,u2i,view,android
1100 days 23:59:18.354828,34793749,nfmcg_21310837,search,view,android
