user_id,total_spend,max_spend,tx_count,avg_check,total_income,share_АЗС,share_Аптеки,share_Госуслуги,share_Детские товары,share_Дом и Ремонт,share_Красота и Здоровье,share_Одежда и Спорт,share_Прочее,share_Путешествия,share_Развлечения,share_Супермаркеты,share_Фастфуд,net_saving,saving_rate
16301,18521.264851400043,4083.4804264885147,9,2057.918316822227,9462.41780490584,0.0,0.0,0.0,0.0,0.0,0.0,0.0,0.6146964152961043,0.0,0.0,0.3853035847038957,0.0,-9058.847046494204,-0.9573501438287366
39546,24087.683006881016,4831.296660563024,12,2007.3069172400847,510.8363497434687,0.0,0.0,0.09536519989449546,0.0,0.2974956862514461,0.0,0.0,0.44313231161264693,0.0,0.0,0.1382168346837261,0.02578996755768549,-23576.846657137547,-46.1534240250862
60941,28477.058051862055,6329.859574729976,9,3164.117561318006,560.567365451857,0.0,0.0,0.0,0.0,0.0,0.0,0.0,0.6994712901717336,0.0,0.0,0.3005287098282663,0.0,-27916.490686410198,-49.800420800286034
63437,847.2433395077804,677.2374098538857,2,423.6216697538902,0.0,0.20065773518227048,0.0,0.0,0.0,0.0,0.0,0.0,0.7993422648177295,0.0,0.0,0.0,0.0,-847.2433395077804,0.0
90187,12356.865716325203,3815.846109903542,5,2471.3731432650407,0.0,0.0,0.0,0.0,0.1258393378410921,0.0,0.0,0.0,0.5233114793559968,0.0,0.0,0.19829022269137161,0.15255896011153952,-12356.865716325203,0.0
134002,14146.538308300367,3548.4901903568198,5,2829.3076616600733,0.0,0.0,0.0,0.0,0.4277725477274947,0.2508380575532582,0.0,0.0,0.240756562048794,0.0,0.0,0.08063283267045311,0.0,-14146.538308300367,0.0
166869,42883.8778184357,10000.0,11,3898.534347130518,3253.3883496818476,0.0,0.10978620200894705,0.0,0.0,0.0,0.0,0.0,0.8620629212138746,0.0,0.0,0.028150876777178438,0.0,-39630.48946875385,-12.181296915454118
226899,20666.011107587616,5886.169468006274,8,2583.251388448452,0.0,0.2848236864561222,0.0,0.0,0.12330843867409355,0.0,0.0,0.0,0.2230881660629404,0.0,0.0,0.36877970880684374,0.0,-20666.011107587616,0.0
235221,30758.643082904193,3973.009097347186,12,2563.2202569086826,14268.048761026801,0.0,0.0,0.0,0.12863020394677327,0.0,0.0,0.0,0.30785393371853775,0.0,0.0,0.563515862334689,0.0,-16490.594321877394,-1.1557708133799962
237609,20677.961644794483,7436.679604515232,4,5169.490411198621,0.0,0.0,0.0,0.0,0.0,0.0,0.0,0.0,1.0,0.0,0.0,0.0,0.0,-20677.961644794483,0.0
246130,22387.305023902485,4602.655561786574,7,3198.1864319860692,0.0,0.0,0.0,0.0,0.11490343429119913,0.0,0.0,0.0,0.5127799076236568,0.0,0.0,0.37231665808514397,0.0,-22387.305023902485,0.0
278180,22336.508132238952,5143.864235904061,11,2030.591648385359,580.364381453442,0.0,0.06930936134670915,0.0,0.0,0.0,0.0,0.0,0.7218050837532703,0.0,0.0,0.12981383086110512,0.0790717240389154,-21756.143750785508,-37.487041669063615
308377,3824.7256446048364,3196.0834829208807,3,1274.9085482016123,0.0,0.0,0.0,0.0,0.0,0.0,0.0,0.0,0.8356373188307717,0.0,0.0,0.1643626811692282,0.0,-3824.7256446048364,0.0
313268,8478.576442949854,2712.171648898166,4,2119.6441107374635,0.0,0.0,0.0,0.0,0.0,0.19609802297297765,0.1645734222667396,0.0,0.6393285547602827,0.0,0.0,0.0,0.0,-8478.576442949854,0.0
355884,3176.499352134158,3176.499352134158,1,3176.499352134158,672.5759238082802,0.0,0.0,0.0,0.0,0.0,0.0,0.0,1.0,0.0,0.0,0.0,0.0,-2503.923428325878,-3.722885907286251
364983,26026.412621442956,6766.287316326815,5,5205.282524288591,0.0,0.0,0.0,0.0,0.0,0.0,0.0,0.0,0.47988102609017647,0.0,0.0,0.24756502746203238,0.2725539464477912,-26026.412621442956,0.0
394360,14416.926544162461,6469.689091112242,3,4805.642181387487,163.07594014850162,0.0,0.0,0.0,0.0,0.0,0.0,0.0,0.32884703221386824,0.0,0.0,0.6711529677861318,0.0,-14253.850604013958,-87.406214497577
397333,1836.9041236402777,1836.9041236402777,1,1836.9041236402777,1677.1596469718986,0.0,0.0,0.0,0.0,0.0,0.0,1.0,0.0,0.0,0.0,0.0,0.0,-159.7444766683791,-0.09524703086959954
437360,28772.801200668913,4041.910671638318,12,2397.733433389076,10569.336672694877,0.0,0.0,0.0,0.13255157661736447,0.0,0.0,0.0,0.47237573519041015,0.0,0.0,0.3950726881922254,0.0,-18203.464527974036,-1.722290158000301
511562,10861.311287389168,5847.89107495213,3,3620.437095796389,0.0,0.0,0.0,0.0,0.0,0.0,0.0,0.0,1.0,0.0,0.0,0.0,0.0,-10861.311287389168,0.0
548255,9815.45978673503,3404.9701518412758,3,3271.819928911677,770.5845871802463,0.0,0.0,0.0,0.0,0.0,0.0,0.0,0.34190296581927804,0.0,0.0,0.658097034180722,0.0,-9044.875199554783,-11.737679873214372
638999,10170.173009116252,4047.5976963792864,5,2034.0346018232501,2894.61800072193,0.0,0.0,0.0,0.15062175371004696,0.0,0.0,0.0,0.14933472672846237,0.0,0.0,0.7000435195614907,0.0,-7275.555008394321,-2.513476737372519
642118,153035.06799091474,10000.0,35,4372.430514026135,0.0,0.0,0.0,0.0,0.04868483421423897,0.010311593808689935,0.0,0.0,0.7553545797588289,0.0,0.0,0.1531480612355359,0.032500930982706275,-153035.06799091474,0.0
650496,25549.32887268839,4603.024428144417,8,3193.666109086049,992.1081029233484,0.0,0.0,0.0,0.0,0.0,0.0,0.0,0.6818066729653771,0.0,0.21988526581153386,0.09830806122308897,0.0,-24557.22076976504,-24.752565468828113
667537,6729.677574561809,4029.117227604754,2,3364.8387872809044,0.0,0.0,0.0,0.5987088063230285,0.0,0.0,0.0,0.0,0.4012911936769715,0.0,0.0,0.0,0.0,-6729.677574561809,0.0
780916,40567.53635810019,6774.994880395607,15,2704.5024238733454,0.0,0.0,0.3436836823081113,0.0,0.0,0.0,0.0,0.0,0.6563163176918886,0.0,0.0,0.0,0.0,-40567.53635810019,0.0
785109,23976.654896707616,6127.702580636746,6,3996.1091494512693,0.0,0.0,0.0,0.0,0.0,0.2555695365777725,0.0,0.24919375744465208,0.12418522642276406,0.0,0.0,0.3710514795548114,0.0,-23976.654896707616,0.0
841324,2120.050161519171,2120.050161519171,1,2120.050161519171,1961.5202524161464,0.0,1.0,0.0,0.0,0.0,0.0,0.0,0.0,0.0,0.0,0.0,0.0,-158.52990910302455,-0.08081991960457803
859454,22197.038167492006,4489.064676746622,7,3171.005452498858,0.0,0.19942437829572687,0.05417016616954775,0.0,0.0,0.0,0.0,0.0,0.26903805464240044,0.0,0.18692580309190127,0.29044159780042367,0.0,-22197.038167492006,0.0
902867,5294.46789269016,5294.46789269016,1,5294.46789269016,1953.637540420754,0.0,0.0,0.0,0.0,0.0,0.0,0.0,1.0,0.0,0.0,0.0,0.0,-3340.830352269406,-1.710056386175858
921426,2409.5715370205994,2409.5715370205994,1,2409.5715370205994,2224.6272272452775,0.0,0.0,0.0,0.0,0.0,0.0,0.0,1.0,0.0,0.0,0.0,0.0,-184.9443097753216,-0.08313496639359906
975602,59067.408470297596,10000.0,14,4219.100605021256,0.0,0.0,0.31003931054317024,0.0,0.16929809956075118,0.0,0.0,0.0,0.048088902455184296,0.0,0.0,0.2917993744928025,0.1807743129480917,-59067.408470297596,0.0
983759,6406.282769510867,3773.012153218442,3,2135.4275898369556,0.0,0.0,0.0,0.0,0.0,0.0,0.0,0.15708800966493863,0.2539570083328356,0.0,0.0,0.5889549820022257,0.0,-6406.282769510867,0.0
992473,5672.04732387382,5672.04732387382,1,5672.04732387382,518.4115197551587,0.0,0.0,0.0,0.0,0.0,0.0,0.0,1.0,0.0,0.0,0.0,0.0,-5153.635804118661,-9.941206180280638
996261,4162.661382186291,2600.3128159100065,2,2081.3306910931456,0.0,0.0,0.0,0.0,0.0,0.0,0.0,0.0,0.6246755566133231,0.0,0.0,0.3753244433866768,0.0,-4162.661382186291,0.0
1138774,9776.09445643695,3956.2762571292296,3,3258.6981521456496,0.0,0.0,0.0,0.0,0.0,0.0,0.0,0.0,0.5953111669738145,0.0,0.0,0.40468883302618536,0.0,-9776.09445643695,0.0
1150441,20866.601932036254,5141.949856178182,6,3477.766988672709,1182.3254171083042,0.08341669447979433,0.10177052380478133,0.0,0.0,0.0,0.0,0.1843965171890223,0.4376347266920728,0.0,0.0,0.1927815378343292,0.0,-19684.276514927948,-16.64878064033433
1166943,11806.049183193863,6072.617611645162,2,5903.024591596932,0.0,0.0,0.0,0.0,0.0,0.0,0.0,0.0,1.0,0.0,0.0,0.0,0.0,-11806.049183193863,0.0
1184947,17854.88616256401,5784.117628509153,6,2975.8143604273355,0.0,0.0,0.0,0.0,0.0,0.0,0.0,0.0,0.4807423381194727,0.0,0.0,0.5192576618805272,0.0,-17854.88616256401,0.0
1201518,13247.593449827353,2942.4946324388143,7,1892.5133499753363,0.0,0.0,0.0,0.0,0.0,0.30846398432562955,0.0,0.0,0.2681081566261462,0.0,0.0,0.4234278590482243,0.0,-13247.593449827353,0.0
1202347,27121.899643195233,5688.3273035786015,11,2465.6272402904756,1497.161276767219,0.14431873083479074,0.0,0.15021104365934776,0.0,0.0,0.0,0.0,0.41397774562599987,0.0,0.0,0.2914924798798615,0.0,-25624.738366428013,-17.11554978349349
1281539,45533.66297040794,5313.23186210408,13,3502.5894592621494,0.0,0.05036595339447263,0.09191239951495186,0.0,0.0,0.2540083330770383,0.0,0.0,0.2486948265065348,0.0,0.0,0.3550184875070025,0.0,-45533.66297040794,0.0
1299620,9326.103173683941,2448.3861512449907,5,1865.2206347367883,0.0,0.17635961313416892,0.0,0.0,0.0,0.0,0.0,0.0,0.4406936709815489,0.0,0.2611354889596779,0.12181122692460429,0.0,-9326.103173683941,0.0
1314224,6786.1630814287255,5768.966177129271,2,3393.0815407143627,0.0,0.0,0.0,0.0,0.0,0.0,0.0,0.0,0.8501072119703174,0.0,0.0,0.14989278802968276,0.0,-6786.1630814287255,0.0
1324664,31649.802118705367,7153.470743902765,13,2434.600162977336,2312.1289124565233,0.0,0.0,0.0,0.0,0.0,0.0,0.0,0.6432889335109427,0.0,0.05026907645007138,0.30644199003898587,0.0,-29337.673206248845,-12.688597529399436
1361179,21810.872066671116,7439.054050453051,6,3635.1453444451863,0.0,0.0,0.25466164469692265,0.0,0.0,0.0,0.0,0.0,0.5360483972540971,0.0,0.0,0.11582191024042467,0.0934680478085554,-21810.872066671116,0.0
1388244,7721.568794101762,2649.5599349039794,3,2573.8562647005874,550.6576346266357,0.0,0.0,0.0,0.0,0.0,0.0,0.0,0.6568624840941797,0.0,0.0,0.3431375159058203,0.0,-7170.911159475127,-13.0224493560999
1393942,4107.884032159795,2018.4104417754281,3,1369.2946773865983,1008.3310431369644,0.0,0.0,0.0,0.0,0.41600000829792455,0.0,0.0,0.09264959671192956,0.0,0.0,0.49135039499014577,0.0,-3099.552989022831,-3.0739438303714013
1416059,2874.5459211935163,2874.5459211935163,1,2874.5459211935163,1656.4653112183894,0.0,0.0,0.0,0.0,0.0,0.0,0.0,1.0,0.0,0.0,0.0,0.0,-1218.0806099751271,-0.735349301748544
1429903,9238.903032804395,2984.724934388965,4,2309.725758201099,0.0,0.0,0.0,0.5773250974014362,0.0,0.0,0.0,0.0,0.16832184274859482,0.0,0.0,0.2543530598499689,0.0,-9238.903032804395,0.0
1448393,24129.44196034901,4437.096276825261,7,3447.063137192715,5305.9934938134265,0.0,0.0,0.0,0.14749659807900087,0.0,0.0,0.0,0.4988005357692424,0.0,0.0,0.35370286615175683,0.0,-18823.44846653558,-3.54758227436256
1483087,4216.388558835716,4086.3391884131274,2,2108.194279417858,3061.7228496818066,0.0,0.0,0.0,0.0,0.0,0.0,0.0,1.0,0.0,0.0,0.0,0.0,-1154.665709153909,-0.3771294025760395
1502585,16191.532153334761,4864.217790906326,6,2698.5886922224604,504.57020938108496,0.0,0.0,0.0,0.0,0.0,0.0,0.0,0.6995826123901125,0.0,0.30041738760988745,0.0,0.0,-15686.961943953678,-31.089750548681007
1578106,3145.8127925923773,3145.8127925923773,1,3145.8127925923773,1141.2257208215642,0.0,0.0,0.0,0.0,0.0,0.0,0.0,1.0,0.0,0.0,0.0,0.0,-2004.5870717708133,-1.7565211116410155
1585118,1070.2971597789222,541.6019893577165,2,535.1485798894611,2234.7031812501446,0.0,0.0,0.0,0.0,0.0,0.0,0.0,0.49397045072081797,0.0,0.0,0.5060295492791819,0.0,1164.4060214712222,0.5210562329892181
1586112,4506.429405039059,4506.429405039059,1,4506.429405039059,2606.9228052258745,0.0,0.0,0.0,0.0,0.0,0.0,0.0,0.0,0.0,0.0,1.0,0.0,-1899.5065998131845,-0.728639373596106
1618816,15755.680111547319,5654.031612742792,6,2625.946685257886,622.2255686877791,0.0,0.0,0.0,0.0,0.0,0.0,0.0,0.5355883288308987,0.0,0.0,0.4644116711691013,0.0,-15133.45454285954,-24.321492565428823
1631714,24266.184751562898,5247.931599807512,7,3466.5978216518424,0.0,0.2162652124153761,0.0,0.0,0.0,0.0,0.0,0.0,0.7837347875846239,0.0,0.0,0.0,0.0,-24266.184751562898,0.0
1669107,11368.995947011384,5745.4299932122185,3,3789.6653156704615,0.0,0.0,0.0,0.0,0.0,0.0,0.0,0.0,0.4946405100335581,0.0,0.0,0.505359489966442,0.0,-11368.995947011384,0.0
1703220,11880.07266224729,5025.211076704591,3,3960.0242207490965,0.0,0.0,0.0,0.0,0.0,0.0,0.0,0.0,1.0,0.0,0.0,0.0,0.0,-11880.07266224729,0.0
1727209,35278.460988873216,5433.920046210789,9,3919.8289987636904,0.0,0.0,0.6317630692077234,0.0,0.0,0.0,0.0,0.0,0.0964958354419406,0.0,0.0,0.2115858683364762,0.06015522701385988,-35278.460988873216,0.0
1739857,26173.873470041624,6646.02502896722,5,5234.774694008324,0.0,0.0,0.0,0.0,0.0,0.0,0.0,0.0,0.4590335849431709,0.0,0.18895769647262134,0.35200871858420774,0.0,-26173.873470041624,0.0
1773205,10932.89685513775,4886.295601528142,3,3644.298951712583,0.0,0.0,0.0,0.0,0.0,0.0,0.0,0.0,0.44693512307599437,0.0,0.1064952441101436,0.4465696328138621,0.0,-10932.89685513775,0.0
1852861,27778.726660412423,10000.0,6,4629.787776735404,39.164929270914406,0.0,0.0,0.14985294145727537,0.0,0.0,0.0,0.0,0.4542864167082477,0.0,0.0,0.3599877029011211,0.035872938933355795,-27739.56173114151,-708.2755477294357
1882783,1563.4305103733748,1563.4305103733748,1,1563.4305103733748,1459.6470446236767,0.0,0.0,0.0,0.0,0.0,0.0,0.0,1.0,0.0,0.0,0.0,0.0,-103.7834657496981,-0.07110175444945004
1904850,7227.8891215217045,3957.0814433138607,2,3613.9445607608523,0.0,0.0,0.0,0.0,0.0,0.0,0.0,0.0,1.0,0.0,0.0,0.0,0.0,-7227.8891215217045,0.0
1977893,327.4414340040831,327.4414340040831,1,327.4414340040831,5388.798820780369,0.0,1.0,0.0,0.0,0.0,0.0,0.0,0.0,0.0,0.0,0.0,0.0,5061.357386776287,0.9392366564620305
1990249,10444.343294584605,5884.38386660855,4,2611.0858236461513,0.0,0.0,0.0,0.0,0.0,0.1422979249645821,0.0,0.5634039116331616,0.0,0.0,0.14701904708521324,0.0,0.14727911631704294,-10444.343294584605,0.0
2008443,13711.05521195631,4183.873396028941,7,1958.7221731366158,2481.0347013523583,0.0,0.0,0.0,0.0,0.0,0.0,0.09876955915184016,0.1122687820351602,0.0,0.0,0.7889616588129996,0.0,-11230.020510603952,-4.526345602696614
2050395,15343.391694870668,8107.956216208425,5,3068.6783389741336,0.0,0.0,0.0,0.0,0.0,0.0,0.0,0.0,0.9979456998943325,0.0,0.0,0.0020543001056674767,0.0,-15343.391694870668,0.0
2068438,18704.550014591383,10000.0,5,3740.910002918277,0.0,0.0,0.0,0.0,0.0,0.0,0.0,0.0,0.05668526749955491,0.0,0.0,0.7742358877011304,0.1690788447993148,-18704.550014591383,0.0
2135176,2890.173503606377,2051.368534375448,2,1445.0867518031885,0.0,0.0,0.0,0.0,0.0,0.0,0.0,0.0,1.0,0.0,0.0,0.0,0.0,-2890.173503606377,0.0
2154208,172828.85658774254,10000.0,33,5237.23807841644,0.0,0.0,0.0,0.0,0.0,0.14873509655075803,0.0,0.0,0.6803388512135212,0.0,0.013889137370243634,0.1347149487786272,0.022321966086849852,-172828.85658774254,0.0
2168502,7985.724632723042,7509.479684436106,3,2661.9082109076808,0.0,0.0,0.0,0.0,0.0,0.0,0.0,0.0,0.026892648059614496,0.0,0.0,0.9731073519403854,0.0,-7985.724632723042,0.0
2168999,14841.238584066054,6120.220111974897,6,2473.5397640110086,0.0,0.0,0.0,0.0,0.0,0.04866457860612594,0.0,0.0,0.8180511986375834,0.0,0.1332842227562908,0.0,0.0,-14841.238584066054,0.0
2222410,47004.54343667499,5659.288280199059,19,2473.923338772368,0.0,0.04672339098555068,0.0,0.06076429459316402,0.0,0.0,0.0,0.10790817881838541,0.6153444324732297,0.0,0.0,0.16925970312967029,0.0,-47004.54343667499,0.0
2321817,6335.913812388211,3608.7272681174236,2,3167.9569061941056,0.0,0.0,0.0,0.0,0.0,0.0,0.0,0.0,1.0,0.0,0.0,0.0,0.0,-6335.913812388211,0.0
2348520,44435.47922395357,10000.0,12,3702.9566019961303,610.1311386396784,0.0,0.0,0.0399067729468294,0.039063875649057875,0.04659619047483665,0.0,0.007896824352274213,0.7890679613667512,0.0,0.0,0.0774683752102507,0.0,-43825.34808531388,-71.8293909454039
2370184,26882.78110925874,4796.873074921151,7,3840.3973013226773,0.0,0.0,0.0,0.11523510170876917,0.17843663776546737,0.0,0.0,0.0,0.4736655837863741,0.0,0.1474062040526429,0.08525647268674647,0.0,-26882.78110925874,0.0
2376485,36587.32706141362,4734.511169095201,13,2814.4097739548934,0.0,0.0,0.0,0.03984963692757167,0.0,0.0,0.0,0.0,0.0728496179281864,0.0,0.08446480837737629,0.5534891139105523,0.24934682285631327,-36587.32706141362,0.0
2377413,18073.870437595568,4891.492029507748,7,2581.981491085081,1786.5598840035334,0.12765076644858336,0.2706388787280961,0.0,0.11163826730471348,0.0,0.0,0.0,0.2238036129183367,0.0,0.0,0.2662684746002703,0.0,-16287.310553592033,-9.11657689139057
2381528,14927.42193755649,4331.121034473965,5,2985.4843875112983,0.0,0.21106576494640703,0.0,0.0,0.1485602322158845,0.0,0.0,0.0,0.46520300829676026,0.0,0.0,0.0,0.17517099454094814,-14927.42193755649,0.0
2525005,26575.71262052714,7806.782307951943,7,3796.53037436102,0.0,0.29375627361058854,0.0,0.0,0.15224470274504714,0.0,0.0,0.0,0.13044133571120647,0.0,0.14964199591082758,0.2739156920223302,0.0,-26575.71262052714,0.0
2536255,81558.02062719502,5553.443153267248,27,3020.6674306368523,0.0,0.0,0.0,0.0,0.0,0.0,0.0,0.0,0.5743041069768511,0.0,0.18260443081486055,0.20559843501215042,0.03749302719613794,-81558.02062719502,0.0
2696697,20602.108071994906,4215.072565115337,6,3433.6846786658175,0.0,0.07451284795680665,0.0,0.0,0.0,0.0,0.0,0.0,0.0,0.0,0.0,0.7208929158424321,0.2045942362007613,-20602.108071994906,0.0
2705560,11305.915657560376,6112.401839211539,3,3768.638552520125,0.0,0.0,0.2049348705531519,0.0,0.0,0.0,0.0,0.0,0.0,0.0,0.0,0.7950651294468482,0.0,-11305.915657560376,0.0
2714093,23830.226257556875,4670.536849140385,11,2166.384205232443,1140.202234859991,0.0,0.04803671541365131,0.0,0.15283585462261326,0.0,0.0,0.0,0.2237402566224745,0.0,0.0,0.40937560911305526,0.16601156422820573,-22690.02402269688,-19.89999960444128
2722346,75295.0818459396,7337.712591366032,16,4705.942615371225,0.0,0.0,0.04028704419191334,0.0,0.0,0.050720851436126674,0.0,0.0,0.7957487834871209,0.0,0.0,0.06024970622061872,0.052993614664220395,-75295.0818459396,0.0
2735046,4580.076550908156,4580.076550908156,1,4580.076550908156,292.92414840985856,0.0,0.0,0.0,0.0,0.0,0.0,0.0,1.0,0.0,0.0,0.0,0.0,-4287.152402498296,-14.635708342146398
2801697,28407.22122765417,6782.4773333798585,5,5681.4442455308335,0.0,0.0,0.0,0.0,0.0,0.07414026263555974,0.0,0.0,0.691451458445267,0.0,0.0,0.23440827891917318,0.0,-28407.22122765417,0.0
2814834,19193.973586259355,5124.348572205159,6,3198.995597709892,0.0,0.0,0.0,0.0,0.0,0.0,0.0,0.0,0.38771169819277224,0.0,0.0,0.6122883018072278,0.0,-19193.973586259355,0.0
2838299,26591.675405472353,5591.185243092211,8,3323.959425684044,3716.303014188855,0.0,0.0,0.0,0.0,0.0,0.0,0.0,0.5094236385669906,0.0,0.0,0.4905763614330094,0.0,-22875.372391283498,-6.1554109834276876
2859860,19932.618291711296,6335.790518702237,6,3322.1030486185496,0.0,0.0,0.0,0.0,0.0,0.0,0.0,0.0,0.8509770332262079,0.0,0.06738921689422606,0.08163374987956602,0.0,-19932.618291711296,0.0
2915034,25253.27174128528,4816.816832208653,9,2805.919082365031,0.0,0.0,0.3511153336877041,0.0,0.03644615154925125,0.0,0.0,0.0,0.22813681901113184,0.0,0.0,0.3843016957519129,0.0,-25253.27174128528,0.0
2948934,7687.9422133224925,6075.488174194315,2,3843.9711066612463,0.0,0.0,0.0,0.0,0.0,0.0,0.0,0.0,1.0,0.0,0.0,0.0,0.0,-7687.9422133224925,0.0
3003674,1090.2629074642184,1090.2629074642184,1,1090.2629074642184,1431.8118564852239,0.0,0.0,0.0,0.0,0.0,0.0,0.0,0.0,0.0,0.0,1.0,0.0,341.5489490210053,0.23854317693627092
3008485,62913.08313218373,5529.319860716591,17,3700.7695960108076,0.0,0.0,0.0,0.0,0.0,0.08788823541041847,0.0,0.0,0.44969757135326405,0.0,0.0,0.46241419323631755,0.0,-62913.08313218373,0.0
3012400,3487.174153106088,3487.174153106088,1,3487.174153106088,5098.441213399343,0.0,0.0,0.0,0.0,0.0,0.0,0.0,0.0,0.0,1.0,0.0,0.0,1611.267060293255,0.31603131091492104
3046152,8121.407438453691,6849.089904406784,2,4060.7037192268454,0.0,0.0,0.0,0.0,0.0,0.0,0.0,0.0,0.15666219724707658,0.0,0.0,0.8433378027529234,0.0,-8121.407438453691,0.0
3048993,13342.99008310315,6901.34640400337,3,4447.663361034383,1061.2182556512284,0.0,0.0,0.0,0.0,0.0,0.0,0.0,0.5723601091040391,0.0,0.0,0.0,0.4276398908959608,-12281.771827451921,-11.57327605518346
3115201,16916.50244659227,5030.748824437996,7,2416.6432066560383,0.0,0.0,0.0,0.0,0.10947199931640617,0.0,0.0,0.0,0.45497463562200735,0.0,0.0,0.4355533650615865,0.0,-16916.50244659227,0.0
3134833,9167.493635134346,2585.2511548607113,5,1833.498727026869,7357.409804031461,0.0,0.2205625624666428,0.0,0.0,0.0,0.0,0.0,0.49743547955514184,0.0,0.0,0.28200195797821526,0.0,-1810.083831102884,-0.24602188532587327
3143161,7045.329653647062,5704.459150030143,2,3522.664826823531,0.0,0.0,0.0,0.0,0.0,0.0,0.0,0.0,0.0,0.0,0.19032047747017886,0.8096795225298211,0.0,-7045.329653647062,0.0
3167846,23707.983860985187,6274.091690731549,7,3386.854837283598,2070.8821735550696,0.0,0.0,0.0,0.0,0.26464045730419306,0.0,0.0,0.735359542695807,0.0,0.0,0.0,0.0,-21637.101687430117,-10.448253388692729
3188892,1352.1666315746083,734.4804398121976,2,676.0833157873042,7640.671588802132,0.0,0.0,0.0,0.0,0.0,0.0,0.0,0.5431878162507897,0.0,0.0,0.45681218374921034,0.0,6288.504957227524,0.8230303951872123
3207065,26590.198160735494,10000.0,7,3798.5997372479274,0.0,0.0,0.0,0.0,0.0,0.0,0.0,0.0,0.7418018882133762,0.0,0.0,0.2581981117866238,0.0,-26590.198160735494,0.0
3234771,2315.111593907326,2315.111593907326,1,2315.111593907326,3452.9652731196647,0.0,0.0,0.0,0.0,0.0,0.0,0.0,1.0,0.0,0.0,0.0,0.0,1137.853679212339,0.32952943027553755
3251499,95039.98081108594,4613.736099514511,27,3519.999289299479,719.5227842805357,0.0,0.0,0.0,0.0,0.0,0.0,0.0,0.6363941160484664,0.0,0.008960624465616653,0.35464525948591696,0.0,-94320.4580268054,-131.0875209061214
3293322,444.80002717631703,444.80002717631703,1,444.80002717631703,1604.7344842873124,0.0,0.0,0.0,0.0,0.0,0.0,0.0,0.0,0.0,0.0,1.0,0.0,1159.9344571109953,0.7228201727254215
3308387,3742.4477277890305,2442.4207428935338,2,1871.2238638945153,0.0,0.0,0.0,0.0,0.0,0.0,0.0,0.0,0.34737345166969885,0.0,0.0,0.0,0.6526265483303012,-3742.4477277890305,0.0
3410358,8566.726031109183,6678.887005501353,2,4283.363015554592,0.0,0.0,0.0,0.0,0.0,0.0,0.0,0.0,0.7796312128166188,0.0,0.0,0.22036878718338104,0.0,-8566.726031109183,0.0
3548216,25126.939362725363,5360.268393344261,13,1932.8414894404125,718.5802615827143,0.0,0.0,0.0,0.0,0.0,0.0,0.036606416648178444,0.7112965822212759,0.020225281863569818,0.0,0.23187171926697583,0.0,-24408.359101142647,-33.967477825485815
3662374,15585.51104724707,3453.4231069224957,6,2597.585174541178,2296.2378054455207,0.0,0.0,0.0,0.0,0.1022217859624789,0.0,0.0,0.5164842311112893,0.0,0.0,0.38129398292623184,0.0,-13289.27324180155,-5.787411569605761
3732101,46520.98928950221,6766.371222777115,9,5168.99880994469,0.0,0.0,0.0,0.08051476550403383,0.0,0.09680343579652959,0.0,0.0,0.5800874335691246,0.0,0.11816759326854352,0.0,0.12442677186176852,-46520.98928950221,0.0
3791055,25320.36645470663,5943.941673019054,9,2813.374050522959,0.0,0.0,0.0,0.0,0.0,0.10417927240470182,0.0,0.0,0.6546043248858091,0.0,0.0,0.24121640270948908,0.0,-25320.36645470663,0.0
3811996,230.7901887690834,230.7901887690834,1,230.7901887690834,2705.4094390890523,0.0,0.0,0.0,0.0,0.0,0.0,0.0,0.0,0.0,0.0,1.0,0.0,2474.619250319969,0.9146930644084714
3841734,2317.296177285756,2317.296177285756,1,2317.296177285756,798.6008624315328,0.0,0.0,0.0,0.0,0.0,0.0,0.0,1.0,0.0,0.0,0.0,0.0,-1518.6953148542232,-1.9016950598202327
3843901,48531.835033152565,8791.766036632871,8,6066.479379144071,0.0,0.0,0.0,0.0,0.0,0.0,0.0,0.0,0.9284045929082725,0.0,0.0,0.0715954070917275,0.0,-48531.835033152565,0.0
3854478,24403.575096877514,3799.4801969256773,10,2440.357509687751,0.0,0.0,0.15304174447180147,0.0,0.10460950604294245,0.0,0.0,0.10040556298118596,0.5735705704188514,0.0,0.0,0.06837261608521873,0.0,-24403.575096877514,0.0
3881282,31672.802380964447,4712.747409411061,10,3167.2802380964445,0.0,0.0,0.0,0.15826131461339904,0.0,0.23343661247013667,0.0,0.0,0.21473737049008884,0.0,0.0,0.3935647024263754,0.0,-31672.802380964447,0.0
3893804,12151.22102601059,4438.33127157781,4,3037.8052565026474,10022.4878537714,0.0,0.0,0.3652580479012959,0.0,0.0,0.0,0.23753716202328817,0.20092848667044833,0.0,0.0,0.19627630340496757,0.0,-2128.7331722391887,-0.2123956849135177
3908232,71390.1560439657,8792.079661883465,27,2644.079853480211,2102.541974126674,0.0,0.06601591750021618,0.007811570795318813,0.07615901968560516,0.0,0.0,0.0,0.14862204728693618,0.0,0.0,0.7013914447319237,0.0,-69287.61406983902,-32.954212054966845
3971490,15255.566710955056,5532.335490367124,4,3813.891677738764,0.0,0.0,0.0,0.0,0.0,0.0,0.0,0.0,0.8550256493399866,0.0,0.0,0.1449743506600134,0.0,-15255.566710955056,0.0
4039372,22861.598012269576,4569.455878188485,9,2540.177556918842,3378.0690814352215,0.0769737265174256,0.17833993656099228,0.0,0.0,0.0,0.0,0.0,0.43531336491683353,0.0,0.1403180927768152,0.16905487922793333,0.0,-19483.528930834356,-5.767652603053486
4068471,3996.2255997626735,3793.126603386213,2,1998.1127998813367,0.0,0.0,0.0,0.0,0.0,0.0,0.0,0.0508227054019478,0.0,0.0,0.0,0.9491772945980521,0.0,-3996.2255997626735,0.0
4071908,105765.25571631703,7472.031375702805,25,4230.610228652681,2534.118718351052,0.0,0.0,0.0,0.05464847120094225,0.0,0.0,0.02357719149869363,0.6446390056642366,0.0,0.0,0.18191340041825063,0.09522193121787692,-103231.13699796598,-40.736503878215444
4085940,13980.85803939641,3970.4859388799305,7,1997.2654341994871,2763.6334532022415,0.0,0.2839944392319534,0.17054959092789457,0.0,0.07705226021746024,0.0,0.0,0.0020924112199087004,0.0,0.0,0.46631129840278307,0.0,-11217.224586194166,-4.058868433943977
4086703,34631.406100642846,5702.340967591412,14,2473.671864331632,0.0,0.14007501957797144,0.0,0.0,0.0,0.10410951486096823,0.0,0.0,0.15611954002696743,0.0,0.0,0.5597441976667783,0.039951727867314546,-34631.406100642846,0.0
4177272,14557.691397947607,5725.7784388592445,4,3639.4228494869017,0.0,0.0,0.0,0.0,0.33404960153671537,0.0,0.0,0.0,0.5700912630466807,0.0,0.09585913541660394,0.0,0.0,-14557.691397947607,0.0
4218097,3463.87348976338,1798.7071746624515,2,1731.93674488169,0.0,0.0,0.0,0.0,0.0,0.0,0.0,1.0,0.0,0.0,0.0,0.0,0.0,-3463.87348976338,0.0
4227790,33707.619979419556,5734.024664897792,15,2247.1746652946367,127.86137162765272,0.07588494020305188,0.09481302643414422,0.0,0.055089794298878336,0.04609552609167983,0.0,0.01858709899145465,0.4983408297193078,0.0,0.10381653709553836,0.06925107717469578,0.03812116999124912,-33579.758607791904,-262.6262973744728
4235592,7272.96393873271,4978.857198512553,2,3636.481969366355,2342.618444586247,0.0,0.0,0.0,0.0,0.0,0.0,0.0,1.0,0.0,0.0,0.0,0.0,-4930.345494146463,-2.104630186593302
4319779,10854.041617248868,5933.1251089275,3,3618.0138724162894,0.0,0.0,0.0,0.0,0.0,0.0,0.0,0.0,1.0,0.0,0.0,0.0,0.0,-10854.041617248868,0.0
4339032,7695.058610218629,5685.252668219451,2,3847.5293051093145,377.1373605961231,0.0,0.0,0.0,0.0,0.0,0.0,0.0,0.7388186310458686,0.0,0.0,0.2611813689541314,0.0,-7317.9212496225055,-19.403861866285048
4359702,48470.39969806649,7474.161698342405,10,4847.0399698066485,157.33735199465622,0.0,0.0,0.0,0.0,0.0,0.0,0.11042077332452438,0.8761057613098644,0.0,0.0,0.013473465365611108,0.0,-48313.062346071834,-307.06670560791395
4360469,17577.188226827915,6615.3829007930635,3,5859.062742275971,0.0,0.0,0.0,0.0,0.32705302766818595,0.0,0.0,0.0,0.6729469723318142,0.0,0.0,0.0,0.0,-17577.188226827915,0.0
4376762,23333.024686024335,4983.6389486298895,7,3333.289240860619,585.6296450219155,0.0,0.08106902392042066,0.0,0.19766367546484026,0.0,0.0,0.0,0.6755448289598399,0.0,0.0,0.045722471654899205,0.0,-22747.39504100242,-38.842629013685205
4388840,53448.78359273036,4833.122219503791,18,2969.3768662627976,0.0,0.0,0.0,0.0,0.05917430542991708,0.0,0.0,0.13157626291290095,0.37441841729229863,0.0,0.0,0.260206326749217,0.1746246876156664,-53448.78359273036,0.0
4520399,15733.761566432398,4495.56232484526,6,2622.2935944054,0.0,0.0,0.0,0.0,0.0,0.0,0.0,0.0,0.6733272258482983,0.0,0.0,0.3266727741517017,0.0,-15733.761566432398,0.0
4536524,19268.066291150386,6450.071159203788,6,3211.344381858398,0.0,0.1444538197835719,0.4864241394272717,0.0,0.0,0.0,0.0,0.0,0.04484670498225209,0.0,0.0,0.32427533580690426,0.0,-19268.066291150386,0.0
4565211,6031.197865242028,3063.7470970488534,2,3015.598932621014,290.418324852079,0.0,0.0,0.0,0.0,0.0,0.0,0.0,0.5079831843530319,0.0,0.0,0.49201681564696803,0.0,-5740.779540389949,-19.767277231262675
4571800,37095.49105445402,6640.2114758176285,13,2853.499311881078,12436.494469102086,0.0,0.0,0.0,0.0,0.06062698303644893,0.0,0.0,0.2554753261169607,0.0,0.0,0.5201612307606137,0.16373646008597673,-24658.996585351928,-1.9827931935816883
4595069,26903.658427669012,6301.048692303832,7,3843.3797753812873,0.0,0.0,0.0,0.0,0.0,0.0,0.0,0.0,1.0,0.0,0.0,0.0,0.0,-26903.658427669012,0.0
4659929,7507.276038148273,3877.422371016344,3,2502.425346049424,4265.448626815291,0.0,0.5164885840500864,0.0,0.0,0.0,0.0,0.0,0.448420744034651,0.0,0.0,0.03509067191526264,0.0,-3241.8274113329817,-0.7600202686659538
4681536,7995.603418143333,3339.955450291723,3,2665.2011393811113,0.0,0.0,0.0,0.0,0.0,0.0,0.0,0.0,0.41772400100695556,0.0,0.0,0.2081418723167102,0.3741341266763342,-7995.603418143333,0.0
4723629,26330.20288892601,7907.354982129137,6,4388.367148154335,0.0,0.0,0.0,0.0,0.12047986576141403,0.0,0.0,0.0,0.5626684456880153,0.0,0.0,0.3168516885505706,0.0,-26330.20288892601,0.0
4734580,28633.00073877536,10000.0,9,3181.444526530596,3512.252035372187,0.0,0.0,0.0,0.0,0.34924736290240815,0.11334982369069574,0.0,0.4663945072898828,0.0,0.0,0.07100830611701327,0.0,-25120.748703403173,-7.15231949484547
4769185,11469.79335944228,3552.0280039907643,4,2867.44833986057,7488.37232871294,0.0,0.27963589108199344,0.0,0.43370699457974843,0.0,0.0,0.0,0.28665711433825813,0.0,0.0,0.0,0.0,-3981.42103072934,-0.5316804314688296
4825239,19568.067706666774,4166.774720766194,9,2174.229745185197,1866.554707423617,0.07451993376767917,0.21293746440516395,0.0,0.21941760500051438,0.0,0.0,0.032538537809021224,0.2973149071008447,0.0,0.0,0.1632715519167765,0.0,-17701.512999243158,-9.483522196719507
4836818,2296.184839875871,1718.1105543952754,2,1148.0924199379356,0.0,0.0,0.0,0.0,0.0,0.0,0.0,0.0,1.0,0.0,0.0,0.0,0.0,-2296.184839875871,0.0
4903807,37070.26111880025,5681.401923466715,13,2851.5585476000188,1951.503017236543,0.0,0.0,0.0,0.0,0.15326036968715556,0.0,0.0,0.24820601335396672,0.0,0.272580931812821,0.20778076355995853,0.11817192158609824,-35118.758101563704,-17.995748810726504
4914425,9033.348362087589,7488.013586517209,2,4516.674181043794,0.0,0.0,0.0,0.0,0.0,0.0,0.0,0.0,1.0,0.0,0.0,0.0,0.0,-9033.348362087589,0.0
4937478,10102.182745693173,2989.43293012196,4,2525.5456864232933,2302.3384776233997,0.0,0.0,0.0,0.0,0.0,0.0,0.0,0.26788871603781617,0.0,0.0,0.7321112839621838,0.0,-7799.844268069774,-3.387792170385478
4959175,2887.7530767256394,1804.4251795662626,2,1443.8765383628197,0.0,0.0,0.0,0.0,0.0,0.37514561265319085,0.0,0.0,0.0,0.0,0.0,0.6248543873468092,0.0,-2887.7530767256394,0.0
4963889,14329.281733611831,6902.928729449983,3,4776.427244537276,0.0,0.0,0.0,0.0,0.0,0.0,0.0,0.0,0.8957101711935094,0.0,0.0,0.10428982880649064,0.0,-14329.281733611831,0.0
4967450,16287.691353525308,6127.513086458781,5,3257.538270705061,2250.7852381985767,0.0,0.0,0.0,0.0,0.0,0.0,0.0,0.1812350193486792,0.0,0.0,0.8187649806513208,0.0,-14036.90611532673,-6.236448452345996
4969651,8241.781642594568,6073.159420744653,4,2060.445410648642,0.0,0.0,0.0,0.0,0.0,0.0,0.0,0.0,0.9690239687166707,0.0,0.0,0.03097603128332924,0.0,-8241.781642594568,0.0
4995828,4401.523801012842,2324.636884305586,2,2200.761900506421,0.0,0.0,0.0,0.0,0.0,0.0,0.0,0.0,0.4718563412583024,0.0,0.5281436587416976,0.0,0.0,-4401.523801012842,0.0
5024986,1458.5846694659908,1458.5846694659908,1,1458.5846694659908,24196.84049185684,0.0,0.0,0.0,0.0,1.0,0.0,0.0,0.0,0.0,0.0,0.0,0.0,22738.25582239085,0.9397200361775803
5032628,3231.8174201034058,3231.8174201034058,1,3231.8174201034058,1660.9581689255062,0.0,0.0,1.0,0.0,0.0,0.0,0.0,0.0,0.0,0.0,0.0,0.0,-1570.8592511778995,-0.9457548543766803
5062293,44542.17126066153,6069.404952309494,13,3426.320866204733,0.0,0.0,0.0,0.0,0.08937574705371491,0.0,0.0,0.05967605604941975,0.29340476865725806,0.0,0.24058689087811205,0.28279713464720435,0.03415940271429088,-44542.17126066153,0.0
5087377,8390.296593941788,5677.210959523645,3,2796.765531313929,0.0,0.0,0.0,0.0,0.0,0.0,0.0,0.0,0.2020597538119884,0.0,0.0,0.7979402461880115,0.0,-8390.296593941788,0.0
5173768,9341.183297392909,4843.693870878271,2,4670.591648696454,0.0,0.0,0.0,0.0,0.0,0.0,0.0,0.0,1.0,0.0,0.0,0.0,0.0,-9341.183297392909,0.0
5208843,10087.222422631019,3475.4113767241997,4,2521.8056056577548,0.0,0.0,0.0,0.0,0.0,0.0,0.0,0.0,0.0858719522616773,0.0,0.0,0.6876132683877232,0.22651477935059952,-10087.222422631019,0.0
5215786,5151.372925953172,4614.364287770195,2,2575.686462976586,0.0,0.0,0.1042457313617248,0.0,0.0,0.0,0.0,0.0,0.8957542686382751,0.0,0.0,0.0,0.0,-5151.372925953172,0.0
5230553,6500.18988462949,3716.575382942517,2,3250.094942314745,0.0,0.0,0.0,0.0,0.0,0.0,0.0,0.0,1.0,0.0,0.0,0.0,0.0,-6500.18988462949,0.0
5316609,11325.501069877177,6189.976892801351,3,3775.167023292392,0.0,0.0,0.0,0.0,0.0,0.0,0.0,0.0,1.0,0.0,0.0,0.0,0.0,-11325.501069877177,0.0
5334513,17446.415973618856,4982.510232449907,4,4361.603993404714,8886.008494929783,0.0,0.0,0.0,0.0,0.0,0.0,0.0,0.5421682413512169,0.0,0.0,0.4578317586487832,0.0,-8560.407478689072,-0.9633580120448351
5367656,14008.856749078008,4739.154379184015,5,2801.7713498156018,0.0,0.0,0.0,0.0,0.2963504729535748,0.0,0.0,0.0,0.3382970119596606,0.0,0.08683941498507332,0.2785131001016913,0.0,-14008.856749078008,0.0
5378799,21789.81457236239,6445.8071423078045,5,4357.962914472478,2114.395141738275,0.2958174389645102,0.0,0.2598719867217382,0.0,0.0,0.0,0.0,0.24652651363472877,0.0,0.0,0.1977840606790228,0.0,-19675.419430624115,-9.305460007086786
5419233,9906.274798337869,6434.100672120922,2,4953.137399168934,0.0,0.0,0.0,0.0,0.0,0.0,0.0,0.0,0.0,0.0,0.0,1.0,0.0,-9906.274798337869,0.0
5515542,41297.155092018584,5268.105706563757,14,2949.7967922870416,2339.1820884970407,0.0,0.0,0.0,0.0,0.07296562383261707,0.0,0.0,0.5460279261114163,0.0,0.0,0.3810064500559666,0.0,-38957.97300352155,-16.654527749292328
5542319,20202.101660383007,5368.672164822809,5,4040.420332076602,0.0,0.0,0.0,0.0,0.0,0.07831184570372769,0.0,0.0,0.263329009123327,0.0,0.0,0.6583591451729452,0.0,-20202.101660383007,0.0
5563033,44292.67207154876,4944.150928375807,14,3163.7622908249114,0.0,0.0,0.0,0.0,0.0,0.0,0.0,0.0,0.43741493324965935,0.0,0.0,0.4543374020239252,0.1082476647264154,-44292.67207154876,0.0
5701980,23019.248489542333,6074.274923415864,6,3836.5414149237226,4608.058695721365,0.0,0.0,0.0,0.20106807380954675,0.0,0.0,0.0,0.6957652424165818,0.0,0.0,0.1031666837738716,0.0,-18411.18979382097,-3.995433003254921
5709374,1435.9563960873559,1435.9563960873559,1,1435.9563960873559,8486.597475147013,0.0,0.0,0.0,0.0,0.0,0.0,0.0,1.0,0.0,0.0,0.0,0.0,7050.641079059657,0.8307971598402597
5710778,7919.75369735377,3394.484254474626,5,1583.950739470754,0.0,0.0,0.0,0.0,0.4286098260364873,0.0,0.0,0.0,0.3947067379025085,0.0,0.0,0.1766834360610043,0.0,-7919.75369735377,0.0
5724070,67711.25817105176,5721.9520611320395,22,3077.784462320534,0.0,0.0,0.043699868769390034,0.0,0.0,0.0,0.0,0.3288676372423584,0.48787860952483,0.0,0.0,0.13955388446342157,0.0,-67711.25817105176,0.0
5749350,1889.8148468561042,1240.9203098809194,2,944.9074234280521,0.0,0.0,0.0,0.0,0.0,0.0,0.0,0.0,0.0,0.0,0.0,1.0,0.0,-1889.8148468561042,0.0
5867329,2866.2343693658904,2419.0684748488607,2,1433.1171846829452,0.0,0.0,0.0,0.0,0.0,0.0,0.0,0.0,0.8439883704918526,0.0,0.0,0.15601162950814745,0.0,-2866.2343693658904,0.0
5875853,35106.519927654175,6899.051236041225,9,3900.72443640602,314.6364445619857,0.0,0.0,0.0,0.0,0.0,0.0,0.0,0.23885205447809804,0.0,0.0,0.7435872336534249,0.017560711868477085,-34791.88348309219,-110.57804677244862
5911948,5687.361668725338,5687.361668725338,1,5687.361668725338,393.9958760670599,0.0,0.0,0.0,0.0,0.0,0.0,0.0,1.0,0.0,0.0,0.0,0.0,-5293.365792658278,-13.435079182801708
5917027,4426.551456195914,4006.7604361079666,2,2213.275728097957,573.6418431992763,0.0,0.0,0.0,0.0,0.0,0.0,0.0,0.0,0.0,0.09483477696850436,0.9051652230314955,0.0,-3852.9096129966383,-6.71657700475344
5951892,37409.46462841627,6326.814409113113,11,3400.860420765116,0.0,0.0,0.0,0.0,0.0,0.22722059156433871,0.0,0.0,0.4282693034695078,0.0,0.0,0.3445101049661535,0.0,-37409.46462841627,0.0
5986427,8888.13761144061,6131.4709059143015,2,4444.068805720305,0.0,0.0,0.31015121795346534,0.0,0.0,0.0,0.0,0.0,0.6898487820465347,0.0,0.0,0.0,0.0,-8888.13761144061,0.0
6012807,31330.95062909166,4619.813897360903,11,2848.268239008333,7272.43904239044,0.0,0.0,0.0,0.0,0.0,0.0,0.0,0.6669563378750174,0.0,0.0,0.33304366212498254,0.0,-24058.51158670122,-3.3081764517332037
6075038,39313.94736757306,5761.909825224704,8,4914.243420946633,1791.8503817124035,0.0,0.0,0.0,0.0,0.4226651623355727,0.0,0.0,0.31082737589322357,0.0,0.0,0.26650746177120377,0.0,-37522.09698586066,-20.94041855771586
6123473,4757.206092702652,2381.6627748360233,2,2378.603046351326,0.0,0.0,0.0,0.0,0.0,0.0,0.0,0.0,0.4993568223816517,0.0,0.5006431776183484,0.0,0.0,-4757.206092702652,0.0
6137259,11554.433737013513,10000.0,3,3851.4779123378376,18809.208609674522,0.0,0.0,0.0,0.0,0.0,0.0,0.0,0.9308092955900076,0.0,0.0,0.06919070440999238,0.0,7254.774872661012,0.38570335537293765
6193627,3045.104198626518,2783.737021163411,2,1522.552099313259,0.0,0.0,0.0,0.0,0.0,0.0,0.0,0.0,0.0,0.0,0.0,1.0,0.0,-3045.104198626518,0.0
6218637,47725.718625967864,6772.061530903948,11,4338.701693269805,4996.156237349221,0.0,0.0,0.0,0.0,0.0,0.0,0.0,0.5398976734445605,0.0,0.28113209482595225,0.13753531892243437,0.04143491280705277,-42729.562388618644,-8.552487223916241
6312978,20138.252566505107,4246.532596059054,7,2876.8932237864437,1714.356321450864,0.0,0.0,0.0,0.0,0.0,0.0,0.0,0.010979241217435832,0.0,0.15567213735298163,0.8333486214295824,0.0,-18423.896245054242,-10.746830174407414
6313820,8148.314512130756,4503.074499739262,4,2037.078628032689,1015.8933463163318,0.0,0.06907176623491704,0.0,0.0,0.0,0.0,0.0,0.5526387687951092,0.0,0.0,0.07982800242816575,0.29846146254180794,-7132.421165814424,-7.0208365786397335
6387148,8958.708240890346,4645.383711515043,3,2986.236080296782,0.0,0.0,0.0,0.0,0.0,0.0,0.0,0.0,0.1608696200369822,0.0,0.0,0.5185327601486182,0.3205976198143996,-8958.708240890346,0.0
6427607,3298.728782189639,2567.111942516717,2,1649.3643910948194,0.0,0.778212490938013,0.0,0.0,0.0,0.0,0.0,0.0,0.0,0.0,0.0,0.221787509061987,0.0,-3298.728782189639,0.0
6483953,18933.242829599505,5019.824634392722,5,3786.6485659199006,1370.1117723891575,0.0,0.0,0.0,0.0,0.0,0.0,0.0,0.4866155733000903,0.0,0.13610859632948472,0.3772758303704251,0.0,-17563.131057210347,-12.818757864246589
6498174,26251.983914661392,5830.969323179465,9,2916.8871016290436,0.0,0.09554108568773953,0.08047615331927911,0.0,0.0,0.22211537772286022,0.0,0.0,0.35555601109510077,0.0,0.0,0.18297088642681636,0.0633404857482041,-26251.983914661392,0.0
6511211,63092.13270141481,6450.932333412792,15,4206.142180094321,0.0,0.07506348071690604,0.19034392198865643,0.0,0.07504162980267057,0.0,0.0,0.02476061775385911,0.4793011964861021,0.0,0.0,0.138770318339244,0.016718834912561667,-63092.13270141481,0.0
6522126,10134.847051285571,4894.781714105927,3,3378.282350428524,0.0,0.0,0.0,0.0,0.4829655237357568,0.0,0.0,0.0,0.5170344762642433,0.0,0.0,0.0,0.0,-10134.847051285571,0.0
6562276,5571.7142667129165,2765.699178539016,3,1857.2380889043056,3359.8167881282225,0.0,0.0,0.0,0.0,0.0,0.0,0.0,0.5036179089329601,0.0,0.0,0.4963820910670399,0.0,-2211.897478584694,-0.6583387184683239
6580840,28262.701841159065,5677.473204099738,13,2174.0539877814667,7976.543828679521,0.0,0.2624981989429844,0.0,0.0,0.2134081039814246,0.0,0.0,0.35780332533656556,0.0,0.05370520182381478,0.11258516991521074,0.0,-20286.158012479544,-2.543226546256917
6608257,46261.17858019665,5765.060885762158,15,3084.0785720131103,0.0,0.0,0.0,0.0,0.42591156365924127,0.0,0.0,0.0,0.44640327783378647,0.0,0.0,0.12768515850697212,0.0,-46261.17858019665,0.0
6610103,48265.342193091165,6272.5999597860055,13,3712.718630237782,0.0,0.0,0.11453900475054048,0.0,0.1090594548467642,0.0,0.0,0.12996074770778032,0.30378514667351636,0.0,0.0,0.3426556460213986,0.0,-48265.342193091165,0.0
6623883,32349.061683518095,4569.47361808997,11,2940.823789410736,0.0,0.0,0.0,0.0,0.0,0.0,0.0,0.0677319463999261,0.2638201795683115,0.0,0.0,0.55140120054263,0.11704667348913242,-32349.061683518095,0.0
6628870,53659.3355480954,3974.870425946917,24,2235.8056478373082,8934.589631468412,0.07407602769110327,0.0,0.0,0.040417092343458756,0.062457715624525574,0.0,0.0,0.25372796433193134,0.0,0.0,0.4992636715722646,0.07005752843671653,-44724.745916626984,-5.005797441339945
6629020,52292.359814502735,10000.0,14,3735.168558178767,839.9763181631789,0.08750364400478318,0.0,0.013212252260638642,0.0,0.0,0.0,0.0,0.8621569296520007,0.0,0.0,0.03712717408257737,0.0,-51452.38349633956,-61.25456442492715
6748842,29055.56818626652,6085.27989077732,11,2641.415289660593,2488.4982953915955,0.0,0.0,0.0,0.09161836774919582,0.0,0.0,0.0,0.6472055454191673,0.0,0.048427774276131284,0.21274831255550566,0.0,-26567.069890874925,-10.675944580743334
6754014,19323.925018292808,3848.468029438679,11,1756.720456208437,0.0,0.0,0.0,0.0,0.05686455748126289,0.15874983198540146,0.0,0.10242173619896715,0.15126851082423595,0.0,0.10401799664134352,0.42667736686878893,0.0,-19323.925018292808,0.0
6772446,14205.65415419647,3962.974727756804,5,2841.130830839294,1622.806800480935,0.0,0.0,0.0,0.0,0.0,0.0,0.0,0.35296464965332797,0.0,0.0,0.6470353503466719,0.0,-12582.847353715535,-7.753755622657289
6842697,17469.315342648344,4796.606038525445,4,4367.328835662086,0.0,0.0,0.0,0.0,0.19040146176346637,0.2690852421336314,0.0,0.0,0.2659400833327742,0.0,0.0,0.274573212770128,0.0,-17469.315342648344,0.0
6842803,30801.429333184304,5249.2031046777365,9,3422.381037020478,0.0,0.0,0.09626960581155382,0.08847776432463375,0.0,0.0,0.0,0.0,0.42393639683939094,0.0,0.17042076352679003,0.22089546949763142,0.0,-30801.429333184304,0.0
6855800,97007.6640348336,6443.287769068642,23,4217.724523253634,9758.04308236804,0.24393490498262163,0.0,0.0,0.0,0.053048311227562824,0.0,0.10262904096916164,0.5498129661820121,0.0,0.0,0.05057477663864176,0.0,-87249.62095246556,-8.941303109239009
6864832,10700.747563799392,4809.914532058189,5,2140.1495127598787,1156.4490306552243,0.0,0.0,0.0,0.0,0.0,0.0,0.23117125811470454,0.4494933184229221,0.0,0.0,0.11265651547385142,0.20667890798852181,-9544.298533144169,-8.253107815513955
6933508,7392.948421058934,3819.686200318493,2,3696.474210529467,0.0,0.0,0.0,0.0,0.0,0.0,0.0,0.0,1.0,0.0,0.0,0.0,0.0,-7392.948421058934,0.0
6953713,49091.17748825562,8505.115322974212,16,3068.1985930159763,1572.8150641002323,0.0,0.0,0.0,0.0,0.06649921604613243,0.0,0.07302099134229695,0.5378772933520748,0.0,0.20154252876650272,0.1210599704929931,0.0,-47518.362424155384,-30.212301184525746
6990020,4256.51644235164,2767.3502252810345,2,2128.25822117582,0.0,0.0,0.0,0.0,0.0,0.0,0.0,0.0,1.0,0.0,0.0,0.0,0.0,-4256.51644235164,0.0
7004519,24737.482985594346,6266.755504633309,9,2748.609220621594,35466.162322078424,0.0,0.0,0.029838930527768405,0.0,0.0,0.0,0.0,0.9701610694722316,0.0,0.0,0.0,0.0,10728.679336484078,0.30250465892119516
7043769,84424.92305067003,6611.0122691429915,21,4020.234430984287,7831.937258095459,0.0,0.0,0.0,0.0,0.06894821374571591,0.0,0.45062723089783735,0.33334462476946697,0.0,0.0,0.14707993058697985,0.0,-76592.98579257456,-9.779570911833398
7047070,19608.676891307565,6334.679033678075,4,4902.169222826891,0.0,0.0,0.0,0.0,0.0,0.0,0.0,0.0,1.0,0.0,0.0,0.0,0.0,-19608.676891307565,0.0
7099903,31773.024189472406,6264.496939577591,10,3177.3024189472403,0.0,0.07230370670765016,0.11917588579096992,0.0,0.0,0.0,0.0,0.0,0.07148302154248798,0.0,0.0,0.7370373859588919,0.0,-31773.024189472406,0.0
7112368,21606.608204723445,10000.0,3,7202.202734907814,0.0,0.0,0.0,0.0,0.0,0.0,0.0,0.0,0.0,0.0,0.0,1.0,0.0,-21606.608204723445,0.0
7117943,16900.574534132407,6248.872591937157,4,4225.143633533102,0.0,0.0,0.0,0.0,0.0,0.0,0.0,0.0,0.08307406020633139,0.0,0.0,0.9169259397936687,0.0,-16900.574534132407,0.0
7121962,22659.34287862562,4948.685222850106,9,2517.7047642917355,1084.4359435671795,0.0,0.0,0.0,0.4363904438989537,0.0,0.0,0.0,0.12073064575583686,0.0,0.0,0.2686836773631803,0.1741952329820292,-21574.90693505844,-19.895049645891692
7151728,2921.593606994283,2584.344116262975,2,1460.7968034971416,0.0,0.0,0.0,0.0,0.0,0.0,0.0,0.0,1.0,0.0,0.0,0.0,0.0,-2921.593606994283,0.0
7186947,12831.502674244786,7798.854015827434,2,6415.751337122393,0.0,0.6077896107586203,0.0,0.0,0.0,0.0,0.0,0.0,0.0,0.0,0.0,0.39221038924137974,0.0,-12831.502674244786,0.0
7204967,6168.554276389323,2076.199711949998,4,1542.1385690973307,15250.766423843228,0.0,0.0,0.0,0.0,0.0,0.0,0.0,0.7435605488778187,0.0,0.0,0.2564394511221812,0.0,9082.212147453905,0.5955249654374529
7246766,10811.663444547965,2987.7745981444436,5,2162.332688909593,0.0,0.0,0.0,0.0,0.0,0.0,0.0,0.0,0.3645046444392896,0.0,0.0,0.5236879481752712,0.11180740738543922,-10811.663444547965,0.0
7258437,23322.326015807866,5018.656062277459,11,2120.211455982533,0.0,0.0,0.0,0.0,0.0,0.0,0.0,0.10274273305924551,0.7918384124408265,0.0,0.0,0.10541885449992797,0.0,-23322.326015807866,0.0
7270522,46278.82860933521,6109.860458227411,14,3305.630614952515,188.341103928149,0.0,0.07259680414583256,0.0,0.0,0.0,0.0,0.0,0.6641151307084584,0.0,0.044446911974766745,0.2188411531709423,0.0,-46090.48750540706,-244.71815522006446
7336685,28716.047648180254,5437.2443910560705,9,3190.671960908917,3053.087447642901,0.0,0.0,0.0,0.09505959695281928,0.0,0.0,0.0,0.481524698220645,0.0,0.0,0.3288306718941853,0.09458503293235045,-25662.960200537353,-8.405576532159316
7377454,28912.066546790622,7093.8612995512485,9,3212.4518385322913,2747.6911666233927,0.24535988418782537,0.0,0.0,0.0,0.15194864044310857,0.0,0.0,0.15384955379693316,0.0,0.0,0.4488419215721328,0.0,-26164.37538016723,-9.522313023381132
7425722,9542.25357495174,6912.521355770773,3,3180.75119165058,0.0,0.0,0.0,0.0,0.0,0.0,0.0,0.0,0.7244118280314861,0.0,0.0,0.27558817196851404,0.0,-9542.25357495174,0.0
7534736,44066.762841379015,6114.2510421176075,13,3389.750987798386,0.0,0.0,0.0,0.0,0.0,0.0,0.0,0.0,0.7261137646773981,0.0,0.1347303254424681,0.13915590988013377,0.0,-44066.762841379015,0.0
7553688,65805.27784132505,7502.722445158331,15,4387.018522755003,0.0,0.1212126791237928,0.0,0.0,0.0,0.0,0.0,0.0,0.5661534767610944,0.0,0.0,0.21384487904042848,0.09878896507468436,-65805.27784132505,0.0
7656259,25930.857690318233,5712.701167727206,7,3704.4082414740337,4298.315964182842,0.0,0.0,0.0,0.1805291007786949,0.0684343538880319,0.0,0.07672595176468895,0.6743105935685842,0.0,0.0,0.0,0.0,-21632.541726135394,-5.032794682009372
7706794,11387.954295571717,6793.411623418658,4,2846.9885738929293,0.0,0.0,0.0,0.0,0.0,0.0,0.0,0.0,0.8262006071023736,0.0,0.0,0.17379939289762636,0.0,-11387.954295571717,0.0
7753555,12328.808140573141,4808.822317112669,3,4109.60271352438,0.0,0.0,0.0,0.0,0.0,0.0,0.0,0.0,0.3900476236050111,0.0,0.0,0.0,0.609952376394989,-12328.808140573141,0.0
7779496,3587.6693046834307,1799.8109543407165,2,1793.8346523417154,0.0,0.0,0.0,0.0,0.0,0.0,0.0,0.0,1.0,0.0,0.0,0.0,0.0,-3587.6693046834307,0.0
7784383,11591.965338951502,3589.231972875411,5,2318.3930677903004,0.0,0.0,0.0,0.0,0.0,0.12821606052811452,0.0,0.0,0.4286286051173724,0.0,0.0,0.4431553343545131,0.0,-11591.965338951502,0.0
7803816,21275.373489595237,6395.836612307617,4,5318.843372398809,0.0,0.0,0.0,0.0,0.0,0.0,0.0,0.0,0.4013864957566209,0.0,0.0,0.0,0.5986135042433791,-21275.373489595237,0.0
7806718,4105.846768861425,3360.0237244754885,2,2052.9233844307123,3631.904279144587,0.0,0.0,0.0,0.0,0.0,0.0,0.0,1.0,0.0,0.0,0.0,0.0,-473.9424897168383,-0.13049421275729897
7824592,13428.271452738449,4511.767171871556,5,2685.6542905476895,273.97024311918074,0.0,0.0,0.0,0.0,0.0,0.0,0.0,1.0,0.0,0.0,0.0,0.0,-13154.301209619269,-48.01361293787286
7865786,10197.941212382262,3436.869396599828,5,2039.5882424764525,0.0,0.0,0.0,0.0,0.0,0.0,0.0,0.337016004017243,0.32087496888223627,0.0,0.0,0.3421090271005207,0.0,-10197.941212382262,0.0
7886208,19409.140924777894,8098.626337370717,6,3234.8568207963153,0.0,0.0,0.0,0.20320102897978962,0.6274380753955819,0.0,0.0,0.0,0.0015116430204859237,0.0,0.0,0.16784925260414277,0.0,-19409.140924777894,0.0
7915921,14882.994898056826,5135.4320040404045,3,4960.998299352275,0.0,0.0,0.0,0.0,0.3267146104911135,0.0,0.0,0.0,0.345053669588431,0.0,0.0,0.3282317199204555,0.0,-14882.994898056826,0.0
8009183,33344.899377884074,6017.80856066895,12,2778.741614823673,0.0,0.28598673163934957,0.0,0.0,0.0,0.0,0.10434433501603985,0.0,0.11731688828874458,0.0,0.0,0.49235204505586594,0.0,-33344.899377884074,0.0
8065138,9928.87151772642,3476.506301207687,4,2482.217879431605,1723.5403102380076,0.0,0.0,0.047402100171839094,0.0,0.0,0.0,0.0,0.6024567689855533,0.0,0.0,0.3501411308426076,0.0,-8205.331207488412,-4.760742269123558
8114406,30321.328587799657,4344.56133751627,11,2756.484417072696,4004.889130141491,0.0,0.0,0.0,0.0,0.01017873646233235,0.0,0.0,0.21279774640833635,0.0,0.0,0.7770235171293313,0.0,-26316.43945765816,-6.571078150352795
8132994,7602.23268264855,3170.993666463478,3,2534.07756088285,0.0,0.0,0.0,0.0,0.0,0.0,0.0,0.0,0.41711347163853607,0.0,0.0,0.26502913795926775,0.31785739040219624,-7602.23268264855,0.0
8143654,30650.086503542203,5783.101826698349,7,4378.583786220314,0.0,0.0,0.0,0.0,0.33838361700541253,0.0,0.0,0.0,0.28504528982478733,0.0,0.0,0.3765710931698001,0.0,-30650.086503542203,0.0
8152342,42011.47627520402,5886.531367563366,11,3819.225115927638,0.0,0.0,0.0,0.0,0.0,0.0,0.0,0.0,0.36267613053256265,0.0,0.0,0.6373238694674374,0.0,-42011.47627520402,0.0
8175910,11348.759043867822,5249.528998340495,4,2837.1897609669554,3489.5089257113927,0.0,0.0,0.46256414274448976,0.0,0.0,0.0,0.0,0.48268866860776116,0.0,0.0,0.05474718864774911,0.0,-7859.250118156429,-2.2522510431906104
8217858,31131.50967930752,4959.3663304567035,16,1945.71935495672,10062.61295632973,0.18470832493207132,0.07444349766189866,0.0,0.0,0.03553039204746554,0.0,0.0,0.5574711696580067,0.0,0.0,0.1478466157005579,0.0,-21068.89672297779,-2.0937798973699695
8227188,7761.6346603585,3098.896080280433,3,2587.2115534528334,0.0,0.0,0.0,0.0,0.0,0.0,0.0,0.0,1.0,0.0,0.0,0.0,0.0,-7761.6346603585,0.0
8305726,12873.083209702205,5072.615964211424,4,3218.270802425551,1621.8321900261228,0.0,0.0,0.0,0.0,0.0,0.0,0.0,1.0,0.0,0.0,0.0,0.0,-11251.251019676083,-6.937370640975414
8321442,91604.42618427669,7505.12996028371,25,3664.1770473710676,0.0,0.0,0.0,0.0,0.050134889614218976,0.04842335743991304,0.0,0.0,0.5982880856717837,0.0,0.06390137368077187,0.2160964921055737,0.023155801487738603,-91604.42618427669,0.0
8343594,9028.92025237978,3920.1082937489246,3,3009.6400841265927,0.0,0.0,0.0,0.4341724352605385,0.4159443352834807,0.0,0.0,0.0,0.0,0.0,0.0,0.14988322945598073,0.0,-9028.92025237978,0.0
8419192,25090.793145271473,6597.925756507584,8,3136.349143158934,0.0,0.0,0.0,0.0,0.0,0.47479710818693105,0.0,0.0,0.32948168662383653,0.0,0.0,0.19572120518923256,0.0,-25090.793145271473,0.0
8458626,14943.22561527662,6538.6040321371975,5,2988.6451230553243,0.0,0.0,0.0,0.11442487620844738,0.0,0.0,0.0,0.0,0.4375630938378332,0.0,0.0,0.4480120299537194,0.0,-14943.22561527662,0.0
8468056,23686.30648042041,4741.287286486858,8,2960.7883100525514,4290.59117059614,0.0,0.0,0.0,0.0,0.3230309699546837,0.0,0.0,0.14663854018210998,0.0,0.0,0.33016051864350165,0.20016997121970467,-19395.71530982427,-4.520522822762768
8496729,51912.990560114566,6484.948033673342,17,3053.7053270655624,0.0,0.0,0.029573298748539315,0.0,0.07547266642520846,0.0,0.0,0.14867395834191452,0.3944359612564968,0.0,0.0,0.13023065109080906,0.2216134641370318,-51912.990560114566,0.0
8510082,27737.579117957026,4975.792216427964,8,3467.1973897446283,575.0950986860017,0.0,0.0,0.0,0.5338835786932964,0.0,0.0,0.0,0.30946185486596767,0.01077490089487644,0.0,0.14587966554585946,0.0,-27162.48401927102,-47.23129110530216
8548567,46909.59486881146,5929.75842778277,14,3350.6853477722475,1172.7606517382808,0.0,0.0,0.0,0.0,0.0228209015295603,0.05589994288237856,0.03345019941947568,0.5867043815430714,0.0,0.054558007217733684,0.21537748135796458,0.031189086049815903,-45736.83421707318,-38.999291244365565
8553453,503.9442728519257,503.9442728519257,1,503.9442728519257,14625.81954879996,0.0,0.0,0.0,0.0,0.0,0.0,0.0,0.0,0.0,0.0,1.0,0.0,14121.875275948036,0.9655442027593405
8572079,2432.678942288047,1715.5441471194183,2,1216.3394711440235,0.0,0.0,0.0,0.0,0.0,0.0,0.0,0.0,0.2947922073490429,0.0,0.0,0.705207792650957,0.0,-2432.678942288047,0.0
8589263,6203.00227604025,4478.910363623548,3,2067.66742534675,0.0,0.0,0.0,0.0,0.0,0.0,0.0,0.0,0.7719932487880145,0.0,0.0,0.22800675121198546,0.0,-6203.00227604025,0.0
8591800,17207.09893298427,5847.5512971194485,8,2150.887366623034,0.0,0.0,0.0,0.0547336899228298,0.0,0.33983365353414,0.0,0.22971322381646003,0.31895291588478264,0.0,0.0,0.056766516841787365,0.0,-17207.09893298427,0.0
8612218,24726.097998723646,5135.804321735265,10,2472.6097998723644,1558.3067195871981,0.0,0.0,0.0,0.0,0.0,0.044199364589927445,0.0,0.4342085543929756,0.0,0.0,0.20770783655392674,0.31388424446317026,-23167.791279136447,-14.867285745436362
8642214,3969.421923805135,3257.453631843318,2,1984.7109619025675,3339.3208006890004,0.0,0.0,0.0,0.0,0.0,0.0,0.0,0.8206367814688452,0.0,0.0,0.1793632185311548,0.0,-630.1011231161349,-0.18869140185217498
8658128,24183.499696455827,6643.553420025281,5,4836.699939291165,0.0,0.0,0.0,0.0,0.0,0.0,0.0,0.0,1.0,0.0,0.0,0.0,0.0,-24183.499696455827,0.0
8737586,4507.039700408153,4507.039700408153,1,4507.039700408153,1634.7529456246377,0.0,0.0,0.0,0.0,0.0,0.0,0.0,1.0,0.0,0.0,0.0,0.0,-2872.286754783516,-1.7570158001373213
8759625,22037.839743618944,4309.169211904831,6,3672.9732906031577,0.0,0.0,0.0,0.0,0.0,0.0,0.0,0.0,0.6502060790526834,0.0,0.0,0.3497939209473167,0.0,-22037.839743618944,0.0
8768021,16550.380166591596,3827.623985953933,5,3310.076033318319,1184.1705418338913,0.0,0.0,0.0,0.0,0.0,0.0,0.0,0.20933207089041073,0.0,0.0,0.5593968678151587,0.23127106129443056,-15366.209624757703,-12.976348491966784
8782743,6084.999270114663,3054.373305242322,4,1521.2498175286657,0.0,0.0,0.0,0.0,0.0,0.0,0.0,0.0,0.8079070410409365,0.0,0.0,0.19209295895906353,0.0,-6084.999270114663,0.0
8803069,8575.173287161544,5432.61153798146,2,4287.586643580772,0.0,0.0,0.0,0.0,0.0,0.0,0.0,0.0,0.6335279015428155,0.0,0.0,0.3664720984571846,0.0,-8575.173287161544,0.0
8803898,81863.17083427076,6816.172622808883,26,3148.5834936257984,0.0,0.05965823709737078,0.0,0.1349431676221842,0.36879060187130996,0.0,0.0,0.0,0.15252646399483605,0.0,0.0,0.28408152941429904,0.0,-81863.17083427076,0.0
8819552,7506.008429467412,5850.022743644709,3,2502.0028098224707,0.0,0.0,0.0,0.0,0.0,0.0,0.0,0.0,0.8796571780518214,0.0,0.0,0.0,0.12034282194817861,-7506.008429467412,0.0
8852788,7055.29553247525,5708.349452114401,2,3527.647766237625,0.0,0.0,0.0,0.0,0.0,0.8090872204912029,0.0,0.0,0.0,0.0,0.0,0.1909127795087971,0.0,-7055.29553247525,0.0
8892354,8931.868817518727,5586.038681769681,4,2232.967204379682,0.0,0.0,0.0,0.0,0.0,0.0,0.0,0.0,0.006427161094880784,0.0,0.0,0.9935728389051192,0.0,-8931.868817518727,0.0
8893861,20981.79881849754,3955.962049796538,12,1748.4832348747952,3554.304359211997,0.0,0.0,0.0,0.0,0.0,0.0,0.0,0.4946507168966042,0.0,0.19587547626782242,0.23578909747316176,0.07368470936241163,-17427.494459285543,-4.903208250615118
8896150,3128.13519198722,3128.13519198722,1,3128.13519198722,181.83486536198072,0.0,1.0,0.0,0.0,0.0,0.0,0.0,0.0,0.0,0.0,0.0,0.0,-2946.300326625239,-16.203165002267337
8935423,1416.6506848218066,710.8803412518682,2,708.3253424109033,2380.0192330428963,0.0,0.0,0.0,0.0,0.0,0.0,0.0,0.0,0.0,0.0,1.0,0.0,963.3685482210899,0.4047734299144323
8970408,28126.291718933848,6054.90005731102,8,3515.786464866731,0.0,0.0,0.0,0.0,0.0,0.0,0.0,0.0,0.4517293462849315,0.0,0.0,0.32844455878522494,0.21982609492984354,-28126.291718933848,0.0
8973681,4579.834327889312,3095.3474380656276,2,2289.917163944656,0.0,0.0,0.0,0.0,0.0,0.3241355000078865,0.0,0.0,0.6758644999921136,0.0,0.0,0.0,0.0,-4579.834327889312,0.0
8985385,10659.406393606198,7476.274833309338,3,3553.135464535399,0.0,0.0,0.0,0.0,0.0,0.0,0.0,0.0,0.8586173432158566,0.0,0.0,0.1413826567841434,0.0,-10659.406393606198,0.0
9064363,39084.663883064466,7494.640474061399,11,3553.151262096769,1058.8642577729313,0.0,0.0,0.0,0.0,0.0,0.0,0.0,0.6516185460960724,0.0,0.0,0.34838145390392766,0.0,-38025.79962529153,-35.911873827217235
9072157,26740.982601910975,5698.700769388045,10,2674.0982601910973,2857.758691394562,0.0,0.022145959173766338,0.0,0.0,0.12026032309983355,0.0,0.0,0.20594751325173657,0.0,0.0,0.43853882341003486,0.21310738106462856,-23883.22391051641,-8.357327013801015
9076821,10828.87312576588,5250.092232836582,4,2707.21828144147,1065.8045259432681,0.0,0.0,0.0,0.0,0.0,0.0,0.0,0.6210968956693649,0.0,0.0,0.3789031043306351,0.0,-9763.068599822613,-9.160280672651501
9080153,37286.18967330838,10000.0,8,4660.773709163547,13976.494580900853,0.0,0.0,0.0,0.0,0.0521878214607831,0.0,0.0,0.8082553709499722,0.0,0.0,0.12094161732180976,0.018615190267434887,-23309.695092407524,-1.6677783515374927
9093073,16127.694013805587,6073.522367028223,5,3225.5388027611175,0.0,0.0,0.0,0.0,0.1806217363772596,0.0,0.0,0.0,0.3765896328284243,0.0,0.0,0.4427886307943162,0.0,-16127.694013805587,0.0
9147261,42570.60756324123,6056.1588249813485,16,2660.662972702577,23.940457960845997,0.0907759406000791,0.0,0.0,0.022369312831863247,0.09161081468402224,0.0,0.0,0.7072708311132611,0.0,0.0,0.08797310077077448,0.0,-42546.66710528039,-1777.1868514321807
9179575,8527.883995611204,4601.237503349209,2,4263.941997805602,0.0,0.0,0.0,0.0,0.0,0.0,0.0,0.0,0.5395520747839901,0.0,0.0,0.4604479252160098,0.0,-8527.883995611204,0.0
9187571,22824.313384466255,5292.090854789269,6,3804.0522307443757,0.0,0.0,0.0,0.0,0.0,0.0,0.0,0.0,0.383569465896035,0.0,0.0,0.616430534103965,0.0,-22824.313384466255,0.0
9189442,7372.825646010415,3023.8838417525817,3,2457.608548670138,4369.562684101035,0.0,0.0,0.0,0.0,0.0,0.0,0.0,0.5898609316241099,0.0,0.0,0.0,0.41013906837589004,-3003.262961909379,-0.687314310156704
9222057,60004.303031041265,10000.0,12,5000.358585920106,0.0,0.0,0.0,0.0,0.0,0.0,0.0,0.0,0.822191624197275,0.0,0.0,0.17780837580272502,0.0,-60004.303031041265,0.0
9223872,73542.2607507489,6645.5684223295775,19,3870.6453026709946,4674.063498243829,0.0,0.0,0.0,0.15785576617335148,0.058916859586251924,0.0,0.0,0.1804001328711802,0.0,0.11825918416011212,0.25124487854258765,0.23332317866651675,-68868.19725250507,-14.734116744109425
9227607,8689.885280355877,4385.457425810194,4,2172.471320088969,132.8241072325605,0.0,0.0,0.0,0.0,0.246631037543705,0.0,0.0,0.7338188913457273,0.0,0.0,0.01955007111056778,0.0,-8557.061173123315,-64.42400669135188
9243628,4752.576434946118,3244.471953436073,2,2376.288217473059,1385.3658516448504,0.0,0.317323561683473,0.0,0.0,0.0,0.0,0.0,0.0,0.0,0.0,0.682676438316527,0.0,-3367.2105833012674,-2.4305569386623502
9261256,26592.874756557892,5892.3412690542555,6,4432.145792759649,2275.5835683703135,0.13616080949557635,0.0,0.0,0.0,0.0,0.0,0.0,0.8139656022718151,0.0,0.0,0.04987358823260845,0.0,-24317.29118818758,-10.686178053923417
9281582,3540.0019729511664,1989.3114171938491,2,1770.0009864755832,0.0,0.0,0.0,0.0,0.0,0.0,0.0,0.0,0.0,0.0,0.0,1.0,0.0,-3540.0019729511664,0.0
9289656,55106.5270037846,6456.873959490915,15,3673.768466918973,2954.0822701074712,0.0,0.0,0.0,0.06976212188927781,0.0,0.0,0.10392759318261716,0.43994265605249916,0.0,0.0,0.2828941973880518,0.10347343148755403,-52152.444733677126,-17.654364355864672
9359413,3524.241785354599,2556.172767041657,2,1762.1208926772995,0.0,0.0,0.0,0.0,0.0,0.0,0.0,0.0,1.0,0.0,0.0,0.0,0.0,-3524.241785354599,0.0
9363285,11340.570988776093,4075.3825386802696,5,2268.114197755219,4256.813016411282,0.0,0.0,0.0,0.0,0.0,0.0,0.0,0.3812844696402786,0.0,0.0,0.6187155303597215,0.0,-7083.757972364812,-1.6640989268391204
9368516,4530.666395693609,2586.391605071023,3,1510.2221318978695,0.0,0.0,0.0,0.0,0.0,0.0,0.0,0.0,0.13412012312181124,0.0,0.0,0.8658798768781888,0.0,-4530.666395693609,0.0
9386276,5474.930186398318,3103.669396439837,2,2737.465093199159,0.0,0.5668874836341219,0.0,0.0,0.0,0.0,0.0,0.0,0.43311251636587805,0.0,0.0,0.0,0.0,-5474.930186398318,0.0
9443797,90647.00428153003,7473.123218386087,22,4120.318376433183,684.4669582089604,0.0,0.0,0.01892983117232023,0.0,0.0,0.0,0.0,0.7895382741968466,0.0,0.0,0.12286062415366111,0.068671270477172,-89962.53732332107,-131.43444872594785
9456320,13437.859951849354,4886.904904632164,6,2239.643325308226,5366.274801805387,0.0,0.20951765052086402,0.0,0.0,0.0,0.0,0.0,0.790482349479136,0.0,0.0,0.0,0.0,-8071.585150043968,-1.5041319067984418
9521254,7585.467421389387,4505.560784682076,2,3792.7337106946934,0.0,0.0,0.0,0.0,0.0,0.0,0.0,0.0,0.5939727289550231,0.0,0.0,0.406027271044977,0.0,-7585.467421389387,0.0
9557762,89882.6311003852,7143.603651605068,18,4993.4795055769555,0.0,0.0,0.0,0.0,0.058225066183920975,0.0,0.0,0.0,0.6695417097788569,0.0,0.0,0.27223322403722217,0.0,-89882.6311003852,0.0
9564524,12213.679521842956,3963.872390155578,5,2442.735904368591,0.0,0.0,0.2077852097241115,0.0,0.0,0.1983277612981342,0.0,0.0,0.4810007772918873,0.0,0.0,0.11288625168586693,0.0,-12213.679521842956,0.0
9571514,1497.2452369201985,1497.2452369201985,1,1497.2452369201985,2446.47981490802,0.0,0.0,0.0,0.0,0.0,0.0,0.0,1.0,0.0,0.0,0.0,0.0,949.2345779878217,0.3880001675074151
9576272,22268.49186031214,6250.686967966748,6,3711.4153100520234,0.0,0.0,0.0,0.0,0.0,0.0,0.0,0.061872342979675074,0.8970684119290707,0.0,0.0,0.0,0.04105924509125416,-22268.49186031214,0.0
9603836,18820.888320572427,5727.4237824163765,4,4705.222080143107,12708.262795088394,0.0,0.0,0.1464596990146898,0.0,0.0,0.0,0.2815725196464969,0.30431208585175756,0.0,0.0,0.2676556954870558,0.0,-6112.625525484031,-0.48099615376591787
9607788,67820.56814679422,4496.669080521938,27,2511.8728943257115,6134.577281381837,0.0,0.0,0.0,0.0,0.0,0.0,0.0,0.10493718649600683,0.0,0.0,0.8950628135039932,0.0,-61685.99086541238,-10.055459086419296
9647349,2650.8723089589016,2650.8723089589016,1,2650.8723089589016,13089.538045880277,0.0,0.0,0.0,0.0,0.0,0.0,0.0,0.0,0.0,0.0,1.0,0.0,10438.665736921375,0.7974815994523794
9653255,4582.580737341506,3612.0313881408497,2,2291.290368670753,0.0,0.0,0.0,0.0,0.0,0.7882090016893621,0.0,0.0,0.21179099831063788,0.0,0.0,0.0,0.0,-4582.580737341506,0.0
9755990,13049.663618054485,6648.259616635012,4,3262.415904513621,0.0,0.0,0.0,0.0,0.0,0.0,0.0,0.0,0.1689981985451873,0.0,0.0,0.8310018014548126,0.0,-13049.663618054485,0.0
9776970,27768.51788577302,5535.535244219373,15,1851.2345257182014,0.0,0.0,0.0,0.0,0.0,0.0,0.0,0.0,0.43981035819900804,0.0,0.0,0.560189641800992,0.0,-27768.51788577302,0.0
9849594,51830.16595142134,4978.745546836573,25,2073.2066380568535,552.6248664439728,0.0,0.02435587122538484,0.04281734872898392,0.0,0.08226072657529569,0.0,0.0,0.07781447062886002,0.0,0.0,0.7727515828414755,0.0,-51277.54108497736,-92.78905854334384
9860014,37360.103718345585,6250.5698731634475,9,4151.122635371731,4758.396573700392,0.0,0.0,0.0,0.12756978011050488,0.0,0.0,0.0,0.497918012424542,0.0,0.0,0.3745122074649532,0.0,-32601.70714464519,-6.851406064983
9889418,49030.55297460721,8141.270190136989,13,3771.5809980467084,0.0,0.0,0.0,0.0,0.0,0.0,0.0,0.0,0.8690035372472329,0.0,0.0,0.13099646275276716,0.0,-49030.55297460721,0.0
9952636,19765.33858372355,5851.4265692066265,6,3294.2230972872585,0.0,0.0,0.0,0.0,0.29604484357405264,0.23603163018802137,0.0,0.0,0.0,0.0,0.0,0.4679235262379259,0.0,-19765.33858372355,0.0
9953451,44607.78910258848,7245.7029740911785,10,4460.778910258849,0.0,0.0,0.0,0.0,0.0,0.0,0.0,0.20270125321738416,0.09713893772412457,0.0,0.0,0.496088056941168,0.20407175211732329,-44607.78910258848,0.0
9984063,25023.72813652533,4810.851654808211,6,4170.621356087555,0.0,0.0,0.0,0.0,0.19225159530830094,0.0,0.0,0.0,0.43128253486793927,0.0,0.0,0.3764658698237598,0.0,-25023.72813652533,0.0
10037043,28055.34478749305,7123.389134389254,5,5611.06895749861,0.0,0.0,0.0,0.0,0.0,0.12950140458193987,0.0,0.0,0.8704985954180602,0.0,0.0,0.0,0.0,-28055.34478749305,0.0
10105829,50892.486914325695,6445.088239833763,18,2827.3603841292056,0.0,0.13472092262521457,0.09841124766807975,0.0,0.0,0.0,0.0,0.03356080262359606,0.1744724408708497,0.0,0.050459590875315236,0.5083749953369446,0.0,-50892.486914325695,0.0
10151644,6125.990745341976,3934.7333004126467,3,2041.9969151139924,533.7592413624253,0.0,0.0,0.0,0.0,0.0,0.0,0.0,0.10460858182267883,0.0,0.0,0.8953914181773212,0.0,-5592.231503979551,-10.477067319163092
10157368,10378.383520499798,5733.183392919708,3,3459.461173499932,40141.174890983246,0.0,0.0,0.0,0.0,0.0,0.0,0.0,0.5524158344693366,0.0,0.0,0.4475841655306633,0.0,29762.79137048345,0.7414529208802244
10176972,9596.62442146606,5321.806186354654,3,3198.8748071553537,0.0,0.0,0.0,0.0,0.0,0.0,0.0,0.0,0.4454501965867651,0.0,0.0,0.554549803413235,0.0,-9596.62442146606,0.0
10195387,87097.99898911049,8083.526977570854,21,4147.523761386215,0.0,0.0,0.0,0.08932441930519447,0.050921373168011916,0.0,0.0,0.0,0.37948021753235184,0.0,0.0,0.4802739899944419,0.0,-87097.99898911049,0.0
10219615,24291.862565210773,5677.518113205188,6,4048.643760868463,1025.3316566644114,0.23311420796369112,0.0,0.19990892205808433,0.0,0.0,0.0,0.0,0.5669768699782245,0.0,0.0,0.0,0.0,-23266.53090854636,-22.691712244832637
10234799,3078.398703438471,1859.0178400160416,2,1539.1993517192354,0.0,0.0,0.0,0.0,0.0,0.0,0.0,0.0,0.39610881529427006,0.0,0.0,0.60389118470573,0.0,-3078.398703438471,0.0
10243037,1755.512066391832,1755.512066391832,1,1755.512066391832,1660.9958148613214,0.0,0.0,0.0,0.0,0.0,0.0,0.0,0.0,0.0,0.0,1.0,0.0,-94.51625153051069,-0.05690336524923874
10257196,61612.60695063554,6277.12673427115,13,4739.431303895042,0.0,0.0,0.0,0.0,0.0,0.0,0.0,0.0,0.9376232022654207,0.0,0.0,0.06237679773457934,0.0,-61612.60695063554,0.0
10266824,2354.0498810323534,2354.0498810323534,1,2354.0498810323534,16430.090428584448,0.0,0.0,0.0,0.0,0.0,0.0,0.0,1.0,0.0,0.0,0.0,0.0,14076.040547552097,0.8567232547340783
10297609,15981.537037383843,6122.416073088383,5,3196.3074074767687,0.0,0.0,0.0,0.0,0.0,0.0,0.0,0.0,0.38309306913139163,0.0,0.0,0.5171728353446022,0.09973409552400624,-15981.537037383843,0.0
10315615,16222.260727654319,4166.995488893209,7,2317.4658182363314,0.0,0.25686897522178714,0.0,0.0,0.0,0.0,0.0,0.0,0.2498804621914233,0.0,0.0,0.49325056258678945,0.0,-16222.260727654319,0.0
10329904,13460.951822419385,3359.8028928986073,6,2243.491970403231,1779.0758771638439,0.0,0.0,0.3894074980828739,0.20406050125312616,0.0,0.0,0.24959623488903757,0.1569357657749624,0.0,0.0,0.0,0.0,-11681.87594525554,-6.5662606610565035
10332486,52935.98018698277,6609.588480350074,18,2940.8877881657095,9275.48384718447,0.0,0.0,0.0,0.36279199154589314,0.11485473044275557,0.0,0.0,0.4106964646788846,0.0,0.0,0.1116568133324666,0.0,-43660.49633979831,-4.707085588106678
10340139,3396.008279326632,3396.008279326632,1,3396.008279326632,5836.029106848604,0.0,0.0,0.0,0.0,0.0,0.0,0.0,1.0,0.0,0.0,0.0,0.0,2440.0208275219716,0.4180960688935902
10340457,1207.9659206788276,1207.9659206788276,1,1207.9659206788276,1037.3920910903778,0.0,0.0,0.0,0.0,0.0,0.0,0.0,0.0,0.0,0.0,1.0,0.0,-170.5738295884498,-0.1644256121223787
10372469,94885.27032984396,10000.0,17,5581.486489990822,532.3986207111986,0.0,0.03348994898884247,0.0,0.0,0.0,0.0,0.0,0.7537208317760895,0.04959830124593196,0.0,0.163190917989136,0.0,-94352.87170913276,-177.222231686274
10420543,34551.6973801902,5888.345955046082,10,3455.16973801902,2224.484012842343,0.0,0.23163371535599248,0.0,0.0,0.0,0.0,0.5081302467994617,0.16982878650995356,0.0,0.0,0.09040725133459242,0.0,-32327.213367347853,-14.53245479882844
10433712,3058.794541423385,2291.3863566848972,2,1529.3972707116925,0.0,0.0,0.0,0.0,0.0,0.0,0.0,0.0,0.25088582261604947,0.0,0.0,0.7491141773839506,0.0,-3058.794541423385,0.0
10477941,1688.224441977061,1688.224441977061,1,1688.224441977061,1161.0255200468735,0.0,0.0,0.0,0.0,0.0,0.0,0.0,1.0,0.0,0.0,0.0,0.0,-527.1989219301873,-0.45408039085041213
10528162,5529.598641910853,5529.598641910853,1,5529.598641910853,6300.61540876064,1.0,0.0,0.0,0.0,0.0,0.0,0.0,0.0,0.0,0.0,0.0,0.0,771.0167668497867,0.12237166004097515
10568212,65960.43535118747,5852.0278395950845,18,3664.468630621526,0.0,0.07932289342080528,0.0,0.0,0.0,0.0,0.0,0.0,0.3800893913158954,0.0,0.0,0.5021224423054412,0.03846527295785803,-65960.43535118747,0.0
10587849,79249.19450491568,6646.205143627313,23,3445.617152387638,0.0,0.0838646396994617,0.0,0.02423423266059758,0.0599062141986835,0.1247899747314918,0.0,0.0,0.44034751890854024,0.0,0.0,0.19826444861840098,0.06859297118282436,-79249.19450491568,0.0
10595094,17066.70199144779,3702.097429476472,6,2844.450331907965,5100.894251081008,0.0,0.0,0.0,0.0,0.0,0.0,0.0,0.6801649378654206,0.0,0.0,0.3198350621345794,0.0,-11965.807740366781,-2.3458254869390642
10656555,11518.947720242593,4022.6560019467515,4,2879.7369300606483,0.0,0.0,0.0,0.0,0.0,0.0,0.0,0.0,0.7585376326220201,0.0,0.0,0.24146236737797994,0.0,-11518.947720242593,0.0
10721867,10972.533542626355,5252.044721964465,3,3657.5111808754514,0.0,0.0,0.0,0.0,0.0,0.0,0.0,0.0,1.0,0.0,0.0,0.0,0.0,-10972.533542626355,0.0
10724016,21555.972148395867,4807.918366368034,10,2155.5972148395867,7446.025825319433,0.0,0.0,0.0,0.0,0.0,0.0,0.1769749450624353,0.5872194097689089,0.0,0.0,0.23580564516865576,0.0,-14109.946323076434,-1.8949633877305443
10735037,26100.72899505673,5728.217630200011,9,2900.0809994507476,0.0,0.0,0.0,0.0,0.0,0.26160317909923986,0.0,0.0,0.31004437901335785,0.0,0.0,0.42835244188740235,0.0,-26100.72899505673,0.0
10763127,11963.361168449028,6080.491670255164,3,3987.787056149676,1638.3516381690658,0.3277068750393725,0.0,0.0,0.1640336496644002,0.0,0.0,0.0,0.0,0.0,0.0,0.5082594752962272,0.0,-10325.009530279962,-6.302071722416465
10790310,10372.97648277717,5808.3438050425875,3,3457.65882759239,0.0,0.0,0.0,0.0,0.0,0.0,0.0,0.0,0.5599495780874953,0.0,0.0,0.44005042191250465,0.0,-10372.97648277717,0.0
10840445,42928.21489452815,10000.0,17,2525.189111442832,2922.549230923408,0.0,0.0,0.0,0.0,0.0,0.0,0.0,0.8708997073835356,0.0,0.0,0.1291002926164644,0.0,-40005.66566360475,-13.688619935057371
10844716,17255.91389700122,5702.979524248002,4,4313.978474250305,0.0,0.0,0.3304942038009984,0.0,0.0,0.1348349618329668,0.0,0.0,0.0,0.0,0.0,0.5346708343660349,0.0,-17255.91389700122,0.0
10847937,8999.626967563318,3986.6798184658833,3,2999.875655854439,0.0,0.0,0.0,0.0,0.0,0.0,0.0,0.0,0.5570172149540448,0.0,0.0,0.44298278504595534,0.0,-8999.626967563318,0.0
10895471,8606.294784885644,5030.91639643654,2,4303.147392442822,0.0,0.0,0.0,0.0,0.0,0.0,0.0,0.0,0.41543759281034337,0.0,0.0,0.5845624071896566,0.0,-8606.294784885644,0.0
10916855,13826.132557413164,5619.145253284223,5,2765.2265114826328,0.0,0.0,0.0,0.0,0.0,0.0606277521762365,0.0,0.0,0.9159419336138466,0.0,0.0,0.0,0.023430314209916907,-13826.132557413164,0.0
10923781,44610.959728997535,6501.860783953644,23,1939.6069447390232,41185.47679787184,0.1592935913446875,0.04321343477296152,0.05153318487614802,0.0,0.11719638013244042,0.0,0.0,0.46792115586406946,0.0,0.0,0.10961767657691067,0.05122457643278251,-3425.4829311257,-0.08317210816660264
10930369,26144.96828821489,7476.715210538503,7,3734.9954697449843,0.0,0.0,0.0,0.0,0.0,0.0,0.0,0.0,0.17708586902580242,0.0,0.54201252640942,0.2809016045647777,0.0,-26144.96828821489,0.0
11000419,86608.55048125841,7472.877412112894,35,2474.53001375024,375.5428617688908,0.0,0.0,0.0,0.033490494584590885,0.10121929989217761,0.0,0.03650405224138868,0.7300986605739509,0.0,0.0,0.08630688142716629,0.012380611280725616,-86233.00761948951,-229.62227856845095
11014539,7059.434230952066,4416.860208561458,2,3529.717115476033,0.0,0.0,0.0,0.0,0.0,0.0,0.0,0.6256677325777397,0.3743322674222603,0.0,0.0,0.0,0.0,-7059.434230952066,0.0
11032364,57702.207445743625,4895.070085043769,20,2885.1103722871812,9606.926514327533,0.0,0.0,0.0,0.04135820653156747,0.0,0.0,0.0,0.8208333310854015,0.0,0.0,0.13780846238303113,0.0,-48095.28093141609,-5.006312982584802
11037085,25743.004084447643,5885.441624783272,8,3217.8755105559553,0.0,0.2271302742461579,0.20430961382606574,0.0,0.0,0.0,0.0,0.22862295346248648,0.23443682986367828,0.0,0.0,0.10550032860161163,0.0,-25743.004084447643,0.0
11125616,46312.93307780687,5433.380261688924,15,3087.5288718537913,0.0,0.0,0.0,0.0,0.057687326883625364,0.11731885459641936,0.0,0.0722908897578744,0.20395181038059165,0.0,0.0,0.5487511183814893,0.0,-46312.93307780687,0.0
11166311,4261.090744853178,3120.1519648205735,2,2130.545372426589,0.0,0.0,0.0,0.0,0.0,0.0,0.0,0.0,1.0,0.0,0.0,0.0,0.0,-4261.090744853178,0.0
11199738,21291.89474533745,5258.699553606787,9,2365.7660828152716,0.0,0.0,0.0,0.0,0.0,0.03726610054460132,0.0,0.0,0.6523940158015816,0.0,0.0,0.3103398836538171,0.0,-21291.89474533745,0.0
11212068,5833.799968756167,5358.731425929371,2,2916.8999843780834,990.1368036220204,0.0,0.0,0.0,0.0,0.0,0.0,0.0,0.08143380735902846,0.0,0.0,0.9185661926409715,0.0,-4843.663165134147,-4.891913064351853
11213972,14369.477912139047,4517.263403311449,5,2873.895582427809,0.0,0.0,0.0,0.3727002685684496,0.0,0.0,0.0,0.0,0.3129345588809628,0.0,0.3143651725505876,0.0,0.0,-14369.477912139047,0.0
11273319,3965.4903656481556,2350.7900133839694,3,1321.8301218827187,0.0,0.592811934117443,0.0,0.0,0.0,0.0,0.0,0.0,0.407188065882557,0.0,0.0,0.0,0.0,-3965.4903656481556,0.0
11281781,13749.105449212566,6850.2680292509895,4,3437.2763623031415,0.0,0.19841923101185482,0.0,0.0,0.0,0.0,0.0,0.0,0.4982337254270835,0.0,0.0,0.30334704356106174,0.0,-13749.105449212566,0.0
11285042,14814.599979936127,4619.112864683489,6,2469.099996656021,14941.09196362763,0.0,0.20114397866867856,0.0,0.0,0.0,0.0,0.0,0.3582324773756931,0.0,0.0,0.4406235439556284,0.0,126.49198369150483,0.008466046792258224
11345033,12837.959843446539,8148.855797130871,3,4279.319947815513,0.0,0.0,0.0,0.0,0.0,0.0,0.0,0.0,0.19262602970018206,0.0,0.0,0.807373970299818,0.0,-12837.959843446539,0.0
11350262,7865.908394672225,2253.960039188229,6,1310.9847324453708,179.46007313792458,0.0,0.0,0.0,0.0,0.0,0.0,0.0,0.48173284545286604,0.0,0.0,0.5182671545471339,0.0,-7686.4483215343,-42.83096617054679
11353194,10587.82468453704,6122.435955509545,3,3529.2748948456797,0.0,0.0,0.0,0.0,0.0,0.0,0.0,0.0,0.9424654670331413,0.0,0.0,0.0,0.05753453296685876,-10587.82468453704,0.0
11353458,16570.808469414013,6245.708375635578,4,4142.702117353503,0.0,0.0,0.21162541588564418,0.0,0.0,0.04214212251362284,0.0,0.0,0.7462324616007329,0.0,0.0,0.0,0.0,-16570.808469414013,0.0
11368760,14765.456189861634,5033.1572352166195,7,2109.3508842659476,382.6559577434543,0.0,0.0,0.0,0.0,0.04437030409142716,0.0,0.0,0.9556296959085728,0.0,0.0,0.0,0.0,-14382.800232118181,-37.586766757623316
11394013,6124.653877631938,6124.653877631938,1,6124.653877631938,1271.1107014598374,0.0,0.0,0.0,0.0,0.0,0.0,0.0,1.0,0.0,0.0,0.0,0.0,-4853.543176172099,-3.8183481349011785
11465539,29908.353260566648,10000.0,5,5981.67065211333,0.0,0.0,0.0,0.0,0.0,0.0,0.0,0.0,0.8415326087949149,0.0,0.0,0.1584673912050851,0.0,-29908.353260566648,0.0
11484884,12039.676060010435,6129.912429950982,2,6019.838030005218,0.0,0.0,0.0,0.0,0.0,0.0,0.0,0.0,1.0,0.0,0.0,0.0,0.0,-12039.676060010435,0.0
11494596,10748.00637074288,2675.0493305276987,5,2149.601274148576,1760.5755442840023,0.0,0.0,0.0,0.0,0.0,0.0,0.0,1.0,0.0,0.0,0.0,0.0,-8987.430826458878,-5.104825439407044
11548817,61391.889615749686,6790.435707183055,13,4722.45304736536,0.0,0.0,0.0,0.0,0.0,0.05130780575640374,0.0,0.06652778906171294,0.6322945268160122,0.0,0.0,0.24986987836587116,0.0,-61391.889615749686,0.0
11556246,50000.17484794226,7124.991254440119,10,5000.017484794226,0.0,0.0,0.0,0.0,0.0,0.0,0.0,0.0,0.8720910969318862,0.0,0.0,0.12790890306811384,0.0,-50000.17484794226,0.0
11580347,8154.988430522222,3803.387300823673,4,2038.7471076305555,0.0,0.0,0.0,0.0,0.0,0.0,0.0,0.0,0.9504756586543948,0.0,0.0,0.04952434134560517,0.0,-8154.988430522222,0.0
11602899,5852.360969852242,3432.7324757486267,2,2926.180484926121,0.0,0.0,0.0,0.0,0.0,0.0,0.0,0.0,1.0,0.0,0.0,0.0,0.0,-5852.360969852242,0.0
11662129,30544.4006093253,5695.559086538907,7,4363.485801332186,0.0,0.0,0.157345935819095,0.0,0.41063474198186134,0.0,0.0,0.0,0.18646818968187692,0.0,0.0,0.14580641786834234,0.09974471464882445,-30544.4006093253,0.0
11670233,18868.760283162617,5687.333582611512,4,4717.190070790654,1227.7078104950656,0.0,0.0,0.0,0.0,0.0,0.0,0.0,0.3014153286841296,0.0,0.0,0.5736403814987897,0.12494428981708072,-17641.052472667554,-14.36909688271341
11672358,28078.049436770656,7475.925952995895,10,2807.8049436770652,0.0,0.0,0.0,0.11552594448286506,0.0,0.0,0.0,0.05505710624705818,0.1609131118101799,0.0,0.11644033624883611,0.47418250396661843,0.07788099724444228,-28078.049436770656,0.0
11704512,17026.56421897488,5252.071485559605,4,4256.64105474372,0.0,0.0,0.0,0.0,0.0,0.0,0.0,0.0,0.7272643903419782,0.0,0.0,0.27273560965802185,0.0,-17026.56421897488,0.0
11781168,19150.24948677193,5718.398498918429,6,3191.7082477953218,0.0,0.0,0.0,0.0,0.0,0.0,0.0,0.0,0.3689947690634994,0.0,0.0,0.6310052309365007,0.0,-19150.24948677193,0.0
11793751,13343.688188529359,6490.757989900265,3,4447.8960628431205,0.0,0.0,0.0,0.0,0.0,0.0,0.0,0.0,1.0,0.0,0.0,0.0,0.0,-13343.688188529359,0.0
11818912,6937.755705968758,5669.335930982791,2,3468.877852984379,0.0,0.0,0.0,0.0,0.0,0.1828285440916733,0.0,0.0,0.0,0.0,0.0,0.8171714559083266,0.0,-6937.755705968758,0.0
11827190,43008.44395849709,6120.050151823143,10,4300.844395849709,0.0,0.0,0.0,0.40383795516082965,0.07800721581204115,0.0,0.0,0.0,0.2180427923605469,0.0,0.12399536973238273,0.17611666693419964,0.0,-43008.44395849709,0.0
11851316,3592.0500157863653,2614.1002009976914,2,1796.0250078931826,0.0,0.0,0.0,0.0,0.0,0.0,0.0,0.7277460473849825,0.27225395261501745,0.0,0.0,0.0,0.0,-3592.0500157863653,0.0
11890844,34698.929416821586,4706.244801590433,11,3154.4481288019624,659.0633884951436,0.0,0.0,0.0,0.22186517091454008,0.0,0.0,0.05765977394108332,0.21292626052322014,0.0,0.0,0.5075487946211565,0.0,-34039.86602832644,-51.64884990205653
11903072,12538.120745886717,4665.273106168759,4,3134.5301864716794,0.0,0.20240042249317575,0.0,0.0,0.0,0.0,0.0,0.0,0.0,0.0,0.0,0.7975995775068243,0.0,-12538.120745886717,0.0
11940222,34887.16001450872,7132.941190255765,11,3171.5600013189746,1902.6994561031804,0.19882329150117017,0.03096218160565139,0.11960817288442578,0.0,0.03823713632585455,0.0,0.0,0.4079117270964088,0.0,0.0,0.20445749058648935,0.0,-32984.460558405546,-17.335612543853507
11949028,3998.4976866812735,3548.50765457166,2,1999.2488433406368,0.0,0.0,0.0,0.0,0.0,0.0,0.0,0.0,1.0,0.0,0.0,0.0,0.0,-3998.4976866812735,0.0
11979030,31352.06172355351,6384.814563744062,7,4478.865960507645,887.7974600977951,0.0,0.0,0.0,0.15496550325451447,0.0,0.0,0.0,0.8450344967454855,0.0,0.0,0.0,0.0,-30464.264263455716,-34.314430523488916
12120374,9857.816282842361,4971.34880268299,3,3285.938760947454,3742.822956219918,0.0,0.0,0.0,0.5043052802004109,0.0,0.0,0.0,0.3180191393805106,0.0,0.0,0.1776755804190785,0.0,-6114.993326622443,-1.6337917657741177
12140966,16993.28719034626,4992.912244619081,4,4248.321797586565,0.0,0.0,0.0,0.0,0.0,0.0,0.0,0.0,0.0,0.0,0.0,1.0,0.0,-16993.28719034626,0.0
12236559,4070.1069065826614,1663.9317745155859,3,1356.7023021942205,618.0805093543761,0.0,0.0,0.0,0.0,0.0,0.0,0.0,0.5911822925770138,0.0,0.0,0.40881770742298623,0.0,-3452.0263972282855,-5.58507564141465
12253114,11978.23432041767,3744.9160804627368,5,2395.6468640835337,46.494629372572696,0.0,0.0,0.0,0.0,0.0,0.0,0.0,0.2207408536308954,0.0,0.3468371854679528,0.4324219609011519,0.0,-11931.739691045097,-256.6261921443267
12262020,11824.364834986907,5705.91797844063,3,3941.4549449956357,0.0,0.0,0.0,0.0,0.0,0.0,0.0,0.0,0.0,0.0,0.0,1.0,0.0,-11824.364834986907,0.0
12272948,4386.282794998537,2612.303158073892,3,1462.0942649995122,576.8105081261687,0.0,0.0,0.0,0.0,0.0,0.0,0.0,1.0,0.0,0.0,0.0,0.0,-3809.472286872368,-6.604373937721507
12316157,26200.214427951334,5234.523015960342,9,2911.134936439037,1014.8234272928755,0.0,0.0,0.0,0.0,0.0,0.0,0.1145894726183758,0.6678923987275515,0.0,0.0,0.21751812865407286,0.0,-25185.39100065846,-24.817510439074656
12348993,34054.80815999204,6065.602463168146,12,2837.9006799993367,4437.161637196566,0.0,0.0,0.0,0.0,0.05588045892623282,0.0,0.0,0.5458631240632664,0.0,0.0,0.39825641701050085,0.0,-29617.646522795476,-6.6749081833106585
12358448,4930.12214281266,2783.374463287445,2,2465.06107140633,0.0,0.0,0.0,0.0,0.0,0.0,0.0,0.0,1.0,0.0,0.0,0.0,0.0,-4930.12214281266,0.0
12371730,48225.39468542531,7080.468651798115,14,3444.671048958951,0.0,0.0,0.0,0.0,0.0,0.0,0.0,0.0,0.07207005186790456,0.0,0.0,0.9279299481320954,0.0,-48225.39468542531,0.0
12374666,20478.739910555636,6806.512602103051,5,4095.747982111127,1540.5529335665549,0.0,0.0,0.0,0.0,0.0,0.0,0.0,0.6448635936727798,0.0,0.18293315441557392,0.1722032519116464,0.0,-18938.18697698908,-12.293110197223166
12389350,29426.981564674268,5664.487437401188,12,2452.248463722856,0.0,0.0,0.0,0.0,0.0,0.10456487842953814,0.0,0.0,0.3003783523114023,0.0,0.0,0.5950567692590596,0.0,-29426.981564674268,0.0
12390504,3668.243085206229,2247.889537406924,2,1834.1215426031144,0.0,0.0,0.0,0.0,0.0,1.0,0.0,0.0,0.0,0.0,0.0,0.0,0.0,-3668.243085206229,0.0
12434198,6105.251888638531,3194.1753609528387,2,3052.6259443192657,0.0,0.0,0.0,0.0,0.0,0.0,0.0,0.0,1.0,0.0,0.0,0.0,0.0,-6105.251888638531,0.0
12457009,20744.3666927146,4579.549329823717,7,2963.4809561020857,0.0,0.0,0.1385581879081184,0.0,0.0,0.0,0.0,0.0,0.3401519763728267,0.0,0.0,0.3711317108272849,0.15015812489177,-20744.3666927146,0.0
12516689,52480.38194466564,6898.606536845531,11,4770.943813151423,0.0,0.0,0.0,0.0,0.0,0.0,0.0,0.34543916850804623,0.28565270374949453,0.0,0.06463992834712681,0.30426819939533234,0.0,-52480.38194466564,0.0
12523862,19950.671709947703,4497.207107689145,7,2850.0959585639575,6356.405676483842,0.0,0.2002777637484577,0.0,0.0,0.0,0.0,0.0,0.6552634516436073,0.0,0.0,0.144458784607935,0.0,-13594.26603346386,-2.138671872967014
12534837,6305.451501459127,5005.285061113857,2,3152.7257507295635,611.8244140920986,0.0,0.20619719936699243,0.0,0.0,0.0,0.0,0.0,0.0,0.0,0.0,0.0,0.7938028006330076,-5693.627087367028,-9.305982167802087
12576793,5333.290273030364,2624.026443326554,4,1333.322568257591,0.0,0.0,0.0,0.0,0.0,0.0,0.0,0.0,0.8645510048561983,0.0,0.0,0.1354489951438017,0.0,-5333.290273030364,0.0
12609832,7593.508656160699,4851.51577120324,2,3796.7543280803493,0.0,0.6389030408580822,0.36109695914191775,0.0,0.0,0.0,0.0,0.0,0.0,0.0,0.0,0.0,0.0,-7593.508656160699,0.0
12623671,72217.51019442381,5541.731156931629,19,3800.9215891802005,3301.64625243863,0.029601480772265622,0.0680577385106648,0.03309738578874948,0.1620775785354151,0.21082065691374852,0.0,0.0,0.11308132846691729,0.0,0.32632560159083873,0.05693822942140045,0.0,-68915.86394198518,-20.873182246911888
12637619,21063.82297538456,5836.874637484174,6,3510.6371625640927,0.0,0.0,0.0,0.0,0.0,0.0,0.0,0.2771042390692904,0.25204254878106425,0.0,0.0,0.4708532121496454,0.0,-21063.82297538456,0.0
12779185,22396.438434315827,5174.659137808204,6,3732.7397390526376,0.0,0.0,0.13018224886419794,0.0,0.0,0.0,0.0,0.13071338360390775,0.1307251968048108,0.0,0.0,0.6083791707270835,0.0,-22396.438434315827,0.0
12871967,72606.42012308288,10000.0,25,2904.256804923315,802.6613538139102,0.0,0.0,0.0,0.0,0.030029638721398917,0.0,0.0,0.25379803617277086,0.03434090368647744,0.08462665171976778,0.5972047696995851,0.0,-71803.75876926897,-89.45710221139663
12884244,34388.9831648166,10000.0,8,4298.622895602075,7248.889824380336,0.06586465417586079,0.0,0.0,0.0,0.0,0.0,0.0,0.8445215008793864,0.0,0.0,0.08961384494475277,0.0,-27140.093340436266,-3.7440344656854143
12909176,17863.89034035495,4217.498073979584,5,3572.77806807099,0.0,0.0,0.0,0.20157757744266963,0.0,0.0,0.0,0.0,0.2360906831392799,0.0,0.0,0.5623317394180505,0.0,-17863.89034035495,0.0
12910699,6547.004143350198,3299.0225480218014,2,3273.502071675099,0.0,0.0,0.0,0.0,0.0,0.0,0.0,0.0,0.0,0.0,0.0,1.0,0.0,-6547.004143350198,0.0
12925181,1052.2980603057579,1052.2980603057579,1,1052.2980603057579,1584.102531334293,0.0,0.0,0.0,0.0,0.0,0.0,0.0,1.0,0.0,0.0,0.0,0.0,531.804471028535,0.33571341533088456
12948131,10015.289722927015,3362.1591637450338,7,1430.7556747038593,3415.5988913033707,0.335702636344945,0.0,0.04924143729333372,0.07584234817079158,0.0,0.0,0.0,0.19210655156881185,0.0,0.0,0.34710702662211773,0.0,-6599.690831623644,-1.9322206856394792
12950319,5670.822372446553,4709.297136058889,2,2835.4111862232767,0.0,0.0,0.0,0.0,0.0,0.0,0.0,0.0,0.1695565780828424,0.0,0.0,0.8304434219171575,0.0,-5670.822372446553,0.0
12965191,63742.44524043105,6903.181215791044,19,3354.8655389700552,0.0,0.0,0.0,0.0,0.0,0.0,0.0,0.0,0.2880605764283061,0.0,0.0,0.6298504821381176,0.0820889414335763,-63742.44524043105,0.0
13034293,24836.715631453495,6303.7783724737965,8,3104.589453931687,1736.491570405009,0.1290061120934722,0.0,0.0,0.0,0.0,0.0,0.2356108057381303,0.5969736231298349,0.0,0.0,0.03840945903856253,0.0,-23100.224061048488,-13.302813819971915
13043823,15398.734862727255,4150.053995494588,5,3079.7469725454507,1185.187829475577,0.0,0.0,0.0,0.0,0.174658685459346,0.0,0.0,0.431958712148942,0.0,0.0,0.3933826023917119,0.0,-14213.547033251678,-11.99265355225669
13074073,12677.608352570356,4551.221308437737,6,2112.9347254283925,0.0,0.0,0.0,0.0,0.0,0.0,0.0,0.0,0.581899543434155,0.0,0.0,0.41810045656584505,0.0,-12677.608352570356,0.0
13079306,33918.841051293704,4594.6768507939205,12,2826.570087607809,0.0,0.0,0.0,0.0,0.0,0.09916835676960688,0.0,0.0,0.4883080302181537,0.0,0.0,0.41252361301223944,0.0,-33918.841051293704,0.0
13122719,28203.01273540375,5726.889882857051,8,3525.376591925469,555.459612316489,0.0,0.17168519169280966,0.0,0.0,0.0,0.0,0.0,0.39707656160400134,0.0,0.0,0.26834747769733935,0.16289076900584967,-27647.55312308726,-49.77419151643788
13136874,58162.92288126326,4634.609667325845,22,2643.7692218756024,0.0,0.0,0.0,0.01794485526963231,0.0,0.0,0.0,0.0,0.5807280734127607,0.0,0.0,0.40132707131760703,0.0,-58162.92288126326,0.0
13164943,6173.698428647042,4618.287317105536,2,3086.849214323521,337.3947538248057,0.0,0.7480584564474148,0.0,0.0,0.0,0.0,0.0,0.25194154355258525,0.0,0.0,0.0,0.0,-5836.303674822237,-17.298145891897217
13175913,521.5730988230176,349.40856480162256,2,260.7865494115088,3950.7803576579704,0.0,0.0,0.0,0.0,0.0,0.0,0.0,0.0,0.0,0.0,0.6699129337577001,0.3300870662423,3429.2072588349524,0.8679822587929926
13196425,43684.120952299105,5728.928579531878,10,4368.41209522991,0.0,0.0,0.0,0.0,0.0,0.0,0.0,0.0,0.3955745970230304,0.0,0.0,0.21711749486858872,0.38730790810838095,-43684.120952299105,0.0
13200600,8483.890725884554,2427.0224263138316,7,1211.984389412079,2514.3843309303247,0.0,0.0,0.0,0.0,0.0,0.0,0.0,0.4532054517980706,0.0,0.0,0.42096700945330745,0.12582753874862193,-5969.506394954228,-2.3741423781246302
13200780,25049.23696059573,6624.935842631823,8,3131.154620074466,0.0,0.0,0.11296319516784457,0.0,0.0,0.0,0.0,0.0,0.4429622387453424,0.0,0.0,0.38302966701153623,0.06104489907527677,-25049.23696059573,0.0
13289991,29539.529345589708,5667.0672640085495,8,3692.4411681987135,0.0,0.0,0.0,0.0,0.0,0.0,0.0,0.11803763537091654,0.2915342172576555,0.0,0.0,0.5904281473714279,0.0,-29539.529345589708,0.0
13335477,5944.27239128878,4433.799372228497,2,2972.13619564439,0.0,0.0,0.0,0.0,0.0,0.0,0.0,0.0,0.7458943803998866,0.0,0.0,0.2541056196001134,0.0,-5944.27239128878,0.0
13342801,22113.082452817875,5360.605356389858,6,3685.5137421363124,0.0,0.0,0.0,0.10310944911183184,0.0,0.0,0.0,0.0,0.6919955720610114,0.0,0.0,0.2048949788271567,0.0,-22113.082452817875,0.0
13391713,54210.353514771115,5387.737459951294,18,3011.686306376173,1723.8896604876466,0.0,0.0,0.09636715640990784,0.02922880399062067,0.0,0.0,0.06613066311990044,0.5303301854641281,0.0,0.07070021722189436,0.20724297379354853,0.0,-52486.46385428347,-30.446533242409682
13397748,50871.028989583865,5248.952746958611,17,2992.4134699755214,0.0,0.0,0.0,0.0,0.0,0.0,0.0,0.0,0.9806752216445948,0.0,0.0,0.01932477835540528,0.0,-50871.028989583865,0.0
13460172,29572.735474901863,6537.8953517587715,5,5914.547094980373,0.0,0.19503142780899785,0.0,0.0,0.0,0.0,0.0,0.0,0.21789184012603988,0.0,0.0,0.5870767320649624,0.0,-29572.735474901863,0.0
13549930,7914.904917999847,4492.380998704551,3,2638.3016393332828,6730.816256144287,0.0,0.0,0.0,0.0,0.0,0.0,0.0,0.5928240838670068,0.0,0.0,0.4071759161329932,0.0,-1184.0886618555605,-0.17592051495606562
13554331,78949.21980417376,5888.618219967468,17,4644.071753186691,5694.8073876106655,0.04806072910438877,0.0537866231539759,0.0,0.0,0.12527544325115034,0.0,0.0,0.217910946312735,0.0,0.0,0.40580121637499067,0.1491650418027594,-73254.41241656308,-12.86336963317349
13565821,13311.046651841867,5747.223654324231,3,4437.015550613956,0.0,0.0,0.0,0.0,0.0,0.0,0.0,0.0,0.5682365328102145,0.0,0.0,0.0,0.43176346718978553,-13311.046651841867,0.0
13694768,16482.539511723317,4970.954025798333,4,4120.634877930829,0.0,0.0,0.2467404399945855,0.0,0.0,0.0,0.0,0.0,0.4516704740358218,0.0,0.0,0.3015890859695927,0.0,-16482.539511723317,0.0
13695974,59864.554721356566,5568.366483952869,15,3990.970314757105,376.8429242501536,0.2146381107102252,0.0,0.053580809715740516,0.4140347371554199,0.0,0.0,0.0,0.12342339192357721,0.0,0.0,0.19432295049503717,0.0,-59487.711797106414,-157.85811002150498
13700865,29818.222840624647,4437.769949974741,12,2484.8519033853872,8097.068511956211,0.09642428313806319,0.05558403203049131,0.0,0.06497968813805868,0.06172310306011422,0.0,0.0,0.5194701862472962,0.0,0.0,0.20181870738597635,0.0,-21721.154328668432,-2.682594854742153
13711662,3976.318712821891,3976.318712821891,1,3976.318712821891,582.847942203275,0.0,0.0,0.0,0.0,0.0,0.0,0.0,1.0,0.0,0.0,0.0,0.0,-3393.470770618616,-5.822223130428594
13751384,18667.52249029457,6126.049126500353,7,2666.7889271849385,0.0,0.0,0.0,0.0,0.0,0.0,0.0,0.0,0.8403918882753659,0.0,0.0,0.1596081117246341,0.0,-18667.52249029457,0.0
13763771,1353.4022085397576,1150.8937568364559,2,676.7011042698788,0.0,0.0,0.0,0.0,0.0,0.8503708281060096,0.0,0.0,0.1496291718939904,0.0,0.0,0.0,0.0,-1353.4022085397576,0.0
13768274,13399.19679583405,4543.438274465412,4,3349.7991989585125,0.0,0.0,0.0,0.0,0.0,0.0,0.0,0.0,0.6628603613163895,0.0,0.0,0.3371396386836106,0.0,-13399.19679583405,0.0
13799053,8150.746909126558,5796.68386377969,2,4075.373454563279,0.0,0.0,0.0,0.0,0.0,0.0,0.0,0.0,1.0,0.0,0.0,0.0,0.0,-8150.746909126558,0.0
13820391,66182.3121305459,5599.920098901634,17,3893.0771841497594,0.0,0.0,0.03391852459653596,0.0,0.0,0.0,0.0,0.0,0.5898836137497637,0.0,0.0,0.3761978616537003,0.0,-66182.3121305459,0.0
13828959,13731.25083117228,5683.564346340726,3,4577.0836103907595,3795.684111424479,0.0,0.0,0.0,0.0,0.2549146235486774,0.0,0.0,0.41391453817434215,0.0,0.0,0.0,0.3311708382769806,-9935.566719747801,-2.6175957819680336
13832731,16296.864668954058,4670.647260965375,6,2716.1441114923427,2108.302348935966,0.0,0.0,0.0,0.0,0.0,0.0,0.0,0.8549735496236647,0.0,0.0,0.1450264503763352,0.0,-14188.56232001809,-6.729851782017358
13849086,10580.377283788946,4321.509496349841,4,2645.0943209472366,0.0,0.3741758855511706,0.0,0.0,0.04985757866946408,0.0,0.0,0.0,0.5759665357793653,0.0,0.0,0.0,0.0,-10580.377283788946,0.0
13882168,22690.502222135812,6769.476173454396,8,2836.3127777669765,0.0,0.16819947412549374,0.0,0.12989467603346433,0.0,0.0,0.0,0.0,0.298339635993178,0.0,0.16708896698487435,0.037799897785282886,0.19867734907770648,-22690.502222135812,0.0
13920562,34069.18971400559,6447.646220753405,10,3406.918971400559,5331.289177754892,0.0,0.0,0.2923497759463407,0.13782508568488142,0.0,0.0,0.0,0.3992853818170774,0.0,0.0,0.17053975655170045,0.0,-28737.900536250698,-5.390422387170673
13931933,33684.970697950266,4289.250746796507,15,2245.6647131966843,5861.14256117872,0.028727643996307745,0.0,0.07795606124404417,0.0,0.0,0.0,0.0,0.5324539434000847,0.0,0.0,0.1715202933837712,0.1893420579757922,-27823.828136771543,-4.747167953405993
13945929,18809.936859401347,3795.759705471218,8,2351.2421074251683,11607.04845935959,0.0,0.0,0.0,0.13017911292349127,0.2739906412147143,0.0,0.0,0.28234204868513757,0.0,0.14392495922190354,0.16956323795475328,0.0,-7202.888400041757,-0.6205615859416488
13976504,3716.281355917179,3065.84647870173,2,1858.1406779585895,1203.837699107363,0.8249769554773332,0.0,0.0,0.0,0.0,0.0,0.0,0.0,0.0,0.0,0.17502304452266676,0.0,-2512.4436568098163,-2.0870285576475753
14002326,12712.551243582713,5685.312625680941,4,3178.1378108956783,815.0976690480188,0.0,0.0,0.0,0.0,0.0,0.0,0.0,0.0,0.0,0.0,1.0,0.0,-11897.453574534695,-14.596353328344255
14029343,5175.339891347834,4788.9078502546035,3,1725.1132971159445,2711.3718031505155,0.0,0.0,0.0,0.04957678266735639,0.0,0.0,0.0,0.025091171361956766,0.0,0.0,0.9253320459706869,0.0,-2463.968088197318,-0.9087533053689932
14030821,4588.412578910256,3875.08696934633,2,2294.206289455128,0.0,0.0,0.0,0.0,0.0,0.0,0.0,0.0,1.0,0.0,0.0,0.0,0.0,-4588.412578910256,0.0
14059937,11833.538367848592,3411.8612376209435,5,2366.7076735697183,0.0,0.0,0.0,0.0,0.0,0.0,0.0,0.0,0.7596382616704201,0.0,0.24036173832957977,0.0,0.0,-11833.538367848592,0.0
14070345,33518.021577757536,7423.738089292353,6,5586.336929626256,0.0,0.0,0.0,0.0,0.0,0.0,0.0,0.0,0.8383051071419579,0.0,0.0,0.16169489285804192,0.0,-33518.021577757536,0.0
14071718,37461.14871791438,10000.0,8,4682.643589739298,975.7238444768201,0.0,0.0,0.0,0.0,0.0,0.10971836135082112,0.0,0.5051010066646264,0.0,0.0,0.38518063198455255,0.0,-36485.424873437565,-37.39318771388735
14114924,18940.909086683863,3894.365628300237,9,2104.5454540759847,3061.81529449719,0.0,0.0,0.514162429817679,0.0,0.0,0.0,0.0,0.039524970514997815,0.0,0.0,0.4463125996673231,0.0,-15879.093792186673,-5.186169727718449
14140110,18312.466883360557,4584.836947368425,7,2616.0666976229368,14355.134078022833,0.17664414185391666,0.0,0.0,0.0,0.0,0.0,0.0,0.1711522513918334,0.0,0.0,0.65220360675425,0.0,-3957.3328053377245,-0.2756736916443192
14151023,49820.883509669016,5844.988882847196,13,3832.375654589924,12544.465712012492,0.10558814224064574,0.0,0.0,0.05093993841593229,0.0,0.0,0.0,0.35895373330582053,0.0,0.1002824378401338,0.38423574819746764,0.0,-37276.41779765652,-2.9715428822098726
14151543,16856.20470343534,3795.3225520712026,7,2408.029243347906,0.0,0.17711095112754652,0.0,0.0,0.0,0.0,0.0,0.0,0.40225901108595336,0.0,0.0,0.42063003778650015,0.0,-16856.20470343534,0.0
14164552,17231.09876909435,6069.293438997283,6,2871.8497948490585,0.0,0.0,0.0,0.14940375159967076,0.0,0.0,0.0,0.0,0.12421515135809758,0.0,0.11710530609569932,0.6092757909465324,0.0,-17231.09876909435,0.0
14191903,24687.593903757854,5550.953867469035,8,3085.9492379697317,1069.588870278026,0.1403637445355976,0.0,0.0,0.0,0.4488690988098392,0.0,0.0,0.3606353208154476,0.0,0.0,0.050131835839115714,0.0,-23618.00503347983,-22.081386306254878
14258881,16734.180988990873,4750.530806486079,7,2390.5972841415532,965.8592916145708,0.0,0.0,0.0,0.0,0.027890942342111567,0.0,0.0,0.32182331831757616,0.0,0.0,0.5059059818893978,0.14437975745091433,-15768.321697376301,-16.325692400823016
14295111,1622.4137793042653,1238.409191745033,2,811.2068896521326,0.0,0.0,0.0,0.0,0.0,0.0,0.0,0.0,0.23668720794759499,0.0,0.0,0.763312792052405,0.0,-1622.4137793042653,0.0
14332656,17622.037413425787,5018.561342846872,6,2937.0062355709642,17254.242460107696,0.14756192480847358,0.0,0.0,0.0,0.6325704299876405,0.0,0.0,0.06029297482347975,0.0,0.0,0.1595746703804062,0.0,-367.7949533180893,-0.021316204067981643
14333875,2663.2818383010467,2663.2818383010467,1,2663.2818383010467,242.533519834136,0.0,0.0,0.0,0.0,0.0,0.0,0.0,1.0,0.0,0.0,0.0,0.0,-2420.748318466911,-9.981087645626937
14355737,5027.762519750913,3559.073564606722,2,2513.8812598754566,0.0,0.0,0.0,0.0,0.0,0.0,0.0,0.0,0.2921158168021336,0.0,0.0,0.7078841831978664,0.0,-5027.762519750913,0.0
14357176,9868.016810516756,6487.020984896921,2,4934.008405258378,0.0,0.0,0.0,0.0,0.0,0.0,0.0,0.0,0.6573783881259132,0.0,0.0,0.3426216118740867,0.0,-9868.016810516756,0.0
14459569,32476.882958062462,5256.444662864927,11,2952.4439052784055,2526.225917992597,0.0,0.052597676258812856,0.0,0.12563751786721408,0.0,0.0,0.026336548259461984,0.1182181504007777,0.0,0.0,0.6772101072137334,0.0,-29950.657040069862,-11.855890174648124
14460779,5948.368919102851,5948.368919102851,1,5948.368919102851,294.9764207059775,0.0,0.0,0.0,0.0,0.0,0.0,0.0,0.0,0.0,0.0,1.0,0.0,-5653.392498396874,-19.16557426816153
14474493,12960.292654863022,3647.552382575748,5,2592.0585309726043,7415.820856861673,0.2814405877792502,0.0,0.0,0.0,0.0,0.0,0.0,0.4394560857759323,0.0,0.0,0.0,0.27910332644481745,-5544.471798001348,-0.7476544950342466
14479148,9447.40207351031,4814.526886830227,2,4723.701036755155,486.56972095691333,0.0,0.0,0.0,0.0,0.0,0.0,0.0,0.49038615596453333,0.0,0.0,0.5096138440354666,0.0,-8960.832352553396,-18.4163378167687
14494802,19497.28141203855,4834.944120492442,9,2166.364601337617,822.3978938308752,0.0,0.07830795962921927,0.21567307804371783,0.08599416781124117,0.0,0.0,0.0,0.42953266280080604,0.0,0.0,0.19049213171501558,0.0,-18674.883518207676,-22.70784453400866
14528741,8547.513412426482,4424.719257499355,2,4273.756706213241,0.0,0.48233842475559696,0.0,0.0,0.0,0.0,0.0,0.0,0.0,0.0,0.0,0.0,0.5176615752444029,-8547.513412426482,0.0
14534236,68451.2263040872,6625.221359156615,14,4889.3733074348,15854.195308519444,0.044028720314170995,0.0,0.0,0.0,0.8551024167876652,0.0,0.0,0.034073591133166256,0.0,0.0,0.06679527176499755,0.0,-52597.03099556776,-3.3175465529495596
14541535,7470.907760023992,5566.027091736051,4,1867.726940005998,931.4778815099273,0.0,0.7450268789984601,0.0,0.0,0.0,0.0,0.0,0.25497312100153996,0.0,0.0,0.0,0.0,-6539.4298785140645,-7.0204886324446445
14657221,21022.989817459602,3956.5345381336974,10,2102.29898174596,3176.95112423051,0.0,0.0,0.0,0.10768868863316151,0.0,0.0,0.0811766181729948,0.4355558716869796,0.0,0.0,0.37557882150686417,0.0,-17846.038693229093,-5.617347574886469
14756314,32122.62594656954,4851.139633326465,11,2920.2387224154127,0.0,0.11251946037334538,0.0,0.27227244286920865,0.3018446657900836,0.0,0.0,0.018596020210845856,0.05667423404179479,0.0,0.0,0.23809317671472174,0.0,-32122.62594656954,0.0
14758196,24989.096173480943,5698.327804627545,11,2271.7360157709945,10383.356055111282,0.12484495096907683,0.07684239994136073,0.0,0.0,0.11534249404961361,0.0,0.0,0.44862667308792004,0.0,0.0,0.16132827362444915,0.0730152083275797,-14605.74011836966,-1.4066492606867582
14781273,26763.736431306326,4937.78829604549,11,2433.066948300575,0.0,0.0,0.12142816096510811,0.0,0.4564593994979093,0.07446214592280175,0.0,0.0,0.08579190667936527,0.0,0.0,0.18449547613499936,0.07736291079981616,-26763.736431306326,0.0
14783511,20833.98996321509,7937.7519045683675,5,4166.797992643017,0.0,0.0,0.058409712056911714,0.0,0.6064105714771046,0.0,0.0,0.0,0.0,0.0,0.19228934091650657,0.14289037554947706,0.0,-20833.98996321509,0.0
14807818,65305.09454258301,5535.800613112971,20,3265.2547271291505,1111.4221472782522,0.18599434942263218,0.04672362273465353,0.14452162399728663,0.0,0.0,0.0,0.0,0.11689635195066304,0.0,0.12878371664879962,0.26537180932469134,0.11170852592127373,-64193.67239530476,-57.75813677323944
14812641,4641.629188877031,4641.629188877031,1,4641.629188877031,9857.542830753595,0.0,0.0,0.0,0.0,0.0,0.0,0.0,0.0,0.0,0.0,1.0,0.0,5215.913641876563,0.5291291888282685
14844240,20734.9826199114,6452.341286310094,6,3455.8304366518996,0.0,0.0,0.0,0.0,0.1720215409516892,0.0,0.0,0.0,0.2941173841588432,0.0,0.0,0.5338610748894675,0.0,-20734.9826199114,0.0
14863356,10454.133413577192,5553.80414213443,2,5227.066706788596,0.0,0.0,0.5312543778063409,0.0,0.0,0.0,0.0,0.0,0.46874562219365923,0.0,0.0,0.0,0.0,-10454.133413577192,0.0
14897050,21622.74545345159,5435.010155211453,8,2702.8431816814486,0.0,0.0,0.10101001654389054,0.0,0.25135615488383206,0.08267343207839753,0.0,0.0,0.16282324862198838,0.0,0.0,0.4021371478718915,0.0,-21622.74545345159,0.0
14911570,3650.9182428940308,3224.929947859544,2,1825.4591214470154,0.0,0.0,0.0,0.0,0.0,0.0,0.0,0.0,0.883320231598281,0.0,0.0,0.11667976840171904,0.0,-3650.9182428940308,0.0
15006467,12032.754278621078,4865.734419951384,3,4010.918092873692,10280.129151086272,0.0,0.0,0.0,0.0,0.0,0.0,0.40437411978041193,0.5956258802195882,0.0,0.0,0.0,0.0,-1752.6251275348059,-0.1704866837543195
15010788,16293.739187647097,7124.119066404616,7,2327.6770268067285,0.0,0.0,0.0,0.0,0.0,0.0,0.0,0.0,0.9188861639379241,0.0,0.0,0.08111383606207592,0.0,-16293.739187647097,0.0
15161875,21985.07897399322,5531.5313953141485,6,3664.1798289988697,0.0,0.0,0.2516038901592101,0.0,0.0,0.10993856238428154,0.0,0.0,0.1780115648075685,0.0,0.1821963012903247,0.2782496813586151,0.0,-21985.07897399322,0.0
15191421,31825.26420770453,4263.706246934093,12,2652.1053506420444,6433.29632217033,0.0,0.0,0.029450525357573986,0.2979664619054786,0.13397237550354407,0.0,0.0,0.11855188485687804,0.0,0.0,0.42005875237652535,0.0,-25391.9678855342,-3.946960720280951
15221900,12413.890570618236,5700.982393443017,3,4137.963523539412,3819.9360736984745,0.0,0.0,0.0,0.7074345496852086,0.2925654503147913,0.0,0.0,0.0,0.0,0.0,0.0,0.0,-8593.954496919761,-2.2497639570703774
15230133,93280.69095644992,6417.699579582775,24,3886.6954565187466,0.0,0.0,0.0,0.0,0.0,0.036815117662078005,0.0,0.0,0.8299556104284856,0.0,0.0,0.11627507266593862,0.016954199243497788,-93280.69095644992,0.0
15269802,61797.74302430634,10000.0,15,4119.849534953756,3317.156256789392,0.0,0.0,0.0961635833724754,0.1716539495769494,0.0,0.0,0.0,0.6061812446169843,0.046735951815518095,0.0,0.07926527061807281,0.0,-58480.58676751695,-17.629735303491287
15278192,5006.256265201291,2577.1901190231943,2,2503.1281326006456,0.0,0.0,0.0,0.0,0.485206113610812,0.0,0.0,0.5147938863891881,0.0,0.0,0.0,0.0,0.0,-5006.256265201291,0.0
15285972,27536.67215814154,5322.639506565435,7,3933.8103083059345,0.0,0.0,0.06792169696732635,0.0,0.0,0.0,0.0,0.0,0.25355060892517545,0.0,0.0,0.6785276941074981,0.0,-27536.67215814154,0.0
15308381,2519.7355293670007,1536.410846218764,2,1259.8677646835004,0.0,0.0,0.0,0.0,0.0,0.0,0.0,0.0,1.0,0.0,0.0,0.0,0.0,-2519.7355293670007,0.0
15309053,8130.099567666438,2555.927452957809,4,2032.5248919166095,228.8526076378125,0.0,0.0,0.0,0.0,0.0,0.0,0.0,0.541617491199037,0.0,0.2954443474413197,0.16293816135964323,0.0,-7901.246960028625,-34.525483635883774
15313672,18476.03255882123,9130.28397860038,5,3695.2065117642455,0.0,0.0,0.0,0.0,0.04910623019619259,0.1651074606440535,0.0,0.0,0.0,0.0,0.0,0.7857863091597539,0.0,-18476.03255882123,0.0
15353471,3460.9656884023716,2510.848433521178,2,1730.4828442011858,0.0,0.0,0.0,0.725476257084831,0.0,0.0,0.0,0.0,0.0,0.0,0.0,0.27452374291516896,0.0,-3460.9656884023716,0.0
15361169,4885.613737324019,4663.688120872473,2,2442.8068686620095,984.8474097877175,0.0,0.0,0.0,0.0,0.0,0.0,0.0,0.0,0.0,0.0,0.04542430662418695,0.954575693375813,-3900.766327536301,-3.9607824407814665
15365984,63120.74062603324,5824.954842282751,16,3945.0462891270777,0.0,0.0,0.0,0.0,0.0,0.027352570241322188,0.0,0.0,0.5392660519624279,0.0,0.020289060587510576,0.41309231720873923,0.0,-63120.74062603324,0.0
15563451,41779.812441847294,6046.896979131953,11,3798.1647674406627,0.0,0.0,0.20209403634165837,0.0,0.40579502563538145,0.0,0.0,0.0,0.23192016432503967,0.0,0.0,0.16019077369792037,0.0,-41779.812441847294,0.0
15577360,28889.84021646215,4162.31664487975,10,2888.9840216462153,0.0,0.0,0.1440754470669574,0.0,0.0,0.12024687233439925,0.0,0.0,0.3309915151499122,0.0,0.005618494826354892,0.21028731026371894,0.18878036035865728,-28889.84021646215,0.0
15674403,34575.87379935057,5433.092231090631,15,2305.0582532900376,0.0,0.0,0.0,0.0,0.0,0.15713535578651608,0.0,0.13070555081419163,0.46966495319517565,0.0,0.0,0.20631178362222286,0.036182356581893865,-34575.87379935057,0.0
15738652,11491.246021168792,5893.423930641203,4,2872.811505292198,0.0,0.0,0.0,0.0,0.0,0.0,0.0,0.09269613168093915,0.7041008396325595,0.0,0.0,0.20320302868650142,0.0,-11491.246021168792,0.0
15768415,11157.218079583716,4586.7859586795585,3,3719.072693194572,0.0,0.0,0.0,0.0,0.0,0.0,0.0,0.0,1.0,0.0,0.0,0.0,0.0,-11157.218079583716,0.0
15770552,28624.548601817387,7461.816150396155,8,3578.0685752271734,8436.504383763651,0.0,0.0,0.0,0.0,0.11005782712768532,0.0,0.0,0.12318271365476696,0.0,0.0,0.7667594592175476,0.0,-20188.044218053736,-2.392939456880546
15849088,6003.689394378728,3587.5536974751403,2,3001.844697189364,0.0,0.0,0.0,0.0,0.0,0.5975581782818707,0.0,0.0,0.0,0.0,0.0,0.40244182171812937,0.0,-6003.689394378728,0.0
15870850,9345.030635159723,6142.958328027069,2,4672.515317579861,468.5539829613461,0.0,0.0,0.342649738898146,0.657350261101854,0.0,0.0,0.0,0.0,0.0,0.0,0.0,0.0,-8876.476652198377,-18.944405500722535
15906630,3360.4654119720976,2404.6287632389285,2,1680.2327059860488,0.0,0.0,0.0,0.0,0.0,0.0,0.0,0.0,1.0,0.0,0.0,0.0,0.0,-3360.4654119720976,0.0
15917229,35132.70592610521,3994.085245286517,15,2342.1803950736808,4811.014540352443,0.0,0.0,0.0,0.0,0.0,0.0,0.0,0.5056155101927172,0.0,0.01596137829104846,0.47842311151623446,0.0,-30321.69138575277,-6.302556587894136
15962507,35577.94609815998,5392.73652955238,10,3557.794609815998,0.0,0.0,0.0,0.0,0.0,0.15157526279549005,0.0,0.0,0.6565393021796146,0.0,0.0,0.19188543502489513,0.0,-35577.94609815998,0.0
16010116,10977.809643773371,10000.0,2,5488.904821886686,0.0,0.08907147012956143,0.0,0.0,0.0,0.0,0.0,0.0,0.0,0.0,0.0,0.9109285298704386,0.0,-10977.809643773371,0.0
16019621,26323.26538731667,5544.97351688466,6,4387.2108978861115,0.0,0.0,0.0,0.15969274168787567,0.21064915143682716,0.4201115693544213,0.0,0.0,0.11337020010716493,0.0,0.0,0.09617633741371102,0.0,-26323.26538731667,0.0
16085431,22876.556270754743,10000.0,5,4575.311254150948,0.0,0.0,0.0,0.0,0.0,0.0,0.0,0.0,0.7184469275850531,0.0,0.0,0.2815530724149468,0.0,-22876.556270754743,0.0
16158849,12395.021177230816,4574.756096542866,4,3098.755294307704,0.0,0.0,0.0,0.0,0.0,0.0,0.0,0.0,0.45472836469323435,0.0,0.0,0.35708653395510515,0.18818510135166053,-12395.021177230816,0.0
16166323,9503.33184219058,6303.4234583852985,4,2375.832960547645,16030.53715395323,0.0,0.0,0.0,0.0,0.0,0.0,0.0,0.6632856310879193,0.0,0.0,0.3367143689120807,0.0,6527.205311762648,0.40717321254284977
16206205,14386.13108518473,3783.0368637084407,5,2877.226217036946,3748.0527751997347,0.0,0.0,0.0,0.0,0.0,0.0,0.0,0.0,0.0,0.0,1.0,0.0,-10638.078309984994,-2.8382946954150317
16238776,12093.129443388274,4543.498162841589,4,3023.2823608470685,0.0,0.0,0.0,0.0,0.0,0.0,0.0,0.0,0.6681361646024591,0.0,0.0,0.33186383539754105,0.0,-12093.129443388274,0.0
16260487,55898.937621134064,5201.927434286044,23,2430.3885922232203,5042.2103490345135,0.0,0.0,0.0,0.0,0.04826653053229489,0.0,0.0,0.5423403650075812,0.0,0.0,0.409393104460124,0.0,-50856.72727209955,-10.08619707462971
16279998,4063.080129981941,3412.5911930832017,2,2031.5400649909704,0.0,0.0,0.0,0.0,0.0,0.0,0.0,0.0,0.0,0.0,0.0,1.0,0.0,-4063.080129981941,0.0
16308630,15365.296037786982,3892.8965874270007,7,2195.042291112426,2458.1072202855676,0.0,0.0,0.0,0.0,0.0,0.0,0.0,0.2241664619232115,0.0,0.2533564324340661,0.5224771056427224,0.0,-12907.188817501414,-5.250864856904792
16323337,6095.834962897617,3865.309075144754,2,3047.9174814488083,0.0,0.0,0.0,0.0,0.0,0.0,0.0,0.36590982225224095,0.0,0.0,0.0,0.634090177747759,0.0,-6095.834962897617,0.0
16357195,4713.435344815528,4436.782628399264,2,2356.717672407764,0.0,0.0,0.0,0.0,0.0,0.0,0.0,0.0,0.9413055030614635,0.0,0.0,0.058694496938536414,0.0,-4713.435344815528,0.0
16432284,49579.219357732996,5704.264270185105,20,2478.96096788665,0.0,0.031240649141065224,0.0,0.15395549750376392,0.1700973137063442,0.15447024783889565,0.0,0.1113688542400102,0.12914733484409613,0.0,0.09781257004074247,0.15190753268508222,0.0,-49579.219357732996,0.0
16455759,51987.88581110949,7687.5793092496,11,4726.1714373735895,0.0,0.0,0.10054607897451268,0.0,0.10743193695385114,0.031342456948518435,0.0,0.11232382471991376,0.648355702403204,0.0,0.0,0.0,0.0,-51987.88581110949,0.0
16489944,2008.0704190765334,1981.335394513746,2,1004.0352095382667,0.0,0.0,0.0,0.0,0.0,0.0,0.0,0.0,0.013313788355630695,0.0,0.0,0.9866862116443693,0.0,-2008.0704190765334,0.0
16506230,72599.38815627854,5829.851354439894,30,2419.9796052092847,9268.912308052382,0.0,0.0,0.07450394028685627,0.0,0.09195002111676534,0.0,0.0,0.650897383000051,0.0,0.16106426584867203,0.02158438974765539,0.0,-63330.47584822616,-6.832568239232095
16531923,30887.761977660855,5821.964190946341,9,3431.9735530734283,0.0,0.0,0.0,0.0,0.0,0.1113193519273809,0.0,0.0,0.2829294552384238,0.0,0.26450999936388564,0.26243370782655456,0.0788074856437552,-30887.761977660855,0.0
16565396,22043.465676578882,6905.20862933147,4,5510.866419144721,0.0,0.0,0.0,0.0,0.0,0.0,0.0,0.0,1.0,0.0,0.0,0.0,0.0,-22043.465676578882,0.0
16571623,16607.18938957837,4697.077352259767,5,3321.437877915674,0.0,0.0,0.0,0.0,0.0,0.0,0.0,0.0,0.7282832116115884,0.0,0.0,0.27171678838841173,0.0,-16607.18938957837,0.0
16598317,26811.12451956192,6444.992648834554,11,2437.374956323811,296.3955511872134,0.0,0.17365580169078368,0.0,0.08497415986729139,0.0,0.0,0.0,0.4582191499772827,0.0,0.04679515566710091,0.23635573279754132,0.0,-26514.728968374704,-89.45724341060406
16664070,45422.47795079786,5624.644454310464,12,3785.2064958998217,1741.1122396034675,0.0,0.0,0.03824957519000409,0.026312226684327825,0.0,0.0,0.0,0.7850312215947711,0.0,0.0,0.15040697653089685,0.0,-43681.3657111944,-25.088196336580047
16676381,10866.59134965655,5884.571127067368,2,5433.295674828275,197.43389767392188,0.0,0.0,0.0,0.0,0.0,0.0,0.0,1.0,0.0,0.0,0.0,0.0,-10669.15745198263,-54.039137036151764
16694165,53995.14925076874,7501.573650380416,11,4908.649931888068,0.0,0.0,0.10335059827435839,0.0,0.10567799772459538,0.0,0.0,0.0,0.5686127134321626,0.0,0.0,0.22235869056888377,0.0,-53995.14925076874,0.0
16697302,41222.36028952439,7470.48902928961,10,4122.236028952439,0.0,0.0,0.03773218807079063,0.0,0.0,0.0,0.0,0.0,0.3976003160215976,0.0,0.0,0.5646674959076117,0.0,-41222.36028952439,0.0
16768210,16116.496256739332,6720.19003413776,4,4029.124064184833,1649.8766707605237,0.0,0.21355556698888378,0.0,0.0,0.0,0.0,0.41697586913952367,0.36946856387159266,0.0,0.0,0.0,0.0,-14466.619585978808,-8.768303620724758
16818199,17896.71154520212,4947.949086803167,6,2982.7852575336865,335.01496386872844,0.3012610207720919,0.0,0.0,0.0,0.0,0.0,0.2764725281684305,0.0,0.0,0.0,0.4222664510594778,0.0,-17561.696581333388,-52.42063333091811
16867933,42057.90379843943,10000.0,9,4673.100422048826,0.0,0.0,0.0,0.0,0.0,0.0,0.0,0.0,0.8137621711422379,0.0,0.0,0.18623782885776202,0.0,-42057.90379843943,0.0
16900866,5166.873756150453,2662.47356373434,3,1722.291252050151,0.0,0.0,0.0,0.0,0.0,0.0,0.0,0.0,0.2713332142020254,0.0,0.0,0.7286667857979746,0.0,-5166.873756150453,0.0
16930582,44732.498334286094,10000.0,11,4066.5907576623717,1185.1434078195773,0.0,0.0,0.0,0.05746719463165621,0.0,0.0,0.014244927345192638,0.6817877643453357,0.0,0.12355335518094293,0.12294675849687245,0.0,-43547.35492646651,-36.74437594567967
16933002,10206.126746141026,5016.974993109179,3,3402.0422487136752,62859.172343666774,0.0,0.0,0.0,0.0,0.0,0.0,0.0,0.14795522591980817,0.0,0.0,0.4915650293100775,0.36047974477011435,52653.04559752576,0.8376350440896424
17058932,10828.818687942496,3799.453270084792,5,2165.763737588499,0.0,0.0,0.0,0.0,0.0,0.0,0.0,0.0,0.1972154935100044,0.0,0.3508649816360253,0.0,0.45191952485397024,-10828.818687942496,0.0
17075931,6152.319616358025,4517.369646574639,2,3076.1598081790125,0.0,0.0,0.0,0.0,0.0,0.0,0.0,0.0,0.734254708510865,0.0,0.0,0.26574529148913506,0.0,-6152.319616358025,0.0
17112814,19956.38546907083,6270.30533201488,7,2850.912209867261,0.0,0.02984812036455886,0.0,0.0,0.01363215588958944,0.0,0.0,0.16378210632989004,0.23349281713313777,0.0,0.0,0.5592448002828239,0.0,-19956.38546907083,0.0
17186058,6384.1740376812195,5953.1570098663215,2,3192.0870188406097,0.0,0.0,0.0,0.0,0.0,0.0,0.0,0.0,1.0,0.0,0.0,0.0,0.0,-6384.1740376812195,0.0
17239866,33041.57370772471,3473.289744356461,21,1573.4082717964147,1340.7448922000947,0.027356443993217305,0.07963037012328311,0.0,0.05410604374886824,0.0,0.0,0.20132599299464177,0.22919561198958466,0.0,0.0,0.4083855371504048,0.0,-31700.828815524612,-23.64419137447181
17242737,24564.875447484817,5723.984088912751,6,4094.145907914136,5100.344373660246,0.0,0.16658272390350506,0.0,0.0,0.0,0.0,0.0,0.0,0.0,0.0,0.0434819766411298,0.789935299455365,-19464.53107382457,-3.816317026423828
17268114,23816.47541909018,4005.0627547328518,10,2381.6475419090184,0.0,0.43696179653702505,0.0,0.0,0.0,0.0,0.0,0.0,0.20508109359645788,0.0,0.0,0.35795710986651713,0.0,-23816.47541909018,0.0
17287471,19044.13021918194,6310.664764159885,8,2380.5162773977427,0.0,0.0,0.0,0.0,0.0,0.0,0.0,0.0,0.6940467802569411,0.0,0.18192755291142443,0.12402566683163449,0.0,-19044.13021918194,0.0
17318721,5974.948325745449,3955.210980040196,2,2987.4741628727247,4166.7215061573625,0.0,0.0,0.0,0.0,0.0,0.0,0.0,0.6619657216109452,0.0,0.0,0.0,0.33803427838905475,-1808.2268195880874,-0.433968725031415
17327331,18077.560225509696,4978.875255749201,7,2582.5086036442426,0.0,0.0,0.08149283182675149,0.0,0.24782626470891783,0.0,0.0,0.0,0.3192249980121979,0.0,0.0,0.11774850495238544,0.23370740049974725,-18077.560225509696,0.0
17330689,12925.449645252265,3782.379321855158,5,2585.089929050453,0.0,0.0,0.1580898937166754,0.14584562187646619,0.0,0.0,0.0,0.0,0.40343409817929,0.0,0.0,0.2926303862275685,0.0,-12925.449645252265,0.0
17399517,13988.443658390273,6448.649552054791,6,2331.407276398379,575.9983122414228,0.0,0.0,0.0,0.0,0.0,0.0,0.0,0.8492184046953064,0.0,0.0,0.15078159530469362,0.0,-13412.445346148852,-23.285563622497534
17400004,7941.223866119448,4571.273937379189,2,3970.611933059724,0.0,0.0,0.0,0.0,0.0,0.0,0.0,0.0,1.0,0.0,0.0,0.0,0.0,-7941.223866119448,0.0
17436882,7570.633184741346,4287.502234165172,2,3785.316592370673,0.0,0.0,0.0,0.4336666260879398,0.0,0.0,0.0,0.0,0.0,0.0,0.0,0.5663333739120602,0.0,-7570.633184741346,0.0
17444189,4734.941134886187,4734.941134886187,1,4734.941134886187,2307.1777439322263,0.0,0.0,0.0,0.0,0.0,0.0,0.0,0.0,0.0,0.0,1.0,0.0,-2427.7633909539604,-1.052265434398745
17448588,4352.202478983426,3774.568324921195,2,2176.101239491713,0.0,0.0,0.0,0.0,0.0,0.0,0.0,0.0,0.8672777388341656,0.0,0.0,0.0,0.13272226116583452,-4352.202478983426,0.0
17492249,559.1210484071013,453.22614023737503,2,279.56052420355064,0.0,0.0,0.0,0.0,0.0,0.0,0.0,0.0,0.18939531693792222,0.0,0.0,0.0,0.8106046830620778,-559.1210484071013,0.0
17505338,75147.53924431388,10000.0,16,4696.721202769618,3021.6884833954095,0.0,0.07590802415708976,0.15218736358515875,0.010113309667798293,0.0,0.0,0.04142052236136409,0.5262786909481796,0.0,0.0,0.1475646482552458,0.04652744102516371,-72125.85076091849,-23.869386654931464
17546841,5742.671586244004,3935.550675542733,2,2871.335793122002,0.0,0.0,0.0,0.0,0.0,0.0,0.0,0.0,0.6853170369292841,0.0,0.0,0.0,0.3146829630707159,-5742.671586244004,0.0
17570281,38009.162768008944,7141.9258956494505,8,4751.145346001118,0.0,0.0,0.0,0.0,0.0,0.0,0.0,0.0,0.5610279723293334,0.0,0.0,0.43897202767066656,0.0,-38009.162768008944,0.0
17590340,13641.795246713536,5733.893097158589,6,2273.6325411189227,193.4420227038462,0.0,0.0,0.0,0.0,0.0,0.0,0.0,0.6440874004055517,0.0,0.0,0.3559125995944483,0.0,-13448.35322400969,-69.52136374524322
17594889,23188.976420215597,6443.024220618855,8,2898.6220525269496,0.0,0.0,0.13355974376989868,0.0,0.0,0.0,0.0,0.0,0.5740551056215543,0.0,0.0,0.2923851506085471,0.0,-23188.976420215597,0.0
17599506,16685.225860274546,6401.5248323171045,4,4171.3064650686365,479.5965513745566,0.0,0.0,0.0,0.16018251761323193,0.31524905082509885,0.0,0.0,0.0,0.0,0.0,0.5245684315616691,0.0,-16205.62930889999,-33.79012893744449
17662889,24823.763083560876,5259.949791647964,10,2482.3763083560875,3181.655259168438,0.11062157912551887,0.0,0.13868776406571906,0.0,0.0,0.0,0.27162147074739,0.4790691860613721,0.0,0.0,0.0,0.0,-21642.10782439244,-6.802153615489082
17664268,12599.922007388615,4520.891348608443,5,2519.984401477723,0.0,0.0,0.0,0.1993105059256546,0.0,0.0,0.0,0.0,0.0,0.0,0.4715780034393755,0.32911149063496986,0.0,-12599.922007388615,0.0
17715302,93939.8668591377,10000.0,22,4269.993948142624,1548.1330761785043,0.0,0.0,0.0,0.057872993835377834,0.0,0.0,0.0,0.6761979502367138,0.0,0.0,0.2659290559279082,0.0,-92391.73378295921,-59.67945211210394
17718776,2388.9108706243037,2388.9108706243037,1,2388.9108706243037,536.4768725113119,0.0,0.0,0.0,0.0,0.0,0.0,0.0,0.0,0.0,0.0,1.0,0.0,-1852.433998112992,-3.452961521792224
17787969,9127.100261356329,3193.498960917858,3,3042.366753785443,0.0,0.0,0.0,0.0,0.0,0.0,0.0,0.0,0.683092856944656,0.0,0.0,0.0,0.3169071430553438,-9127.100261356329,0.0
17807239,19163.090509514524,5531.722555932114,6,3193.8484182524207,0.0,0.0,0.0,0.0,0.0,0.0,0.0,0.0,0.964719405052342,0.0,0.0,0.0352805949476581,0.0,-19163.090509514524,0.0
17808728,30552.526033354163,5247.988530954481,11,2777.50236666856,0.0,0.13231840685449503,0.11267063445491657,0.0,0.0,0.0,0.0,0.0,0.17331717129981436,0.0,0.034910528216479754,0.5467832591742943,0.0,-30552.526033354163,0.0
17844363,125.52152539967429,125.52152539967429,1,125.52152539967429,1495.976099420078,0.0,0.0,0.0,0.0,0.0,0.0,0.0,1.0,0.0,0.0,0.0,0.0,1370.454574020404,0.9160938965212525
17903376,7043.031448248308,6444.765167886777,2,3521.515724124154,0.0,0.0,0.0,0.0,0.08494442836973662,0.0,0.0,0.0,0.9150555716302633,0.0,0.0,0.0,0.0,-7043.031448248308,0.0
17964394,50694.820139402895,5488.17312242739,16,3168.426258712681,0.0,0.05314712988321075,0.0,0.0,0.0,0.0,0.0,0.0,0.11712343537348781,0.0,0.08294831234585802,0.5337823289148734,0.21299879348257014,-50694.820139402895,0.0
18040124,13844.02048218721,5820.051593700652,6,2307.3367470312014,7726.436851109238,0.09618861029836075,0.0,0.0,0.3787812548755365,0.0,0.0,0.0,0.0,0.0,0.0,0.5250301348261028,0.0,-6117.583631077972,-0.7917729412620136
18090590,8607.559526369463,5418.420607582949,2,4303.779763184732,0.0,0.0,0.0,0.0,0.0,0.0,0.0,0.0,0.0,0.0,0.37050442799919203,0.6294955720008079,0.0,-8607.559526369463,0.0
18094358,3971.1499872878085,1925.392119113971,3,1323.7166624292695,0.0,0.0,0.0,0.0,0.0,0.0,0.0,0.0,0.4848449757066374,0.0,0.0,0.5151550242933626,0.0,-3971.1499872878085,0.0
18098989,6853.928115280408,4432.818055136941,2,3426.964057640204,0.0,0.0,0.0,0.0,0.0,0.0,0.0,0.0,0.6467558428653852,0.0,0.0,0.3532441571346148,0.0,-6853.928115280408,0.0
18143941,10556.56998343603,2776.0238328300666,6,1759.4283305726715,9321.321338145564,0.01371895856824144,0.0,0.0,0.0,0.0,0.0,0.0,0.7972626548296197,0.0,0.0,0.18901838660213885,0.0,-1235.248645290465,-0.132518620534566
18147057,8996.046966694581,6435.326456915744,2,4498.0234833472905,0.0,0.0,0.0,0.0,0.0,0.0,0.0,0.0,1.0,0.0,0.0,0.0,0.0,-8996.046966694581,0.0
18176556,3046.42138900072,3046.42138900072,1,3046.42138900072,1900.1330577443546,0.0,0.0,0.0,0.0,0.0,0.0,0.0,0.0,0.0,0.0,1.0,0.0,-1146.2883312563656,-0.6032674009772363
18203608,9891.6903167483,5295.592588388992,2,4945.84515837415,0.0,0.0,0.0,0.5353577011426107,0.0,0.0,0.0,0.0,0.46464229885738945,0.0,0.0,0.0,0.0,-9891.6903167483,0.0
18299918,10985.996825331536,5494.272223767538,2,5492.998412665768,0.0,0.0,0.0,0.0,0.0,0.0,0.0,0.0,1.0,0.0,0.0,0.0,0.0,-10985.996825331536,0.0
18335566,9826.567829572728,4436.658029665596,3,3275.522609857576,0.0,0.0,0.45149619954930975,0.0,0.0,0.0,0.0,0.0,0.5485038004506901,0.0,0.0,0.0,0.0,-9826.567829572728,0.0
18343762,27882.460183379822,5902.945320783012,9,3098.051131486647,15070.099706972027,0.0,0.07886673147417571,0.0,0.0,0.1898911631340618,0.0,0.0,0.6752136417265554,0.0,0.0,0.05602846366520702,0.0,-12812.360476407797,-0.8501841875989905
18361670,5877.817599316126,3559.860833249504,2,2938.908799658063,0.0,0.0,0.0,0.0,0.0,0.0,0.0,0.0,0.39435670244961535,0.0,0.0,0.6056432975503847,0.0,-5877.817599316126,0.0
18406217,7589.292589956585,4511.377889077033,3,2529.764196652195,0.0,0.0,0.033567271019619524,0.0,0.0,0.0,0.0,0.0,0.5944398421332758,0.0,0.0,0.37199288684710463,0.0,-7589.292589956585,0.0
18427765,16134.704710151698,4721.00834198234,5,3226.94094203034,6799.183808681662,0.0,0.0,0.0,0.0,0.0,0.0,0.0,0.44755999575742245,0.0,0.0,0.5524400042425776,0.0,-9335.520901470038,-1.3730355236976837
18435395,10042.87661412851,5933.02253680762,3,3347.6255380428374,0.0,0.5907692352269797,0.0,0.0,0.0,0.0,0.0,0.0,0.0,0.0,0.0,0.4092307647730203,0.0,-10042.87661412851,0.0
18458728,8934.257571966044,4209.577239488556,4,2233.564392991511,0.0,0.0,0.0,0.0,0.0,0.0,0.0,0.0,0.3278807722654325,0.0,0.0,0.6721192277345676,0.0,-8934.257571966044,0.0
18486389,2502.520257721625,2416.8575191293335,2,1251.2601288608125,0.0,0.0,0.0,0.0,0.0,0.9657694125240442,0.0,0.0,0.0,0.0,0.0,0.03423058747595583,0.0,-2502.520257721625,0.0
18506951,13128.34968223707,3753.9159183509846,6,2188.0582803728453,205.7513897907326,0.12947620969035112,0.0,0.0,0.0,0.2662561421798196,0.0,0.0,0.3183279825045215,0.0,0.0,0.2859396656253079,0.0,-12922.598292446339,-62.80685785690083
18540292,9023.382179405387,6440.669150918533,2,4511.691089702694,0.0,0.0,0.0,0.0,0.0,0.0,0.0,0.0,0.2862244973266828,0.0,0.0,0.7137755026733171,0.0,-9023.382179405387,0.0
18562264,9911.368535653492,4667.620772931425,4,2477.842133913373,0.0,0.0,0.0,0.0,0.026961214401256522,0.0,0.0,0.0,0.8488207495958034,0.0,0.0,0.12421803600293997,0.0,-9911.368535653492,0.0
18627795,65753.25289554002,5170.682768516164,28,2348.3304605550006,7065.53761005925,0.0,0.0,0.07988875520571104,0.07436707630648279,0.0,0.0,0.0,0.24378992692819998,0.0,0.0,0.6019542415596062,0.0,-58687.715285480765,-8.306192468910886
18665257,26511.704335674072,7155.060084487021,8,3313.963041959259,522.9854742860698,0.0,0.35749213701059174,0.0,0.0,0.0,0.0,0.0,0.16175369106887433,0.0,0.0,0.3460576746715017,0.13469649724903213,-25988.718861388003,-49.69300322703099
18698838,2998.987669473955,2998.987669473955,1,2998.987669473955,575.6912316014132,0.0,0.0,0.0,0.0,0.0,0.0,0.0,1.0,0.0,0.0,0.0,0.0,-2423.296437872542,-4.209368329497749
18707979,4459.764110781914,2998.2805720958972,2,2229.882055390957,0.0,0.0,0.0,0.0,0.0,0.0,0.0,0.0,1.0,0.0,0.0,0.0,0.0,-4459.764110781914,0.0
18743950,48198.695427819024,6338.096832841304,20,2409.9347713909515,3998.300609552345,0.0,0.0,0.06093337186496518,0.0,0.029098525223666363,0.0,0.06838434335068304,0.5677716726718809,0.0,0.0,0.27381208688880454,0.0,-44200.39481826668,-11.05479530795345
18791814,8054.6899502886035,3471.636991285845,3,2684.896650096201,0.0,0.0,0.0,0.0,0.6827294651978942,0.0,0.0,0.0,0.31727053480210576,0.0,0.0,0.0,0.0,-8054.6899502886035,0.0
18829125,39861.77632338411,7124.350666966604,6,6643.629387230685,0.0,0.0,0.0,0.0,0.0,0.0,0.0,0.0,1.0,0.0,0.0,0.0,0.0,-39861.77632338411,0.0
18907080,23560.042453829683,3138.516184536232,12,1963.3368711524736,0.0,0.0,0.0,0.0,0.1332135199113814,0.0,0.0,0.0,0.2732741710504963,0.0,0.0,0.4819308759969294,0.11158143304119285,-23560.042453829683,0.0
18908148,17512.817495740503,3957.268257377711,8,2189.102186967563,1623.3701191921193,0.0,0.0,0.0,0.0,0.0,0.0,0.0,0.22822946845811842,0.0,0.0,0.6428026287013118,0.12896790284056978,-15889.447376548384,-9.787938800090686
18914089,7542.544368068093,3340.429214167397,3,2514.1814560226976,0.0,0.2518026572040347,0.0,0.0,0.3053190445509664,0.0,0.0,0.0,0.0,0.0,0.0,0.4428782982449988,0.0,-7542.544368068093,0.0
18921841,7744.923315606749,5707.464889897299,2,3872.4616578033747,0.0,0.0,0.0,0.0,0.0,0.0,0.0,0.7369298129003059,0.0,0.0,0.0,0.2630701870996941,0.0,-7744.923315606749,0.0
18928041,8749.388999267967,4594.688275044109,2,4374.6944996339835,0.0,0.0,0.0,0.0,0.0,0.0,0.0,0.0,0.5251439015259844,0.47485609847401566,0.0,0.0,0.0,-8749.388999267967,0.0
18930432,7232.823099074852,2457.351160507867,3,2410.9410330249507,0.0,0.0,0.0,0.0,0.0,0.0,0.0,0.0,0.6703183545819777,0.0,0.0,0.0,0.32968164541802225,-7232.823099074852,0.0
18934346,11795.80162643679,3411.7715910486277,7,1685.1145180623987,0.0,0.0,0.1997180651580034,0.0,0.0,0.0,0.0,0.0,0.5397756986649427,0.0,0.16480076446437247,0.09570547171268143,0.0,-11795.80162643679,0.0
18981303,24197.690678127536,4589.051108528908,8,3024.711334765942,0.0,0.06001784750472985,0.0,0.0,0.12765925083294502,0.18936409287718134,0.0,0.0,0.3114015903273007,0.0,0.0,0.3115572184578431,0.0,-24197.690678127536,0.0
19023597,13262.05589469811,4794.94903287123,3,4420.685298232703,0.0,0.0,0.0,0.0,0.716560593728226,0.0,0.0,0.0,0.283439406271774,0.0,0.0,0.0,0.0,-13262.05589469811,0.0
19039551,8262.917342600642,3297.917660586042,6,1377.1528904334402,3418.4311864049873,0.0,0.0,0.0,0.0,0.0,0.0,0.0,0.5385127167561884,0.0,0.0,0.4614872832438116,0.0,-4844.486156195653,-1.4171664989080517
19073433,95482.00010479202,7390.941065968875,23,4151.391308904002,0.0,0.0,0.0,0.056935822025795155,0.060942589472403955,0.0,0.0,0.0,0.5602295448616411,0.03211392486645934,0.04213042418447104,0.15371548991152015,0.09393220467770906,-95482.00010479202,0.0
19165168,10299.71384947682,4700.230541602358,3,3433.237949825607,0.0,0.0,0.43897823072168235,0.0,0.0,0.0,0.0,0.0,0.0,0.0,0.0,0.4563457403082231,0.10467602897009454,-10299.71384947682,0.0
19170296,7051.153637437277,4210.981095672315,2,3525.5768187186386,0.0,0.0,0.0,0.0,0.0,0.0,0.0,0.0,0.0,0.0,0.0,1.0,0.0,-7051.153637437277,0.0
19187989,95814.30456379487,5940.244786964498,21,4562.585931609279,0.0,0.0,0.0,0.0,0.0,0.0,0.0,0.0,0.43532780461245413,0.0,0.0,0.5646721953875459,0.0,-95814.30456379487,0.0
19234722,30323.17934790028,10000.0,8,3790.397418487535,0.0,0.1039265486292102,0.0,0.0,0.0,0.0,0.0,0.0,0.6866373470171013,0.20943610435368842,0.0,0.0,0.0,-30323.17934790028,0.0
19289681,10916.679574675733,3453.590523742029,5,2183.335914935147,0.0,0.0,0.0,0.0,0.0,0.20958027200530435,0.0,0.0,0.4088502377568624,0.0,0.0,0.38156949023783326,0.0,-10916.679574675733,0.0
19298394,9304.375916883555,3055.4165118943642,4,2326.0939792208887,276.1152629252763,0.285684617615025,0.0,0.0,0.0,0.3859304870208421,0.0,0.0,0.32838489536413296,0.0,0.0,0.0,0.0,-9028.260653958278,-32.697434246514476
19300878,3159.0205866691585,2555.6520254649,2,1579.5102933345793,0.0,0.0,0.0,0.0,0.0,0.0,0.0,0.0,0.19099861639092539,0.0,0.0,0.8090013836090746,0.0,-3159.0205866691585,0.0
19387430,10672.981141886738,5731.679544536724,3,3557.660380628912,751.4011945096206,0.0,0.18016795152095205,0.0,0.0,0.0,0.0,0.0,0.537027046927162,0.0,0.0,0.282805001551886,0.0,-9921.579947377117,-13.204104571396293
19439948,22201.82785040236,7061.606396610411,4,5550.45696260059,0.0,0.0,0.0,0.0,0.0,0.0,0.0,0.0,1.0,0.0,0.0,0.0,0.0,-22201.82785040236,0.0
19524290,1556.9826834845758,1556.9826834845758,1,1556.9826834845758,2318.805125972945,0.0,0.0,0.0,0.0,0.0,0.0,0.0,1.0,0.0,0.0,0.0,0.0,761.8224424883695,0.32854095152507357
19528250,32229.281342103426,6441.575995126777,14,2302.091524435959,7906.882989561194,0.11834738426531224,0.0,0.0,0.0,0.0,0.0,0.0,0.5945073145816994,0.0,0.0,0.28714530115298825,0.0,-24322.398352542234,-3.076104500933312
19528931,41561.90459605245,5822.32141416632,13,3197.069584311727,0.0,0.09816629841464265,0.0,0.0,0.0,0.0,0.0,0.24243813514420604,0.347918568176371,0.0,0.10832788255238147,0.12319364826825767,0.07995546744414096,-41561.90459605245,0.0
19537104,18989.36354847698,6340.348741741719,5,3797.872709695396,0.0,0.0,0.0,0.0,0.0,0.0,0.0,0.0,0.47891087188686593,0.0,0.0,0.521089128113134,0.0,-18989.36354847698,0.0
19546545,13076.930753630548,7149.7281856847285,2,6538.465376815274,0.0,0.0,0.0,0.0,0.0,0.0,0.0,0.0,1.0,0.0,0.0,0.0,0.0,-13076.930753630548,0.0
19569549,9256.831516673263,4694.845110213845,3,3085.610505557754,8260.19687974527,0.0,0.0,0.0,0.0,0.0,0.0,0.0,0.061506604985731725,0.0,0.0,0.9384933950142682,0.0,-996.6346369279914,-0.12065507050707559
19593244,11852.455358829158,3864.0132798228738,7,1693.2079084041654,9567.816353335316,0.0,0.0,0.0,0.0,0.0,0.0,0.0,0.5943111270141777,0.0,0.0,0.40568887298582235,0.0,-2284.63900549384,-0.23878374345024095
19597826,20705.349493930655,6434.603753104233,5,4141.069898786131,0.0,0.0,0.2689132990539451,0.0,0.0,0.0,0.0,0.0,0.7310867009460549,0.0,0.0,0.0,0.0,-20705.349493930655,0.0
19673253,5459.359428937806,3774.952278715913,4,1364.8398572344515,0.0,0.0,0.0,0.0,0.0,0.7599752496705385,0.0,0.0,0.24002475032946144,0.0,0.0,0.0,0.0,-5459.359428937806,0.0
19703544,35546.17889066522,5211.279860687865,10,3554.6178890665224,0.0,0.0,0.14660590880153362,0.0801716748385131,0.0,0.11626967140374542,0.0,0.0,0.1387965779735256,0.0,0.0,0.5181561669826823,0.0,-35546.17889066522,0.0
19713727,16568.0377688082,4735.133649377397,5,3313.60755376164,0.0,0.0,0.0,0.0,0.521624997180667,0.0,0.0,0.0,0.2857993031795226,0.0,0.0,0.19257569963981025,0.0,-16568.0377688082,0.0
19721904,49487.587096279,5733.173098834974,13,3806.7374689445383,0.0,0.0,0.0,0.0,0.04636245792139453,0.34736116594412786,0.0,0.0,0.09174727254196507,0.0,0.06780248945136563,0.44672661414114695,0.0,-49487.587096279,0.0
19733679,21356.43310310135,3355.6064012592274,11,1941.493918463759,0.0,0.14038297101086847,0.0,0.0,0.0,0.1101170617190197,0.0,0.0,0.27785304421856266,0.0,0.0,0.4716469230515492,0.0,-21356.43310310135,0.0
19742241,52651.88366677634,6642.017844984334,14,3760.8488333411674,0.0,0.0,0.0,0.03526663979467694,0.02445265864440436,0.07456247623073103,0.0,0.0,0.5107503454216427,0.0,0.044690875544904196,0.2431745917100827,0.06710241265355826,-52651.88366677634,0.0
19792196,164.8748973701175,164.8748973701175,1,164.8748973701175,5559.225722148234,0.0,0.0,0.0,0.0,0.0,0.0,0.0,1.0,0.0,0.0,0.0,0.0,5394.350824778117,0.9703421113639535
19919551,42274.7932131526,5136.359836936301,16,2642.1745758220377,2521.613861385079,0.0,0.0,0.0,0.0,0.0,0.0,0.0,0.3655975941409411,0.0,0.4355828400553045,0.19881956580375437,0.0,-39753.179351767525,-15.764974947406019
19968200,5925.286552432531,3733.6039352511734,2,2962.6432762162653,0.0,0.0,0.0,0.0,0.0,0.0,0.0,0.0,0.6301136497303076,0.0,0.0,0.3698863502696924,0.0,-5925.286552432531,0.0
19984631,26793.85560306389,5701.658327380539,10,2679.385560306389,1680.7566810632648,0.0,0.0,0.0,0.0886236794949601,0.0,0.0,0.0,0.6741534974488683,0.0,0.0,0.2372228230561717,0.0,-25113.098922000623,-14.941543416096259
20016946,2541.3881593251185,2385.339513016286,2,1270.6940796625593,0.0,0.0,0.0,0.0,0.0,0.0,0.0,0.0,0.06140291703817165,0.0,0.0,0.0,0.9385970829618283,-2541.3881593251185,0.0
20036933,12127.163445436187,6777.806891390704,3,4042.3878151453955,590.762206550524,0.0,0.0,0.0,0.0,0.15440504307863542,0.0,0.0,0.8455949569213645,0.0,0.0,0.0,0.0,-11536.401238885663,-19.527994700688478
20047319,42440.20907026129,5849.461395079624,13,3264.6314669431763,0.0,0.0,0.0,0.0,0.0,0.0,0.0,0.16362224951773519,0.3232267645212813,0.0,0.06696033594588546,0.2439211834377208,0.20226946657737732,-42440.20907026129,0.0
20116428,16024.263576398298,2985.050253204276,9,1780.473730710922,0.0,0.08703447051877553,0.0,0.13528015193648205,0.0,0.0,0.0,0.0,0.3454005895450754,0.0,0.0,0.24600164063551141,0.18628314736415566,-16024.263576398298,0.0
20175556,18648.052401187735,4645.1604913675965,6,3108.0087335312887,0.0,0.0,0.0,0.0,0.0,0.0,0.0,0.0,0.7885048725572827,0.0,0.0,0.21149512744271728,0.0,-18648.052401187735,0.0
20182480,10892.289023732581,4480.215941715666,3,3630.76300791086,0.0,0.0,0.0,0.0,0.0,0.0,0.0,0.0,0.21804382809307327,0.0,0.0,0.7819561719069268,0.0,-10892.289023732581,0.0
20193695,37516.929661808295,6668.100061642602,10,3751.69296618083,2155.373153485536,0.0,0.0,0.0,0.0,0.04486560552660779,0.0,0.0,0.8196446483304622,0.0,0.0,0.0966841803674237,0.038805565775506395,-35361.55650832276,-16.40623409043499
20197489,33514.39013222394,7629.388229610969,9,3723.82112580266,0.0,0.0,0.0,0.0,0.0,0.0,0.0,0.0,0.7234788825032843,0.0,0.0,0.2490816071807116,0.027439510316004008,-33514.39013222394,0.0
20225720,9390.641905777822,4883.942620937528,2,4695.320952888911,0.0,0.0,0.0,0.0,0.0,0.0,0.0,0.47991386851493467,0.0,0.0,0.0,0.5200861314850653,0.0,-9390.641905777822,0.0
20228701,23785.240374614597,5702.254698755214,5,4757.04807492292,0.0,0.0,0.0,0.1625749934795773,0.0,0.0,0.0,0.0,0.1194171745812927,0.0,0.0,0.71800783193913,0.0,-23785.240374614597,0.0
20244212,12859.029003059668,5525.674798829395,8,1607.3786253824585,1852.0502252019876,0.41240098394551505,0.0,0.0,0.0,0.0,0.0,0.0,0.1362306314065057,0.0,0.0,0.45136838464797935,0.0,-11006.978777857681,-5.943131902190849
20299582,965.0439301355111,965.0439301355111,1,965.0439301355111,4334.7289300874545,0.0,0.0,0.0,0.0,0.0,0.0,0.0,1.0,0.0,0.0,0.0,0.0,3369.6849999519427,0.7773692552175249
20337915,19575.766619021404,6648.614895874061,5,3915.1533238042807,0.0,0.0,0.0,0.0,0.0,0.0,0.0,0.0,0.5159758886246811,0.0,0.0,0.48402411137531876,0.0,-19575.766619021404,0.0
20346962,30471.125544130806,4447.10204084023,11,2770.1023221937094,4806.249948200726,0.0,0.0,0.0,0.0,0.0,0.0,0.0,0.7778336931372941,0.0,0.0,0.22216630686270583,0.0,-25664.87559593008,-5.339896150331927
20347124,14425.697898457653,5945.619834736244,3,4808.565966152551,2593.713738268145,0.0,0.0,0.0,0.0,0.0,0.0,0.0,0.0,0.0,0.736825266838097,0.263174733161903,0.0,-11831.984160189508,-4.561792608651513
20383921,10914.068217555134,4899.56013729093,4,2728.5170543887834,2468.0147880457607,0.0,0.0,0.0,0.0,0.0,0.0,0.0,0.2780639975940388,0.0,0.0,0.7219360024059612,0.0,-8446.053429509373,-3.42220535728523
20398530,87091.5602669529,8860.342511008883,17,5123.032956879582,96.19632456536341,0.0,0.0,0.0,0.0,0.0,0.0,0.05392695358223123,0.6083179739711367,0.0,0.0,0.05574628275127798,0.282008789695354,-86995.36394238753,-904.3522643453595
20402031,10383.589738860346,5178.79318756523,4,2595.8974347150865,0.0,0.0,0.0,0.0,0.0,0.0,0.0,0.0,0.9586985395754302,0.0,0.0,0.041301460424569905,0.0,-10383.589738860346,0.0
20423985,11196.136664448484,5761.31276370747,3,3732.0455548161617,0.0,0.0,0.35018714892584435,0.0,0.0,0.0,0.0,0.0,0.6498128510741557,0.0,0.0,0.0,0.0,-11196.136664448484,0.0
20441320,6580.951341498795,4269.521660120119,2,3290.4756707493975,572.6422779939707,0.0,0.0,0.0,0.0,0.0,0.0,0.0,1.0,0.0,0.0,0.0,0.0,-6008.309063504825,-10.492255452308896
20492457,59376.0449469862,5701.813112203498,21,2827.4307117612475,460.6868132893638,0.09653489337152607,0.08080294115161585,0.016856516516509507,0.19581222216127986,0.0,0.0,0.18726255371187436,0.2503628911155159,0.0,0.0,0.1723679819716786,0.0,-58915.358133696835,-127.88592257076671
20540589,56073.597280033435,6538.788413410409,17,3298.446898825496,591.1008164152208,0.0,0.0,0.05433651741037773,0.0,0.10342658212391903,0.0,0.0,0.6608937686398828,0.0,0.0,0.1813431318258205,0.0,-55482.49646361821,-93.86300090075386
20552838,15528.255924562318,5696.026441618951,4,3882.0639811405795,7204.241299786867,0.0,0.0,0.11644819031423506,0.0,0.24945317035845452,0.0,0.0,0.2672817560088768,0.0,0.0,0.0,0.3668168833184336,-8324.014624775451,-1.1554325123759683
20555423,7964.690761672038,5263.003223554405,2,3982.345380836019,5016.923231928896,0.0,0.0,0.0,0.0,0.0,0.0,0.0,0.660791910325158,0.0,0.0,0.33920808967484195,0.0,-2947.7675297431424,-0.5875648068487169
20606998,5051.787953479956,2728.9563556695734,2,2525.893976739978,0.0,0.459803859386118,0.0,0.0,0.0,0.0,0.0,0.0,0.5401961406138821,0.0,0.0,0.0,0.0,-5051.787953479956,0.0
20615682,2997.9164123251776,2997.9164123251776,1,2997.9164123251776,1408.8904676866641,0.0,0.0,0.0,0.0,0.0,0.0,0.0,1.0,0.0,0.0,0.0,0.0,-1589.0259446385135,-1.1278562678102464
20638801,10744.10900194741,2612.3401613900055,7,1534.872714563916,2675.201278400488,0.0,0.09074953647089058,0.0,0.0,0.0,0.0,0.0,0.5113006468289022,0.0,0.0,0.3979498167002073,0.0,-8068.907723546923,-3.0161871514846728
20650937,6031.335017498369,4497.551651482865,2,3015.6675087491844,0.0,0.0,0.0,0.0,0.0,0.0,0.0,0.0,0.2543024656341632,0.0,0.0,0.7456975343658369,0.0,-6031.335017498369,0.0
20667905,13849.09829970212,4484.470775977033,4,3462.27457492553,0.0,0.0,0.0,0.0,0.0,0.0,0.0,0.26220511777067784,0.32380958521129777,0.0,0.0,0.4139852970180244,0.0,-13849.09829970212,0.0
20687551,9024.524426383969,4772.468763920614,2,4512.262213191984,0.0,0.5288332701463906,0.0,0.0,0.0,0.0,0.0,0.47116672985360947,0.0,0.0,0.0,0.0,0.0,-9024.524426383969,0.0
20692313,17600.726186492662,6332.513976689178,4,4400.181546623166,0.0,0.0,0.03780005378313864,0.0,0.0,0.0,0.0,0.0,0.9621999462168613,0.0,0.0,0.0,0.0,-17600.726186492662,0.0
20776427,9235.556367956802,5766.7818198983805,2,4617.778183978401,0.0,0.0,0.0,0.0,0.6244108736000467,0.0,0.0,0.0,0.3755891263999534,0.0,0.0,0.0,0.0,-9235.556367956802,0.0
20778391,15393.54586495019,4848.62956751507,6,2565.5909774916986,0.0,0.0,0.0,0.0,0.0,0.0,0.0,0.0,0.5531728883113265,0.0,0.0,0.348990070172738,0.09783704151593557,-15393.54586495019,0.0
20787037,7124.432919303029,3765.1713329662352,3,2374.8109731010095,4464.76933276452,0.0,0.0,0.0,0.0,0.0,0.0,0.0,1.0,0.0,0.0,0.0,0.0,-2659.6635865385088,-0.5957001108703825
20791569,40082.9977165727,5566.138469285708,14,2863.071265469479,0.0,0.0,0.0,0.0,0.08646964121342132,0.050571370981417105,0.0,0.0,0.41346267200764514,0.0,0.09241146913784362,0.3209379019584825,0.03614694470119034,-40082.9977165727,0.0
20825436,6286.598486199167,3299.2187029281627,4,1571.6496215497918,0.0,0.0,0.0,0.0,0.0,0.0,0.0,0.0,0.30742311594385197,0.0,0.0,0.692576884056148,0.0,-6286.598486199167,0.0
20852394,39479.84568227357,5845.41593552153,16,2467.490355142098,1213.675313708337,0.0,0.0,0.0,0.0,0.0,0.0,0.0,0.508241667201629,0.0,0.0,0.49175833279837106,0.0,-38266.17036856523,-31.52916594442748
20882309,37456.817515208786,6119.876050488181,10,3745.681751520878,567.3705072169932,0.0,0.0,0.0,0.0,0.03911762835466761,0.0,0.0,0.04449645365024733,0.0,0.0,0.10297770142057196,0.8134082165745131,-36889.44700799179,-65.01826679172675
20890007,4097.22707100411,3041.0781313233038,2,2048.613535502055,0.0,0.0,0.0,0.0,0.0,0.0,0.0,0.0,1.0,0.0,0.0,0.0,0.0,-4097.22707100411,0.0
20934714,113790.60622225377,10000.0,27,4214.46689712051,0.0,0.08212078229233014,0.10625905235015888,0.0,0.0,0.012503874661328029,0.0,0.01718932270536495,0.579981014772143,0.0,0.028427034918204187,0.17351891830047073,0.0,-113790.60622225377,0.0
20942243,9885.19571252521,4635.579164448097,3,3295.0652375084032,0.0,0.0,0.0,0.0,0.0,0.0,0.0,0.0,0.7897052502967982,0.0,0.0,0.21029474970320183,0.0,-9885.19571252521,0.0
20988387,29283.4801245238,3951.0948273162194,10,2928.3480124523803,1126.3396764821514,0.0,0.0,0.0,0.0,0.08882359106784218,0.0,0.0,0.13387332989461634,0.0,0.4958087893296098,0.2496875822822713,0.031806707425660205,-28157.140448041653,-24.99880012749231
21030438,58795.42041921813,10000.0,12,4899.618368268177,1922.6513421266056,0.027143038743718748,0.08010228275065956,0.0,0.0,0.0,0.0,0.0,0.4251019680482919,0.0,0.08443470267501543,0.38321800778231435,0.0,-56872.76907709152,-29.580386121482487
21038868,10885.56094005088,4028.742165632334,3,3628.5203133502932,0.0,0.0,0.0,0.0,0.0,0.0,0.0,0.0,0.6299003617893941,0.0,0.0,0.37009963821060593,0.0,-10885.56094005088,0.0
21146820,4884.4922414684315,3328.1473060366043,2,2442.2461207342158,344.3931910980903,0.0,0.0,0.0,0.0,0.0,0.0,0.0,0.31862983059298317,0.0,0.0,0.6813701694070168,0.0,-4540.0990503703415,-13.182894342058079
21183598,15074.306774648336,6021.677227514446,6,2512.384462441389,0.0,0.0364067567799343,0.06841062073693342,0.0,0.5237356076653014,0.0,0.0,0.0,0.3714470148178309,0.0,0.0,0.0,0.0,-15074.306774648336,0.0
21206495,1913.796795214247,1913.796795214247,1,1913.796795214247,519.1244607936604,0.0,0.0,0.0,0.0,0.0,0.0,0.0,1.0,0.0,0.0,0.0,0.0,-1394.6723344205864,-2.686585664424962
21208555,12298.296563688764,3858.773658852221,5,2459.6593127377528,9196.951724147057,0.0,0.0,0.3440289263453154,0.3137648892160734,0.0,0.0,0.0,0.1156534940063136,0.0,0.0,0.22655269043229762,0.0,-3101.3448395417063,-0.3372144306682583
21224965,71024.72072368696,6106.046101296915,18,3945.8178179826086,715.6808699871731,0.027164828316845375,0.0,0.0,0.0,0.04056195844411809,0.0,0.0,0.8595463543611653,0.0,0.0,0.0727268588778711,0.0,-70309.03985369978,-98.24077015634066
21297309,13119.755902249797,4659.597063971555,6,2186.6259837082994,0.0,0.0,0.0,0.0,0.0,0.0,0.0,0.0,0.8850631925849983,0.0,0.0,0.11493680741500162,0.0,-13119.755902249797,0.0
21310433,20631.6643046044,5236.616331562983,6,3438.6107174340664,0.0,0.29860123320392323,0.0,0.0,0.25381453741443044,0.3155817946380195,0.0,0.13200243474362666,0.0,0.0,0.0,0.0,0.0,-20631.6643046044,0.0
21344010,4531.324142099269,1696.128866754113,5,906.2648284198538,421.7366874143422,0.0,0.0,0.0,0.0,0.0,0.0,0.0,0.6734711222009239,0.0,0.0,0.3265288777990762,0.0,-4109.587454684926,-9.74443907140427
21390201,25032.189268927854,10000.0,6,4172.03154482131,735.4028419589088,0.0,0.19563296440437922,0.0,0.0,0.027536513271352703,0.0,0.0,0.5266028953985828,0.0,0.0,0.2502276269256852,0.0,-24296.786426968945,-33.038744264638765
21417774,5349.094732743042,3194.104843446803,2,2674.547366371521,0.0,0.0,0.0,0.0,0.5971299823678483,0.0,0.0,0.0,0.4028700176321518,0.0,0.0,0.0,0.0,-5349.094732743042,0.0
21425634,8946.11687471464,3139.105640182407,4,2236.52921867866,1692.426134852655,0.3508903006906599,0.0,0.0,0.0,0.0,0.0,0.0,0.4817096507915326,0.0,0.0,0.16740004851780743,0.0,-7253.690739861986,-4.2859718309026835
21452563,50689.92963314936,6443.110266765592,14,3620.7092595106687,0.0,0.0,0.0,0.0,0.07745970380613396,0.0,0.0,0.0,0.42352538484475094,0.0,0.0,0.4990149113491151,0.0,-50689.92963314936,0.0
21467540,6522.857745578598,3499.3928322506317,3,2174.285915192866,0.0,0.0,0.0,0.0,0.0,0.0,0.0,0.0,0.7760815132109733,0.0,0.0,0.22391848678902665,0.0,-6522.857745578598,0.0
21490850,4315.52942215808,2019.9809138527996,3,1438.5098073860265,0.0,0.5319274378060753,0.0,0.0,0.0,0.0,0.0,0.0,0.4680725621939247,0.0,0.0,0.0,0.0,-4315.52942215808,0.0
21514247,58081.12778627679,6072.392025937889,17,3416.536928604517,0.0,0.07375399729060353,0.0,0.18288948126608048,0.0,0.0,0.0,0.10455017416815127,0.28678869453142203,0.0,0.08160274185594595,0.19075127137186448,0.07966363951593212,-58081.12778627679,0.0
21565301,16007.094723112348,3437.50092285918,7,2286.7278175874785,0.0,0.0,0.3415641313726227,0.08108646798748394,0.0,0.0,0.0,0.0,0.3842269157346935,0.0,0.0,0.1931224849051998,0.0,-16007.094723112348,0.0
21587525,20362.79796250292,7419.95779431683,6,3393.799660417153,0.0,0.0,0.0,0.0,0.0,0.0,0.0,0.0,0.8079797131863571,0.0,0.0,0.19202028681364292,0.0,-20362.79796250292,0.0
21603834,27864.765553456305,5413.016588525217,8,3483.095694182038,0.0,0.0,0.0,0.0,0.0,0.0,0.0,0.0,0.23090319391300348,0.0,0.0,0.7690968060869965,0.0,-27864.765553456305,0.0
21621847,12935.517096543841,4354.579431873558,6,2155.9195160906397,814.625996046316,0.011290241707899575,0.0,0.0,0.0,0.0,0.0,0.0,0.4967508021131167,0.0,0.0,0.4919589561789837,0.0,-12120.891100497523,-14.879087040340883
21650575,7487.525642076354,4666.515686926694,5,1497.505128415271,1289.149765465418,0.0,0.0,0.0,0.0,0.0,0.0,0.0,0.9096326972436194,0.0,0.0,0.09036730275638065,0.0,-6198.375876610936,-4.808111549687289
21683624,18415.90387204644,10000.0,4,4603.97596801161,0.0,0.0,0.0,0.14522040406882858,0.0,0.0,0.0,0.0,0.8547795959311714,0.0,0.0,0.0,0.0,-18415.90387204644,0.0
21719208,18708.10444733128,6769.892121147101,4,4677.02611183282,0.0,0.0,0.0,0.0,0.0,0.0,0.0,0.0,0.8685221616607968,0.0,0.0,0.13147783833920318,0.0,-18708.10444733128,0.0
21764971,17824.947229910165,3494.721046266794,8,2228.1184037387707,1539.979128808451,0.0,0.0,0.0,0.19605786211824913,0.0,0.0,0.0,0.1033241075927591,0.0,0.0,0.7006180302889918,0.0,-16284.968101101715,-10.574797928399267
21784994,14156.95908955873,3471.1603401065577,5,2831.3918179117463,2163.332333460207,0.0,0.0,0.0,0.0,0.0,0.0,0.16093961801605525,0.3587769578000993,0.0,0.0,0.48028342418384545,0.0,-11993.626756098523,-5.544051910376135
21802599,38683.216674900585,5604.090468587831,11,3516.6560613545985,0.0,0.0,0.0,0.0,0.0,0.0,0.0,0.0,0.8933960989534336,0.0,0.028123850914017368,0.07848005013254902,0.0,-38683.216674900585,0.0
21900426,12939.40503258965,3626.662149267155,5,2587.8810065179296,0.0,0.0,0.0,0.0,0.0,0.0,0.0,0.0,0.7850431604642625,0.0,0.0,0.2149568395357375,0.0,-12939.40503258965,0.0
21918260,6363.998863517635,4863.578894277751,2,3181.9994317588175,0.0,0.7642331494052873,0.0,0.0,0.2357668505947128,0.0,0.0,0.0,0.0,0.0,0.0,0.0,0.0,-6363.998863517635,0.0
21968763,4784.9200443995305,3160.696555477923,3,1594.9733481331768,0.0,0.0,0.0,0.0,0.0,0.0,0.0,0.0,1.0,0.0,0.0,0.0,0.0,-4784.9200443995305,0.0
22001944,8939.469298151813,4481.562239864074,3,2979.8230993839375,0.0,0.0,0.0,0.0,0.0,0.0,0.0,0.0,0.6555015288160251,0.0,0.0,0.344498471183975,0.0,-8939.469298151813,0.0
22002001,18215.16683455737,3605.693355995773,10,1821.5166834557372,2765.7010291903157,0.27825608987521516,0.0,0.0,0.0,0.0,0.0,0.18315149145194254,0.31558549571401945,0.0,0.02076067564538233,0.20224624731344049,0.0,-15449.465805367057,-5.586093956760767
22005490,25551.69018141632,5849.174295698654,7,3650.241454488046,0.0,0.0,0.0,0.0,0.0,0.0,0.0,0.1487099975274882,0.6067277083658725,0.0,0.0,0.2445622941066392,0.0,-25551.69018141632,0.0
22037256,58119.22486888643,10000.0,20,2905.961243444321,0.0,0.034274815478412206,0.0,0.0,0.030951341981431454,0.005565989718905423,0.0,0.12494885872393911,0.19676654048442796,0.0,0.31244427793382545,0.23775617687616007,0.05729199880289841,-58119.22486888643,0.0
22120000,552.7558648541656,308.72994450507554,2,276.3779324270828,4785.895807344975,0.0,0.0,0.0,0.0,0.0,0.0,0.0,1.0,0.0,0.0,0.0,0.0,4233.1399424908095,0.8845031552910442
22132592,8285.10620101829,4481.770545287178,2,4142.553100509145,1092.1020205912143,0.0,0.0,0.0,0.0,0.0,0.0,0.0,0.4590569587706262,0.0,0.0,0.5409430412293739,0.0,-7193.004180427076,-6.586384829260832
22134644,5939.9415901214625,2680.88830115866,3,1979.9805300404873,0.0,0.0,0.0,0.0,0.451332434921105,0.0,0.0,0.0,0.548667565078895,0.0,0.0,0.0,0.0,-5939.9415901214625,0.0
22136639,8015.065993698254,4253.184122121724,6,1335.8443322830424,4075.119583933695,0.0,0.0,0.0,0.0,0.0,0.0,0.5306486715724782,0.4516718778196467,0.0,0.0,0.017679450607875107,0.0,-3939.946409764559,-0.9668296423245931
22142817,22322.80555199688,5253.324234601462,7,3188.9722217138396,704.4488142511143,0.0,0.0,0.10559099451939868,0.0,0.024977114568716013,0.0,0.0,0.8694318909118853,0.0,0.0,0.0,0.0,-21618.356737745762,-30.688328662640757
22147982,109517.78347859377,10000.0,33,3318.7207114725384,0.0,0.0,0.026735713629762504,0.0,0.0,0.0,0.0,0.0,0.7817364714328967,0.0,0.0,0.15076644081128288,0.04076137412605796,-109517.78347859377,0.0
22159484,40081.70476573789,5139.665798981645,12,3340.1420638114914,0.0,0.1282297204927038,0.0,0.32592230270269035,0.0,0.0,0.0,0.0,0.10125714625294309,0.0,0.0,0.44459083055166265,0.0,-40081.70476573789,0.0
22305316,7253.002008825711,5491.586870956729,3,2417.6673362752367,5939.086796853826,0.0,0.0,0.0,0.0,0.0,0.0,0.0,1.0,0.0,0.0,0.0,0.0,-1313.9152119718842,-0.22123185885545874
22324520,9459.300879262006,4893.432836162032,3,3153.1002930873356,0.0,0.0,0.0,0.0,0.0,0.0,0.0,0.0,1.0,0.0,0.0,0.0,0.0,-9459.300879262006,0.0
22356663,37418.152044233786,4382.546657163596,11,3401.650185839435,0.0,0.11233063859324882,0.0,0.0,0.10044559438430534,0.0,0.0,0.0,0.5846729007606146,0.0,0.0,0.11712354613297787,0.08542732012885335,-37418.152044233786,0.0
22369182,46532.93829356932,5555.480029553133,17,2737.231664327607,1393.9869039884825,0.019098847326404905,0.0,0.23866721821567516,0.0,0.0,0.0,0.0,0.18984320075785702,0.0,0.0,0.5523907337000629,0.0,-45138.95138958084,-32.38118755666143
22522163,24147.21710935911,10000.0,5,4829.443421871822,7245.984545100477,0.04909168113625149,0.0,0.0,0.0,0.0,0.0,0.09966884156008936,0.8512394773036592,0.0,0.0,0.0,0.0,-16901.232564258633,-2.332496358370893
22563846,20625.59573068947,5823.548931317227,5,4125.119146137895,0.0,0.0,0.0,0.0,0.0,0.0,0.0,0.18707393425254887,0.6128632237663804,0.0,0.0,0.2000628419810706,0.0,-20625.59573068947,0.0
22572798,13071.086909489257,7793.064501583172,3,4357.028969829752,1623.5389709342267,0.0,0.0,0.0,0.8359732855226273,0.0,0.0,0.0,0.16402671447737266,0.0,0.0,0.0,0.0,-11447.54793855503,-7.050984388731865
22586402,10054.693223407809,4895.15326428752,3,3351.5644078026025,0.0,0.0,0.0,0.0,0.0,0.0,0.0,0.0,0.5131474272241973,0.0,0.0,0.48685257277580274,0.0,-10054.693223407809,0.0
22629359,6473.5493398071885,2767.8752579131788,3,2157.8497799357297,4608.369966145665,0.0,0.0,0.0,0.0,0.0,0.0,0.0,0.7748061742966488,0.0,0.0,0.22519382570335122,0.0,-1865.1793736615243,-0.4047373338867404
22639607,22790.06471369029,5784.791287584693,6,3798.344118948382,1655.5962919265119,0.0,0.0,0.07825169379441173,0.0,0.0,0.0,0.0,0.6679187817940277,0.0,0.0,0.2538295244115605,0.0,-21134.46842176378,-12.76547218958249
22794966,9813.677472381694,4432.738692517062,3,3271.2258241272316,0.0,0.0,0.0,0.0,0.0,0.0,0.0,0.0,0.3886211034376805,0.0,0.0,0.6113788965623195,0.0,-9813.677472381694,0.0
22883056,15756.562895458164,4834.293831745999,7,2250.9375564940237,0.0,0.0,0.0,0.0,0.306811445098822,0.0,0.0,0.0,0.5594780272656631,0.0,0.0,0.13371052763551491,0.0,-15756.562895458164,0.0
22904400,80526.96916867797,5137.015247402791,23,3501.1725725512156,12975.432830464455,0.22711563266445942,0.0,0.0,0.12310507178993144,0.0,0.0,0.10562767388340458,0.24852331584922072,0.025719315556165325,0.0,0.2699089902568186,0.0,-67551.53633821351,-5.20611044123416
22915697,26908.648939968956,4374.347064119294,13,2069.896072305304,12699.901457740802,0.0,0.0,0.0,0.0,0.0,0.0,0.0,0.2085409909026234,0.0,0.0,0.5525384691312687,0.23892053996610785,-14208.747482228153,-1.1188076954382733
22966157,23393.262883609783,5726.323995439615,11,2126.660262146344,0.0,0.0,0.1708470132239902,0.0,0.0,0.0,0.0,0.0,0.547382189477987,0.0,0.0,0.027869956593470704,0.2539008407045521,-23393.262883609783,0.0
22987109,11744.872742602973,4796.917277602546,3,3914.9575808676573,0.0,0.0,0.0,0.0,0.0,0.4084265008851363,0.0,0.0,0.1967507875978396,0.0,0.0,0.3948227115170241,0.0,-11744.872742602973,0.0
22991830,8930.539656242194,6774.926143490503,2,4465.269828121097,0.0,0.0,0.0,0.0,0.0,0.0,0.0,0.0,1.0,0.0,0.0,0.0,0.0,-8930.539656242194,0.0
23005249,55474.8268638185,5141.775465577013,16,3467.1766789886565,989.3806392402724,0.0,0.0,0.0,0.08609346455034081,0.0,0.0,0.0,0.12253550042239192,0.17107363283131247,0.1833105840483038,0.40951582644845463,0.027470991699196257,-54485.446224578234,-55.07025715241065
23040369,57520.38781931313,7038.46704632037,15,3834.692521287542,8692.483354161908,0.22735736627281322,0.0,0.12236473558610335,0.0,0.13541834510748327,0.0,0.0,0.08507078223414191,0.0,0.0,0.42978877079945826,0.0,-48827.90446515122,-5.617256021752715
23072231,5349.370971157096,3007.4051973660635,2,2674.685485578548,0.0,0.0,0.0,0.0,0.0,0.0,0.0,0.0,1.0,0.0,0.0,0.0,0.0,-5349.370971157096,0.0
23079936,3283.2316036074185,2662.603138254351,2,1641.6158018037092,627.4491654386483,0.0,0.0,0.0,0.0,0.0,0.0,0.18902975491316484,0.0,0.0,0.0,0.8109702450868351,0.0,-2655.78243816877,-4.23266550416418
23123598,5984.834686445865,5038.974491138201,2,2992.4173432229327,0.0,0.0,0.0,0.0,0.0,0.1580428273900025,0.0,0.0,0.8419571726099975,0.0,0.0,0.0,0.0,-5984.834686445865,0.0
23128514,1652.3364265886755,934.8928285034652,2,826.1682132943378,2331.3141869780584,0.0,0.0,0.0,0.565800531574308,0.0,0.0,0.0,0.4341994684256919,0.0,0.0,0.0,0.0,678.9777603893828,0.2912424949764067
23132374,11535.631941137313,5523.845163658331,4,2883.9079852843283,0.0,0.0,0.0,0.0,0.47885067691521094,0.0,0.0,0.0,0.11151694398366652,0.0,0.0,0.40963237910112255,0.0,-11535.631941137313,0.0
23134535,36095.59232114997,10000.0,7,5156.513188735709,42119.3641257378,0.0,0.0,0.0,0.0,0.0,0.0,0.0,0.8486742537872257,0.0,0.08553020017067671,0.06579554604209763,0.0,6023.771804587831,0.14301668435936565
23224714,40983.42451562175,5151.793914644359,11,3725.7658650565227,0.0,0.0,0.1257043298731817,0.21066909590529023,0.0,0.0,0.0,0.0,0.2687613319297181,0.0,0.0,0.20357382302310478,0.19129141926870508,-40983.42451562175,0.0
23247099,11116.764955536915,3786.8352581571658,5,2223.352991107383,758.8172567307538,0.14057769715941726,0.0,0.2757129757919972,0.06761976041260674,0.0,0.0,0.0,0.3406418389975099,0.0,0.17544772763846891,0.0,0.0,-10357.947698806161,-13.650121431649787
23258267,11903.402472290069,3957.445229372666,8,1487.9253090362586,0.0,0.0,0.33246336403269594,0.0,0.15076858294441595,0.13411392837146685,0.0,0.0,0.1593070655457915,0.0,0.0,0.2233470591056298,0.0,-11903.402472290069,0.0
23260421,10838.49613814761,5679.287548590766,3,3612.832046049203,1547.8286817510768,0.0,0.0,0.0,0.0,0.0,0.0,0.0,0.2515399388443807,0.0,0.22446785077859888,0.5239922103770204,0.0,-9290.667456396533,-6.002387451488424
23298007,17665.91471458332,6078.5558197371065,6,2944.3191190972198,4378.252089993316,0.17624135418873674,0.0,0.0,0.0,0.0,0.0,0.3440838426961963,0.1400761070392008,0.0,0.0,0.3395986960758662,0.0,-13287.662624590004,-3.034924063637069
23307732,25816.71300138161,3960.2224345324726,10,2581.671300138161,558.0769917621388,0.0,0.0,0.0,0.0,0.0,0.0,0.0,0.4267238656966669,0.0,0.0,0.573276134303333,0.0,-25258.636009619473,-45.2601278720788
23312943,15203.386553488082,3130.3199386278275,8,1900.4233191860103,141.4392398094619,0.1362172333509033,0.0,0.0,0.2058962276342072,0.0,0.0,0.3622500376326194,0.29563650138227,0.0,0.0,0.0,0.0,-15061.94731367862,-106.49058446559197
23325925,26925.497350764203,5685.731917645805,6,4487.582891794034,0.0,0.0,0.18437024320887582,0.0,0.0,0.0,0.0,0.0,0.0,0.0,0.0,0.8156297567911241,0.0,-26925.497350764203,0.0
23367962,13671.15446997452,3196.904999436198,6,2278.5257449957535,0.0,0.0,0.0,0.0,0.0,0.0,0.0,0.0,0.6090749974759422,0.0,0.0,0.3909250025240578,0.0,-13671.15446997452,0.0
23403439,21322.30654441789,4039.6469323462975,8,2665.2883180522363,1459.8991947624272,0.0,0.0,0.0,0.05377484185900933,0.05851180637914543,0.0,0.0,0.21734000277550095,0.0,0.11874200477462694,0.5516313442117173,0.0,-19862.407349655463,-13.60532797121497
23426321,2427.283758752454,2427.283758752454,1,2427.283758752454,502.5755307612724,0.0,0.0,0.0,0.0,0.0,0.0,0.0,1.0,0.0,0.0,0.0,0.0,-1924.7082279911817,-3.829689489808119
23436249,21999.627198517297,3786.443450670727,8,2749.953399814662,0.0,0.0,0.0,0.0,0.0,0.0,0.0,0.0,0.8699967579946452,0.0,0.0,0.13000324200535474,0.0,-21999.627198517297,0.0
23464696,14773.706050626812,4477.873932724192,6,2462.284341771135,5248.778900114124,0.0,0.0,0.0,0.0,0.0,0.0,0.0,0.42655164849257515,0.0,0.0,0.5734483515074248,0.0,-9524.927150512689,-1.8146939186761304
23475023,4998.458640915025,2544.5611083775034,4,1249.6146602287563,0.0,0.0,0.484540980677578,0.0,0.0,0.0,0.0,0.0,0.509548309564671,0.0,0.0,0.005910709757750912,0.0,-4998.458640915025,0.0
23498208,23303.917214777823,7469.303951051232,6,3883.9862024629706,2652.522936578077,0.0,0.15454027802671116,0.0,0.0,0.134490559509094,0.0,0.0,0.6939378592662154,0.0,0.0,0.01703130319797938,0.0,-20651.394278199747,-7.78556671213609
23568643,28132.839542403293,6610.066759048088,12,2344.4032952002744,0.0,0.391748143628597,0.0,0.0,0.07169692062698567,0.08742319743423796,0.0,0.0,0.17350691933353526,0.0,0.03335225215274594,0.24227256682389808,0.0,-28132.839542403293,0.0
23594098,8929.48163530301,2952.9324318928348,5,1785.8963270606018,1078.0331563523819,0.0,0.0,0.0,0.0,0.0,0.0,0.16410337458032212,0.33069472030921887,0.0,0.19317220281308714,0.3120297022973719,0.0,-7851.448478950627,-7.283123373975509
23752356,43353.67617454891,5707.924347320975,15,2890.245078303261,854.6103691007783,0.13165952350476462,0.0,0.0,0.0342487921233226,0.0,0.0,0.0,0.2471787817231411,0.0,0.0,0.5869129026487718,0.0,-42499.06580544814,-49.7291717278901
23752670,51931.43816260543,5652.107053978492,23,2257.888615765454,5288.05010961031,0.041275033136383955,0.05192366327282783,0.08825070098238522,0.0,0.17940495606059256,0.0,0.0,0.1367914215618889,0.0,0.0,0.4174041156626646,0.08495010932325696,-46643.38805299512,-8.820526864567174
23755552,100627.8286089391,6899.128449310007,30,3354.2609536313034,2735.4979167700394,0.0,0.11799843017656425,0.0,0.0,0.034845057836285574,0.0,0.0,0.8371618268980857,0.0,0.009994685089064448,0.0,0.0,-97892.33069216905,-35.785927706995366
23766824,35210.25436183121,5369.600475260069,13,2708.481104756247,1466.0251227603258,0.0,0.0,0.0,0.0,0.0,0.0,0.0,0.2645992509831713,0.0,0.0,0.7354007490168286,0.0,-33744.22923907088,-23.01749725511872
23768591,29084.04384346649,7463.950303417102,11,2644.0039857696806,5189.338423486473,0.08171236065621079,0.0,0.0,0.06858253164874412,0.0,0.0,0.0,0.38012975903411517,0.0,0.0036788234898248416,0.4658965251711051,0.0,-23894.705419980015,-4.604576435376569
23870689,8645.342431851906,5973.642762612844,2,4322.671215925953,12175.66407703197,0.0,0.0,0.0,0.0,0.0,0.0,0.0,1.0,0.0,0.0,0.0,0.0,3530.321645180063,0.28994900178295985
23880900,49345.27547794425,10000.0,12,4112.106289828687,251.1132909169434,0.0,0.05201267462643187,0.06272043713040652,0.0,0.0,0.0,0.0,0.5750790372643247,0.0,0.07091527721803872,0.18119529854980745,0.058077275210990646,-49094.16218702731,-195.50602840558278
23885287,11813.250790817952,5234.86272516835,4,2953.312697704488,427.5347412636755,0.0,0.0,0.0,0.0,0.14545924856515288,0.0,0.0,0.1273791935544473,0.0,0.0,0.7271615578803998,0.0,-11385.716049554276,-26.63108971191726
23903034,28210.21555173442,5142.720018810664,9,3134.468394637158,0.0,0.0,0.14122512591975234,0.0,0.1730986307655784,0.11894600598844142,0.0,0.02399690067555041,0.2766630656801491,0.0,0.0,0.26607027097052827,0.0,-28210.21555173442,0.0
23969504,106412.78843040708,10000.0,24,4433.866184600295,2989.635133837687,0.0,0.0,0.0,0.0927475291114681,0.030893611206193373,0.06724681239436474,0.02415289416146296,0.5213945164759783,0.0,0.1280111579765853,0.10733567507273524,0.02821780360121209,-103423.15329656939,-34.5939048300549
24005570,47674.81274765193,6115.68463775702,13,3667.2932882809173,0.0,0.0,0.0,0.0,0.1160815331852881,0.0,0.0,0.0,0.2941343202205536,0.0,0.08404565039534334,0.505738496198815,0.0,-47674.81274765193,0.0
24010973,8643.304435050557,5367.536826797368,2,4321.6522175252785,0.0,0.0,0.0,0.0,0.0,0.0,0.0,0.3789948199636715,0.0,0.0,0.0,0.6210051800363285,0.0,-8643.304435050557,0.0
24015187,11420.318282189897,8144.946114167876,2,5710.159141094949,564.4351914340165,0.0,0.0,0.0,0.0,0.7131978210160747,0.0,0.0,0.2868021789839253,0.0,0.0,0.0,0.0,-10855.883090755882,-19.233179035444596
24093582,7341.456262742165,3295.897068173475,4,1835.3640656855412,0.0,0.0,0.30838254942701,0.0,0.0,0.0,0.0,0.0,0.005012840867723138,0.0,0.0,0.6866046097052668,0.0,-7341.456262742165,0.0
24141112,13492.350207607036,5597.787130287278,4,3373.087551901759,0.0,0.0,0.0,0.1589539756329187,0.0,0.0,0.0,0.0,0.5744938768049201,0.0,0.0,0.26655214756216117,0.0,-13492.350207607036,0.0
24180866,16054.948477205478,4570.855998886336,4,4013.7371193013696,0.0,0.0,0.0,0.0,0.0,0.0,0.0,0.0,0.5636183806781303,0.0,0.15723569692932324,0.27914592239254654,0.0,-16054.948477205478,0.0
24207406,7928.248459417698,4668.02115992659,3,2642.749486472566,0.0,0.0,0.0,0.0,0.0,0.0,0.0,0.0,0.8812425040993799,0.0,0.0,0.11875749590062004,0.0,-7928.248459417698,0.0
24247666,32740.344509320807,5845.260099578811,10,3274.0344509320803,0.0,0.049770475485908044,0.0,0.0,0.0,0.08223166038142045,0.0,0.0,0.616575255712137,0.0,0.07254131871541478,0.17888128970511963,0.0,-32740.344509320807,0.0
24260526,16629.120928902674,5664.02211055136,6,2771.520154817112,0.0,0.0,0.0,0.0,0.0,0.0,0.0,0.0,0.2633070249227375,0.0,0.0,0.7366929750772624,0.0,-16629.120928902674,0.0
24273841,54179.189790712386,7120.804944703832,11,4925.380890064762,1179.1309849123436,0.0,0.08166864452451497,0.0,0.0,0.0,0.0,0.0,0.2992765777602566,0.0,0.0,0.6190547777152284,0.0,-53000.05880580004,-44.94840648237232
24293520,38473.63494502351,5387.021347465679,12,3206.136245418625,540.5279378265107,0.1270098993440604,0.0,0.0,0.058564084490484516,0.046950209951283656,0.0,0.0,0.37199323757322234,0.0,0.0,0.3954825686409491,0.0,-37933.107007196995,-70.17788416215429
24295752,15285.410964344634,5595.218637179291,5,3057.0821928689265,0.0,0.0,0.0,0.341732229381318,0.0,0.0,0.0,0.0,0.0,0.0,0.0,0.2922181661801148,0.3660496044385672,-15285.410964344634,0.0
24360078,11418.079374934812,4078.3283815631553,4,2854.519843733703,0.0,0.0,0.0,0.29875064790268857,0.0,0.0,0.0,0.0,0.48609563243080517,0.0,0.0,0.21515371966650623,0.0,-11418.079374934812,0.0
24371031,829.4514870452115,420.7482573657971,2,414.72574352260574,2289.6648078786443,0.0,0.0,0.0,0.0,0.0,0.0,0.0,0.5072608391657065,0.0,0.0,0.4927391608342934,0.0,1460.2133208334326,0.6377410858606455
24381014,4038.987885539019,2364.4436938308845,2,2019.4939427695094,0.0,0.0,0.41459500230332086,0.0,0.0,0.0,0.0,0.0,0.5854049976966792,0.0,0.0,0.0,0.0,-4038.987885539019,0.0
24419636,8690.825981087954,4588.384062691793,4,2172.7064952719884,0.0,0.0,0.0,0.21898276131695452,0.0,0.0,0.0,0.0,0.2530600488052891,0.0,0.0,0.0,0.5279571898777565,-8690.825981087954,0.0
24423490,98556.3595573844,5761.094672593612,40,2463.90898893461,3285.701140505618,0.0,0.0,0.0,0.0,0.031322641901519274,0.0,0.0,0.5142616299625844,0.0,0.2437647770661711,0.2106509510697252,0.0,-95270.65841687878,-28.99553378193676
24471692,68679.13115847447,6802.876096124574,17,4039.9488916749683,505.7291779514411,0.03887540005263072,0.08005405859245879,0.0,0.05096812361088379,0.0,0.0,0.12379993326705725,0.29981528748804287,0.04634370578660706,0.0,0.36014349120231953,0.0,-68173.40198052302,-134.8021924633126
24479282,5990.895381319707,3436.973935297691,5,1198.1790762639412,1184.3637679687336,0.0,0.0,0.0,0.0,0.5736995418104891,0.0,0.0,0.3412213031547252,0.0,0.0,0.08507915503478568,0.0,-4806.531613350973,-4.058323754360123
24492492,22014.111263910352,6138.507907760093,9,2446.0123626567056,188.163381179825,0.0,0.0,0.0,0.0,0.0,0.0,0.0,0.8421514920854777,0.0,0.0,0.1578485079145223,0.0,-21825.947882730525,-115.99466243578915
24492813,21112.35756470071,6301.79083666892,8,2639.0446955875886,0.0,0.0,0.0,0.0,0.0,0.0,0.0,0.0,1.0,0.0,0.0,0.0,0.0,-21112.35756470071,0.0
24523331,5601.461919945579,4067.013948470148,2,2800.7309599727896,0.0,0.0,0.0,0.0,0.0,0.0,0.0,0.0,0.0,0.0,0.7260629468868479,0.27393705311315214,0.0,-5601.461919945579,0.0
24580580,9445.38579274197,6966.786583631435,2,4722.692896370985,0.0,0.0,0.0,0.0,0.0,0.0,0.0,0.0,0.26241376090907176,0.0,0.0,0.7375862390909281,0.0,-9445.38579274197,0.0
24584105,5175.504176126141,5175.504176126141,1,5175.504176126141,2196.2786079950642,0.0,0.0,0.0,0.0,0.0,0.0,0.0,1.0,0.0,0.0,0.0,0.0,-2979.2255681310767,-1.3564879962341152
24622356,9080.79590784319,4183.234840718785,5,1816.1591815686381,0.0,0.0,0.0,0.0,0.0,0.0,0.0,0.1589843648979912,0.7264463061245864,0.0,0.0,0.11456932897742246,0.0,-9080.79590784319,0.0
24632313,14365.917958669357,4984.6012945366065,4,3591.4794896673393,0.0,0.1849165236465743,0.0,0.0,0.0,0.0,0.0,0.0,0.2667881052540916,0.0,0.0,0.5482953710993341,0.0,-14365.917958669357,0.0
24632797,22539.08295593091,6663.667954233721,5,4507.8165911861815,2600.0849870856027,0.0,0.0,0.21352267058587274,0.0,0.0,0.0,0.24360148974102927,0.06455745714385772,0.0,0.0,0.47831838252924025,0.0,-19938.997968845306,-7.6685947066655835
24644106,8477.991838292563,5276.625956629629,3,2825.997279430854,2370.993864076157,0.0,0.0,0.0,0.0,0.0,0.0,0.0,0.37760898367503937,0.0,0.0,0.6223910163249606,0.0,-6106.997974216405,-2.575712264272754
24650177,15172.614511884703,5582.403966234322,5,3034.5229023769407,0.0,0.0,0.0,0.0,0.0,0.0,0.0,0.0,0.769344974643764,0.0,0.0,0.23065502535623603,0.0,-15172.614511884703,0.0
24660186,23198.497538584037,4909.313372268589,7,3314.0710769405764,0.0,0.0,0.0,0.10525972686601541,0.0,0.0,0.0,0.16960798568605837,0.2399458153102503,0.0,0.0,0.4851864721376759,0.0,-23198.497538584037,0.0
24670515,19631.07305372176,7665.43823144673,5,3926.214610744352,0.0,0.0,0.0,0.0,0.08001188444426428,0.14130271334859315,0.0,0.0,0.3904747443234377,0.0,0.0,0.38821065788370496,0.0,-19631.07305372176,0.0
24736883,31688.890398698222,6329.945219221791,7,4526.984342671175,3504.7323757639133,0.0,0.0,0.0,0.0,0.0,0.0,0.0,0.51280370981155,0.0,0.0,0.48719629018845007,0.0,-28184.15802293431,-8.041743277699231
24759748,60876.06446772485,6080.679866623576,14,4348.2903191232035,0.0,0.0,0.0,0.0,0.0,0.0,0.0,0.0,0.8135673823977679,0.0,0.0,0.1864326176022321,0.0,-60876.06446772485,0.0
24769261,31423.16425634818,4849.111585463272,12,2618.597021362348,1103.4376925933004,0.10988122811516843,0.540478194415435,0.0,0.0,0.0,0.04028914133858982,0.12153732645571952,0.16253814993367144,0.0,0.0,0.004246174397275371,0.021029785344140385,-30319.72656375488,-27.477515737655676
24779988,37544.21525901798,4854.708068329962,12,3128.684604918165,0.0,0.0,0.0,0.09611124275504158,0.0,0.0,0.0,0.0,0.37464414187729667,0.0,0.0,0.33843544870721914,0.1908091666604427,-37544.21525901798,0.0
24800982,17488.797418820843,5703.598638096946,6,2914.799569803474,0.0,0.0,0.04336238410430586,0.0,0.3261286926429218,0.016608841571829264,0.0,0.0,0.31214636507455745,0.0,0.0,0.30175371660638556,0.0,-17488.797418820843,0.0
24805995,16171.645319724696,10000.0,2,8085.822659862348,0.0,0.0,0.0,0.0,0.0,0.618366270239857,0.0,0.0,0.381633729760143,0.0,0.0,0.0,0.0,-16171.645319724696,0.0
24813297,5553.439307214985,5553.439307214985,1,5553.439307214985,1195.2643410645856,0.0,0.0,0.0,0.0,0.0,0.0,0.0,0.0,0.0,0.0,1.0,0.0,-4358.1749661504,-3.6462017784858416
24866441,29634.295362479144,6449.310700237975,9,3292.699484719905,6867.6754771832475,0.0,0.112438275181917,0.0,0.07132954666321227,0.0,0.0,0.0,0.8162321781548707,0.0,0.0,0.0,0.0,-22766.619885295895,-3.3150401414473274
24880483,41688.3406849854,5254.5722978110425,14,2977.7386203561,2022.383585722854,0.0,0.3686782864135572,0.0,0.05045682742808766,0.0,0.0,0.0,0.2511389254709922,0.0,0.1260441699399071,0.2036817907474558,0.0,-39665.957099262545,-19.61346867097167
24881376,16778.983535933854,6456.879222869612,5,3355.7967071867706,0.0,0.0,0.0,0.0,0.0,0.0,0.0,0.0,0.8000396135397644,0.0,0.0,0.19996038646023565,0.0,-16778.983535933854,0.0
24976837,39213.05197342393,4948.618788371316,18,2178.5028874124405,0.0,0.12332338794940313,0.0,0.0,0.0,0.06518215660208208,0.0,0.04752240714363643,0.3873934543439564,0.0,0.0,0.3765785939609219,0.0,-39213.05197342393,0.0
24978828,13845.55293659502,4809.453080589914,4,3461.388234148755,2790.686931644577,0.0,0.0,0.0,0.0,0.0,0.0,0.0,1.0,0.0,0.0,0.0,0.0,-11054.866004950441,-3.96134223427051
25085724,18800.360372590807,4773.1033872687285,5,3760.072074518161,0.0,0.0,0.0,0.0,0.2208730164665368,0.0,0.0,0.0,0.23913270409831433,0.47625294336349916,0.0,0.06374133607164974,0.0,-18800.360372590807,0.0
25094457,29156.84854155119,5927.32725783261,7,4165.264077364456,0.0,0.0,0.0,0.0,0.0,0.0,0.0,0.2006056570060085,0.3027708663519674,0.0,0.2774418697003419,0.2191816069416822,0.0,-29156.84854155119,0.0
25152497,24961.388517114727,6441.427779827444,9,2773.4876130127477,1602.5345028438132,0.25348399565863655,0.0,0.0,0.0,0.11670281349257171,0.0,0.0,0.6298131908487917,0.0,0.0,0.0,0.0,-23358.854014270913,-14.576194130496997
25177146,20242.206622857822,6078.654606168011,9,2249.1340692064246,3130.575132658373,0.0,0.0,0.0,0.0,0.0,0.0,0.0,0.9453390778031443,0.0,0.0,0.0,0.05466092219685573,-17111.63149019945,-5.465970553362462
25198262,8282.503307423163,5211.820044876774,3,2760.834435807721,854.6682556956865,0.0,0.0,0.0,0.0,0.0,0.0,0.0,0.7658020782433393,0.0,0.0,0.23419792175666074,0.0,-7427.835051727477,-8.690898488655503
25211519,3959.209641020459,1138.4482578757422,6,659.8682735034098,1125.77369254999,0.0,0.0,0.0,0.0,0.0,0.0,0.0,0.4583038088758329,0.0,0.0,0.3192894297411699,0.22240676138299714,-2833.435948470469,-2.5168788071894386
25220671,13916.628249935366,7326.995679687817,4,3479.1570624838414,557.921701774366,0.0,0.0,0.0,0.0,0.0,0.0,0.0,0.13936855921566396,0.0,0.526492160895499,0.3341392798888371,0.0,-13358.706548160999,-23.943694080506496
25229260,9706.661240557729,3876.181638059968,3,3235.5537468525763,0.0,0.0,0.0,0.0,0.0,0.0,0.0,0.0,0.39933212275545005,0.0,0.0,0.6006678772445501,0.0,-9706.661240557729,0.0
25234993,16413.284421937107,4136.364247042841,8,2051.6605527421384,0.0,0.0,0.0,0.0,0.0,0.10468107655325322,0.0,0.0,0.3061787706265157,0.10254291137823637,0.07830178009486417,0.4082954613471306,0.0,-16413.284421937107,0.0
25283312,4187.958054945546,2180.545626586986,3,1395.986018315182,5941.0982675983005,0.0,0.0,0.0,0.0,0.0,0.0,0.0,0.8203321771125284,0.0,0.0,0.17966782288747168,0.0,1753.1402126527541,0.2950868902832446
25293794,6740.318085459501,5019.133559782838,2,3370.1590427297506,0.0,0.0,0.0,0.0,0.25535657276912127,0.0,0.0,0.0,0.7446434272308787,0.0,0.0,0.0,0.0,-6740.318085459501,0.0
25314547,10234.822376386122,4052.269640364612,4,2558.7055940965306,0.0,0.0,0.0,0.0,0.086617801992415,0.0,0.0,0.0,0.5174525480984623,0.0,0.0,0.3959296499091226,0.0,-10234.822376386122,0.0
25396071,17754.794118137524,4246.757829647607,7,2536.3991597339323,2389.029918648944,0.43870116962185884,0.0,0.0,0.0,0.0,0.0,0.0,0.09107634737540103,0.0,0.0,0.47022248300274017,0.0,-15365.764199488582,-6.431800656635686
25450964,77876.54206850911,5884.8370287626085,18,4326.474559361618,0.0,0.44097307031807537,0.0,0.0,0.0,0.0,0.0,0.0,0.27334912237587045,0.0,0.019061202761103534,0.26661660454495073,0.0,-77876.54206850911,0.0
25489619,28738.288253367413,5726.485665645996,8,3592.2860316709266,0.0,0.3690220435555771,0.0,0.0,0.2415604589574167,0.0,0.0,0.0,0.26988261967531496,0.0,0.0,0.1195348778116911,0.0,-28738.288253367413,0.0
25514090,62532.52584816643,8470.89511962021,15,4168.835056544428,506.3551105557309,0.0,0.07370531540791309,0.0,0.0,0.0,0.0,0.0,0.7967390273958004,0.0,0.0,0.12955565719628653,0.0,-62026.1707376107,-122.49539788299208
25554369,22792.884522031112,4886.810851889466,11,2072.0804110937374,2896.6695128558567,0.0,0.0,0.0,0.0,0.05965179428112061,0.0,0.0,0.2776231395380498,0.0,0.10072358822087779,0.45454752390570174,0.10745395405425007,-19896.21500917526,-6.868652057431078
25567708,30920.9134542753,5359.9003802853495,14,2208.6366753053785,27018.007888145214,0.0,0.0,0.0,0.0,0.08772481572384916,0.0,0.0,0.5605802936436491,0.0,0.00037013368262769626,0.351324756949874,0.0,-3902.905566130087,-0.14445571199357665
25578864,7450.981994212545,3776.3680324140173,3,2483.6606647375147,0.0,0.0,0.0,0.0,0.0,0.0,0.0,0.0,0.9371744256218293,0.0,0.0,0.06282557437817078,0.0,-7450.981994212545,0.0
25665450,13699.383732397218,6624.536032882009,5,2739.876746479443,0.0,0.08806586453023256,0.0,0.0,0.0,0.0,0.0,0.0,0.8258520854875906,0.0,0.0,0.08608204998217683,0.0,-13699.383732397218,0.0
25679080,19083.679853266265,4523.557559170159,7,2726.2399790380377,1684.963055333123,0.2370380133156515,0.0,0.0,0.0,0.0,0.0,0.0,0.5907022599428271,0.0,0.0,0.1722597267415213,0.0,-17398.71679793314,-10.325874352475553
25686703,53630.438799013195,5728.624151032489,15,3575.3625866008797,622.4332230126057,0.0,0.0,0.10681665634885493,0.014980184360907587,0.3116604976121048,0.0,0.0,0.31222154062721397,0.0,0.0,0.25432112105091864,0.0,-53008.005576000585,-85.16255819289236
25692176,21065.12313360225,3436.2419989744353,10,2106.5123133602247,0.0,0.0,0.2546214381344977,0.0,0.0,0.0,0.0,0.0,0.08109272945491469,0.0,0.0,0.6642858324105877,0.0,-21065.12313360225,0.0
25707858,34653.826135640404,5928.822561340683,8,4331.7282669550505,0.0,0.0,0.1276607967055202,0.0,0.0,0.33748057188117025,0.0,0.0,0.37016313592981803,0.0,0.0,0.16469549548349152,0.0,-34653.826135640404,0.0
25711055,13569.990745416784,3476.8189495135166,6,2261.665124236131,0.0,0.0,0.0,0.0,0.25621380402840727,0.0,0.0,0.0,0.3965117200679279,0.0,0.0,0.3472744759036648,0.0,-13569.990745416784,0.0
25750380,10361.601291501418,7940.307962957523,2,5180.800645750709,0.0,0.0,0.0,0.0,0.0,0.0,0.0,0.0,0.7663205463686545,0.0,0.0,0.0,0.23367945363134546,-10361.601291501418,0.0
25755346,5666.098926914324,3795.767813308452,3,1888.6996423047747,0.0,0.2734169865690339,0.6699084965280641,0.0,0.0,0.0,0.0,0.0,0.0,0.0,0.0,0.05667451690290199,0.0,-5666.098926914324,0.0
25755590,20994.464018093793,4850.138737675236,8,2624.308002261724,5250.263834355029,0.0,0.0,0.0,0.0,0.0,0.0,0.0,0.9205660681233857,0.0,0.0,0.07943393187661428,0.0,-15744.200183738765,-2.9987445736949083
25771700,26330.493138294576,5138.647290321973,8,3291.311642286822,0.0,0.19515955372854074,0.0,0.0,0.06487168207091332,0.0,0.0,0.0,0.08454980419240743,0.0,0.2416760359971496,0.413742924010989,0.0,-26330.493138294576,0.0
25777742,32954.32504203579,6073.9069661869125,8,4119.290630254473,0.0,0.0,0.0,0.13591946351215492,0.0,0.0,0.0,0.0,0.47507203676612714,0.0,0.0,0.25182760668796467,0.13718089303375317,-32954.32504203579,0.0
25819379,543.4015440636949,543.4015440636949,1,543.4015440636949,576.3973600925325,0.0,0.0,0.0,0.0,0.0,0.0,0.0,0.0,0.0,0.0,0.0,1.0,32.99581602883761,0.05724491178020072
25830412,298.8990172514367,298.8990172514367,1,298.8990172514367,8515.415049294994,0.0,0.0,0.0,0.0,0.0,0.0,0.0,1.0,0.0,0.0,0.0,0.0,8216.516032043557,0.9648990665139472
25841415,17244.41439820798,4988.7207726664965,5,3448.882879641596,0.0,0.0,0.0,0.0,0.0,0.0,0.0,0.0,0.2892948787628833,0.0,0.1618038004366119,0.5489013208005047,0.0,-17244.41439820798,0.0
25879887,5124.193398885096,2537.0789123305976,3,1708.064466295032,0.0,0.0,0.0,0.0,0.0,0.0,0.0,0.0,0.8726239229134092,0.0,0.0,0.12737607708659082,0.0,-5124.193398885096,0.0
25885620,31061.304057589547,7124.523011212654,10,3106.1304057589546,1521.6568360800072,0.0,0.07589326605333159,0.0,0.0,0.009736359881040072,0.0,0.0,0.8379838015236922,0.0,0.05497856104865651,0.021408011493279526,0.0,-29539.647221509542,-19.412818002781528
25937089,14862.85776641958,5748.447122673325,5,2972.571553283916,0.0,0.0,0.38676593781722696,0.0,0.0,0.0,0.0,0.0,0.5117826664570919,0.0,0.0,0.10145139572568121,0.0,-14862.85776641958,0.0
25940587,15576.240593727787,7009.315298543079,4,3894.060148431947,0.0,0.0,0.0,0.0,0.0,0.0,0.0,0.0,0.0,0.0,0.0,0.8784386453350481,0.12156135466495198,-15576.240593727787,0.0
25972557,41400.95473084371,10000.0,12,3450.0795609036422,10119.37721224111,0.0,0.0,0.0,0.24001971802117825,0.0,0.0,0.049970518098928086,0.2669602143913642,0.0,0.0,0.44304954948852954,0.0,-31281.577518602597,-3.091255208943313
26018545,3486.71337372065,2785.8960026807144,2,1743.356686860325,0.0,0.0,0.0,0.0,0.0,0.0,0.0,0.0,0.20099655346550552,0.0,0.0,0.7990034465344945,0.0,-3486.71337372065,0.0
26076781,6660.416561702137,4448.821130242061,2,3330.2082808510686,0.0,0.0,0.0,0.0,0.0,0.0,0.0,0.0,0.6679493825991448,0.0,0.0,0.3320506174008552,0.0,-6660.416561702137,0.0
26082769,8227.087746398762,4149.224324764258,2,4113.543873199381,0.0,0.0,0.0,0.0,0.0,0.0,0.0,0.0,0.0,0.0,0.0,1.0,0.0,-8227.087746398762,0.0
26086383,18906.850779840453,3741.8601185957496,8,2363.3563474800567,736.8975036399801,0.0,0.0,0.0,0.0,0.0,0.0,0.08401704331381772,0.29542175488357847,0.0,0.0,0.6205612018026038,0.0,-18169.953276200475,-24.657368475870992
26099555,993.8061420227513,992.5174130336401,2,496.90307101137563,0.0,0.0,0.0,0.0,0.0,0.0,0.0,0.0,0.0012967609422178405,0.0,0.0,0.0,0.9987032390577822,-993.8061420227513,0.0
26112854,2142.193319933984,2142.193319933984,1,2142.193319933984,9485.115985310444,0.0,0.0,0.0,0.0,0.0,0.0,1.0,0.0,0.0,0.0,0.0,0.0,7342.922665376459,0.7741521217820014
26144098,23251.657770606733,5556.957288559613,6,3875.2762951011223,0.0,0.0,0.0,0.0,0.24789330365359202,0.11061425440791582,0.0,0.0,0.40250056689101216,0.0,0.0,0.0,0.23899187504748007,-23251.657770606733,0.0
26154387,68713.10002189751,5651.164997215097,19,3616.478948520921,2603.628845394772,0.2897344054206385,0.0,0.0,0.24428051451000715,0.0,0.0,0.015188639141465956,0.3230717217195094,0.0,0.05128592664527744,0.07643879256310152,0.0,-66109.47117650273,-25.391280824621134
26176713,40758.35928619142,4862.875014987078,14,2911.3113775851016,3504.6196278252933,0.0,0.0,0.0,0.0,0.0,0.0,0.0903242897862267,0.328936609178829,0.0,0.0,0.5807391010349443,0.0,-37253.73965836613,-10.629895285236142
26329848,15780.50369580738,4682.976994172319,7,2254.357670829626,991.724773552549,0.0,0.0,0.0,0.0,0.14736610154653962,0.0,0.0,0.2609779206665878,0.0,0.2967571304721096,0.20339848648078074,0.09150036083398216,-14788.778922254829,-14.912180593491255
26353605,5430.170209647107,2963.7822747066266,2,2715.0851048235536,6580.926632035143,0.0,0.0,0.0,0.0,0.0,0.0,0.0,0.0,0.0,0.4542008518552065,0.5457991481447936,0.0,1150.7564223880352,0.17486236919680798
26384134,1548.7438321022355,1548.7438321022355,1,1548.7438321022355,1587.2911334299995,0.0,0.0,0.0,0.0,0.0,0.0,0.0,1.0,0.0,0.0,0.0,0.0,38.54730132776396,0.024284959775757432
26411365,8710.708312364442,5206.924523734032,2,4355.354156182221,0.0,0.0,0.0,0.0,0.0,0.0,0.0,0.0,0.4022386771529193,0.0,0.0,0.5977613228470808,0.0,-8710.708312364442,0.0
26482399,11052.222710606393,5292.077816867213,4,2763.055677651598,2730.730759585459,0.0,0.0,0.0,0.0,0.0,0.0,0.0,0.2351905411321843,0.0,0.0,0.4788247536659399,0.2859847052018758,-8321.491951020935,-3.0473498428252905
26507292,3378.0538566793743,1775.0727149786694,2,1689.0269283396872,0.0,0.0,0.0,0.0,0.0,0.0,0.0,0.0,0.5254719996452528,0.0,0.0,0.0,0.4745280003547471,-3378.0538566793743,0.0
26586963,3480.212632480967,3480.212632480967,1,3480.212632480967,8257.938388729495,0.0,0.0,0.0,0.0,0.0,0.0,0.0,0.0,0.0,0.0,1.0,0.0,4777.725756248529,0.5785615648052315
26592247,16652.69023714183,4519.324890935651,5,3330.538047428366,0.0,0.0,0.0,0.0,0.0,0.0,0.0,0.0,1.0,0.0,0.0,0.0,0.0,-16652.69023714183,0.0
26612964,24106.677185133067,3481.5573715610385,11,2191.5161077393695,453.49024000600804,0.0,0.0,0.0,0.0,0.0,0.0,0.0,0.31571860288015163,0.0,0.134626983279074,0.3316244023846445,0.2180300114561298,-23653.186945127058,-52.158094835323666
26616235,10567.154099807172,5417.462338330998,4,2641.788524951793,0.0,0.12306984077806069,0.0,0.0,0.0,0.0,0.0,0.0,0.5126699475717739,0.0,0.0,0.3642602116501656,0.0,-10567.154099807172,0.0
26628713,22658.54869653019,2401.9132117123427,16,1416.1592935331369,22898.603728165024,0.0,0.0,0.0,0.0,0.0,0.0,0.0,0.2929053405408851,0.0,0.0,0.7070946594591149,0.0,240.0550316348351,0.01048339167246124
26647220,35293.04606909299,6898.092322639733,12,2941.0871724244157,0.0,0.0489923992998018,0.0,0.0,0.2844191413038796,0.0,0.0,0.0,0.34526503109804735,0.0,0.0,0.3213234282982714,0.0,-35293.04606909299,0.0
26652111,27803.92994827372,6211.539265108965,10,2780.392994827372,0.0,0.0,0.0,0.0,0.0,0.09211143391504756,0.0,0.0,0.5880702966799197,0.0,0.0,0.3198182694050327,0.0,-27803.92994827372,0.0
26750869,20920.763201423455,4949.046511935978,5,4184.152640284691,3140.9943985847895,0.0,0.0,0.0,0.0,0.0,0.0,0.0,0.197353109675409,0.0,0.41683863200146837,0.3858082583231227,0.0,-17779.768802838666,-5.660554126059424
26754891,62047.946151565455,10000.0,12,5170.662179297121,0.0,0.0,0.0,0.17500795319620843,0.0,0.0,0.0,0.0,0.8249920468037916,0.0,0.0,0.0,0.0,-62047.946151565455,0.0
26756467,53066.245986358,4886.416117873404,20,2653.3122993179,0.0,0.0,0.09009157846886369,0.0,0.0,0.0,0.0,0.0,0.4733360696216452,0.0,0.199664857836882,0.23690749407260908,0.0,-53066.245986358,0.0
26766462,7147.161080674702,4370.611664029021,2,3573.580540337351,0.0,0.0,0.0,0.0,0.0,0.0,0.0,0.0,0.0,0.0,0.6115171625062114,0.3884828374937886,0.0,-7147.161080674702,0.0
26784940,24173.9699250534,8136.72823178608,6,4028.9949875088996,0.0,0.0,0.0,0.0,0.31453589565727674,0.0,0.0,0.0,0.5587830222578742,0.0,0.0,0.12668108208484896,0.0,-24173.9699250534,0.0
26800054,13406.284274466612,4523.827356050589,4,3351.571068616653,1625.9810048591778,0.0,0.0,0.0,0.0,0.0,0.0,0.0,0.42133494599513616,0.0,0.24122424912303722,0.0,0.33744080488182665,-11780.303269607435,-7.245043597927946
26821669,12390.772260558473,4787.859769895495,4,3097.6930651396183,0.0,0.0,0.0,0.0,0.0,0.0,0.0,0.0,0.6135947244276364,0.0,0.0,0.38640527557236365,0.0,-12390.772260558473,0.0
26872015,76992.74130467883,6450.468460060824,24,3208.030887694951,0.0,0.0,0.0,0.0,0.0,0.0,0.0,0.0,0.4280686761278326,0.0,0.22792332207895433,0.344008001793213,0.0,-76992.74130467883,0.0
26934231,22572.204892821916,5043.158509797268,8,2821.5256116027394,0.0,0.0,0.0,0.0,0.11859122937361818,0.0,0.0,0.0,0.6763140744859568,0.0,0.0,0.20509469614042494,0.0,-22572.204892821916,0.0
26949493,25718.27983150508,4532.623038900964,10,2571.827983150508,0.0,0.0,0.0,0.0,0.0,0.0,0.0,0.0,0.5490828639519888,0.0,0.0,0.4509171360480112,0.0,-25718.27983150508,0.0
27070096,7758.44111263538,5964.736203251272,2,3879.22055631769,0.0,0.0,0.0,0.0,0.0,0.0,0.0,0.0,0.23119398386138212,0.0,0.0,0.0,0.7688060161386179,-7758.44111263538,0.0
27122473,126965.44708900088,7155.673034778342,27,4702.423966259292,3030.3391965684104,0.0,0.04676199257222998,0.03784785272054165,0.0386045679509289,0.03433483357450332,0.0,0.0,0.7600409724642482,0.0,0.0,0.08240978071754801,0.0,-123935.10789243247,-40.89809749112507
27125039,13421.704906690544,6736.3267015701695,2,6710.852453345272,0.0,0.0,0.0,0.0,0.0,0.0,0.0,0.0,0.0,0.0,0.0,1.0,0.0,-13421.704906690544,0.0
27186647,17724.34363860072,5589.086480944095,8,2215.54295482509,2963.442345978785,0.0,0.0,0.0,0.0,0.0,0.0,0.0,0.17243816894603547,0.0,0.0,0.8275618310539644,0.0,-14760.901292621935,-4.980998301739057
27215309,34257.93325413711,6902.243101879692,8,4282.241656767139,0.0,0.0,0.0,0.0,0.0,0.0,0.0,0.0,0.48790850738279495,0.0,0.0,0.36164853139762726,0.15044296121957784,-34257.93325413711,0.0
27269962,18230.431015796115,4883.845898583829,7,2604.3472879708734,0.0,0.0,0.0,0.0,0.2678952513164458,0.0,0.0,0.0,0.4745344699941798,0.0,0.0,0.2575702786893743,0.0,-18230.431015796115,0.0
27294349,20693.721051671157,3745.794398814053,7,2956.245864524451,0.0,0.0,0.0,0.0,0.0,0.0,0.0,0.0,0.7685660100463713,0.0,0.0,0.05042283253728025,0.18101115741634852,-20693.721051671157,0.0
27382937,28532.820175346074,6444.272225450877,8,3566.6025219182593,0.0,0.0,0.1332046588159388,0.0,0.0,0.0,0.0,0.0,0.5689181721078005,0.0,0.0,0.29787716907626066,0.0,-28532.820175346074,0.0
27417090,12446.875840952678,2703.9641952611764,7,1778.125120136097,16497.978642661896,0.0,0.0,0.0,0.0,0.0,0.0,0.10558228997485276,0.21986584573992302,0.0,0.0,0.6745518642852242,0.0,4051.1028017092167,0.24555146357345414
27425218,140943.12035948766,10000.0,33,4271.003647257202,6043.669540291095,0.0,0.0,0.008328478742765261,0.0,0.04140478111967504,0.0,0.0,0.7942089161601178,0.0,0.0,0.15605782397744195,0.0,-134899.4508191966,-22.3207853969956
27453163,13886.4529531059,3956.927445749474,5,2777.2905906211804,519.1727337333132,0.0,0.2849487525080659,0.0,0.12322900115249744,0.0,0.0,0.0,0.3767731976903605,0.0,0.0,0.2150490486490761,0.0,-13367.280219372587,-25.747269359178336
27500159,5038.0573233511295,2712.927539494924,2,2519.0286616755648,0.0,0.0,0.0,0.0,0.0,0.0,0.0,0.0,0.5384868343836916,0.0,0.0,0.4615131656163085,0.0,-5038.0573233511295,0.0
27501336,7180.116927794556,4502.13431050956,2,3590.058463897278,0.0,0.0,0.0,0.0,0.6270279935249515,0.0,0.0,0.0,0.0,0.0,0.0,0.37297200647504847,0.0,-7180.116927794556,0.0
27502704,14322.842890826334,6646.33065452681,5,2864.5685781652664,0.0,0.0,0.0,0.0,0.0,0.0,0.0,0.0,0.7739723261071569,0.0,0.0,0.226027673892843,0.0,-14322.842890826334,0.0
27504557,5046.820967369646,3127.6128301779772,2,2523.410483684823,0.0,0.0,0.0,0.0,0.0,0.0,0.0,0.0,1.0,0.0,0.0,0.0,0.0,-5046.820967369646,0.0
27520768,24823.304976805648,5968.098078958705,8,3102.913122100706,3101.696158306559,0.0,0.0,0.0,0.0,0.0,0.0,0.0,0.7927901914322457,0.0,0.0,0.2072098085677543,0.0,-21721.608818499088,-7.00313883432041
27542987,14075.796634176593,8215.63331019964,5,2815.1593268353186,6188.018486740663,0.0,0.0,0.18828230600554524,0.0,0.5836709298748859,0.0,0.0,0.14666088946281455,0.0,0.0,0.08138587465675431,0.0,-7887.778147435929,-1.2746856145206118
27592881,10268.566883821628,5556.831180317502,5,2053.713376764326,0.0,0.0,0.0,0.0,0.0,0.0,0.0,0.0,0.7743892340535335,0.0,0.0,0.22561076594646642,0.0,-10268.566883821628,0.0
27599059,20120.48829928169,6538.157965893725,9,2235.6098110312987,2795.358343389723,0.023896621794851858,0.0,0.0,0.0,0.0,0.0,0.0,0.75659956486368,0.0,0.07908467111583936,0.14041914222562887,0.0,-17325.129955891967,-6.1978207541302455
27624022,10443.609408542572,4862.371598427814,3,3481.2031361808577,2056.266679041818,0.0,0.0,0.0,0.46558344038130467,0.0,0.0,0.0,0.22840682430227366,0.0,0.0,0.0,0.3060097353164215,-8387.342729500755,-4.0789177858044665
27646123,1863.6845628705548,1863.6845628705548,1,1863.6845628705548,812.269107504139,0.0,0.0,0.0,0.0,0.0,0.0,0.0,1.0,0.0,0.0,0.0,0.0,-1051.4154553664157,-1.2944176328422758
27697154,39366.56936549242,6046.051279824898,9,4374.06326283249,0.0,0.0653251705829723,0.0,0.0,0.0,0.0,0.0,0.29197278871177945,0.2132104813018976,0.0,0.0,0.4294915594033507,0.0,-39366.56936549242,0.0
27710933,109984.02264297885,7719.328648068798,26,4230.154717037648,3682.0541431032293,0.0,0.013492038383577105,0.0,0.0,0.0,0.0,0.0,0.8708084398227481,0.0,0.0,0.11569952179367464,0.0,-106301.96849987561,-28.870289346230116
27714436,9812.149776006603,5556.761686863477,2,4906.074888003302,0.0,0.0,0.0,0.0,0.0,0.0,0.0,0.0,1.0,0.0,0.0,0.0,0.0,-9812.149776006603,0.0
27717194,1994.299972271845,1044.2537292531022,2,997.1499861359225,0.0,0.0,0.0,0.0,0.0,0.0,0.0,0.0,1.0,0.0,0.0,0.0,0.0,-1994.299972271845,0.0
27724689,13058.863516599353,3555.6887043366983,6,2176.4772527665586,382.6229430306194,0.0,0.0,0.0,0.0,0.0,0.0,0.0,0.8603366433421546,0.0,0.0,0.08569484264016765,0.053968514017677785,-12676.240573568733,-33.12984964561918
27736789,57044.41446687254,6108.966146717832,25,2281.7765786749014,0.0,0.0,0.0,0.047803194035379075,0.0,0.009312648192755868,0.0,0.0,0.5784950216134507,0.0,0.0,0.36438913615841434,0.0,-57044.41446687254,0.0
27762517,9209.671512454395,7470.89722728377,2,4604.835756227198,0.0,0.0,0.0,0.0,0.0,0.0,0.0,0.0,0.0,0.0,0.0,1.0,0.0,-9209.671512454395,0.0
27767836,32883.751321166375,5728.129596733611,10,3288.375132116637,0.0,0.0,0.11858564353510472,0.0,0.052940013494780724,0.0,0.0,0.17419331331114193,0.34254827687696804,0.0,0.0,0.31173275278200446,0.0,-32883.751321166375,0.0
27806484,40014.28622945321,5665.79063286033,19,2106.015064708064,12035.82431010457,0.0,0.099781552383423,0.0,0.11919472594248608,0.0,0.0,0.0,0.3011872123937199,0.0,0.0,0.43176344892147156,0.04807306035889963,-27978.461919348643,-2.324598731128002
27814538,6095.353950341682,4043.3816791544837,2,3047.676975170841,0.0,0.0,0.33664530196350156,0.0,0.0,0.0,0.0,0.0,0.6633546980364984,0.0,0.0,0.0,0.0,-6095.353950341682,0.0
27815404,13863.219322943887,3500.3052591960363,11,1260.2926657221715,0.0,0.0,0.0,0.0,0.010757793816398763,0.0,0.0,0.0,0.5318450303630152,0.0,0.0,0.4181788872565656,0.03921828856402043,-13863.219322943887,0.0
27818421,40991.02753044035,7901.59454317757,9,4554.558614493372,3873.5040464699937,0.0,0.0,0.1510144984350795,0.0,0.0,0.0,0.0,0.647488051513892,0.0,0.14200975661087928,0.05948769344014932,0.0,-37117.523483970355,-9.582415053314927
27822337,163.57475058924558,163.57475058924558,1,163.57475058924558,11829.178562324852,0.0,0.0,0.0,0.0,0.0,0.0,1.0,0.0,0.0,0.0,0.0,0.0,11665.603811735606,0.9861719265012855
27842686,14356.386221097328,4463.596138619381,8,1794.548277637166,16075.028046452857,0.0,0.0,0.0,0.0,0.0,0.0,0.0,0.4182245080190546,0.0,0.0,0.5817754919809455,0.0,1718.6418253555296,0.10691376838591382
27848985,7980.902259151529,4885.447506894581,4,1995.2255647878821,0.0,0.0,0.0,0.0,0.0,0.07958884143173058,0.0,0.0,0.6939559638815728,0.0,0.0,0.22645519468669661,0.0,-7980.902259151529,0.0
27915202,31762.384822599175,5135.666090869577,9,3529.153869177686,1965.8669396948528,0.19331273574787353,0.0,0.0,0.313004749233989,0.0,0.0,0.10267855667446649,0.14350982827697334,0.0,0.0,0.2474941300666976,0.0,-29796.51788290432,-15.156935233637643
27950456,39543.61949551388,6902.8567708017545,11,3594.874499592171,2398.6362177122232,0.0,0.0,0.0,0.0,0.0,0.0,0.0,0.4726756216058731,0.0,0.06602042203762662,0.33473953619486047,0.12656442016163985,-37144.98327780166,-15.485876100557627
27973404,24039.32053248292,4477.61572913759,9,2671.0356147203247,0.0,0.0,0.0,0.0,0.0,0.0,0.0,0.0,0.49925758061434444,0.0,0.0,0.5007424193856556,0.0,-24039.32053248292,0.0
27992802,24193.51741353184,4627.7202305371575,12,2016.1264511276534,588.3995520971675,0.010092245238108722,0.0,0.0,0.04227046368934952,0.0,0.0,0.0848671774373195,0.39978011352575266,0.0,0.0,0.46299000010946967,0.0,-23605.11786143467,-40.117498011855304
28014523,24223.924963385976,4058.920473621539,8,3027.990620423247,1920.96791924166,0.0,0.0,0.0,0.0,0.11374245991706966,0.16007037195190776,0.0,0.45753386992958395,0.16755833250625254,0.0,0.0,0.10109496569518608,-22302.957044144314,-11.610270437493224
28057122,20608.967768266877,4511.366137416349,8,2576.1209710333596,498.6568994824858,0.0,0.0,0.21890306143148164,0.0,0.0,0.0,0.03631010571873417,0.21378145639256466,0.0,0.0,0.5310053764572196,0.0,-20110.31086878439,-40.328953413971
28081088,35879.69677599634,5487.27619008796,16,2242.481048499771,1041.410209135864,0.0,0.0,0.059022213133418204,0.0,0.0,0.0,0.0,0.2657039789922829,0.04081250854116364,0.15311852568325784,0.4432416060879217,0.03810116756195567,-34838.28656686047,-33.452991204847514
28114778,3249.6937598371146,2910.931465201977,2,1624.8468799185573,17131.897931548807,0.0,0.0,0.0,0.0,0.0,0.0,0.0,1.0,0.0,0.0,0.0,0.0,13882.204171711692,0.8103132663513758
28116656,75832.60907855272,6636.410355843641,23,3297.0699599370746,889.4444382591975,0.0,0.0,0.0,0.0,0.0,0.0,0.0,0.7887661032708374,0.0,0.0,0.13232540823407618,0.07890848849508633,-74943.16464029351,-84.25839930706718
28149683,17531.195159099017,4052.089550351001,8,2191.399394887377,5246.191878407367,0.0,0.0,0.0,0.09060457497513927,0.08847162578548491,0.0,0.0,0.5092603365274172,0.0,0.16979778769267942,0.14186567501927919,0.0,-12285.003280691652,-2.3416991916088894
28165467,38747.867897619384,5824.691296513986,10,3874.786789761939,566.8496196487898,0.0,0.0,0.0,0.08386727043825999,0.0,0.0,0.10199098853679472,0.2235406725686754,0.0,0.13981794267451855,0.30046024061283994,0.15032288516891137,-38181.018277970594,-67.35652094399727
28195463,48878.7035592537,4643.672563925211,21,2327.5573123454146,0.0,0.0,0.03995998536496713,0.0,0.0,0.0,0.0,0.05610020821627481,0.5337767380365714,0.0,0.11826208731153036,0.2519009810706563,0.0,-48878.7035592537,0.0
28217354,21408.074105188087,4733.2236138594935,8,2676.009263148511,23049.853842222758,0.0,0.0,0.0,0.4020599077064158,0.0,0.0,0.026061266279528095,0.5637225270121669,0.0,0.0,0.008156299001889343,0.0,1641.7797370346675,0.07122733828477702
28234142,32782.52386624096,5291.051739148371,9,3642.5026518045515,0.0,0.0,0.0,0.0,0.0,0.0,0.0,0.0,0.7708163066377209,0.0,0.0,0.2291836933622789,0.0,-32782.52386624096,0.0
28245161,10920.374016579059,6298.0687733534405,3,3640.1246721930197,0.0,0.0,0.0,0.0,0.0,0.0,0.0,0.5767264714369543,0.4232735285630457,0.0,0.0,0.0,0.0,-10920.374016579059,0.0
28278319,20888.04935558192,4868.292734709831,5,4177.609871116384,0.0,0.0,0.0,0.0,0.2330659341059473,0.0,0.0,0.0,0.23140033857346876,0.0,0.0,0.5355337273205839,0.0,-20888.04935558192,0.0
28291294,9708.73062546499,4483.599299370532,7,1386.9615179235702,1104.1285277175418,0.0,0.0,0.0,0.0,0.07193271243262232,0.0,0.03875487049526948,0.46181107215092754,0.2389839208522534,0.0,0.18851742406892735,0.0,-8604.602097747449,-7.793116364391844
28323089,6972.083329381603,3986.073761140348,3,2324.027776460535,582.8561205334826,0.0,0.0,0.0,0.0,0.0,0.0,0.0,0.22816528902639222,0.0,0.0,0.7718347109736078,0.0,-6389.227208848121,-10.961928654022065
28380604,17953.053052943822,6454.416338594143,6,2992.1755088239706,0.0,0.0,0.0,0.0,0.0,0.0,0.0,0.0,0.18911117768759872,0.0,0.4943063330257998,0.31658248928660143,0.0,-17953.053052943822,0.0
28393953,6805.30022920946,6805.30022920946,1,6805.30022920946,9731.850918473529,0.0,0.0,0.0,0.0,0.0,0.0,0.0,1.0,0.0,0.0,0.0,0.0,2926.550689264068,0.3007188163670623
28439240,31341.912538122284,4037.787879477114,14,2238.708038437306,3893.3528280030414,0.0,0.0,0.0,0.0,0.0,0.0,0.10217617637667431,0.6044512922160785,0.0,0.0,0.2933725314072473,0.0,-27448.55971011924,-7.050108459910122
28534528,38653.91877519467,6790.1339568126405,18,2147.4399319552595,12327.686507372238,0.0,0.08893063673049811,0.0,0.0,0.0,0.0,0.0,0.5164451692385348,0.0,0.0,0.3946241940309671,0.0,-26326.23226782243,-2.1355371303511603
28561191,5877.748202273527,3084.006558864232,2,2938.8741011367633,0.0,0.47530815327010256,0.0,0.0,0.0,0.0,0.0,0.0,0.0,0.0,0.0,0.5246918467298975,0.0,-5877.748202273527,0.0
28658214,15932.539165875103,5704.633719372402,4,3983.134791468776,0.0,0.0,0.0,0.0,0.0,0.0,0.0,0.0,0.6586720276212695,0.0,0.0,0.34132797237873047,0.0,-15932.539165875103,0.0
28692341,20157.443333503987,4545.797714004056,8,2519.6804166879983,0.0,0.0,0.0,0.0,0.0,0.0,0.0,0.0,0.5016955162471142,0.0,0.0,0.4983044837528858,0.0,-20157.443333503987,0.0
28698762,43045.284374518924,6478.544567935729,12,3587.1070312099105,1343.4701207754981,0.0,0.0,0.0,0.0,0.0,0.0,0.0,0.7439561948358067,0.0,0.13759807777087013,0.11844572739332324,0.0,-41701.814253743425,-31.04037343954599
28734454,2201.67071916032,2201.67071916032,1,2201.67071916032,1375.1981585839512,0.0,0.0,0.0,0.0,0.0,0.0,0.0,1.0,0.0,0.0,0.0,0.0,-826.472560576369,-0.600984342087392
28758947,22230.976539791725,5721.20381175025,8,2778.8720674739657,148.589706446979,0.0,0.0,0.0,0.0,0.0,0.0,0.0,0.3447104113052567,0.0,0.0,0.15537372013554324,0.4999158685592001,-22082.386833344746,-148.61316682945574
28759838,9621.887960425458,6050.31451729306,2,4810.943980212729,0.0,0.0,0.0,0.0,0.0,0.0,0.0,0.0,0.0,0.0,0.0,1.0,0.0,-9621.887960425458,0.0
28821368,40233.995663603826,6011.632757810227,15,2682.2663775735887,1433.9311955679245,0.0,0.06993283727045362,0.0,0.0,0.051263272082945587,0.0,0.0,0.5259120753422633,0.0,0.0,0.35289181530433755,0.0,-38800.064468035904,-27.058525951566807
28827773,10000.0,10000.0,1,10000.0,622.4371198086973,0.0,0.0,0.0,0.0,0.0,0.0,0.0,1.0,0.0,0.0,0.0,0.0,-9377.562880191303,-15.065879880482457
28865938,80605.48809704033,7454.472911648712,20,4030.274404852017,3740.6221159148995,0.0486128483148042,0.07179965532522176,0.0,0.0,0.0,0.0,0.0,0.49871740657440594,0.0,0.0,0.38087008978556813,0.0,-76864.86598112543,-20.54868511152067
28899871,9906.726661871999,4687.955796378033,3,3302.2422206239994,0.0,0.0,0.0,0.0,0.0,0.0,0.0,0.0,1.0,0.0,0.0,0.0,0.0,-9906.726661871999,0.0
28954536,2782.187912819604,2685.649984971697,2,1391.093956409802,0.0,0.0,0.0,0.0,0.0,0.03469856489674397,0.0,0.0,0.0,0.0,0.0,0.9653014351032561,0.0,-2782.187912819604,0.0
29032510,14398.872015518455,6270.983591418844,7,2056.981716502636,7579.485457528352,0.0,0.0,0.0,0.0,0.0,0.0,0.0,0.45310704852943157,0.0,0.0,0.5468929514705685,0.0,-6819.386557990104,-0.8997162929070236
29102649,4432.057617285469,4432.057617285469,1,4432.057617285469,5810.950605609142,0.0,0.0,0.0,0.0,0.0,0.0,0.0,1.0,0.0,0.0,0.0,0.0,1378.892988323673,0.23729215440115214
29159392,5174.372264647559,5174.372264647559,1,5174.372264647559,1541.9011251013033,0.0,0.0,0.0,0.0,0.0,0.0,0.0,0.0,0.0,0.0,1.0,0.0,-3632.4711395462555,-2.355839217192089
29185835,4005.3769833993133,2814.96100652943,2,2002.6884916996567,0.0,0.0,0.0,0.0,0.0,0.0,0.0,0.0,1.0,0.0,0.0,0.0,0.0,-4005.3769833993133,0.0
29250236,29477.621364601942,6441.742753226173,9,3275.291262733549,1616.9346637671804,0.0,0.0,0.0,0.0,0.0,0.0,0.0,0.7480139178576328,0.0,0.0,0.2519860821423672,0.0,-27860.68670083476,-17.230558120341204
29254326,1603.225914497224,1603.225914497224,1,1603.225914497224,56.697183704965504,0.0,0.0,0.0,0.0,0.0,0.0,0.0,0.0,0.0,0.0,1.0,0.0,-1546.5287307922586,-27.27699384223232
29262953,17813.155521048928,10000.0,4,4453.288880262232,0.0,0.0,0.5613828492196957,0.0,0.0,0.0,0.0,0.0,0.0,0.0,0.0,0.4386171507803044,0.0,-17813.155521048928,0.0
29277299,23447.33559724513,5941.744206653549,6,3907.8892662075223,0.0,0.0,0.25340807624008477,0.0,0.0,0.0,0.0,0.0,0.12969477472853067,0.0,0.212382856853568,0.26281904461159705,0.14169524756621946,-23447.33559724513,0.0
29282701,73461.71509160408,5137.689885055917,22,3339.168867800186,1479.9302203470277,0.22859518225075323,0.0,0.0,0.13323510879666792,0.0,0.0,0.04592028701637745,0.17521405755872949,0.0,0.053902648474671584,0.10589209973415455,0.2572406161686457,-71981.78487125706,-48.638634363705414
29294979,9950.685390526218,5261.770472135981,3,3316.895130175406,0.0,0.5287847284515268,0.0,0.0,0.0,0.0,0.0,0.0,0.15788531455411758,0.0,0.0,0.31332995699435556,0.0,-9950.685390526218,0.0
29328171,51270.826373978256,5708.438680972896,18,2848.3792429987916,3127.1844392098196,0.0120481524311716,0.0,0.027882503025703546,0.09792768175927546,0.06879597881107977,0.0,0.013193061440698733,0.5512018066726001,0.0,0.0,0.2289508158594708,0.0,-48143.641934768435,-15.395203855303595
29383317,5821.303982378462,4659.2447029764135,2,2910.651991189231,0.0,0.0,0.0,0.0,0.0,0.0,0.0,0.8003781828058297,0.1996218171941703,0.0,0.0,0.0,0.0,-5821.303982378462,0.0
29391887,883.8804151523957,646.8711628604796,2,441.94020757619785,0.0,0.2681462879240874,0.0,0.0,0.0,0.0,0.0,0.0,0.0,0.0,0.0,0.7318537120759127,0.0,-883.8804151523957,0.0
29415641,12211.90870135971,5887.52454426586,4,3052.9771753399277,0.0,0.0,0.0,0.0,0.0,0.0,0.0,0.0,0.5814287051479439,0.0,0.3695440481554015,0.049027246696654675,0.0,-12211.90870135971,0.0
29460287,11733.236074912547,7721.362576932886,3,3911.0786916375155,612.3430749739067,0.0,0.0,0.6580761290094845,0.0,0.0,0.0,0.0,0.029994679251467714,0.0,0.0,0.3119291917390478,0.0,-11120.89299993864,-18.161212977565764
29515115,36749.62834018569,7489.328460624739,6,6124.938056697616,0.0,0.0,0.0,0.0,0.0,0.0,0.11867426820644926,0.0,0.7616906396260148,0.0,0.0,0.11963509216753604,0.0,-36749.62834018569,0.0
29532097,3434.935523637601,3434.935523637601,1,3434.935523637601,3707.550549723568,0.0,0.0,1.0,0.0,0.0,0.0,0.0,0.0,0.0,0.0,0.0,0.0,272.61502608596675,0.07352968555109592
29543458,12215.001847597843,4282.805924100764,5,2443.0003695195687,0.0,0.0,0.0,0.0,0.0,0.0,0.0,0.0,0.6132788689584774,0.0,0.0,0.38672113104152267,0.0,-12215.001847597843,0.0
29592039,23492.33536745836,4886.206471165937,9,2610.2594852731513,23.7102422142148,0.0,0.0,0.0,0.34424997680891295,0.0,0.0,0.0,0.23769334206248036,0.0,0.06733988187102853,0.3507167992575782,0.0,-23468.625125244143,-989.8095900165118
29597289,20917.56486135707,6774.774363750078,10,2091.756486135707,4985.374475652612,0.0,0.0,0.12013971776759105,0.0,0.0,0.0,0.0,0.7866351464398642,0.0,0.0,0.09322513579254463,0.0,-15932.190385704458,-3.1957860865845693
29653279,7574.396692967067,3535.3872126554966,3,2524.798897655689,0.0,0.46675495831082525,0.0,0.0,0.0,0.0,0.0,0.0,0.2833555017251263,0.0,0.0,0.24988953996404836,0.0,-7574.396692967067,0.0
29725028,2620.590629938837,2620.590629938837,1,2620.590629938837,5925.823533566786,0.0,0.0,0.0,0.0,0.0,0.0,0.0,0.0,0.0,0.0,0.0,1.0,3305.2329036279484,0.5577676899937165
29730432,23557.7490323907,7438.538824483166,6,3926.2915053984498,0.0,0.0,0.0,0.0,0.3834039529038821,0.0,0.0,0.0,0.5255804310013699,0.0,0.0,0.09101561609474809,0.0,-23557.7490323907,0.0
29732518,25863.332379526426,4816.568330425456,8,3232.9165474408032,0.0,0.0,0.061888528147711,0.0,0.0,0.0,0.0,0.0,0.4951944516123543,0.0,0.0,0.4429170202399347,0.0,-25863.332379526426,0.0
29734150,11974.136034468267,4296.253275329508,4,2993.534008617067,0.0,0.0,0.2500647590343515,0.0,0.0,0.0,0.0,0.0,0.4371606409082786,0.0,0.0,0.3127746000573698,0.0,-11974.136034468267,0.0
29938508,18564.674662951966,5543.3152186730185,5,3712.934932590393,0.0,0.0,0.0,0.0,0.20040977068607585,0.0,0.0,0.0,0.24214275683171022,0.0,0.0,0.5574474724822139,0.0,-18564.674662951966,0.0
29943854,27797.52115651016,10000.0,10,2779.752115651016,0.0,0.0,0.0,0.0,0.0,0.0,0.0,0.0,0.7004512509526694,0.0,0.0,0.18703550383542938,0.11251324521190123,-27797.52115651016,0.0
30069793,18944.274563431896,4484.31152677143,5,3788.8549126863795,0.0,0.0,0.0,0.0,0.0,0.0,0.0,0.0,0.6223653150890314,0.0,0.14349923965382974,0.23413544525713884,0.0,-18944.274563431896,0.0
30150801,6076.686934800102,3660.255754096457,3,2025.562311600034,5402.584847371374,0.0,0.0,0.0,0.0,0.0,0.0,0.39765602648791637,0.6023439735120836,0.0,0.0,0.0,0.0,-674.1020874287278,-0.12477399364800572
30153714,47697.20104360058,6451.778445609174,16,2981.0750652250363,0.0,0.0,0.12501653815260885,0.0,0.0,0.0,0.0,0.0,0.48367803811869664,0.0,0.09174056258907615,0.2995648611396183,0.0,-47697.20104360058,0.0
30166973,11440.88696440023,5961.694623043871,5,2288.1773928800458,1571.8230487523704,0.0,0.0,0.0,0.15053491564972604,0.0,0.0,0.0,0.6861894428158781,0.0,0.0,0.16327564153439572,0.0,-9869.063915647861,-6.278737243025796
30193533,3685.5076325613254,2986.6085556442686,2,1842.7538162806627,0.0,0.0,0.0,0.0,0.0,0.0,0.0,0.0,0.8103655868889516,0.0,0.0,0.18963441311104845,0.0,-3685.5076325613254,0.0
30240110,36638.62024248199,5848.418644561084,9,4070.9578047202212,1725.5304466795171,0.0,0.0,0.0,0.5418520491190378,0.0,0.0,0.0,0.29485407241051265,0.0,0.0,0.16329387847044957,0.0,-34913.08979580248,-20.233250513189518
30261073,17056.02756520591,7121.737898452747,3,5685.342521735303,0.0,0.0,0.0,0.0,0.0,0.0,0.0,0.0,1.0,0.0,0.0,0.0,0.0,-17056.02756520591,0.0
30307857,22898.657153025495,5955.117220414183,7,3271.2367361464994,3113.4693022763386,0.0,0.0,0.0,0.0,0.0,0.0,0.0,1.0,0.0,0.0,0.0,0.0,-19785.187850749156,-6.354707861189989
30349569,13677.282796122621,4862.906187731473,3,4559.094265374207,0.0,0.0,0.0,0.0,0.0,0.0,0.0,0.0,0.3555462192468566,0.0,0.0,0.6444537807531434,0.0,-13677.282796122621,0.0
30352367,30075.95317927919,5708.247657510906,10,3007.595317927919,0.0,0.0,0.0,0.0,0.0,0.0,0.0,0.0,0.8565277888947233,0.0,0.0,0.1434722111052767,0.0,-30075.95317927919,0.0
30385992,87304.54061210871,7095.936238513571,27,3233.5015041521747,601.8913776345307,0.0,0.0,0.0,0.0,0.030862931249469542,0.0,0.0,0.6343420753125837,0.0,0.0,0.3347949934379469,0.0,-86702.64923447419,-144.05032611568686
30413430,27130.22292970753,4588.772086028438,8,3391.277866213441,0.0,0.0,0.0,0.0,0.0,0.0,0.0,0.0,0.38171397016868824,0.0,0.0,0.2815923224815388,0.3366937073497729,-27130.22292970753,0.0
30432899,6016.001586882209,3169.7602523301434,2,3008.0007934411046,0.0,0.0,0.0,0.0,0.5268882008345465,0.0,0.0,0.0,0.47311179916545365,0.0,0.0,0.0,0.0,-6016.001586882209,0.0
30435648,8020.680012815703,3475.6381290270174,3,2673.5600042719007,0.0,0.0,0.0,0.0,0.0,0.26609409245863935,0.0,0.0,0.43333459550481135,0.0,0.0,0.3005713120365492,0.0,-8020.680012815703,0.0
30457900,130360.80100946117,4314.74376465832,51,2556.094137440415,5156.319307258974,0.0,0.03951457067273384,0.0,0.0,0.007894774485586268,0.0,0.009525580941582115,0.3702713952707231,0.0,0.019549621044309472,0.43507106062979206,0.11817299695527302,-125204.4817022022,-24.281754918851046
30470541,1926.6363606113696,1662.2970610380673,2,963.3181803056848,0.0,0.0,0.0,0.0,0.13720248666407436,0.0,0.0,0.0,0.8627975133359256,0.0,0.0,0.0,0.0,-1926.6363606113696,0.0
30483991,10799.19247145268,5552.528450111616,3,3599.7308238175597,0.0,0.0,0.0,0.0,0.0,0.0,0.0,0.0,0.51416144908886,0.0,0.0,0.4858385509111401,0.0,-10799.19247145268,0.0
30516385,10584.223640911656,3350.59369235011,4,2646.055910227914,0.0,0.0,0.0,0.0,0.0,0.0,0.0,0.0,0.463092857892743,0.0,0.0,0.536907142107257,0.0,-10584.223640911656,0.0
30525531,547.3640719985108,547.3640719985108,1,547.3640719985108,1608.7930759920073,0.0,0.0,0.0,0.0,0.0,0.0,0.0,0.0,0.0,0.0,1.0,0.0,1061.4290039934965,0.6597672626972257
30547433,11376.585588424381,5847.593828226555,3,3792.19519614146,0.0,0.0,0.0,0.0,0.0,0.0,0.0,0.0,0.4859974653400004,0.0,0.0,0.5140025346599997,0.0,-11376.585588424381,0.0
30581987,1871.9636272674386,1871.9636272674386,1,1871.9636272674386,409.8486777093852,0.0,0.0,0.0,0.0,0.0,0.0,0.0,1.0,0.0,0.0,0.0,0.0,-1462.1149495580535,-3.5674506935821015
30693227,32177.68900059354,4847.355143867698,16,2011.1055625370961,1370.9789843755952,0.0,0.0,0.0,0.0,0.0,0.0,0.09754153645011211,0.36697700661969207,0.0,0.0,0.535481456930196,0.0,-30806.71001621794,-22.47059245058281
30720050,6699.284145838606,1929.5588260050147,5,1339.8568291677211,994.1101380379263,0.0,0.0,0.0,0.0,0.0,0.0,0.0,0.7119753716964522,0.0,0.0,0.2880246283035478,0.0,-5705.17400780068,-5.738975782966033
30747925,29043.68302643017,6078.661249528859,7,4149.0975752043105,3370.82268820737,0.46050458513255793,0.07846327904839899,0.0,0.0,0.0,0.0,0.0,0.0,0.0,0.0,0.461032135819043,0.0,-25672.860338222803,-7.616200172153176
30767837,58476.47194675361,6626.267476637428,13,4498.190149750278,0.0,0.0,0.0,0.0,0.08102563884434057,0.0,0.0,0.0,0.5922239716973654,0.0,0.07567870072247393,0.2510716887358202,0.0,-58476.47194675361,0.0
30785827,9058.056166716844,3326.8388787994604,3,3019.352055572281,0.0,0.0,0.0,0.0,0.0,0.0,0.0,0.0,0.3672795594957429,0.0,0.0,0.632720440504257,0.0,-9058.056166716844,0.0
30843353,25605.52570923172,5407.138110211498,8,3200.690713653965,0.0,0.4185774542598009,0.44526926879320783,0.0,0.0,0.0,0.0,0.0,0.048348232982956964,0.06066436817942919,0.0,0.027140675784605092,0.0,-25605.52570923172,0.0
30902145,10770.468116845146,5662.349378213308,4,2692.6170292112865,0.0,0.5257291806432558,0.0,0.0,0.0,0.0,0.0,0.0,0.056518005117932875,0.0,0.0,0.4177528142388114,0.0,-10770.468116845146,0.0
30910173,57072.470899678614,5702.2807295428465,16,3567.0294312299134,121.3201756735976,0.0515197107822097,0.0,0.0,0.3446549585509494,0.0,0.0,0.020171506307877514,0.27639184589206744,0.0,0.188135876803883,0.11912610166301281,0.0,-56951.15072400502,-469.42852174256336
30986201,6792.350956602304,6792.350956602304,1,6792.350956602304,1834.6573203598755,1.0,0.0,0.0,0.0,0.0,0.0,0.0,0.0,0.0,0.0,0.0,0.0,-4957.6936362424285,-2.7022450357486685
30989894,67523.41775811331,5606.736038639797,20,3376.1708879056655,1675.1919932442431,0.08303394918078057,0.0,0.11879251982879505,0.44024096262046764,0.0,0.0,0.0,0.24990887199237585,0.0,0.0,0.07679890798858649,0.031224788388994285,-65848.22576486907,-39.307868011800124
31056442,4170.188431833246,2414.7960181611757,2,2085.094215916623,0.0,0.0,0.0,0.0,0.0,0.0,0.0,0.0,0.5790616077987664,0.0,0.0,0.4209383922012335,0.0,-4170.188431833246,0.0
31063549,12959.741767244024,7691.280064448441,3,4319.913922414675,4303.725705695923,0.0,0.0,0.0,0.0,0.0,0.0,0.0,1.0,0.0,0.0,0.0,0.0,-8656.016061548102,-2.011284327458876
31075877,21501.105302372238,5819.914133340479,6,3583.517550395373,0.0,0.0,0.0,0.0,0.0,0.0,0.0,0.0,0.3080655476788022,0.0,0.0,0.4156288475398001,0.2763056047813977,-21501.105302372238,0.0
31086345,48883.164985209034,4885.610474825824,18,2715.7313880671686,3466.9127487108826,0.0722970821447573,0.0,0.0,0.0,0.0,0.0,0.06053711418095063,0.6949716419281247,0.0,0.07383898140624519,0.09835518033992212,0.0,-45416.252236498156,-13.099912091351442
31091650,4650.804653878701,4505.088799270537,2,2325.4023269393506,0.0,0.0,0.0,0.0,0.0,0.0,0.0,0.0,0.9686686787658045,0.0,0.0,0.0313313212341955,0.0,-4650.804653878701,0.0
31100426,3347.3771384968736,3347.3771384968736,1,3347.3771384968736,14412.0881593426,0.0,0.0,0.0,0.0,0.0,0.0,0.0,1.0,0.0,0.0,0.0,0.0,11064.711020845725,0.7677382276955511
31127837,17892.61432410045,10000.0,3,5964.20477470015,0.0,0.0,0.0,0.0,0.0,0.0,0.0,0.0,0.5588898200600292,0.0,0.0,0.4411101799399708,0.0,-17892.61432410045,0.0
31129596,5980.024016187722,4656.485367536632,2,2990.012008093861,0.0,0.0,0.0,0.0,0.0,0.0,0.0,0.0,0.7786733556473494,0.0,0.0,0.0,0.2213266443526506,-5980.024016187722,0.0
31158577,11387.098475600456,4510.464684062737,3,3795.699491866819,0.0,0.0,0.0,0.0,0.0,0.0,0.0,0.0,0.38849899991034403,0.0,0.0,0.6115010000896559,0.0,-11387.098475600456,0.0
31164557,2507.4458913009694,1889.0218224913444,2,1253.7229456504847,0.0,0.0,0.0,0.0,0.0,0.0,0.0,0.0,0.2466350603836002,0.0,0.0,0.7533649396163998,0.0,-2507.4458913009694,0.0
31189471,4933.710022398129,2851.6355409754037,2,2466.8550111990644,0.0,0.0,0.0,0.0,0.0,0.0,0.0,0.0,1.0,0.0,0.0,0.0,0.0,-4933.710022398129,0.0
31195570,65616.3471194073,10000.0,25,2624.653884776292,519.9047147953249,0.0,0.0368736667565669,0.0,0.09830254062213732,0.08927604350353087,0.0,0.0,0.4769702727586645,0.03859126888686104,0.0,0.25998620747223933,0.0,-65096.442404611975,-125.20840944910263
31203988,12730.457548818355,8131.134157421032,2,6365.228774409177,616.475146700849,0.0,0.0,0.0,0.0,0.0,0.0,0.0,1.0,0.0,0.0,0.0,0.0,-12113.982402117506,-19.65039866886303
31208240,72015.24355291785,7700.104805489595,28,2571.9729840327805,895.8886958339453,0.004943897448346073,0.08507096739644458,0.0,0.036390472690568394,0.0,0.0,0.0,0.52847717244298,0.0,0.0,0.34511749002166103,0.0,-71119.3548570839,-79.38414134233703
31261689,2665.4391263960306,1395.4283494875178,2,1332.7195631980153,650.6129742168138,0.0,0.0,0.0,0.0,0.0,0.0,0.0,0.4764733751866651,0.0,0.0,0.0,0.5235266248133349,-2014.826152179217,-3.096812132596338
31294694,18625.731827612584,5491.168755783833,7,2660.818832516083,4025.8521674533476,0.009391016353565398,0.0,0.0,0.18637181059351288,0.0,0.0,0.0,0.5118123642771932,0.0,0.0,0.2924248087757285,0.0,-14599.879660159235,-3.626531490199937
31305855,29066.32617245075,5828.3360429344675,8,3633.2907715563438,0.0,0.0,0.0,0.0,0.5599875783026997,0.0,0.0,0.0,0.22822333300880157,0.0,0.0,0.21178908868849866,0.0,-29066.32617245075,0.0
31313027,32527.12028378405,5820.346141910382,9,3614.1244759760057,0.0,0.0,0.0,0.0,0.12254925274979635,0.08405549649071518,0.0,0.0,0.08698551307670749,0.0,0.03624375526716705,0.670165982415614,0.0,-32527.12028378405,0.0
31390608,4108.775971141172,3005.1354726326576,2,2054.387985570586,0.0,0.0,0.0,0.0,0.0,0.0,0.0,0.0,0.26860566413456427,0.0,0.0,0.7313943358654357,0.0,-4108.775971141172,0.0
31393932,96702.43344593162,6783.249162612198,27,3581.5716091085787,1249.0905187894446,0.0275607387136566,0.045855694705332004,0.01370610028918486,0.019690378579181572,0.0,0.0,0.0,0.3789641678108901,0.08735307125943541,0.0,0.3252624096474173,0.10160743899490222,-95453.34292714218,-76.41827513001279
31408360,4384.155584544851,2244.777458856793,3,1461.3851948482838,3670.6688073750242,0.0,0.0,0.0,0.0,0.0,0.0,0.0,0.48797951724839655,0.0,0.0,0.5120204827516035,0.0,-713.4867771698272,-0.1943751437711585
31493574,15659.304590212458,6367.163152114817,3,5219.768196737486,0.0,0.0,0.0,0.0,0.0,0.29515306151382903,0.0,0.0,0.4066057413618794,0.0,0.0,0.29824119712429153,0.0,-15659.304590212458,0.0
31505525,28541.769201361036,5661.485010996186,9,3171.307689040115,768.4771047598808,0.0,0.12406317847093178,0.0,0.0,0.13981026060248575,0.0,0.0,0.12826404502056674,0.0,0.0,0.6078625159060157,0.0,-27773.29209660115,-36.140689064873605
31533764,9539.219494997453,3024.1923144539523,5,1907.8438989994904,0.0,0.0,0.0,0.0,0.0,0.0,0.0,0.0,0.683208684086829,0.0,0.0,0.31679131591317095,0.0,-9539.219494997453,0.0
31636313,8186.405338625269,2778.211715413155,7,1169.486476946467,3658.291183273453,0.0,0.0,0.0,0.0,0.0,0.0,0.0,0.6606310583834716,0.0,0.0,0.33936894161652836,0.0,-4528.1141553518155,-1.2377675610009922
31698298,39388.6431918695,7721.310214927362,11,3580.785744715409,0.0,0.0,0.0,0.0,0.08732841977683646,0.11678501272272124,0.0,0.0,0.5617203495341732,0.0,0.0,0.23416621796626916,0.0,-39388.6431918695,0.0
31713696,22423.498747758702,4863.286256897533,11,2038.4998861598822,0.0,0.0,0.0,0.15325168434597575,0.0,0.06977402911432605,0.0,0.0,0.7449027241322745,0.0,0.0,0.03207156240742356,0.0,-22423.498747758702,0.0
31730536,25576.128736649374,4147.021660693734,10,2557.6128736649375,0.0,0.0,0.0,0.0,0.0,0.09890929700401996,0.0,0.0,0.5197033343430931,0.0,0.0,0.3813873686528869,0.0,-25576.128736649374,0.0
31737100,261440.18322373636,5571.505876050981,158,1654.6847039476986,0.0,0.009823013827047476,0.0032906971258486527,0.0,0.0,0.02492454224544205,0.0,0.0,0.47042366311492,0.0,0.0,0.44656344354569266,0.04497464014104924,-261440.18322373636,0.0
31739267,14764.169661498905,5652.709907310388,6,2460.6949435831507,4105.553421961338,0.0,0.0,0.0,0.14558715738548944,0.0,0.0,0.0,0.4808875625555411,0.0,0.0,0.3735252800589695,0.0,-10658.616239537565,-2.596146035397499
31761271,29864.109917408095,5135.21522022619,10,2986.4109917408095,516.8493198288372,0.0,0.0,0.15807487545108417,0.1719527296955474,0.0,0.0,0.0,0.3719386877680343,0.0,0.0,0.29803370708533417,0.0,-29347.26059757926,-56.78107616993299
31812457,33886.399831054885,10000.0,17,1993.3176371208758,0.0,0.0,0.0,0.0,0.06615607728439105,0.29510364186978605,0.0,0.0,0.31050458679871856,0.0,0.07993957338985663,0.24829612065724765,0.0,-33886.399831054885,0.0
31866572,13695.351620926156,3892.403460210216,5,2739.070324185231,0.0,0.0,0.0,0.49943311026975623,0.0,0.06520863671757071,0.0,0.0,0.0,0.0,0.0,0.435358253012673,0.0,-13695.351620926156,0.0
31915692,164470.3509249585,10000.0,36,4568.620859026625,6575.248207684298,0.014118883912790463,0.0,0.0243318963439682,0.008462851934716987,0.0,0.0,0.0,0.863091619293639,0.0,0.03899123141856062,0.05100351709632473,0.0,-157895.1027172742,-24.01355777455623
31923170,4630.011808963686,4630.011808963686,1,4630.011808963686,106.1752146398432,0.0,0.0,0.0,0.0,0.0,0.0,0.0,1.0,0.0,0.0,0.0,0.0,-4523.836594323843,-42.60727524469004
32025756,2143.248890457655,2143.248890457655,1,2143.248890457655,1280.1776674897278,0.0,0.0,0.0,0.0,0.0,0.0,0.0,0.0,0.0,1.0,0.0,0.0,-863.0712229679272,-0.6741808148085449
32099068,2785.6467063916384,2562.437264205326,2,1392.8233531958192,521.7240855451652,0.0,0.0,0.0,0.0,0.0,0.0,0.0,0.08012841028051441,0.0,0.0,0.9198715897194857,0.0,-2263.9226208464734,-4.339310151803386
32165268,22730.832111396438,10000.0,6,3788.472018566073,0.0,0.0,0.07741373913471879,0.0,0.0,0.0,0.0,0.13099453291588395,0.4824433489474706,0.0,0.0,0.3091483790019266,0.0,-22730.832111396438,0.0
32179210,36632.97383895062,5768.647873607473,9,4070.3304265500683,0.0,0.0,0.0,0.0,0.0,0.0,0.0,0.0,0.1901765276660523,0.0,0.4429037138503204,0.3669197584836273,0.0,-36632.97383895062,0.0
32205163,662.4107593771677,501.61378624907024,2,331.20537968858383,0.0,0.0,0.0,0.0,0.0,0.0,0.0,0.0,0.24274511072146068,0.0,0.0,0.0,0.7572548892785393,-662.4107593771677,0.0
32222944,6952.30938486223,3070.3784400650534,4,1738.0773462155576,0.0,0.0,0.0,0.0,0.0,0.0,0.0,0.0,0.3714034833977558,0.0,0.0,0.6285965166022441,0.0,-6952.30938486223,0.0
32224374,17634.702672419764,6445.88014407168,6,2939.1171120699605,0.0,0.100423968305942,0.0,0.0,0.0,0.0,0.0,0.0,0.4476761803488246,0.0,0.0,0.26061549269318496,0.19128435865204838,-17634.702672419764,0.0
32240887,6065.7146547985785,4520.111785657664,2,3032.8573273992893,0.0,0.0,0.0,0.0,0.0,0.0,0.0,0.0,0.7451903102764338,0.0,0.0,0.2548096897235662,0.0,-6065.7146547985785,0.0
32250310,9257.201820636692,5407.522013783387,4,2314.300455159173,1043.7440198514867,0.0,0.0,0.0,0.0,0.0,0.0,0.0,0.05667393010390729,0.0,0.0,0.9433260698960928,0.0,-8213.457800785205,-7.869226213103372
32303577,5961.826730610475,3679.973355621789,2,2980.9133653052377,187.41337084218128,0.0,0.0,0.0,0.0,0.6172560059029037,0.0,0.0,0.3827439940970963,0.0,0.0,0.0,0.0,-5774.413359768294,-30.811106666614855
32312397,23553.913776403395,6018.340972134627,10,2355.3913776403397,9007.108670955358,0.0,0.0,0.0,0.020936613083191617,0.2627557509521505,0.0,0.0,0.010818679133302573,0.0,0.0,0.7054889568313554,0.0,-14546.805105448037,-1.6150360384077724
32325541,43054.12451014799,5135.92003411825,15,2870.274967343199,0.0,0.09041486899835573,0.0,0.0,0.0,0.11342064588263838,0.0,0.0,0.49594340900738587,0.0,0.0,0.30022107611161997,0.0,-43054.12451014799,0.0
32345549,17333.84162554483,3954.3834854021397,7,2476.2630893635464,0.0,0.0,0.0,0.0,0.0,0.10959134003417445,0.0,0.0,0.42057144425744436,0.0,0.0747436264588182,0.3950935892495629,0.0,-17333.84162554483,0.0
32384142,18393.402028408615,6083.241640379333,5,3678.680405681723,1184.0148388877526,0.0,0.23529595925642457,0.11892197105488489,0.0,0.0,0.0,0.0,0.6457820696886906,0.0,0.0,0.0,0.0,-17209.387189520865,-14.534773234503657
32385353,17195.281990693016,4951.499552302332,6,2865.880331782169,0.0,0.0,0.0,0.0,0.28795686834227796,0.374558438804708,0.0,0.0,0.13666607201889275,0.0,0.0731024355539788,0.12771618528014242,0.0,-17195.281990693016,0.0
32387008,14747.29497289273,7465.656865300705,3,4915.764990964243,0.0,0.0,0.0,0.0,0.0,0.0,0.0,0.0,0.17272203460531171,0.0,0.0,0.8272779653946882,0.0,-14747.29497289273,0.0
32406654,15130.060148333465,4512.942175162395,6,2521.676691388911,0.0,0.0,0.0,0.0,0.43151468024255996,0.0,0.0,0.010162041173270128,0.038220243056891014,0.0,0.0,0.29827655216952215,0.22182648335775676,-15130.060148333465,0.0
32446347,11898.203583957542,10000.0,2,5949.101791978771,1879.9204515888582,0.0,0.0,0.0,0.0,0.0,0.0,0.15953698981221895,0.840463010187781,0.0,0.0,0.0,0.0,-10018.283132368684,-5.329099496684288
32472153,8292.00518794604,3955.438835962592,3,2764.001729315347,3579.6450692447747,0.0,0.0,0.0,0.0,0.0,0.0,0.0,1.0,0.0,0.0,0.0,0.0,-4712.360118701266,-1.3164322237387265
32483111,10332.450506830171,4981.444759160438,3,3444.150168943391,0.0,0.0,0.0,0.0,0.0,0.7153423504932901,0.0,0.2846576495067099,0.0,0.0,0.0,0.0,0.0,-10332.450506830171,0.0
32520231,41669.77847444883,5528.102017000861,13,3205.3675749576028,0.0,0.0,0.08467138264424268,0.0,0.15535711459346194,0.0,0.0,0.0,0.1440531969803546,0.0,0.0,0.503147454628433,0.11277085115350784,-41669.77847444883,0.0
32530672,25299.11667868289,4668.886250267748,12,2108.2597232235744,0.0,0.04161399797820082,0.0,0.147074966588919,0.0724328662122298,0.0,0.0,0.2134187042205092,0.4044987868563665,0.0,0.0,0.12096067814377462,0.0,-25299.11667868289,0.0
32543930,63996.2120205231,5784.493063517793,21,3047.438667643957,4493.577384011807,0.4047884169946421,0.0,0.0,0.0,0.0,0.0,0.0,0.14035347644411247,0.0,0.0,0.4548581065612454,0.0,-59502.63463651129,-13.241706896652598
32579730,16676.568100448654,4774.936734728838,5,3335.3136200897306,0.0,0.0,0.0,0.0,0.0,0.0,0.0,0.14682611425299213,0.8531738857470079,0.0,0.0,0.0,0.0,-16676.568100448654,0.0
32599357,14918.358801472392,3703.4127003482176,6,2486.393133578732,490.2338335862521,0.0,0.0,0.0,0.0,0.0,0.0,0.0,0.14549803925577331,0.0,0.0,0.8545019607442267,0.0,-14428.12496788614,-29.431108135354034
32650657,54263.22637422662,5898.340324447904,25,2170.5290549690644,187.5140224459218,0.0,0.0,0.0,0.0,0.0,0.0,0.0,0.3572236050872802,0.0,0.16049759890695176,0.40984219739105937,0.0724365986147088,-54075.7123517807,-288.38223214680323
32672992,14480.753171721519,10000.0,2,7240.376585860759,0.0,0.0,0.0,0.0,0.0,0.0,0.0,0.0,1.0,0.0,0.0,0.0,0.0,-14480.753171721519,0.0
32684276,24780.440254542587,6451.663106737068,6,4130.073375757098,0.0,0.0,0.0,0.0,0.0,0.0,0.0,0.0,0.6455454826206739,0.0,0.17299493994956497,0.0,0.18145957742976124,-24780.440254542587,0.0
32685634,37669.59920455312,6052.430493315022,10,3766.9599204553115,0.0,0.0,0.0,0.0,0.0,0.15535385700626508,0.0,0.0,0.29210976371399977,0.0,0.0,0.24283560181332395,0.3097007774664112,-37669.59920455312,0.0
32685981,7302.201791326337,4865.835894688585,2,3651.1008956631686,0.0,0.0,0.0,0.0,0.0,0.0,0.0,0.0,1.0,0.0,0.0,0.0,0.0,-7302.201791326337,0.0
32690957,6442.684674082363,4579.159131300568,2,3221.3423370411815,0.0,0.0,0.0,0.0,0.0,0.0,0.0,0.0,1.0,0.0,0.0,0.0,0.0,-6442.684674082363,0.0
32724935,39902.97685818254,10000.0,10,3990.297685818254,0.0,0.0,0.0,0.059348409840056286,0.0,0.0,0.0,0.0,0.1965740772663435,0.0,0.13259027456831662,0.6114872383252835,0.0,-39902.97685818254,0.0
32734359,14048.52686801016,5942.607349672377,4,3512.13171700254,0.0,0.42300572903513906,0.0,0.0,0.2884003716569788,0.0,0.0,0.0,0.18144486874651589,0.0,0.0,0.0,0.10714903056136622,-14048.52686801016,0.0
32741479,68146.98734333363,6448.744640531086,18,3785.943741296313,0.0,0.06391110361699222,0.0,0.0,0.02906018991104961,0.011057658706997132,0.0,0.0,0.8556978939788435,0.0,0.0,0.040273153786117434,0.0,-68146.98734333363,0.0
32814514,8790.129786571291,3620.112330574387,3,2930.0432621904306,0.0,0.0,0.4118383253117427,0.31233633139445943,0.0,0.0,0.0,0.0,0.0,0.0,0.0,0.2758253432937979,0.0,-8790.129786571291,0.0
32817250,69023.27640864506,10000.0,18,3834.626467146948,1663.6780206226251,0.0,0.0,0.0,0.0,0.0,0.0,0.04639018555865599,0.8172828117308809,0.0,0.0,0.1363270027104632,0.0,-67359.59838802244,-40.48836226303775
32877924,20114.80886120379,8548.074851680338,5,4022.961772240758,0.0,0.038336880301965214,0.0,0.0,0.0,0.0,0.0,0.0,0.7310964064585451,0.0,0.0,0.23056671323948968,0.0,-20114.80886120379,0.0
32883688,37775.560761011126,6685.308983739249,10,3777.5560761011125,0.0,0.0,0.0,0.00848353816066958,0.0,0.0,0.0,0.0,0.7318474331672932,0.0,0.0,0.155828568138138,0.10384046053389925,-37775.560761011126,0.0
32889942,6085.974151868579,4302.6783406199065,2,3042.9870759342894,0.0,0.0,1.0,0.0,0.0,0.0,0.0,0.0,0.0,0.0,0.0,0.0,0.0,-6085.974151868579,0.0
32915214,4232.614661645451,2418.92793765515,3,1410.871553881817,0.0,0.0,0.0,0.0,0.0,0.0,0.0,0.0,0.1856764653447488,0.0,0.0,0.8143235346552513,0.0,-4232.614661645451,0.0
32935266,28896.672051547353,4366.680643005227,11,2626.970186504305,173.1763676006578,0.0,0.26821946079710085,0.12279567821405236,0.0,0.0,0.0,0.0,0.4056763592180371,0.0,0.0,0.20330850177080964,0.0,-28723.495683946694,-165.8626756173952
32938489,17345.495506254396,5017.8081371563,6,2890.915917709066,0.0,0.0,0.0,0.0,0.0,0.0,0.0,0.0,0.6151294446070804,0.0,0.0,0.3848705553929197,0.0,-17345.495506254396,0.0
32954358,22472.706342840665,4529.578489968254,7,3210.3866204058095,5622.050678316395,0.0,0.0,0.0,0.0,0.1360800444105139,0.0,0.0,0.5653318330689657,0.0,0.0,0.14707326332176007,0.15151485919876043,-16850.65566452427,-2.9972436444792856
32970880,52147.996547527975,10000.0,14,3724.8568962519985,0.0,0.0,0.16603699723235504,0.0,0.0707561283014191,0.0,0.0,0.0,0.3629758453095096,0.0,0.0,0.4002310291567163,0.0,-52147.996547527975,0.0
32993482,10078.600493281981,3492.5634573796488,5,2015.7200986563964,0.0,0.30595792301363034,0.0,0.34653258254533065,0.0,0.0,0.0,0.0,0.19086202608311614,0.0,0.0,0.1566474683579229,0.0,-10078.600493281981,0.0
33067482,119661.59041359925,10000.0,20,5983.079520679962,2616.8931517570663,0.0,0.010339524558444222,0.07744189990628285,0.0,0.0,0.0,0.0,0.802121256278372,0.0,0.0,0.11009731925690089,0.0,-117044.69726184217,-44.72658625104911
33070854,276899.3904738199,7475.991255749488,58,4774.127421962413,0.0,0.0,0.0,0.005710212318245713,0.019964727806558842,0.11570182785451594,0.0,0.0,0.7225874711618991,0.0,0.019844887681208415,0.09647059059559569,0.01972028258197629,-276899.3904738199,0.0
33132551,23402.40203201151,5030.857260072695,8,2925.3002540014386,2708.577885364698,0.0,0.0,0.0,0.0,0.0,0.0,0.0,0.5813104528318043,0.0,0.12645753985070118,0.29223200731749455,0.0,-20693.82414664681,-7.640106735886046
33133930,60.1041061425904,60.1041061425904,1,60.1041061425904,2500.9487117530193,0.0,0.0,0.0,0.0,0.0,0.0,0.0,0.0,0.0,1.0,0.0,0.0,2440.844605610429,0.9759674775175774
33190108,5410.845975815619,3084.0351882782747,3,1803.615325271873,0.0,0.0,0.0,0.0,0.0,0.0,0.0,0.0,1.0,0.0,0.0,0.0,0.0,-5410.845975815619,0.0
33204750,1525.8673304291278,1525.8673304291278,1,1525.8673304291278,633.909238618151,1.0,0.0,0.0,0.0,0.0,0.0,0.0,0.0,0.0,0.0,0.0,0.0,-891.958091810977,-1.4070753941926177
33212431,21711.487260701233,5937.819812639838,5,4342.297452140247,0.0,0.0,0.0,0.0,0.0,0.0,0.0,0.0,0.8442842589463875,0.0,0.0,0.1557157410536125,0.0,-21711.487260701233,0.0
33244956,35053.140717900955,6440.932461763879,11,3186.649156172814,0.0,0.619588148434228,0.0,0.0,0.0,0.0,0.0,0.0,0.10673770015065831,0.0,0.12460890338614419,0.1490652480289694,0.0,-35053.140717900955,0.0
33294181,43338.612655357945,9753.72007836306,15,2889.2408436905293,4594.010828117448,0.0,0.0,0.0,0.1461239177081819,0.03402863245701079,0.0,0.0,0.0952214435667635,0.04165223450903498,0.0,0.6357226743374791,0.047251097421529775,-38744.60182724049,-8.433720179784036
33306438,15338.790529012049,4208.720960940544,6,2556.465088168675,562.1880246455104,0.0,0.0,0.0,0.0,0.17389561529367487,0.0,0.2006292848713373,0.38199244540091076,0.0,0.24348265443407696,0.0,0.0,-14776.60250436654,-26.28409332213004
33327383,5451.401091322894,4886.976998000206,3,1817.1336971076312,0.0,0.0,0.0,0.0,0.0,0.0,0.0,0.0,0.10353743631542603,0.0,0.0,0.896462563684574,0.0,-5451.401091322894,0.0
33329775,12861.779737722807,3705.638121743235,5,2572.3559475445613,0.0,0.0,0.0,0.0,0.0,0.0,0.0,0.0,0.24619884817647875,0.27825628530122526,0.0,0.1874324748231265,0.28811239169916947,-12861.779737722807,0.0
33351091,11827.512050539766,5659.764755715237,3,3942.504016846589,0.0,0.4225850147700936,0.0,0.0,0.0,0.0,0.0,0.0,0.0,0.0,0.09888960038728897,0.4785253848426174,0.0,-11827.512050539766,0.0
33353538,58017.737067123235,8046.1792556300825,13,4462.9028513171725,0.0,0.0,0.11496681267910963,0.0,0.0,0.0,0.0,0.0,0.7141354226423833,0.0,0.0,0.17089776467850712,0.0,-58017.737067123235,0.0
33402850,33058.1467708328,5262.106001378805,8,4132.2683463541,0.0,0.0,0.0,0.0,0.0,0.0,0.0,0.0,0.8497673747268382,0.0,0.0,0.15023262527316178,0.0,-33058.1467708328,0.0
33488713,20767.89841076702,5935.188131345367,5,4153.579682153404,104.0263882508725,0.0,0.0,0.0,0.2857866508181828,0.0,0.0,0.43088433592361136,0.22228279764297837,0.0,0.0,0.0,0.06104621561522753,-20663.872022516145,-198.64067540903815
33489546,1798.6785690060042,995.5444621869913,2,899.3392845030021,0.0,0.0,0.0,0.0,0.0,0.0,0.0,0.0,0.0,0.0,0.0,1.0,0.0,-1798.6785690060042,0.0
33494928,1549.8509420079224,1549.8509420079224,1,1549.8509420079224,8858.496338318182,0.0,0.0,0.0,0.0,0.0,0.0,0.0,1.0,0.0,0.0,0.0,0.0,7308.64539631026,0.8250435646393045
33548979,5890.676480655415,3458.4324025197234,2,2945.3382403277074,0.0,0.0,0.0,0.0,0.0,0.0,0.0,0.0,0.41289724297761343,0.0,0.0,0.5871027570223866,0.0,-5890.676480655415,0.0
33550507,15988.16816533678,5783.837247686908,6,2664.6946942227964,1635.6045932129414,0.0,0.022061905491073033,0.0,0.0,0.0,0.0,0.0,0.22148263122020992,0.0,0.0,0.3946981194907838,0.3617573437979333,-14352.563572123838,-8.77508147854367
33595072,91826.8340339913,6773.544320199041,23,3992.471044956144,2865.069330531461,0.0,0.07216166898446215,0.0,0.0492518154446029,0.0,0.0,0.0,0.6870963618535835,0.0,0.0,0.1914901537173515,0.0,-88961.76470345985,-31.050475377835873
33599881,17899.724394068708,6328.16418666889,3,5966.574798022903,0.0,0.0,0.0,0.0,0.0,0.0,0.0,0.0,1.0,0.0,0.0,0.0,0.0,-17899.724394068708,0.0
33673050,11751.905698461978,5930.187150309452,4,2937.9764246154946,0.0,0.0,0.0,0.0,0.0,0.0,0.0,0.0,0.23260616548660124,0.0,0.6806842076834534,0.08670962682994532,0.0,-11751.905698461978,0.0
33690131,15972.763927818456,5662.67006673581,4,3993.190981954614,0.0,0.2077542869617861,0.0,0.24763906451875584,0.0,0.0,0.0,0.0,0.0,0.0,0.0,0.5446066485194581,0.0,-15972.763927818456,0.0
33700732,49591.49149385856,6443.909283402595,13,3814.7301149121968,0.0,0.0,0.07903032204502732,0.0,0.0,0.0,0.0,0.0,0.53549188628219,0.0,0.0,0.26079247914490855,0.12468531252787424,-49591.49149385856,0.0
33742296,27952.59417637117,4133.3808307838535,10,2795.259417637117,5074.439711024286,0.045448348013145325,0.11464992391339747,0.07448034209097595,0.0,0.10941134320332581,0.0,0.0,0.6560100427791554,0.0,0.0,0.0,0.0,-22878.154465346885,-4.508508479397991
33792200,14085.246561065209,10000.0,3,4695.082187021736,0.0,0.0,0.0,0.0,0.0,0.118291522583503,0.0,0.0,0.8817084774164969,0.0,0.0,0.0,0.0,-14085.246561065209,0.0
33822569,5014.763047276872,3150.9301444385046,2,2507.381523638436,0.0,0.0,0.0,0.0,0.0,0.0,0.0,0.0,0.3716691866130088,0.0,0.0,0.0,0.6283308133869914,-5014.763047276872,0.0
33831340,8483.625201989658,4494.996067211677,3,2827.8750673298864,0.0,0.0,0.0,0.0,0.0,0.0,0.0,0.0,0.8054907321543884,0.0,0.0,0.1945092678456116,0.0,-8483.625201989658,0.0
33887022,34574.25181235748,7892.370861423324,14,2469.5894151683906,672.3747689549682,0.0,0.058928010695208144,0.0,0.27326575159736827,0.0,0.0,0.18655521054912974,0.23276180117533793,0.0,0.0,0.15843467962828828,0.09005454635466766,-33901.87704340251,-50.42110235054501
33908087,2984.58321259809,2984.58321259809,1,2984.58321259809,20102.233218994308,0.0,0.0,0.0,0.0,0.0,0.0,0.0,1.0,0.0,0.0,0.0,0.0,17117.65000639622,0.8515297688528457
33977249,7883.875754933932,4600.102440570665,5,1576.7751509867865,2866.322900751202,0.0,0.0,0.0,0.0,0.0,0.0,0.0,0.9529708887189089,0.0,0.0,0.04702911128109104,0.0,-5017.55285418273,-1.7505190545237372
34040358,26191.34937520085,5033.228635350961,13,2014.7191827077577,5255.149226745631,0.0,0.053549710074397454,0.0,0.19217141366976107,0.0,0.0,0.0,0.11709021826415522,0.0,0.0,0.6371886579916863,0.0,-20936.20014845522,-3.9839401785019213
34052410,84830.92129996329,7125.735359905352,24,3534.621720831804,10160.946336983881,0.0,0.0664073776926559,0.03444131004409365,0.0,0.0,0.0,0.0,0.6294833069848553,0.0,0.0,0.26428646371070796,0.005381541567687226,-74669.97496297941,-7.34872249951711
34059356,1738.0717723733512,1506.6859598044189,2,869.0358861866756,0.0,0.0,0.866872118719831,0.0,0.0,0.0,0.0,0.0,0.0,0.0,0.0,0.13312788128016886,0.0,-1738.0717723733512,0.0
34083449,29577.172522059984,5412.785894107936,10,2957.7172522059986,9172.353259482967,0.0,0.0,0.0,0.08263602483561089,0.0,0.0,0.0,0.48382140647428734,0.0,0.105943038983079,0.21558184940377859,0.11201768030324419,-20404.81926257702,-2.224600240018145
34114896,11190.444676790012,5527.794911322472,4,2797.611169197503,0.0,0.0,0.0,0.0,0.0,0.0,0.0,0.33974736009218953,0.605829037543103,0.0,0.0,0.05442360236470749,0.0,-11190.444676790012,0.0
34124430,19834.226397662973,4163.934531968359,11,1803.1114906966338,7729.066469765326,0.0,0.0,0.0,0.0,0.0,0.0,0.0,0.37216095903721735,0.0,0.0,0.6278390409627825,0.0,-12105.159927897648,-1.5661865472694263
34127801,16270.168756605584,4006.08920137846,7,2324.3098223722263,0.0,0.0,0.0,0.0,0.0,0.0,0.0,0.0,0.14313427079447003,0.4896671421184675,0.0,0.28587389658899504,0.08132469049806727,-16270.168756605584,0.0
34134305,12212.994077494503,5225.585400116515,3,4070.998025831501,487.3289411775801,0.0,0.0,0.0,0.0,0.0,0.0,0.0,1.0,0.0,0.0,0.0,0.0,-11725.665136316924,-24.06108922647414
34160762,6074.097838167665,4521.0543120327575,3,2024.6992793892216,0.9848845750006,0.0,0.0,0.0,0.0,0.0,0.0,0.0,0.746995518111459,0.0,0.0,0.25300448188854097,0.0,-6073.112953592665,-6166.319493417759
34192683,7611.407936427204,3047.0557166293406,4,1902.851984106801,1335.689460002457,0.0,0.0,0.0,0.0,0.0,0.0,0.10045398452890471,0.0,0.0,0.0,0.4992185409645024,0.40032747450659295,-6275.718476424747,-4.698486185863294
34214868,24681.21180603869,6767.401288118217,8,3085.151475754836,0.0,0.02687749584001097,0.0,0.0,0.1359227846815277,0.0,0.0,0.0,0.7906560774798203,0.0,0.0,0.046543641998641076,0.0,-24681.21180603869,0.0
34235732,9330.868038468521,4586.182782392851,3,3110.289346156174,0.0,0.4038519626008217,0.0,0.0,0.0,0.0,0.0,0.0,0.10464148479492752,0.0,0.0,0.0,0.4915065526042509,-9330.868038468521,0.0
34275335,5851.041050379817,2323.327676173283,4,1462.7602625949542,0.0,0.0,0.2938030833339491,0.0,0.0,0.0,0.0,0.0,0.5998114440077099,0.0,0.0,0.10638547265834095,0.0,-5851.041050379817,0.0
34281127,25975.533444741883,4221.544530936619,10,2597.553344474188,0.0,0.0,0.0,0.0,0.0,0.0,0.0,0.1625200321647742,0.46192542695344563,0.0,0.0,0.37555454088178014,0.0,-25975.533444741883,0.0
34287854,12003.827703541543,5673.431593238246,3,4001.2759011805138,0.0,0.0,0.0,0.0,0.0,0.0,0.0,0.0,0.6603719605716408,0.0,0.0,0.3396280394283591,0.0,-12003.827703541543,0.0
34297850,8443.651822946907,4962.257045649538,2,4221.825911473454,0.0,0.0,0.0,0.0,0.0,0.0,0.0,0.0,0.41230913475566944,0.0,0.0,0.5876908652443306,0.0,-8443.651822946907,0.0
34345465,26240.597268367153,6447.6266204025915,9,2915.6219187074616,0.0,0.10800835784377008,0.0,0.0,0.0,0.0,0.0,0.0,0.2249168041485937,0.0,0.0,0.6670748380076362,0.0,-26240.597268367153,0.0
34363015,22996.059773791098,7463.716740013365,6,3832.6766289651828,2193.8633600374724,0.0,0.0,0.0,0.0,0.0,0.0,0.0,0.5550765010012002,0.0,0.0,0.3618406902963016,0.08308280870249803,-20802.196413753623,-9.481992722371876
34382779,11668.356665193545,6041.20748882504,3,3889.452221731182,1642.3539147352626,0.0,0.0,0.0,0.0,0.0,0.0,0.0,0.7401593151214046,0.0,0.0,0.25984068487859535,0.0,-10026.002750458283,-6.104654216429601
34392272,3309.340354970534,2659.0929368716625,2,1654.670177485267,3724.386398670638,0.0,0.0,0.19648852893665614,0.0,0.0,0.0,0.0,0.0,0.0,0.8035114710633439,0.0,0.0,415.0460437001038,0.11144011369181459
34396207,14398.395401489119,6447.6475193146725,5,2879.679080297824,2101.1675691174564,0.0,0.0,0.0,0.06715726638808818,0.0,0.0,0.0,0.9328427336119118,0.0,0.0,0.0,0.0,-12297.22783237166,-5.8525688351152345
34417881,6398.743794420942,4808.061592096815,2,3199.371897210471,0.0,0.0,0.0,0.0,0.0,0.0,0.0,0.0,1.0,0.0,0.0,0.0,0.0,-6398.743794420942,0.0
34437166,37654.59485985446,5893.212471574676,11,3423.1449872594962,0.0,0.0,0.0,0.0,0.0,0.0,0.0,0.0,0.4654410994549486,0.0,0.0,0.5345589005450513,0.0,-37654.59485985446,0.0
34440679,7020.379735788317,3703.062553339648,3,2340.1265785961054,9656.832829553918,0.0,0.0,0.0,0.17297938066777296,0.0,0.0,0.0,0.2995473639380397,0.0,0.0,0.5274732553941873,0.0,2636.453093765602,0.27301426257447065
34453809,5968.691969174003,3733.674729378234,3,1989.5639897246676,0.0,0.0,0.0,0.0,0.0,0.0,0.0,0.0,0.7203137367997264,0.0,0.0,0.2796862632002736,0.0,-5968.691969174003,0.0
34456000,11600.930582318913,3285.3127343780156,6,1933.4884303864853,29817.383471928122,0.0,0.26978421330568386,0.0,0.0,0.0,0.0,0.0,0.5523979803454848,0.0,0.0,0.17781780634883146,0.0,18216.45288960921,0.6109339844241958
34482815,17258.47931389336,4666.584645895355,5,3451.695862778672,0.0,0.0,0.0,0.0,0.0,0.0,0.0,0.0,0.4696011269409227,0.0,0.0,0.5303988730590773,0.0,-17258.47931389336,0.0
34492016,70957.50508259787,5525.171450176124,26,2729.1348108691486,3032.2535827573583,0.0,0.15385859445443836,0.05469494419899296,0.24552892577022037,0.045547619156046916,0.0,0.032868860877868826,0.2413685491734164,0.0,0.022045269854438092,0.20408723651457802,0.0,-67925.2514998405,-22.40091392292895
34527329,21322.71718676926,4775.790092517062,6,3553.7861977948764,0.0,0.0,0.0,0.0,0.0,0.0,0.0,0.0,0.1482209837821969,0.0,0.22397661849027564,0.6278023977275274,0.0,-21322.71718676926,0.0
34586970,25050.72052680098,6442.352887963935,8,3131.3400658501223,0.0,0.0,0.0,0.0,0.0,0.1168786764132775,0.0,0.0,0.862690018294936,0.0,0.0,0.020431305291786616,0.0,-25050.72052680098,0.0
34641600,7907.843911143759,4965.057598877437,3,2635.947970381253,0.0,0.6278648965087262,0.0,0.0,0.0,0.0,0.0,0.0,0.3721351034912737,0.0,0.0,0.0,0.0,-7907.843911143759,0.0
34658074,14379.181472608396,5884.943802111017,3,4793.060490869466,0.0,0.0,0.0,0.0,0.0,0.0,0.0,0.0,1.0,0.0,0.0,0.0,0.0,-14379.181472608396,0.0
34731438,4183.0635999529395,2644.7081565362714,2,2091.5317999764698,0.0,0.0,0.0,0.0,0.0,0.0,0.0,0.0,0.6322419187138405,0.0,0.0,0.3677580812861595,0.0,-4183.0635999529395,0.0
34793749,69370.67098688081,6789.951879283125,19,3651.0879466779375,0.0,0.0,0.0,0.0,0.0,0.0,0.0,0.0,0.5325374429099626,0.0,0.0,0.4674625570900375,0.0,-69370.67098688081,0.0
34802566,4452.391972679368,3392.137636664976,2,2226.195986339684,0.0,0.0,0.0,0.0,0.0,0.0,0.0,0.0,0.0,0.0,0.0,1.0,0.0,-4452.391972679368,0.0
34832989,4245.770779212865,2269.164200532274,2,2122.8853896064325,0.0,0.0,0.0,0.0,0.0,0.0,0.0,0.0,1.0,0.0,0.0,0.0,0.0,-4245.770779212865,0.0
34883596,5187.149801424166,2785.512747443304,2,2593.574900712083,0.0,0.0,0.0,0.0,0.0,0.0,0.0,0.0,1.0,0.0,0.0,0.0,0.0,-5187.149801424166,0.0
34938962,17245.39828778169,6634.617456264404,6,2874.2330479636153,5258.789537692381,0.13326739356492598,0.0,0.08571174091367484,0.0,0.0,0.0,0.0,0.7366352293069374,0.0,0.0,0.04438563621446185,0.0,-11986.60875008931,-2.2793474932159343
35008206,13967.685771802902,3283.508335675127,8,1745.9607214753628,0.0,0.03078678295027955,0.0,0.0,0.0,0.0,0.0,0.0,0.47009069588598446,0.0,0.0,0.49912252116373595,0.0,-13967.685771802902,0.0
35012709,6781.254053307337,3668.679781285925,3,2260.4180177691123,9919.694177832882,0.0,0.0,0.0,0.0,0.0,0.0,0.0,0.23066007161919477,0.0,0.0,0.7693399283808052,0.0,3138.4401245255453,0.3163847663306883
35020467,27775.256033157242,5666.622527542949,12,2314.6046694297697,0.0,0.07877018186810421,0.0,0.0,0.0,0.0,0.0,0.09605076992383395,0.5552195002156446,0.0,0.0,0.2699595479924172,0.0,-27775.256033157242,0.0
35041576,18697.976357958676,5707.477199646077,4,4674.494089489669,0.0,0.0,0.0,0.0,0.0,0.0,0.0,0.0,0.6951323293641892,0.0,0.0,0.3048676706358108,0.0,-18697.976357958676,0.0
35054998,19790.341642885425,4885.333007295088,7,2827.1916632693465,1283.194779679314,0.0,0.0,0.0,0.005876379378512505,0.16465725891031313,0.0,0.0,0.41557275701117147,0.0,0.0,0.4138936047000029,0.0,-18507.146863206115,-14.42271053178012
35055632,26176.625662533574,5598.8396593261405,8,3272.0782078166967,5411.891127019903,0.0,0.0,0.21388698954196075,0.0,0.0,0.0,0.24885556193199238,0.1227231247146459,0.0,0.0,0.41453432381140093,0.0,-20764.73453551367,-3.8368721853700563
35093738,9348.246221351603,6771.822793615118,2,4674.123110675801,633.3899621826567,0.0,0.0,0.0,0.0,0.0,0.0,0.0,0.7243949970153892,0.0,0.0,0.2756050029846108,0.0,-8714.856259168946,-13.759069103554502
35120738,13143.495394208312,3051.4455207611445,6,2190.582565701385,0.0,0.0,0.0,0.0,0.0,0.0,0.0,0.0,0.5702011012035455,0.0,0.0,0.4297988987964545,0.0,-13143.495394208312,0.0
35150246,4557.03697863793,2194.1616185149446,4,1139.2592446594824,2700.4159894225645,0.0,0.0,0.0,0.0,0.0,0.0,0.0,0.29172520093641563,0.0,0.0,0.7082747990635843,0.0,-1856.6209892153656,-0.6875314753310917
35154959,4674.669744164568,4078.426913847034,2,2337.334872082284,0.0,0.0,0.0,0.0,0.0,0.0,0.0,0.0,0.12754758366873492,0.0,0.0,0.872452416331265,0.0,-4674.669744164568,0.0
35175543,17155.619228593994,4846.211235025767,5,3431.1238457187987,0.0,0.0,0.0,0.2824853577391354,0.0,0.0,0.0,0.0,0.4562008711592094,0.0,0.0,0.2613137711016551,0.0,-17155.619228593994,0.0
35245006,8791.882183574422,3489.4674842256254,3,2930.627394524807,0.0,0.0,0.0,0.0,0.0,0.0,0.0,0.0,0.6031034753007859,0.0,0.0,0.0,0.396896524699214,-8791.882183574422,0.0
35249668,13562.486293668371,4615.402573643122,3,4520.828764556124,0.0,0.0,0.0,0.0,0.0,0.0,0.0,0.0,1.0,0.0,0.0,0.0,0.0,-13562.486293668371,0.0
35250295,23129.466565415798,5228.3412696650485,7,3304.209509345114,768.7701057584451,0.4516192607131837,0.0,0.14479297094974689,0.0,0.0,0.0,0.0,0.20127831178499592,0.0,0.0,0.20230945655207358,0.0,-22360.696459657353,-29.086324106732757
35267491,6867.6145820176835,4133.067674992656,2,3433.8072910088417,0.0,0.0,0.0,0.0,0.0,0.0,0.0,0.0,0.3981800193309081,0.0,0.0,0.6018199806690919,0.0,-6867.6145820176835,0.0
35270577,11513.249306439891,5355.287348038282,3,3837.7497688132976,0.0,0.0,0.0,0.0,0.0,0.13523550910081267,0.0,0.0,0.0,0.0,0.0,0.3996232257792855,0.4651412651199017,-11513.249306439891,0.0
35277816,23398.8443046353,5762.770826310644,7,3342.6920435193283,0.0,0.0,0.0,0.0,0.20083967733428745,0.0,0.0,0.0,0.06676483705327914,0.0,0.0,0.7323954856124334,0.0,-23398.8443046353,0.0
35288969,9424.315151894974,4503.167692016625,3,3141.4383839649918,0.0,0.0,0.0,0.0,0.0,0.0,0.0,0.0,0.8140896908343808,0.0,0.18591030916561932,0.0,0.0,-9424.315151894974,0.0
35303158,2148.3502520411053,2148.3502520411053,1,2148.3502520411053,345.0768721852416,0.0,0.0,0.0,0.0,0.0,0.0,0.0,0.0,0.0,0.0,1.0,0.0,-1803.2733798558636,-5.225714978915898
35343691,4076.3767165176973,4076.3767165176973,1,4076.3767165176973,500.9827965568856,0.0,0.0,0.0,0.0,1.0,0.0,0.0,0.0,0.0,0.0,0.0,0.0,-3575.3939199608117,-7.136759873858927
35363582,23514.780962450095,4643.565218117223,7,3359.254423207157,5671.36137122807,0.0,0.0,0.0,0.0,0.0,0.0,0.0,0.8162703591670739,0.0,0.0,0.0,0.18372964083292603,-17843.419591222028,-3.146232169536083
35369706,13227.742201849896,4599.141488772573,6,2204.623700308316,0.0,0.16705431522364256,0.0,0.0,0.0,0.15776298369959532,0.0,0.0,0.5223219544262392,0.0,0.0,0.15286074665052293,0.0,-13227.742201849896,0.0
35370256,108969.54946823166,10000.0,27,4035.909239564136,1086.4769026067383,0.0,0.0,0.0,0.05573589193450605,0.052613916388657964,0.0,0.024729581461854392,0.6837512375217527,0.0,0.0,0.14049278567283505,0.042676587020393814,-107883.07256562493,-99.29624118725911
35410362,19312.851065016188,3957.05755706855,8,2414.1063831270235,0.0,0.0,0.0,0.0,0.0,0.0,0.0,0.0,0.29819964333882437,0.0,0.0,0.6253788972284399,0.07642145943273577,-19312.851065016188,0.0
35427406,13970.460891121775,6445.878080379048,3,4656.820297040592,706.015655392392,0.0,0.367873010874117,0.0,0.0,0.0,0.0,0.0,0.6321269891258829,0.0,0.0,0.0,0.0,-13264.445235729383,-18.787749442124227
35467526,23090.210895090288,6454.646799314232,10,2309.0210895090286,8464.857677411885,0.0,0.11394788419667014,0.11751887832193181,0.0,0.0,0.0,0.007528322944925765,0.5971752848980514,0.0,0.0,0.163829629638421,0.0,-14625.353217678403,-1.7277730796000905
35491082,13569.013942283862,5008.516303182835,4,3392.2534855709655,0.0,0.0,0.0,0.0,0.0,0.0,0.0,0.0,1.0,0.0,0.0,0.0,0.0,-13569.013942283862,0.0
35493997,8673.435528927812,3971.000025729336,4,2168.358882231953,0.0,0.0,0.0,0.0,0.0,0.0,0.0,0.0,0.41239138827705357,0.0,0.0,0.5876086117229463,0.0,-8673.435528927812,0.0
35507712,9148.474913427113,6451.360974119797,2,4574.237456713557,0.0,0.0,0.0,0.7051843105183802,0.0,0.0,0.0,0.0,0.0,0.0,0.0,0.29481568948161985,0.0,-9148.474913427113,0.0
35522666,6226.164661632605,2383.4278654369373,3,2075.388220544202,430.0583406422059,0.0,0.3828083571454987,0.0,0.0,0.0,0.0,0.0,0.6171916428545012,0.0,0.0,0.0,0.0,-5796.1063209904,-13.477488455020026
35540102,6735.227934638772,3066.02872136485,3,2245.0759782129244,0.0,0.0,0.0,0.0,0.0,0.40054448534773124,0.0,0.0,0.14423280339160097,0.0,0.0,0.45522271126066777,0.0,-6735.227934638772,0.0
35566906,2238.3064389105716,2238.3064389105716,1,2238.3064389105716,4076.402392211253,0.0,0.0,0.0,0.0,0.0,0.0,0.0,0.0,0.0,0.0,1.0,0.0,1838.095953300681,0.4509113125859987
35576027,14508.19815065361,5885.553626361623,4,3627.0495376634026,0.0,0.0,0.0,0.0,0.0,0.0,0.0,0.0,0.6797901169730579,0.0,0.0,0.320209883026942,0.0,-14508.19815065361,0.0
35595921,26550.36057717487,10000.0,6,4425.060096195812,0.0,0.0,0.0,0.0,0.0,0.12734425473377017,0.0,0.0,0.8726557452662299,0.0,0.0,0.0,0.0,-26550.36057717487,0.0
35610607,18576.137653578568,4905.40376252386,5,3715.2275307157133,2681.9938831600202,0.0,0.0,0.0,0.0,0.0,0.0,0.0,0.49491783180497173,0.0,0.0,0.5050821681950284,0.0,-15894.143770418546,-5.926241618303583
35647876,6294.294898070832,4464.186294185282,2,3147.147449035416,0.0,0.0,0.0,0.0,0.0,0.0,0.0,0.0,1.0,0.0,0.0,0.0,0.0,-6294.294898070832,0.0
35687783,56352.73259023484,7086.0369045140005,11,5122.975690021349,4076.9886416075087,0.0,0.0,0.0,0.7723391711138727,0.0,0.0,0.0,0.22766082888612738,0.0,0.0,0.0,0.0,-52275.74394862733,-12.82214608476702
35726647,7065.484006174687,6330.9046658543975,2,3532.7420030873436,227.0660786580501,0.0,0.0,0.0,0.0,0.0,0.0,0.0,1.0,0.0,0.0,0.0,0.0,-6838.417927516636,-30.116422355692084
35754453,73858.8303263936,10000.0,16,4616.1768953996,0.0,0.0,0.0,0.0,0.06601781077764579,0.008032767764355901,0.0,0.0,0.8677470852755538,0.0,0.0,0.05820233618244445,0.0,-73858.8303263936,0.0
35806788,16332.057001507379,4492.18394099667,5,3266.411400301476,7493.334123428571,0.2750531632715989,0.0,0.0,0.0,0.0,0.0,0.0,0.17818529462607197,0.0,0.0,0.5467615421023291,0.0,-8838.722878078808,-1.1795447437001056
35817477,15929.245419384151,3500.488437787671,7,2275.6064884834504,0.0,0.11861803984199193,0.4686958439431754,0.0,0.0,0.0,0.0,0.0,0.19293380870578028,0.0,0.21975230750905242,0.0,0.0,-15929.245419384151,0.0
35831690,1189.1014353289142,1189.1014353289142,1,1189.1014353289142,3027.3545241246316,0.0,0.0,0.0,0.0,0.0,0.0,0.0,1.0,0.0,0.0,0.0,0.0,1838.2530887957173,0.6072143431325585
35847546,13683.198905392406,5233.540647505647,5,2736.639781078481,0.0,0.0,0.0,0.0,0.0,0.0,0.0,0.0,0.25753911146581226,0.0,0.0,0.7424608885341878,0.0,-13683.198905392406,0.0
35876980,13469.034759220707,7829.418509696278,4,3367.258689805177,0.0,0.0,0.0,0.0,0.0,0.0,0.0,0.0,0.26539437728371296,0.0,0.0,0.734605622716287,0.0,-13469.034759220707,0.0
35881816,29201.447248798937,5944.702562876697,7,4171.635321256991,514.561002056476,0.0,0.0,0.0,0.0,0.0,0.0,0.0,0.6288005905578221,0.0,0.0,0.22478730868802074,0.14641210075415706,-28686.886246742462,-55.75021451702224
35953196,31109.83660539183,4314.893312267119,17,1829.9903885524607,0.0,0.0,0.10777177802296331,0.0,0.0,0.09453872578102811,0.0,0.0,0.45904757313246797,0.0,0.0,0.28472540047293154,0.05391652259060922,-31109.83660539183,0.0
36062603,26690.016022958564,5691.057880690243,8,3336.2520028698204,275.1783337631086,0.11550340592064769,0.0,0.0,0.0,0.24880205927687774,0.0,0.0,0.6356945348024745,0.0,0.0,0.0,0.0,-26414.837689195454,-95.99170591655326
36112926,22634.666771018616,7930.462776550035,8,2829.333346377327,614.2405978866817,0.09288373738816944,0.0,0.008140859201403975,0.35036799334303365,0.060000530980298915,0.0,0.0,0.06708991347691085,0.0,0.0,0.42151696561018326,0.0,-22020.426173131935,-35.84983840028492
36124927,20449.23658325355,6445.19523029842,7,2921.3195118933645,0.0,0.22030847062301723,0.0,0.0,0.0,0.0,0.0,0.0,0.18728204560896372,0.0,0.0,0.592409483768019,0.0,-20449.23658325355,0.0
36129670,30276.109326323924,6770.413113828128,7,4325.158475189131,481.04319131778414,0.0,0.10445609514952196,0.0,0.0,0.0,0.0,0.0,0.7709240062079064,0.0,0.0,0.12461989864257163,0.0,-29795.06613500614,-61.938442686164294
36202722,24041.643833830884,5360.886544130375,6,4006.9406389718133,0.0,0.44587830058094025,0.0,0.0,0.14288041130433857,0.0,0.0,0.0,0.04784343955162789,0.0,0.0,0.3633978485630933,0.0,-24041.643833830884,0.0
36229048,28243.35869413065,5722.421854419814,7,4034.76552773295,1577.9348239973508,0.0,0.0,0.0,0.0,0.0,0.0,0.0,0.5990341829591288,0.0,0.0,0.1989176074681951,0.20204820957267605,-26665.423870133298,-16.89893870431373
36232762,86753.4816753809,6076.25674128275,22,3943.3400761536773,4148.557722499497,0.03847823264868335,0.03315764492760961,0.0,0.0,0.0,0.0,0.0,0.7931406337705315,0.0,0.0,0.1352234886531755,0.0,-82604.92395288139,-19.911721007249746
36252536,94831.77401432522,6443.108720135735,22,4310.535182469328,237.031729366257,0.0,0.0,0.08238659714184313,0.0,0.09287689031862803,0.0,0.0,0.5100746857041519,0.0,0.0,0.31466182683537686,0.0,-94594.74228495896,-399.0805051200253
36266648,54330.11179350629,5358.055242115142,24,2263.754658062762,2854.357795304809,0.06284481856188072,0.25273692535044123,0.086057481367795,0.0,0.2612780912939114,0.0,0.0,0.24399397891869468,0.0,0.07214053308147295,0.02094817142580398,0.0,-51475.75399820148,-18.034093021861164
36316217,1038.12977142804,1038.12977142804,1,1038.12977142804,1932.4179148770565,0.0,0.0,0.0,0.0,0.0,0.0,0.0,1.0,0.0,0.0,0.0,0.0,894.2881434490166,0.46278195651374543
36321859,14190.871512206868,5565.399004903002,7,2027.2673588866955,5432.123559567197,0.0,0.28054277161223895,0.0,0.0,0.1412574872645039,0.0,0.0,0.5372387575265822,0.0,0.0,0.04096098359667499,0.0,-8758.747952639671,-1.6123985135083199
36342478,13985.28063856644,4517.721980308699,5,2797.056127713288,1428.6908097593662,0.0,0.0,0.0,0.0,0.0,0.0,0.0,0.6769659403294043,0.0,0.0,0.3230340596705958,0.0,-12556.589828807073,-8.788878421442337
36353617,4268.775357021571,2657.58853615465,2,2134.3876785107855,0.0,0.0,0.0,0.6225646265932612,0.0,0.0,0.0,0.0,0.3774353734067387,0.0,0.0,0.0,0.0,-4268.775357021571,0.0
36355814,8254.455099955521,3926.2569252482804,4,2063.6137749888803,1265.8957467242117,0.0,0.0,0.0,0.15912238364615378,0.0,0.0,0.0,0.0,0.0,0.47565307191136535,0.3652245444424809,0.0,-6988.55935323131,-5.520643679636155
36373669,34361.01582456837,6035.841570679704,13,2643.1550634283362,0.0,0.10677002696947302,0.0,0.0,0.11849385925500404,0.0,0.0,0.0,0.15690414912451445,0.0,0.0,0.567868870903215,0.049963093747793376,-34361.01582456837,0.0
36384480,6422.459706721734,3523.5683403309263,4,1605.6149266804334,0.0,0.0,0.0,0.19532181686955588,0.0,0.0,0.0,0.0,0.7777754595359148,0.0,0.0,0.02690272359452936,0.0,-6422.459706721734,0.0
36421240,22295.04444019415,6815.541359091956,6,3715.8407400323586,5914.653775532097,0.0,0.0,0.0,0.0,0.0,0.0,0.0,0.8952612398123304,0.0,0.0,0.10473876018766955,0.0,-16380.390664662053,-2.7694589212347314
36465255,9845.8573106319,3403.448053988154,4,2461.464327657975,0.0,0.0,0.0,0.0,0.0,0.0,0.0,0.0,0.33434432975154726,0.0,0.0,0.6656556702484528,0.0,-9845.8573106319,0.0
36540962,1097.1459611753855,1097.1459611753855,1,1097.1459611753855,1443.9991325325868,0.0,0.0,0.0,0.0,0.0,0.0,0.0,1.0,0.0,0.0,0.0,0.0,346.8531713572014,0.24020317155514212
36541831,2279.0086941690433,2109.0214218789256,2,1139.5043470845217,0.0,0.0,0.0,0.0,0.0,0.0,0.0,0.0,0.07458825090270114,0.0,0.0,0.9254117490972988,0.0,-2279.0086941690433,0.0
36683829,8351.919024144487,4522.99481592965,2,4175.959512072243,4205.605871119481,0.0,0.0,0.0,0.0,0.0,0.0,0.0,1.0,0.0,0.0,0.0,0.0,-4146.313153025005,-0.9859015038709054
36692205,2890.740674435659,2295.10078442779,2,1445.3703372178295,0.0,0.0,0.0,0.0,0.0,0.0,0.0,0.0,0.0,0.0,0.7939490403703708,0.20605095962962913,0.0,-2890.740674435659,0.0
36709352,13406.804806514709,4931.838415149879,5,2681.360961302942,1621.909661417036,0.3114706695626768,0.14046415946235394,0.0,0.0,0.0,0.0,0.0,0.3678608353239672,0.0,0.1697614943488964,0.010442841302105512,0.0,-11784.895145097673,-7.266061375330486
36722295,6961.488151477962,3753.921479919327,2,3480.744075738981,0.0,0.0,0.0,0.0,0.0,0.0,0.0,0.0,0.0,0.0,0.0,0.4607587633224156,0.5392412366775844,-6961.488151477962,0.0
36725479,8481.23215330893,3714.561378296568,4,2120.3080383272327,704.4068206248959,0.0,0.0,0.0,0.0,0.0,0.0,0.0,0.6208130552186453,0.0,0.0,0.1675234929992989,0.2116634517820558,-7776.825332684035,-11.040247063174416
36792301,26863.832402250348,5371.301559519459,8,3357.9790502812934,0.0,0.0,0.0,0.0,0.0,0.0,0.0,0.0,0.4271828401473652,0.0,0.0,0.5728171598526349,0.0,-26863.832402250348,0.0
36867602,20139.17268292386,5535.798370671305,6,3356.5287804873096,0.0,0.0,0.0,0.0,0.0,0.0,0.0,0.0,0.7562837992317611,0.0,0.0,0.24371620076823883,0.0,-20139.17268292386,0.0
36873805,37201.5513611617,6364.158858487299,8,4650.193920145212,0.0,0.0,0.0,0.0,0.0,0.0,0.0,0.0,0.7864893332540656,0.0,0.0,0.09241962731480804,0.12109103943112624,-37201.5513611617,0.0
36887220,30210.523835907414,5232.746390334899,10,3021.0523835907416,2590.2428782448847,0.0,0.0,0.0,0.040909099357451316,0.0,0.0,0.0,0.42110349699383237,0.0,0.0,0.42866441000800937,0.10932299364070687,-27620.28095766253,-10.663201196166469
36901270,8063.173574207084,6536.5811305694915,2,4031.586787103542,0.0,0.0,0.0,0.0,0.0,0.0,0.0,0.0,0.0,0.0,0.0,1.0,0.0,-8063.173574207084,0.0
36934976,33142.779951878394,6899.838253401428,9,3682.531105764266,0.0,0.0,0.0,0.0,0.0,0.0,0.0,0.0,0.7270541515980216,0.0,0.0,0.20805194114455786,0.06489390725742065,-33142.779951878394,0.0
36971311,8408.771272185653,4475.502190783819,3,2802.9237573952178,0.0,0.0,0.0,0.0,0.0,0.0,0.0,0.0,0.7187583999798013,0.0,0.0,0.28124160002019855,0.0,-8408.771272185653,0.0
36974341,42178.41211158446,6792.786186706597,16,2636.150756974029,607.7108763126938,0.0,0.0,0.014616645483303908,0.07061454491624886,0.0,0.0,0.0,0.6925180688489713,0.0,0.0,0.22225074075147597,0.0,-41570.70123527177,-68.40539285310047
36981627,16103.98235497783,4900.211572355214,4,4025.9955887444576,543.6276353851035,0.0,0.0,0.0,0.0,0.0,0.0,0.0,0.0,0.0,0.0,1.0,0.0,-15560.354719592728,-28.62318562699602
37085693,15956.885242958142,3051.0802693805126,12,1329.7404369131784,2331.8380846370783,0.0,0.0,0.06108395812341503,0.0,0.0,0.0,0.0,0.34611376903193264,0.0,0.0,0.5928022728446523,0.0,-13625.047158321064,-5.843050273553463
37140131,7305.053556534109,4971.359322565059,2,3652.5267782670544,0.0,0.0,0.0,0.0,0.0,0.0,0.0,0.0,1.0,0.0,0.0,0.0,0.0,-7305.053556534109,0.0
37147913,27774.220329674863,6011.740220291203,8,3471.777541209358,0.0,0.0,0.0,0.2164503683247615,0.3558453254518492,0.0,0.0,0.0,0.39430668673332486,0.0,0.0,0.033397619490064444,0.0,-27774.220329674863,0.0
37185310,157218.3061828272,6453.14820426033,43,3656.2396786704,0.0,0.0,0.0,0.0,0.0,0.0,0.0,0.06812284523981477,0.594307957309223,0.0,0.009602677037071976,0.32796652041389024,0.0,-157218.3061828272,0.0
37191259,30536.232186170615,7119.9940373797135,7,4362.31888373866,2229.661825423574,0.0,0.0,0.0,0.1915552927686246,0.036731851669960965,0.0,0.0,0.4889380632731423,0.0,0.2827747922882721,0.0,0.0,-28306.570360747042,-12.6954545474041
37334682,15423.459826537142,5018.449207640932,5,3084.6919653074283,6395.258812012626,0.09304550044463111,0.0,0.0,0.0,0.0,0.0,0.0,0.9069544995553689,0.0,0.0,0.0,0.0,-9028.201014524517,-1.4117022125150378
37357224,19204.475021967046,6432.083778873499,6,3200.7458369945075,1582.2952234148581,0.0,0.0,0.0,0.0,0.0,0.0,0.0,0.49580989154583327,0.0,0.17197510170342267,0.3322150067507441,0.0,-17622.179798552188,-11.137099788824852
37376208,4924.186124462777,4046.9173059112204,2,2462.0930622313886,0.0,0.0,0.0,0.8218449107369463,0.0,0.0,0.0,0.0,0.1781550892630537,0.0,0.0,0.0,0.0,-4924.186124462777,0.0
37425945,8782.480703620444,4642.075001721382,2,4391.240351810222,0.0,0.0,0.0,0.0,0.0,0.0,0.0,0.0,1.0,0.0,0.0,0.0,0.0,-8782.480703620444,0.0
37437801,31579.310611921566,10000.0,12,2631.6092176601305,1031.4861630649095,0.0,0.0,0.17611376078468405,0.15704975698121315,0.0,0.0,0.0,0.3480304463189482,0.0,0.0,0.3188060359151546,0.0,-30547.82444885666,-29.615350687873786
37494341,2415.901652778179,2415.901652778179,1,2415.901652778179,517.2020359669326,1.0,0.0,0.0,0.0,0.0,0.0,0.0,0.0,0.0,0.0,0.0,0.0,-1898.6996168112462,-3.6710984968602096
37518777,24974.386068605603,5137.754453516332,9,2774.9317854006226,1996.1174311741051,0.0,0.0,0.0,0.0,0.3700112193494864,0.0,0.0,0.24428549661112764,0.0,0.0,0.385703284039386,0.0,-22978.268637431498,-11.511481378084959
37532609,5018.227738323267,5018.227738323267,1,5018.227738323267,5324.957864708795,0.0,0.0,0.0,0.0,0.0,0.0,0.0,1.0,0.0,0.0,0.0,0.0,306.7301263855278,0.05760235746058845
37540139,14523.877279266033,3815.4140448243893,7,2074.839611323719,0.0,0.0,0.0,0.224115401517763,0.0,0.0782932056647296,0.0,0.0,0.4348919791925251,0.0,0.0,0.26269941362498217,0.0,-14523.877279266033,0.0
37563672,6116.062759025749,2707.8292214629187,3,2038.6875863419164,0.0,0.4427405878834145,0.0,0.0,0.0,0.0,0.0,0.0,0.21998235794463905,0.0,0.0,0.3372770541719464,0.0,-6116.062759025749,0.0
37583153,4134.746142058296,2599.8406362599853,2,2067.373071029148,1173.3380916161484,0.0,0.0,0.0,0.0,0.0,0.6287787803499281,0.0,0.37122121965007193,0.0,0.0,0.0,0.0,-2961.4080504421468,-2.5239170803388156
37628656,20855.068330899037,3996.6122039340403,9,2317.2298145443374,26287.87427146881,0.0,0.31632086184666347,0.0,0.0,0.0,0.0,0.16768442662206687,0.02870016720484533,0.0,0.13269094431639877,0.2517895784263044,0.1028140215837212,5432.805940569771,0.20666585226581802
37682016,12256.246323499197,4753.558210358416,3,4085.4154411663994,2664.7924805963626,0.0,0.0,0.0,0.0,0.0,0.0,0.0,0.6750081838144464,0.0,0.0,0.3249918161855536,0.0,-9591.453842902834,-3.5993248677872027
37728023,25641.788193988632,6009.817869720909,7,3663.112599141233,0.0,0.45514288034673495,0.0,0.0,0.0,0.0,0.0,0.0,0.234375926680879,0.0,0.2074275362016362,0.1030536567707499,0.0,-25641.788193988632,0.0
37730617,14361.5009887003,5230.429704228908,8,1795.1876235875375,0.0,0.0,0.0,0.0,0.07343665681453895,0.6376881067812047,0.0,0.0,0.07865126107171112,0.0,0.0,0.01135955797184614,0.1988644173606991,-14361.5009887003,0.0
37770279,11181.385635399813,4549.88278410984,5,2236.277127079963,5214.318866876393,0.0,0.0,0.0,0.0,0.0,0.0,0.0,1.0,0.0,0.0,0.0,0.0,-5967.06676852342,-1.1443616934186374
37849335,9326.698447184164,4632.91903382423,4,2331.674611796041,0.0,0.0,0.0,0.0,0.0,0.0,0.0,0.0,0.17058572098746896,0.0,0.0,0.3326769758757538,0.4967373031367773,-9326.698447184164,0.0
37889350,51735.43306841927,4593.774266649363,19,2722.9175299168037,6503.840026955873,0.07980927540242148,0.0,0.0,0.0,0.0,0.0,0.0,0.57359609246917,0.0,0.0,0.28499143863718535,0.061603193491223125,-45231.5930414634,-6.954598030393758
37899061,10212.59145110985,4438.408584149418,4,2553.1478627774627,0.0,0.0,0.0,0.0,0.0,0.0,0.0,0.0,0.21803107349881776,0.0,0.0,0.7819689265011822,0.0,-10212.59145110985,0.0
37920696,8175.698192685976,4616.3033931822565,2,4087.849096342988,2270.3747350978933,0.0,0.0,0.0,0.0,0.0,0.0,0.0,1.0,0.0,0.0,0.0,0.0,-5905.323457588082,-2.6010346954171237
37924756,8574.255214685925,5006.290941411268,4,2143.5638036714813,2511.305219128588,0.0,0.0,0.0,0.0,0.0,0.0,0.0,0.08428177787167337,0.0,0.265444460419537,0.06639903252688617,0.5838747291819034,-6062.949995557337,-2.4142624916222473
37964047,30839.95099369493,10000.0,6,5139.991832282488,0.0,0.0,0.09306999585314589,0.0,0.4779462752639096,0.0,0.0,0.0,0.42898372888294445,0.0,0.0,0.0,0.0,-30839.95099369493,0.0
37974311,17457.52706705875,5735.37125823065,6,2909.5878445097915,0.0,0.0,0.0,0.0,0.0,0.0,0.0,0.0,0.7347316418985257,0.0,0.0,0.2652683581014743,0.0,-17457.52706705875,0.0
38019270,70485.65764422674,5739.751227690382,19,3709.7714549593015,165.4087451591192,0.0,0.0,0.0,0.27024545709146647,0.0,0.0,0.0,0.569434825177183,0.0,0.0188428206646869,0.1414768970666637,0.0,-70320.24889906762,-425.1301757438595
38183878,13272.004242194957,3955.640444498344,5,2654.4008484389915,3273.884107845569,0.0,0.0,0.0,0.4887805291013088,0.1102570819754639,0.0,0.0,0.1749719119442987,0.0,0.0,0.0,0.22599047697892866,-9998.120134349389,-3.0539016669496006
38188511,14203.163653865638,5704.7409718487115,4,3550.7909134664096,7524.581797684432,0.0,0.0,0.0,0.0,0.0,0.0,0.0,0.5866674843963479,0.0,0.0,0.4133325156036522,0.0,-6678.5818561812075,-0.8875685102175954
38200304,39508.926053991665,6901.4498616947985,12,3292.4105044993053,0.0,0.0,0.0,0.0,0.11627406651354488,0.11916549468677547,0.0,0.0,0.5687744853830703,0.0,0.0,0.19578595341660943,0.0,-39508.926053991665,0.0
38202067,49608.34131246591,6120.945614736788,13,3816.02625480507,5288.469065480211,0.10360753830722606,0.0,0.0,0.0,0.06121512325651013,0.0,0.060203863861006846,0.36831628404065636,0.0,0.0,0.40665719053460053,0.0,-44319.872246985695,-8.38047300612532
38252762,16232.824224639891,6482.352988982107,4,4058.206056159973,515.6652876431118,0.0,0.0,0.249312315139718,0.0,0.0,0.0,0.0,0.4609548552856138,0.0,0.0,0.28973282957466806,0.0,-15717.15893699678,-30.4793813227826
38305211,3083.9666268360684,3083.9666268360684,1,3083.9666268360684,589.6499542117876,0.0,0.0,0.0,0.0,0.0,0.0,0.0,1.0,0.0,0.0,0.0,0.0,-2494.316672624281,-4.230165125610074
38316502,27082.12780477887,6899.715877348919,6,4513.687967463145,2209.9726482865235,0.0,0.0,0.0,0.0,0.0,0.0,0.0,1.0,0.0,0.0,0.0,0.0,-24872.155156492343,-11.25450813872139
38352858,13722.092453855168,3746.5997242415447,5,2744.4184907710337,1286.013919746051,0.0,0.0,0.0,0.0,0.0,0.0,0.0,0.42893734473995226,0.0,0.0,0.5710626552600478,0.0,-12436.078534109118,-9.670251886981806
38353164,31647.967908693874,4369.911818533825,18,1758.2204393718819,480.1166231288377,0.0,0.0,0.0,0.0,0.0,0.0,0.027652507363234255,0.4980989578461324,0.0,0.0,0.4742485347906334,0.0,-31167.85128556504,-64.91725090135287
38369196,10078.57343093304,2569.7535734648236,9,1119.8414923258936,30715.968281055884,0.0,0.0,0.0,0.0,0.0,0.0,0.0,0.295330081741502,0.0,0.2537363032338979,0.4509336150246002,0.0,20637.39485012284,0.6718783748338152
38393327,13854.313205526145,5262.009350986713,4,3463.578301381536,0.0,0.0,0.0,0.0,0.0,0.0,0.0,0.0,0.20756700017538762,0.0,0.0,0.5899242014372104,0.20250879838740193,-13854.313205526145,0.0
38476510,38530.875389388464,6735.442860740861,9,4281.208376598718,0.0,0.0,0.0,0.44488834716494297,0.0,0.0,0.0,0.0,0.1347605719815432,0.0,0.0,0.38695059245375824,0.03340048839975557,-38530.875389388464,0.0
38477393,3270.5577033121936,3270.5577033121936,1,3270.5577033121936,8555.001604469897,0.0,0.0,0.0,0.0,0.0,0.0,0.0,1.0,0.0,0.0,0.0,0.0,5284.443901157703,0.6177022688571605
38513590,5494.751087806331,5494.751087806331,1,5494.751087806331,2729.0466451515563,0.0,0.0,0.0,0.0,0.0,0.0,0.0,1.0,0.0,0.0,0.0,0.0,-2765.7044426547745,-1.0134324554577858
38515882,13121.139701381833,3828.6619745604175,6,2186.8566168969724,2728.3458371153106,0.0,0.0,0.0,0.29179340070262405,0.0,0.0,0.0,0.5045641816777382,0.0,0.0,0.20364241761963786,0.0,-10392.793864266523,-3.8091922669359466
38536260,12495.181011254961,5727.165637382202,5,2499.036202250992,1202.4403143948678,0.0,0.0,0.0,0.0,0.1926777212123432,0.0,0.0,0.2934398757008663,0.0,0.0,0.5138824030867905,0.0,-11292.740696860094,-9.391518698824736
38571628,19430.752972222974,10000.0,5,3886.150594444595,0.0,0.0,0.0,0.0,0.0,0.0,0.0,0.039957172399994065,0.20303903440102053,0.0,0.0,0.7570037931989854,0.0,-19430.752972222974,0.0
38592222,18963.63685976611,4986.07411446794,6,3160.6061432943516,0.0,0.0,0.05501962740616026,0.0,0.04861812328783889,0.0,0.0,0.0,0.26292815831369154,0.0,0.12414763767515594,0.5092864533171534,0.0,-18963.63685976611,0.0
38600758,6236.0718296240275,3033.543398295203,3,2078.6906098746754,0.0,0.0,0.0,0.0,0.0,0.0,0.0,0.0,1.0,0.0,0.0,0.0,0.0,-6236.0718296240275,0.0
38605736,18147.134891874004,5853.4740049250795,6,3024.5224819790005,4384.110129140731,0.0,0.0,0.0,0.05136923601880136,0.0,0.0,0.0,0.37016676654442143,0.0,0.0,0.5784639974367771,0.0,-13763.024762733272,-3.1392972250518647
38615585,2836.1738284520043,2068.6448022988548,2,1418.0869142260021,0.0,0.0,0.0,0.0,0.0,0.0,0.0,0.0,1.0,0.0,0.0,0.0,0.0,-2836.1738284520043,0.0
38656615,4872.44565731011,4038.3363257828078,2,2436.222828655055,0.0,0.0,0.0,0.0,0.0,0.0,0.0,0.0,0.17118904759376644,0.0,0.0,0.8288109524062335,0.0,-4872.44565731011,0.0
38782045,4782.058621778173,4782.058621778173,1,4782.058621778173,2229.0465150661757,0.0,0.0,0.0,0.0,0.0,0.0,0.0,1.0,0.0,0.0,0.0,0.0,-2553.012106711997,-1.1453381925662522
38809330,16026.320201144998,4901.185885376442,5,3205.2640402289994,13638.468999490471,0.0,0.0,0.0,0.30582103838323893,0.0,0.0,0.0,0.18488803211598662,0.0,0.0,0.5092909295007746,0.0,-2387.8512016545274,-0.17508205662554474
38822067,10513.387688738854,7082.820915084556,2,5256.693844369427,0.0,0.0,0.0,0.0,0.0,0.0,0.0,0.0,0.32630460087844587,0.0,0.0,0.6736953991215541,0.0,-10513.387688738854,0.0
38834866,27736.333800661774,6390.348173499138,6,4622.722300110297,0.0,0.0,0.0,0.0,0.0,0.10372753575833908,0.0,0.0,0.6099558319066873,0.0,0.0,0.1624156727354845,0.12390095959948907,-27736.333800661774,0.0
38835535,13359.01967557368,3549.498254307547,6,2226.50327926228,0.0,0.0,0.0,0.0,0.0,0.0,0.0,0.0,0.23919065701572859,0.0,0.0,0.33792704433382176,0.42288229865044963,-13359.01967557368,0.0
38870289,13083.463586397922,5139.360871730557,4,3270.8658965994805,7108.816390053281,0.0,0.0,0.0,0.0,0.0,0.0,0.0,1.0,0.0,0.0,0.0,0.0,-5974.647196344641,-0.8404559730512129
38920327,10938.539910827767,4645.641695059114,3,3646.179970275922,330.1381050308123,0.0,0.0,0.0,0.0,0.0,0.0,0.0,1.0,0.0,0.0,0.0,0.0,-10608.401805796955,-32.133224381374745
38923802,10455.648257756735,3500.720061490127,4,2613.9120644391837,0.0,0.3251288993677228,0.0,0.0,0.0,0.0,0.0,0.0,0.3348161658836454,0.0,0.0,0.3400549347486317,0.0,-10455.648257756735,0.0
38934925,20128.075776407237,5704.796447800875,5,4025.6151552814476,0.0,0.0,0.0,0.2039974321458111,0.11899511606463166,0.0,0.0,0.0,0.0,0.0,0.0,0.6770074517895573,0.0,-20128.075776407237,0.0
38962217,33935.74427913396,5708.593286603533,9,3770.638253237107,0.0,0.593299949289697,0.10884502948090785,0.0,0.0,0.0,0.0,0.0,0.25154447309357547,0.0,0.0,0.0,0.04631054813581956,-33935.74427913396,0.0
38993436,129692.04358229385,10000.0,34,3814.471870067466,415.2150215103741,0.017623037853204293,0.04531717877107882,0.0,0.09302016119085728,0.0401714621974469,0.024880625277287856,0.01332534517443578,0.39353397157065984,0.0,0.03749997490807419,0.3346282430569551,0.0,-129276.82856078348,-311.3491127814448
38998107,7861.624635445688,6902.619510740448,3,2620.5415451485624,2328.0985041002145,0.0,0.0,0.0,0.0,0.0,0.0,0.0,1.0,0.0,0.0,0.0,0.0,-5533.526131345473,-2.376843643685997
39004138,1616.9350696562992,1616.9350696562992,1,1616.9350696562992,2043.201040899954,0.0,0.0,0.0,0.0,0.0,0.0,0.0,0.0,0.0,0.0,1.0,0.0,426.26597124365475,0.20862654369826497
39019488,6335.600519123519,4687.847708384879,2,3167.8002595617595,0.0,0.0,0.0,0.0,0.260078394426073,0.0,0.0,0.0,0.0,0.0,0.0,0.7399216055739269,0.0,-6335.600519123519,0.0
39023645,14202.511779823055,5726.530274244466,3,4734.170593274352,4088.950100159648,0.0,0.0,0.0,0.0,0.0,0.0,0.0,0.6814900921781509,0.0,0.0,0.31850990782184907,0.0,-10113.561679663408,-2.4733883837977224
39051248,3179.3396984981514,2205.949695625891,3,1059.7798994993839,11733.744611720293,0.0,0.0,0.0,0.0,0.0,0.0,0.0,0.20867813173420455,0.0,0.0,0.09748292533436465,0.6938389429314307,8554.404913222139,0.7290430460432505
39057632,9400.36853520182,4170.836437027711,3,3133.456178400607,0.0,0.0,0.0,0.0,0.0,0.4436886087400791,0.0,0.0,0.2999031739584442,0.0,0.0,0.2564082173014767,0.0,-9400.36853520182,0.0
39155143,5544.239113399624,5544.239113399624,1,5544.239113399624,13803.3053265101,0.0,0.0,0.0,0.0,0.0,0.0,0.0,1.0,0.0,0.0,0.0,0.0,8259.066213110476,0.5983397467306928
39155624,12436.78979442301,3501.9158479307407,6,2072.798299070502,2235.5280326764364,0.0,0.2815771518065774,0.0649033832612432,0.0,0.0,0.0,0.1395599327562826,0.0,0.0,0.0,0.513959532175897,0.0,-10201.261761746575,-4.563244840876963
39228721,5675.380597900606,2997.6569233187474,2,2837.690298950303,0.0,0.0,0.0,0.0,0.0,0.0,0.0,0.0,1.0,0.0,0.0,0.0,0.0,-5675.380597900606,0.0
39244004,13925.96207077643,3560.368751513952,5,2785.192414155286,0.0,0.0,0.0,0.0,0.0,0.239787179965146,0.0,0.0,0.0,0.0,0.25566411379113047,0.27938904525302616,0.22515966099069748,-13925.96207077643,0.0
39248376,33697.96449597343,5698.234386633219,9,3744.2182773303807,1100.6439957940045,0.0,0.0,0.006479438276486317,0.0,0.0,0.0,0.16834355456159256,0.5491111509526995,0.0,0.0,0.2760658562092217,0.0,-32597.320500179427,-29.61658867421861
39254452,21290.61593883378,5596.082669290598,8,2661.3269923542225,3919.123838993319,0.0,0.0,0.0,0.11565053334928697,0.28922970825764205,0.0,0.0,0.044222192651285575,0.0,0.0,0.5508975657417855,0.0,-17371.492099840463,-4.432493795425094
39278470,10975.701197382336,3086.286238631475,7,1567.9573139117622,1923.142449503631,0.0,0.0,0.0,0.1953890010844766,0.3899014001826251,0.0,0.0,0.2811926257037266,0.0,0.0,0.13351697302917181,0.0,-9052.558747878704,-4.707170157995939
39306103,38044.32370079299,5817.18489982459,11,3458.574881890272,468.2386708714369,0.09843074024479986,0.0,0.0,0.0,0.0,0.0,0.0,0.7170527895002088,0.0,0.0,0.031611008047935915,0.1529054622070555,-37576.08502992156,-80.24985411817626
39366400,19981.081765360912,4662.274411057748,8,2497.635220670114,1390.4229177285865,0.0,0.0,0.0,0.0,0.0,0.0,0.0,0.45513021282383925,0.0,0.0,0.2751928385942516,0.2696769485819092,-18590.658847632327,-13.37050663549352
39427894,9920.922406815322,6056.598928196425,2,4960.461203407661,0.0,0.0,0.0,0.0,0.0,0.0,0.0,0.0,0.6104874808854222,0.0,0.0,0.38951251911457785,0.0,-9920.922406815322,0.0
39435631,10425.64108218794,6274.061307096158,2,5212.82054109397,0.0,0.39820858423610006,0.0,0.0,0.0,0.0,0.0,0.0,0.6017914157638998,0.0,0.0,0.0,0.0,-10425.64108218794,0.0
39446009,6122.26238055063,3024.3279287410974,5,1224.452476110126,0.0,0.0,0.0,0.0,0.0,0.0,0.0,0.0,0.881245079920622,0.0,0.0,0.11875492007937809,0.0,-6122.26238055063,0.0
39543395,6408.638198821337,4051.003094345397,2,3204.3190994106685,546.7993484838465,0.0,0.0,0.0,0.0,0.0,0.0,0.0,0.0,0.0,0.3678839452833445,0.6321160547166556,0.0,-5861.838850337491,-10.720274021157984
39576421,3988.520991557616,2646.095441854684,2,1994.260495778808,0.0,0.0,0.0,0.0,0.0,0.0,0.0,0.0,0.6634277336024044,0.0,0.0,0.3365722663975956,0.0,-3988.520991557616,0.0
39607984,12827.888607902643,10000.0,3,4275.962869300881,3835.292032867621,0.0,0.7795515151136784,0.0,0.0,0.20668544154949908,0.0,0.0,0.013763043336822545,0.0,0.0,0.0,0.0,-8992.596575035022,-2.344696700530343
39666304,3352.030471152472,2250.367868532373,2,1676.015235576236,298.3696243378304,0.0,0.0,0.0,0.0,0.0,0.0,0.0,1.0,0.0,0.0,0.0,0.0,-3053.6608468146414,-10.23448969911602
39675070,4756.667638407328,2537.186060648189,2,2378.333819203664,1072.519525545787,0.0,0.0,0.0,0.0,0.0,0.0,0.0,0.4666043008424878,0.0,0.0,0.5333956991575122,0.0,-3684.148112861541,-3.435040598432686
39697819,20510.11329281918,5332.460607959004,4,5127.528323204795,0.0,0.0,0.0,0.0,0.0,0.0,0.0,0.0,0.7759181789699311,0.0,0.0,0.22408182103006885,0.0,-20510.11329281918,0.0
39700063,31325.42370990528,7955.115503074122,11,2847.765791809571,2104.3613753284594,0.0,0.12223053797047928,0.0,0.0,0.0,0.0,0.0,0.795984369132879,0.0,0.0,0.08178509289664183,0.0,-29221.06233457682,-13.88595261116492
39798152,38997.40744905189,5677.945833521219,9,4333.045272116877,2861.1889926657686,0.0,0.0,0.0,0.0,0.0,0.0,0.4298700123915968,0.19261034998098037,0.0,0.0,0.18145756013786574,0.19606207748955704,-36136.21845638612,-12.62979081389448
39961512,28431.76188209599,5896.500821135926,12,2369.3134901746657,2731.130149708201,0.0,0.0,0.0,0.17760278000973215,0.0,0.0,0.0,0.5069981882357633,0.0,0.0,0.3153990317545045,0.0,-25700.631732387792,-9.410255214360141
39996040,11983.979691842998,2628.3484618101033,6,1997.3299486404999,0.0,0.0,0.0,0.0,0.0514996391497228,0.18514345387647096,0.0,0.0,0.3783719558109626,0.21932183877106468,0.16566311239177897,0.0,0.0,-11983.979691842998,0.0
40076865,90914.98359116947,7910.115466177622,22,4132.499254144067,822.4982566306398,0.053741877023356296,0.12880000809987563,0.0,0.0,0.0,0.0,0.0,0.3796906558563583,0.0,0.0,0.43776745902040964,0.0,-90092.48533453884,-109.53516874747221
40087755,29783.284417828057,10000.0,7,4254.7549168325795,0.0,0.0,0.1594288299232149,0.0,0.0,0.0,0.0,0.0,0.5135858045911041,0.0,0.0,0.32698536548568097,0.0,-29783.284417828057,0.0
40096956,17439.33311568754,10000.0,4,4359.833278921885,72.2821442345643,0.0,0.0,0.0,0.0,0.0,0.0,0.0,0.9594718065489811,0.0,0.0,0.04052819345101898,0.0,-17367.050971452976,-240.2675121963011
40111780,2425.657762734203,2301.903540321815,2,1212.8288813671015,0.0,0.0,0.0,0.0,0.0,0.0,0.0,0.0,0.05101883056779294,0.0,0.0,0.9489811694322071,0.0,-2425.657762734203,0.0
40120846,15908.691199529547,5334.155033936526,6,2651.4485332549243,0.0,0.0,0.0,0.33529816922301364,0.0,0.0,0.0,0.0,0.30153896206719344,0.0,0.0,0.14058154936314882,0.22258131934664405,-15908.691199529547,0.0
40122835,16530.001466935068,5279.849821557184,6,2755.000244489178,0.0,0.0,0.1785126845349872,0.0,0.294361736429286,0.0,0.0,0.0,0.020888251101196496,0.0,0.0,0.5062373279345304,0.0,-16530.001466935068,0.0
40140997,58542.290277164364,5847.151214717088,17,3443.6641339508446,0.0,0.0,0.0,0.057876852547750164,0.0,0.024796790914302976,0.0,0.0,0.3525550303710819,0.01661734874694112,0.08006406432382435,0.41112363311093963,0.0569662799851599,-58542.290277164364,0.0
40145008,15687.124785536736,4529.841414475191,5,3137.4249571073474,1043.1910424275452,0.0,0.0,0.0,0.0,0.0,0.0,0.3058780951544802,0.6941219048455198,0.0,0.0,0.0,0.0,-14643.93374310919,-14.037633709959971
40155054,3080.6430718210995,3080.6430718210995,1,3080.6430718210995,532.6370556559345,0.0,1.0,0.0,0.0,0.0,0.0,0.0,0.0,0.0,0.0,0.0,0.0,-2548.0060161651654,-4.78375657327734
40179997,20923.490773317302,5571.6002648654585,6,3487.24846221955,0.0,0.0,0.0,0.0,0.0,0.28997627614716764,0.0,0.0,0.20553487971690598,0.0,0.0,0.5044888441359263,0.0,-20923.490773317302,0.0
40209725,1494.2360773669902,892.2329774992955,3,498.07869245566343,296.561476992399,0.0,0.0,0.0,0.0,0.0,0.0,0.3054250910405473,0.09745843518811324,0.0,0.0,0.5971164737713394,0.0,-1197.6746003745914,-4.038537346525585
40265801,5856.988333860005,2967.9336849092283,2,2928.4941669300024,0.0,0.0,0.0,0.0,0.0,0.0,0.0,0.0,0.5067337538904118,0.0,0.0,0.49326624610958825,0.0,-5856.988333860005,0.0
40294513,70906.71078081433,7472.135564510377,19,3731.9321463586493,232.6282333393318,0.01590226778529248,0.10537980795087393,0.0,0.0,0.04636118919697708,0.0,0.0,0.4339660042725803,0.0,0.0,0.3983907307942763,0.0,-70674.08254747502,-303.80698650788287
40305033,34840.572128641565,4848.14795312705,10,3484.057212864156,668.98493619731,0.0,0.0,0.0,0.6211248050665253,0.0,0.0,0.09615814523671848,0.16933019078111192,0.0,0.0,0.1133868589156443,0.0,-34171.58719244425,-51.07975582631909
40357841,5200.972163537049,4314.882183440299,2,2600.4860817685244,531.516158745084,0.0,0.0,0.0,0.0,0.0,0.0,0.0,1.0,0.0,0.0,0.0,0.0,-4669.456004791965,-8.785162836472567
40389347,14181.800642881968,6772.609514449287,3,4727.266880960656,0.0,0.0,0.4775563896992551,0.0,0.37059818807317924,0.0,0.0,0.0,0.15184542222756572,0.0,0.0,0.0,0.0,-14181.800642881968,0.0
40545365,10237.506795131363,6771.867926973741,2,5118.753397565682,0.0,0.0,0.0,0.0,0.0,0.0,0.0,0.0,1.0,0.0,0.0,0.0,0.0,-10237.506795131363,0.0
40547042,12501.213683494145,3223.1038764867667,7,1785.887669070592,1742.21934010611,0.0,0.24924792374837784,0.04858410807434089,0.0,0.0,0.0,0.0,0.22525922026286582,0.0,0.0,0.4769087479144154,0.0,-10758.994343388036,-6.175453397694896
40550328,10703.064381181302,4663.005583055304,3,3567.688127060434,0.0,0.0,0.0,0.0,0.0,0.0,0.0,0.0,0.1427210378658674,0.0,0.0,0.42160881973509706,0.43567014239903556,-10703.064381181302,0.0
40554449,5958.935517148917,3304.27648611339,3,1986.311839049639,0.0,0.0,0.0,0.6556585086167749,0.0,0.0,0.0,0.0,0.0,0.0,0.0,0.3443414913832251,0.0,-5958.935517148917,0.0
40576952,73112.89949927515,6119.288917668971,24,3046.3708124697982,0.0,0.08017026876270837,0.06151000404038562,0.06284660644488589,0.049236578291881716,0.017456352201445674,0.0,0.06597455691697404,0.26004193857842695,0.0477171813911086,0.0,0.2357336389175685,0.11931287445461462,-73112.89949927515,0.0
40580524,80840.21546471833,6451.383089155868,23,3514.7919767268845,0.0,0.0,0.030737256808599536,0.1420108908136972,0.046377644372192633,0.015477287128544844,0.0,0.0825129695160909,0.4712829571493132,0.0,0.0,0.21160099421156173,0.0,-80840.21546471833,0.0
40596706,63049.058737117106,5728.7061413411475,19,3318.3715124798478,284.90059023357975,0.0,0.0,0.0,0.06003564521959277,0.0,0.0,0.0,0.3312500078677654,0.0,0.0,0.5516494595482037,0.05706488736443822,-62764.15814688352,-220.30195899357543
40613469,8298.158862829348,3248.6971552501477,4,2074.539715707337,4707.994801404715,0.0,0.0,0.0,0.0,0.0,0.0,0.0,1.0,0.0,0.0,0.0,0.0,-3590.164061424633,-0.7625675500647203
40640942,25563.37134887354,4809.959051601453,9,2840.3745943192826,0.0,0.0,0.3465870363766187,0.0,0.0,0.0,0.0,0.0,0.471175398884933,0.0,0.0,0.18223756473844835,0.0,-25563.37134887354,0.0
40714963,12405.055456470303,4448.241494172844,4,3101.263864117576,0.0,0.0,0.0,0.0,0.0,0.0,0.0,0.0,0.7079676655230241,0.0,0.0,0.29203233447697585,0.0,-12405.055456470303,0.0
40778808,17175.940442422758,5150.186985016756,6,2862.656740403793,2154.840532603645,0.0,0.0,0.0,0.0,0.18916130807615483,0.0,0.0,0.29984890796991465,0.0,0.0,0.5109897839539307,0.0,-15021.099909819111,-6.970863821495625
40863204,24318.565900413214,5135.295322752174,8,3039.8207375516517,0.0,0.0,0.0,0.0,0.1415499627999667,0.0,0.0,0.0,0.3770984962342155,0.0,0.0,0.48135154096581784,0.0,-24318.565900413214,0.0
40876151,20087.856629338574,5828.648444098429,6,3347.976104889762,1338.0808188381036,0.0,0.0,0.0,0.0,0.0,0.0,0.45822525740996006,0.07739527714891543,0.0,0.0,0.4643794654411244,0.0,-18749.77581050047,-14.012438969703991
40912833,87320.6441317136,8807.540875752766,27,3234.097930804208,0.0,0.0,0.044580929217640945,0.0,0.0025872165153089993,0.0478276347506339,0.0,0.04941272599810367,0.46445637823125585,0.0,0.0,0.39113511528705663,0.0,-87320.6441317136,0.0
40925000,38919.462320168655,6130.1577889089795,10,3891.9462320168655,0.0,0.0,0.0,0.0,0.0,0.0,0.0,0.0,0.6557311578403459,0.0,0.0,0.2030299121133643,0.1412389300462898,-38919.462320168655,0.0
40956986,5023.869172198765,4472.485216412776,2,2511.9345860993826,0.0,0.0,0.0,0.0,0.0,0.0,0.0,0.10975284922570298,0.890247150774297,0.0,0.0,0.0,0.0,-5023.869172198765,0.0
40988338,10076.148234764747,6627.4452963786425,3,3358.7160782549154,14644.468401323093,0.06161476272094432,0.28064925107029615,0.0,0.6577359862087596,0.0,0.0,0.0,0.0,0.0,0.0,0.0,0.0,4568.320166558346,0.3119485147132831
41001414,18775.1648817339,4587.980569383834,5,3755.0329763467803,0.0,0.0,0.0,0.0,0.0,0.0,0.0,0.0,0.7615591203286739,0.0,0.0,0.23844087967132604,0.0,-18775.1648817339,0.0
41034695,10834.818135391244,4721.680211875798,4,2708.704533847811,0.0,0.0,0.0,0.0,0.0,0.0,0.0,0.0,0.8715998733287122,0.0,0.12840012667128767,0.0,0.0,-10834.818135391244,0.0
41056828,2689.951127341084,2325.505000246237,2,1344.975563670542,84.9745575200554,0.0,0.0,0.0,0.0,0.0,0.0,0.0,0.13548429314962632,0.0,0.0,0.8645157068503737,0.0,-2604.976569821029,-30.65595921704225
41123509,13596.83491218549,4510.774727640598,4,3399.2087280463725,498.2136578476928,0.0,0.0,0.0,0.0,0.0,0.0,0.0,0.7451791912644355,0.0,0.0,0.25482080873556445,0.0,-13098.621254337797,-26.291172568260126
41154478,10373.051395176204,3623.2353902092073,5,2074.610279035241,10962.753994418326,0.0,0.0,0.3390572923703504,0.0,0.22894312371339634,0.0,0.0,0.08270647312590987,0.0,0.0,0.3492931107903433,0.0,589.7025992421217,0.053791465132061525
41163737,33808.5841902511,5749.8218641968815,16,2113.036511890694,5258.928912027228,0.0,0.0,0.0,0.0,0.0,0.0,0.0,0.3335243066196719,0.0,0.0,0.49640581314396853,0.1700698802363595,-28549.655278223872,-5.428796577365878
41209395,16845.161017186812,4862.146920389824,7,2406.4515738838304,2259.7936349965,0.11610245377770845,0.0,0.0,0.0,0.0,0.0,0.23313443722679744,0.2886376043202593,0.0,0.0,0.3621255046752348,0.0,-14585.36738219031,-6.454291735454375
41238085,11458.497876644273,4642.578363311641,4,2864.624469161068,1904.1208953128385,0.0,0.0,0.0,0.0,0.4051646571209439,0.0,0.09971398668100773,0.2843588868455159,0.0,0.0,0.21076246935253248,0.0,-9554.376981331436,-5.017736533877852
41252290,27639.82858618304,6636.493594247479,6,4606.638097697173,601.4711080834243,0.0,0.0,0.0,0.0,0.0,0.0,0.0,0.6365524486695949,0.0,0.0,0.36344755133040507,0.0,-27038.357478099617,-44.9537095210721
41276978,22598.557110174683,5827.962823936842,8,2824.8196387718353,517.8098211844383,0.038370662681251694,0.10393948781392692,0.0,0.08286629584580239,0.0,0.0,0.023738177895484134,0.09057850466070765,0.0,0.40261594490237157,0.2578909262004557,0.0,-22080.747288990242,-42.642581089873374
41436741,14491.932417749133,4570.226898715998,5,2898.3864835498266,0.0,0.0,0.0,0.0,0.0,0.0,0.0,0.0,0.24115656385168224,0.0,0.0,0.7588434361483178,0.0,-14491.932417749133,0.0
41476861,5322.65472981126,2913.6608465109966,2,2661.32736490563,0.0,0.0,0.0,0.0,0.0,0.0,0.0,0.0,0.4525925511959115,0.0,0.0,0.5474074488040884,0.0,-5322.65472981126,0.0
41544391,2815.8327243164094,1515.2012251205035,2,1407.9163621582047,0.0,0.0,0.0,0.0,0.0,0.0,0.0,0.0,0.46189941894068154,0.0,0.0,0.5381005810593185,0.0,-2815.8327243164094,0.0
41581720,3958.1013440603774,1656.0962013919489,4,989.5253360150944,1611.7630322361608,0.0,0.0,0.0,0.27287388568542964,0.0,0.0,0.0,0.46411052704167377,0.0,0.0,0.26301558727289664,0.0,-2346.3383118242164,-1.455758858402966
41589372,23025.738274790125,5848.698627979148,7,3289.391182112875,1916.9181462719887,0.0,0.0,0.0,0.23390714116420577,0.0,0.0,0.0,0.0,0.0,0.13515510281727658,0.5514528916654968,0.07948486435302082,-21108.820128518135,-11.011852628955726
41641402,3166.642183922329,1289.4123814548557,3,1055.5473946407762,3151.363692999369,0.0,0.0,0.0,0.0,0.0,0.0,0.0,0.757556826049761,0.0,0.0,0.24244317395023893,0.0,-15.278490922959964,-0.00484821569687451
41686632,8028.601275353762,2945.7761404445996,4,2007.1503188384404,0.0,0.0,0.0,0.0,0.0,0.0,0.0,0.29707786031355043,0.0,0.0,0.0,0.7029221396864496,0.0,-8028.601275353762,0.0
41691879,27904.088369297195,5019.639257738993,7,3986.298338471028,0.0,0.0,0.0,0.0,0.0,0.17510535180544085,0.0,0.0,0.44452250193943915,0.0,0.0,0.38037214625512,0.0,-27904.088369297195,0.0
41699539,15979.417290057727,4706.6879032678535,7,2282.7738985796755,0.0,0.0,0.0,0.0,0.0,0.0,0.0,0.0,0.8704349211568128,0.0,0.0,0.12956507884318724,0.0,-15979.417290057727,0.0
41708668,101771.5878911835,10000.0,17,5986.563993599029,0.0,0.0,0.25984273361310883,0.0,0.0,0.0,0.0,0.0,0.6699928430147853,0.0,0.0,0.07016442337210585,0.0,-101771.5878911835,0.0
41730464,5386.11676547633,3888.3173386944736,3,1795.3722551587769,0.0,0.0,0.0,0.0,0.0,0.0,0.0,0.13117663909075053,0.8688233609092495,0.0,0.0,0.0,0.0,-5386.11676547633,0.0
41786362,17896.027416273966,5524.562288300853,6,2982.6712360456613,850.485235027144,0.0,0.0,0.0,0.0,0.0,0.0,0.0,0.46218562540194574,0.0,0.0,0.22911109873712066,0.3087032758609336,-17045.542181246823,-20.04213768708495
41802423,4857.047020242198,2634.6866853767574,2,2428.523510121099,0.0,0.0,0.0,0.0,0.0,0.0,0.0,0.0,1.0,0.0,0.0,0.0,0.0,-4857.047020242198,0.0
41876957,23640.54838008162,6897.6786019500305,8,2955.0685475102023,6504.856668725091,0.0,0.0,0.0,0.0,0.20514771594677014,0.0,0.0,0.4754537918163202,0.0,0.29177320640166193,0.027625285835247617,0.0,-17135.69171135653,-2.6342919735255306
41886838,9619.03903512436,3192.5647042190762,5,1923.8078070248723,669.3393903694965,0.0,0.0,0.0,0.0,0.0,0.0,0.0,0.675921385456202,0.0,0.0,0.32048267196518265,0.0035959425786153396,-8949.699644754864,-13.370944207861946
41900854,24920.84565663969,5893.071948690644,6,4153.474276106615,0.0,0.0,0.13532901452591575,0.0,0.0,0.0,0.0,0.0609289135271454,0.0,0.0,0.20357732441673268,0.6001647475302062,0.0,-24920.84565663969,0.0
41921236,89946.59714431905,7120.371950704212,19,4734.031428648372,1432.831577852836,0.026406672386792108,0.0,0.05773568043611221,0.0,0.0,0.0,0.0,0.8196540557243223,0.0,0.0,0.0,0.0962035914527734,-88513.76556646622,-61.775415153194885
41924488,6344.791511996998,2706.6365114723476,3,2114.9305039989995,0.0,0.0,0.0,0.0,0.0,0.2855150990448951,0.0,0.0,0.42659187561238626,0.0,0.0,0.2878930253427186,0.0,-6344.791511996998,0.0
42003838,18555.627942247804,8718.328444535839,3,6185.209314082601,0.0,0.46984820301800634,0.0,0.0,0.0,0.0,0.0,0.0,0.32992817877241165,0.0,0.0,0.20022361820958193,0.0,-18555.627942247804,0.0
42029469,105404.94540322392,8475.580168375576,35,3011.5698686635405,4121.96638361391,0.0,0.05668119102699876,0.0,0.07814981140299432,0.0,0.0,0.0,0.6737129916549165,0.0,0.0,0.19145600591509052,0.0,-101282.97901961001,-24.571519899395867
42041203,6392.21192106993,3301.9165738722722,2,3196.105960534965,0.0,0.0,0.0,0.0,0.0,0.0,0.0,0.0,0.48344694846731606,0.0,0.0,0.5165530515326839,0.0,-6392.21192106993,0.0
42049628,80616.05600463631,10000.0,24,3359.0023335265128,11.3319595171473,0.25248829665376227,0.0,0.0,0.0,0.0,0.0,0.0,0.3522811830719469,0.12315290349838928,0.0,0.23506310244995526,0.03701451432594614,-80604.72404511916,-7113.043769980793
42139079,10756.674167405163,4131.546717686774,5,2151.3348334810325,0.0,0.2775368095796122,0.0,0.0,0.0,0.0,0.0,0.0,0.049510190784428705,0.0,0.0,0.6729529996359591,0.0,-10756.674167405163,0.0
42215911,19266.504296176878,3432.2847766218997,7,2752.3577565966966,2677.1325201688205,0.0,0.0,0.0,0.0,0.0,0.0,0.0,0.34924811980016174,0.0,0.0,0.35124043546525807,0.2995114447345802,-16589.371776008058,-6.196694280551315
42222455,29618.834307673478,4974.802706281121,9,3290.9815897414974,0.0,0.0,0.0,0.0,0.667369924882424,0.0,0.0,0.0,0.13023064234342624,0.0,0.0,0.20239943277414982,0.0,-29618.834307673478,0.0
42277473,7457.1792415680075,3733.090145447897,2,3728.5896207840037,0.0,0.0,0.0,0.0,0.0,0.0,0.0,0.0,0.0,0.0,0.5006035156884532,0.4993964843115469,0.0,-7457.1792415680075,0.0
42278615,91978.68717211082,10000.0,19,4840.983535374254,2723.546551273997,0.0,0.0,0.0,0.0,0.06342970528791445,0.0,0.0,0.5951462771212735,0.0,0.0,0.32374543329448185,0.01767858429633021,-89255.14062083683,-32.771659650570626
42303611,2903.339874861493,2560.2733247859355,2,1451.6699374307466,0.0,0.0,0.0,0.0,0.0,0.0,0.0,0.0,1.0,0.0,0.0,0.0,0.0,-2903.339874861493,0.0
42338537,9743.224570400645,6769.566733867976,3,3247.741523466882,1464.7167237042552,0.0,0.0,0.0,0.0,0.0,0.0,0.0,0.9332401255811132,0.0,0.0,0.06675987441888677,0.0,-8278.507846696391,-5.651951474794471
42338613,19648.007894066,6440.96489124009,7,2806.8582705808567,1545.3170959912613,0.0,0.0,0.0,0.0,0.0,0.0,0.0,0.29657831890491054,0.0,0.0,0.7034216810950895,0.0,-18102.690798074735,-11.714547677648358
42357033,6879.2161539645,5533.10606938103,2,3439.60807698225,0.0,0.0,0.0,0.0,0.0,0.0,0.0,0.0,1.0,0.0,0.0,0.0,0.0,-6879.2161539645,0.0
42406599,44562.45144518567,5636.693591680424,14,3183.03224608469,0.0,0.0,0.0,0.0,0.0,0.0,0.0,0.0,0.35874150348719563,0.0,0.0,0.5147687409253254,0.12648975558747874,-44562.45144518567,0.0
42435747,32929.87731081793,4037.1427433866984,13,2533.067485447533,18068.770566065657,0.0,0.3882413351497137,0.0,0.0,0.0,0.0,0.0,0.21394661768060028,0.0,0.0,0.3978120471696861,0.0,-14861.10674475227,-0.8224747052055886
42446482,13162.644509128797,10000.0,2,6581.3222545643985,0.0,0.0,0.0,0.0,0.0,0.0,0.0,0.0,0.7597257521514479,0.0,0.0,0.2402742478485521,0.0,-13162.644509128797,0.0
42464021,7590.888197604343,4669.486588071443,3,2530.2960658681145,1580.6420415761165,0.0,0.0,0.8177167333212021,0.0,0.0,0.0,0.0,0.182283266678798,0.0,0.0,0.0,0.0,-6010.246156028227,-3.802408134124529
42483548,4428.209124034163,3249.4203497947547,3,1476.0697080113878,0.0,0.7338001116881502,0.0,0.0,0.0,0.0,0.0,0.0,0.2661998883118498,0.0,0.0,0.0,0.0,-4428.209124034163,0.0
42483905,20233.890500236765,6449.715162603726,7,2890.5557857481094,0.0,0.1474285472979066,0.0,0.0,0.0,0.0,0.0,0.0,0.5147604888873754,0.0,0.0,0.13404273105963413,0.20376823275508385,-20233.890500236765,0.0
42508980,18671.65146615115,10000.0,4,4667.9128665377875,1508.285783199325,0.0,0.0,0.0,0.0,0.1369700349203709,0.0,0.0,0.7018989458781665,0.0,0.0,0.16113101920146256,0.0,-17163.365682951826,-11.37938570669643
42516851,13960.246118376688,3997.194952457492,6,2326.7076863961147,0.0,0.0,0.0,0.0,0.0,0.0,0.0,0.0,0.22355561488071887,0.0,0.0,0.5357457534410106,0.2406986316782706,-13960.246118376688,0.0
42589719,7578.870647658945,4281.71619380222,3,2526.290215886315,0.0,0.0,0.0,0.0,0.0,0.0,0.0,0.0,1.0,0.0,0.0,0.0,0.0,-7578.870647658945,0.0
42617991,59410.09813651621,7086.34300222794,16,3713.131133532263,604.3125028775396,0.0,0.17888332771763638,0.0,0.030215962398953862,0.0,0.0,0.0,0.46278351533310164,0.04709447511311355,0.0,0.28102271943719453,0.0,-58805.78563363867,-97.31022501375472
42628983,28840.072604393692,7465.668469339508,5,5768.014520878738,3317.7748932393133,0.0,0.0,0.0,0.15847872142459424,0.0,0.0,0.0,0.8415212785754058,0.0,0.0,0.0,0.0,-25522.29771115438,-7.692594745701887
42651926,4496.015979569524,4496.015979569524,1,4496.015979569524,3917.4020264098394,0.0,0.0,0.0,0.0,0.0,0.0,0.0,0.0,0.0,0.0,1.0,0.0,-578.6139531596839,-0.1477034905426756
42652067,2325.191461812648,2325.191461812648,1,2325.191461812648,544.4525244429952,0.0,0.0,0.0,0.0,0.0,0.0,0.0,1.0,0.0,0.0,0.0,0.0,-1780.7389373696528,-3.270696447208958
42665318,8183.285675661463,4643.496899439867,4,2045.8214189153657,0.0,0.0,0.0,0.0,0.0,0.0,0.0,0.0,0.8612416129977656,0.0,0.0,0.13875838700223453,0.0,-8183.285675661463,0.0
42682774,8724.401127254923,3659.1096634852033,5,1744.8802254509847,54.1023373176484,0.0,0.0,0.0,0.0,0.128009957967058,0.0,0.0,0.8127204641937759,0.0,0.0,0.05926957783916608,0.0,-8670.298789937275,-160.2573792520603
42723341,19243.218197835984,8206.611556174299,3,6414.406065945328,0.0,0.0,0.0,0.0,0.0,0.0,0.0,0.0,0.0,0.0,0.0,1.0,0.0,-19243.218197835984,0.0
42745854,18935.364950065123,6452.2459549098485,7,2705.0521357235884,5305.463050094939,0.0,0.0835254753410306,0.0,0.0,0.0,0.0,0.38052793006864377,0.08960668461364509,0.0,0.0,0.4463399099766806,0.0,-13629.901899970182,-2.5690315381098134
42766824,4949.890438110029,2399.8266856409928,3,1649.9634793700097,5891.669059855663,0.0,0.0,0.0,0.0,0.0,0.0,0.4848242028074659,0.3604199487604126,0.0,0.0,0.15475584843212148,0.0,941.7786217456347,0.159849206087062
42774120,4480.596848090883,4480.596848090883,1,4480.596848090883,1689.6314063456737,0.0,0.0,0.0,0.0,0.0,0.0,0.0,0.0,0.0,0.0,1.0,0.0,-2790.9654417452093,-1.6518191075658895
42792271,2070.658380718793,1151.3347392336327,2,1035.3291903593965,0.0,0.0,0.0,0.0,0.0,0.0,0.0,0.0,1.0,0.0,0.0,0.0,0.0,-2070.658380718793,0.0
42826568,2792.4843266119383,1547.9312427484729,2,1396.2421633059691,0.0,0.0,0.0,0.0,0.0,0.0,0.0,0.0,0.0,0.0,0.0,1.0,0.0,-2792.4843266119383,0.0
42829614,17256.27322140195,6069.293908832399,8,2157.0341526752436,2139.6676720013215,0.0,0.0,0.0,0.0,0.0,0.0,0.0,0.38943391313607917,0.0,0.021380849015413424,0.4527464041998828,0.13643883364862472,-15116.605549400627,-7.064931506518219
42847483,6147.635717495757,4595.909230795341,2,3073.8178587478783,0.0,0.0,0.0,0.0,0.7475897144841704,0.0,0.0,0.0,0.0,0.0,0.0,0.25241028551582956,0.0,-6147.635717495757,0.0
42852273,35491.14876116907,6779.937804881328,8,4436.3935951461335,0.0,0.0,0.0,0.0,0.0,0.09679129339620134,0.0,0.0,0.7976863031137055,0.0,0.0,0.10552240349009319,0.0,-35491.14876116907,0.0
42860095,4391.366558310285,2399.550574080833,2,2195.6832791551424,0.0,0.0,0.0,0.0,0.0,0.0,0.0,0.0,0.0,0.0,0.0,1.0,0.0,-4391.366558310285,0.0
42882309,48916.97323329358,6828.759639572057,15,3261.1315488862388,176.7953713621697,0.0,0.0565695152019172,0.04456647781318439,0.2304959611119355,0.0,0.0,0.04832949564018864,0.23045027993739095,0.0,0.0,0.3895882702953834,0.0,-48740.177861931414,-275.6869565441618
42882581,8043.126097216358,5339.786712643546,2,4021.563048608179,0.0,0.0,0.0,0.0,0.0,0.0,0.0,0.0,0.663894442049291,0.0,0.0,0.3361055579507089,0.0,-8043.126097216358,0.0
42896150,29450.77495160511,6451.114375423974,10,2945.0774951605113,0.0,0.0,0.11687394279483745,0.11011095640701213,0.0,0.21904735566465555,0.0,0.0,0.3772030219040751,0.0,0.0,0.17676472322941966,0.0,-29450.77495160511,0.0
42978331,11927.160760588838,7156.364466875495,2,5963.580380294419,0.0,0.0,0.0,0.0,0.0,0.0,0.0,0.0,0.0,0.0,0.0,1.0,0.0,-11927.160760588838,0.0
43021759,3485.8792003345625,3354.916705920026,3,1161.9597334448542,13793.667072279239,0.0,0.0,0.0,0.0,0.0,0.0,0.0,0.03719453033890182,0.0,0.0,0.9628054696610981,0.0,10307.787871944676,0.7472840846405493
43040024,23232.106330776798,6440.424206301164,6,3872.017721796133,0.0,0.0,0.0,0.0,0.0,0.0746384229920337,0.0,0.0,0.8335649609305039,0.0,0.0,0.09179661607746223,0.0,-23232.106330776798,0.0
43069977,27693.56433318427,5001.8877884760695,10,2769.356433318427,1925.7706002573325,0.0,0.0,0.0,0.0,0.0,0.0,0.14985989513799286,0.3451560903994848,0.0,0.0,0.5049840144625224,0.0,-25767.793732926937,-13.380510497711251
43138759,27166.222158994962,4494.959767684021,12,2263.8518465829134,3917.631596575773,0.0,0.0,0.09984059719556962,0.0,0.17360133230722688,0.0,0.0,0.4448834565126524,0.0,0.0,0.281674613984551,0.0,-23248.590562419187,-5.934348340139932
43160962,29609.543987861853,5824.779528763399,9,3289.94933198465,1566.3550650362045,0.0,0.0,0.0,0.0,0.0,0.0,0.0,0.7574775206939486,0.0,0.18470811473663692,0.05781436456941443,0.0,-28043.188922825644,-17.903468727365123
43199243,10228.00392634831,4885.767107699642,6,1704.6673210580518,3182.0509326556135,0.0,0.038590040877234374,0.0,0.0,0.0,0.0,0.0,0.7697838038487792,0.0,0.0,0.1916261552739865,0.0,-7045.952993692697,-2.214280394252654
43236324,53085.532336166165,8330.53427559656,10,5308.553233616616,0.0,0.0,0.05889411550807858,0.0,0.0,0.0,0.0,0.06753294387106303,0.8446463007459126,0.0,0.0,0.028926639874945814,0.0,-53085.532336166165,0.0
43249330,58181.15316287106,10000.0,14,4155.79665449079,0.0,0.0,0.056833223923897586,0.047537413633717815,0.0,0.0,0.0,0.0,0.6726413279469601,0.0,0.04489118730225395,0.1780968471931705,0.0,-58181.15316287106,0.0
43272928,14599.32805779305,4720.87655935699,9,1622.1475619770056,886.7027539623921,0.0,0.0,0.0,0.0,0.18366777755205535,0.0,0.0,0.15289010598120567,0.0,0.0,0.6634421164667389,0.0,-13712.625303830657,-15.464737469860452
43286344,10549.26456466983,2875.6264400021687,5,2109.852912933966,2226.135531916452,0.0,0.18779502105149512,0.0,0.0,0.0,0.0,0.0,0.6018158510101191,0.0,0.0,0.2103891279383856,0.0,-8323.129032753379,-3.7388240353848095
43344407,87171.84596191182,9017.396052556236,22,3962.356634632356,532.753480502929,0.0,0.0,0.0,0.09809727310592814,0.0,0.0,0.0,0.6198943478626051,0.0,0.04395363907783903,0.2380547399536278,0.0,-86639.0924814089,-162.62510833269454
43380976,22765.87557442413,4512.34920714946,9,2529.5417304915704,0.0,0.0,0.0,0.07146602173755626,0.0,0.19820670601480267,0.0,0.0,0.06763264901062274,0.0,0.0,0.49669841325175557,0.1659962099852628,-22765.87557442413,0.0
43409179,18765.206204089336,7022.47270401629,6,3127.5343673482225,6033.891316370558,0.0,0.0,0.0,0.0,0.0,0.0,0.0,0.42906389281764706,0.0,0.0,0.570936107182353,0.0,-12731.314887718776,-2.1099675516490377
43471730,37720.6202142076,4129.493119372787,14,2694.330015300543,614.6496643523168,0.0,0.0,0.0,0.07673817612138485,0.0,0.0,0.11291962619327957,0.34626550584719085,0.0,0.0,0.3727956933380317,0.0912809985001131,-37105.97054985529,-60.36930092356833
43529630,1856.8725769875246,1856.8725769875246,1,1856.8725769875246,0.6223896664099999,0.0,0.0,0.0,0.0,0.0,0.0,0.0,0.0,0.0,0.0,0.0,1.0,-1856.2501873211145,-2982.456630470962
43562494,4469.594610142619,3477.223668244373,2,2234.7973050713094,0.0,0.0,0.22202705803481823,0.0,0.0,0.0,0.0,0.0,0.7779729419651819,0.0,0.0,0.0,0.0,-4469.594610142619,0.0
43595504,7804.516833418026,5294.354465583502,2,3902.258416709013,730.335990127376,0.0,0.0,0.0,0.0,0.0,0.0,0.0,0.0,0.0,0.0,1.0,0.0,-7074.180843290651,-9.686200514446591
43616468,15855.92926477331,5961.435840178577,4,3963.9823161933273,601.1344899002921,0.0,0.0,0.0,0.0,0.3759751787883501,0.0,0.0,0.42531507653943945,0.0,0.0,0.19870974467221056,0.0,-15254.794774873017,-25.37667532169593
43628200,20884.106001281147,4601.076627311774,9,2320.4562223645717,125.66749128989149,0.17388153155923428,0.0,0.0,0.0,0.0,0.0,0.0,0.38587464440818137,0.0,0.0,0.2199290723726609,0.2203147516599235,-20758.438509991254,-165.18542939721303
43684394,13901.15570651434,4865.59039587429,6,2316.8592844190566,0.0,0.0,0.0,0.0,0.0,0.0,0.0,0.3551984232353315,0.0,0.0,0.0,0.35001337288770773,0.2947882038769608,-13901.15570651434,0.0
43691294,13010.90028429062,3958.8705427409836,8,1626.3625355363274,0.0,0.0,0.0,0.0,0.18003470432208596,0.0,0.0,0.0,0.7632034804720416,0.0,0.0,0.0567618152058724,0.0,-13010.90028429062,0.0
43696141,36083.73007917409,5887.812239473938,7,5154.818582739156,0.0,0.0,0.0,0.0,0.0,0.0,0.0,0.0,0.18965794024654764,0.0,0.0,0.48498113940672416,0.32536092034672814,-36083.73007917409,0.0
43697174,31653.27462186336,4885.927872961599,10,3165.3274621863357,726.3035303508267,0.0,0.11699302267104719,0.0,0.0,0.0,0.0,0.0,0.3438972125793171,0.0,0.0,0.5391097647496357,0.0,-30926.971091512532,-42.581331081474794
43710568,10488.342932506179,3982.263451097816,5,2097.6685865012355,2676.149951505065,0.0,0.07947019763094028,0.0,0.0,0.3796847106091199,0.0,0.0,0.1083717003498033,0.0,0.0,0.1514342764258567,0.2810391149842798,-7812.1929810011125,-2.919191047798925
43757702,3038.930767485723,2870.5118633999527,2,1519.4653837428616,503.0328940177183,0.0,0.0,0.0,0.0,0.0,0.0,0.0,0.9445795521610015,0.0,0.0,0.05542044783899853,0.0,-2535.897873468005,-5.0412167944203725
43849199,17755.52094019627,5248.404012098882,5,3551.104188039254,127.68453991036549,0.056818567483562156,0.0,0.0,0.0,0.0,0.0,0.0,0.24303162598891892,0.0,0.0,0.700149806527519,0.0,-17627.836400285905,-138.0577195380164
43906944,20075.118922372803,3919.746487066746,7,2867.874131767543,0.0,0.0,0.0,0.0,0.0,0.0,0.0,0.13176980696460217,0.5675242210181857,0.0,0.0,0.30070597201721216,0.0,-20075.118922372803,0.0
43917919,1136.4770789975225,1136.4770789975225,1,1136.4770789975225,13.7509672800134,0.0,0.0,1.0,0.0,0.0,0.0,0.0,0.0,0.0,0.0,0.0,0.0,-1122.7261117175092,-81.64706444683031
43941814,26427.809307927902,4287.301869142985,11,2402.5281189025363,0.0,0.32581155849471904,0.0,0.0,0.0,0.0,0.0,0.0,0.1114678031115714,0.0,0.16099226217351584,0.40172837622019364,0.0,-26427.809307927902,0.0
43961857,8055.540478931114,2665.5443042656984,6,1342.5900798218524,0.0,0.0,0.23880421576174096,0.0,0.49303352089763214,0.0,0.0,0.0,0.08930501152816342,0.0,0.0,0.1788572518124636,0.0,-8055.540478931114,0.0
44000710,19854.485619814885,5837.753739340277,6,3309.080936635814,0.0,0.5726269065466855,0.0,0.0,0.0,0.0,0.0,0.0,0.07797223738332502,0.0,0.08012650467307032,0.13294241101754226,0.136331940379377,-19854.485619814885,0.0
44023658,187676.40986681255,7617.588487812252,43,4364.5676713212215,717.562610733285,0.01601524043274392,0.01414907358468035,0.0,0.0,0.0,0.0,0.01590131855371405,0.7362329543372736,0.0,0.021049956899928692,0.19665145619165933,0.0,-186958.84725607926,-260.54708600971276
44034040,44618.24986377447,6011.078667207242,12,3718.1874886478727,149.63759921870988,0.0,0.0,0.0,0.0,0.08159280047887438,0.0,0.08166640538428306,0.41140311165137294,0.0,0.0,0.42533768248546966,0.0,-44468.61226455576,-297.17539239292773
44052577,18891.3656232606,6621.683602684553,4,4722.84140581515,6861.456493816678,0.0,0.0,0.0,0.0,0.0,0.0,0.0,0.465289362386742,0.0,0.0,0.534710637613258,0.0,-12029.909129443922,-1.7532588219840621
44067409,4844.198239455976,4844.198239455976,1,4844.198239455976,1149.405518723312,0.0,0.0,0.0,0.0,1.0,0.0,0.0,0.0,0.0,0.0,0.0,0.0,-3694.7927207326643,-3.214524952722177
44069017,30147.6154507706,5899.164417320227,8,3768.451931346325,378.06852359808715,0.0,0.3564598522226246,0.0,0.0,0.0,0.0,0.0,0.4088820142859867,0.0,0.0,0.23465813349138867,0.0,-29769.546927172512,-78.74114100760102
44081792,69663.12136349788,8949.639607878262,19,3666.480071763046,337.8221978212847,0.0,0.0,0.0,0.047402049531741534,0.0,0.0,0.03499322608294769,0.8788975758780752,0.0,0.0,0.03870714850723558,0.0,-69325.2991656766,-205.21238572472728
44188973,71989.49525832271,6490.151523263225,17,4234.6761916660425,0.0,0.0,0.05442488023329322,0.03312406561422244,0.06625466962187246,0.0,0.0,0.0,0.5504726503139902,0.0,0.041582353088650936,0.2541413811279708,0.0,-71989.49525832271,0.0
44213157,34698.400222985576,4530.90467265069,13,2669.107709460429,238.4370025061503,0.06702509598828223,0.0,0.11397861600539386,0.0,0.0,0.0,0.0,0.2719954188125052,0.0,0.0,0.5470008691938186,0.0,-34459.963220479425,-144.52439369007146
44228246,24051.39358739062,4520.7601341922755,8,3006.4241984238274,385.9741890789195,0.47283168547424104,0.06924586610468453,0.0,0.0,0.0,0.0,0.0,0.35973728457545595,0.0,0.0,0.09818516384561857,0.0,-23665.4193983117,-61.313476568954904
44283704,75349.23376373347,7472.824199930548,21,3588.0587506539746,0.0,0.0,0.0,0.0,0.05506537664566587,0.0,0.0,0.05834167392233217,0.629166866089491,0.0,0.0,0.25742608334251105,0.0,-75349.23376373347,0.0
44312028,20123.52390956724,6444.969603570256,4,5030.88097739181,3739.647178574801,0.0,0.0,0.0,0.0,0.0,0.0,0.0,0.0,0.0,0.0,1.0,0.0,-16383.87673099244,-4.381129007265446
44312869,10156.842102117138,3359.9920546504914,4,2539.2105255292845,0.0,0.0,0.0,0.0,0.0,0.0,0.0,0.0,0.5714474556947527,0.0,0.0,0.4285525443052473,0.0,-10156.842102117138,0.0
44351633,16467.213413312933,4902.312952287541,5,3293.442682662587,0.0,0.0,0.0,0.0,0.0,0.0,0.2540242343873862,0.0,0.22087543450530975,0.0,0.0,0.5134340243425743,0.011666306764729675,-16467.213413312933,0.0
44352184,33802.15591765794,7154.783124796867,10,3380.215591765794,653.5524446095567,0.0,0.0,0.13228526241539565,0.005514048305755381,0.0,0.0,0.0,0.862200689278849,0.0,0.0,0.0,0.0,-33148.60347304838,-50.72064797011343
44354150,12943.089003484834,6543.618964672721,5,2588.6178006969667,0.0,0.0,0.0,0.0,0.01683368376832503,0.5055685673575216,0.0,0.0,0.1209589135711996,0.0,0.0,0.35663883530295365,0.0,-12943.089003484834,0.0
44381755,5054.1438239033,3613.0468886687936,2,2527.07191195165,0.0,0.0,0.0,0.0,0.0,0.0,0.0,0.2851317622618723,0.0,0.0,0.7148682377381277,0.0,0.0,-5054.1438239033,0.0
44391052,15315.657850007661,4256.638288636255,5,3063.131570001532,869.4322577686303,0.0,0.0,0.27792722521769614,0.0,0.17689989251537974,0.0,0.0,0.0,0.0,0.0,0.5451728822669242,0.0,-14446.225592239029,-16.61570003086244
44401781,29880.660929775968,8558.93033066685,6,4980.110154962661,0.0,0.04187385912055875,0.0,0.0,0.0,0.0,0.0,0.0,0.7490044900050298,0.0,0.0,0.20912165087441148,0.0,-29880.660929775968,0.0
44414071,34953.35817460244,4522.873598207104,11,3177.578015872949,0.0,0.03163627227964677,0.0,0.0,0.0,0.0,0.0,0.0,0.34873068382000305,0.0,0.0,0.6196330439003501,0.0,-34953.35817460244,0.0
44421061,42537.43930883822,4792.572223255812,19,2238.812595202012,0.0,0.006018439664819983,0.039360491826615995,0.0,0.047540573124473566,0.0,0.0,0.0,0.5162823844692902,0.0,0.12360020000953706,0.22527050490735445,0.04192740599790862,-42537.43930883822,0.0
44444173,8056.3603601859895,3989.7175629138424,3,2685.4534533953297,0.0,0.0,0.0,0.0,0.27284339178725625,0.0,0.0,0.0,0.23193080095730267,0.0,0.0,0.0,0.4952258072554411,-8056.3603601859895,0.0
44456125,13138.533783418025,5032.245591525082,3,4379.5112611393415,2941.6027777907248,0.0,0.0,0.0,0.0,0.0,0.0,0.0,0.38301424454806476,0.0,0.26340180513352934,0.3535839503184059,0.0,-10196.931005627299,-3.466454098634504
44574318,31653.547189789493,5682.083342874249,13,2434.8882453684223,760.6129890001898,0.16929392135053506,0.04305528104427446,0.0,0.0,0.0,0.0,0.0,0.167830077355824,0.0,0.0,0.4403121391476844,0.1795085811016821,-30892.934200789303,-40.61583834033315
44590618,7184.6839331118335,3617.346691761055,2,3592.3419665559168,3402.7901302374844,0.0,0.0,0.0,0.0,0.0,0.0,0.0,0.49651971813402956,0.0,0.0,0.5034802818659704,0.0,-3781.8938028743496,-1.1114096544679959
44614982,70032.31231104422,5700.657039606077,22,3183.286923229283,0.0,0.10462710931597555,0.0,0.0,0.0,0.0,0.0,0.0,0.6196622191953969,0.0,0.08140038293019597,0.1943102885584317,0.0,-70032.31231104422,0.0
44630080,5137.991855780988,3133.4448715746576,2,2568.995927890494,729.0557432442706,0.609857889916481,0.0,0.0,0.0,0.0,0.0,0.0,0.390142110083519,0.0,0.0,0.0,0.0,-4408.936112536718,-6.047460915563353
44640272,42666.84781424466,4641.731649195795,15,2844.456520949644,0.0,0.0,0.0,0.0,0.0,0.0,0.0,0.0,0.4190012347091109,0.0,0.09335084769171272,0.4876479175991763,0.0,-42666.84781424466,0.0
44680133,14108.64462944151,4495.371088497123,5,2821.728925888302,0.0,0.0,0.0,0.0,0.37347678474826507,0.0,0.0,0.0,0.38183750130790123,0.0,0.24468571394383376,0.0,0.0,-14108.64462944151,0.0
44691129,1437.5104532361945,1226.972110633438,2,718.7552266180973,0.0,0.0,0.0,0.0,0.0,0.0,0.0,0.0,0.8535396093094264,0.0,0.0,0.14646039069057348,0.0,-1437.5104532361945,0.0
44763597,31595.37593775605,6014.742229827016,9,3510.5973264173385,0.0,0.0,0.1644916871108376,0.0,0.0,0.0,0.0,0.30024241118163836,0.190367800708441,0.0,0.0,0.24375806092703106,0.10114004007205202,-31595.37593775605,0.0
44785386,10635.935373118116,6483.305497560057,2,5317.967686559058,0.0,0.0,0.0,0.0,0.0,0.0,0.0,0.3904339138853419,0.6095660861146582,0.0,0.0,0.0,0.0,-10635.935373118116,0.0
44813615,82732.31996427491,10000.0,21,3939.6342840130906,17765.064151929164,0.07378583260008076,0.0,0.0,0.0,0.043374099368261795,0.0,0.0,0.6214393615009461,0.04371796505736129,0.0,0.21768274147335007,0.0,-64967.25581234574,-3.6570234284963585
44841070,2434.166824635682,1315.1608117622682,2,1217.083412317841,5156.148965864213,0.0,0.0,0.0,0.0,0.0,0.0,0.0,0.45970802064517247,0.0,0.0,0.5402919793548275,0.0,2721.9821412285314,0.5279099109139692
44860120,66223.34118871584,4603.707526123365,31,2136.236812539221,17818.380443478705,0.0,0.0,0.012947776553762527,0.1420092120323067,0.018579188634366955,0.0,0.0,0.34169484727007704,0.0,0.0,0.34157706411337313,0.14319191139611362,-48404.96074523715,-2.7165746572075653
44868816,35546.27376422139,4521.179291698212,15,2369.751584281426,1073.2393471808846,0.0,0.046464991322287263,0.0,0.034789076215119154,0.0,0.0,0.0,0.41762811469167027,0.0,0.0,0.3667311341889258,0.13438668358199748,-34473.0344170405,-32.12054655617317
44987371,5837.198563921457,4503.1472973424325,3,1945.7328546404858,0.0,0.0,0.0,0.0,0.0,0.0,0.0,0.0,0.13302851227782053,0.0,0.7714569322989071,0.09551455542327247,0.0,-5837.198563921457,0.0
45053791,5451.385869766116,4481.869177882528,2,2725.692934883058,0.0,0.0,0.0,0.0,0.0,0.0,0.0,0.0,0.17784774643464812,0.0,0.0,0.0,0.8221522535653518,-5451.385869766116,0.0
45074496,22853.38050893511,10000.0,4,5713.345127233778,0.0,0.0,0.0,0.0,0.0,0.0,0.0,0.43757202555176666,0.19366511043032938,0.0,0.0,0.3687628640179039,0.0,-22853.38050893511,0.0
45106951,2351.0277241905383,1341.9303320539543,2,1175.5138620952691,0.0,0.0,0.0,0.0,0.0,0.5707845629578795,0.0,0.42921543704212056,0.0,0.0,0.0,0.0,0.0,-2351.0277241905383,0.0
45160832,3164.8257102924517,2996.7995455192613,2,1582.4128551462259,0.0,0.0,0.0,0.0,0.0,0.0,0.0,0.0,0.05309175927974363,0.0,0.0,0.9469082407202564,0.0,-3164.8257102924517,0.0
45181026,5010.15558692369,3188.966008543332,2,2505.077793461845,0.0,0.0,0.3634996053083843,0.0,0.0,0.0,0.0,0.0,0.0,0.0,0.6365003946916157,0.0,0.0,-5010.15558692369,0.0
45264283,21894.6795740571,5352.352056753445,6,3649.11326234285,0.0,0.24445902661646718,0.0,0.0,0.0,0.0,0.0,0.0,0.7555409733835328,0.0,0.0,0.0,0.0,-21894.6795740571,0.0
45282288,25779.610606436472,6120.964789899168,5,5155.922121287294,0.0,0.0,0.0,0.0,0.0,0.0,0.0,0.0,0.8390886575861153,0.0,0.0,0.16091134241388463,0.0,-25779.610606436472,0.0
45314718,9633.883671963988,5851.293204433099,2,4816.941835981994,0.0,0.0,0.0,0.0,0.0,0.0,0.0,0.0,0.6073659807063292,0.0,0.0,0.39263401929367087,0.0,-9633.883671963988,0.0
45328424,25215.848521390926,6373.3651383466495,5,5043.169704278185,0.0,0.0,0.2003888092677756,0.21413398874963516,0.25275235663555173,0.0,0.0,0.0,0.10562031278189485,0.0,0.0,0.2271045325651427,0.0,-25215.848521390926,0.0
45373748,24847.16319212674,4685.440997938141,10,2484.7163192126736,2083.5702063989534,0.0,0.0,0.0,0.0,0.0,0.0,0.0,0.6916022773014927,0.0,0.0,0.30839772269850724,0.0,-22763.592985727788,-10.92528243868021
45396949,12996.622759765947,10000.0,3,4332.207586588649,3376.399083718076,0.0,0.0,0.0,0.06865936238535948,0.0,0.0,0.0,0.0,0.0,0.0,0.9313406376146405,0.0,-9620.223676047872,-2.8492555049073536
45487227,16733.726555516212,4571.673036064662,5,3346.745311103243,0.0,0.0,0.0,0.0,0.0,0.0,0.0,0.0,0.2732011319115063,0.0,0.0,0.5176482058904375,0.20915066219805614,-16733.726555516212,0.0
45495166,26435.769367161844,6070.514019943598,6,4405.961561193641,0.0,0.0,0.0,0.0,0.0,0.0,0.0,0.0,0.7791899584675558,0.0,0.0,0.1401140973620603,0.08069594417038398,-26435.769367161844,0.0
45495268,15140.978497005683,6117.334857285416,3,5046.992832335228,0.0,0.0,0.0,0.0,0.0,0.0,0.0,0.0,0.0,0.0,0.0,1.0,0.0,-15140.978497005683,0.0
45556389,5004.669872751118,3925.690838173628,2,2502.334936375559,0.0,0.0,0.0,0.0,0.0,0.7844055528113457,0.0,0.0,0.0,0.0,0.0,0.21559444718865434,0.0,-5004.669872751118,0.0
45592335,32393.0964901756,9009.570273680236,11,2944.826953652327,0.0,0.0,0.0,0.0,0.0,0.07061086453676839,0.0,0.0,0.7305060854052297,0.0,0.0,0.19888305005800194,0.0,-32393.0964901756,0.0
45603029,25649.842831970553,5300.7551614350805,10,2564.984283197055,7322.405923632344,0.036469494736473915,0.0,0.0,0.15767333957419272,0.0,0.0,0.018045377002625367,0.4915579256326213,0.0,0.0,0.29625386305408674,0.0,-18327.436908338208,-2.502925554726242
45625650,7993.901768523526,4572.0390446365645,3,2664.6339228411753,0.0,0.0,0.0,0.0,0.0,0.0,0.0,0.5719408590482368,0.4280591409517632,0.0,0.0,0.0,0.0,-7993.901768523526,0.0
45631308,9509.426136528837,4973.455389501682,3,3169.808712176279,0.0,0.31514988936003896,0.0,0.0,0.0,0.0,0.0,0.0,0.1618474269767481,0.0,0.0,0.5230026836632131,0.0,-9509.426136528837,0.0
45672800,60200.72174676076,6776.0619297062485,14,4300.051553340055,602.8804886697501,0.0,0.0428846976260638,0.0,0.0,0.0,0.0,0.0,0.7679909393692235,0.0,0.06556875161816376,0.12019250755292281,0.0033631038336262025,-59597.841258091015,-98.85515019667177
45685737,35874.2465746222,4767.084739485241,13,2759.557428817092,0.0,0.04303052942949819,0.11335492963384894,0.0,0.0,0.12482396242551791,0.0,0.0,0.3180515953017665,0.06552771198556996,0.14991662046708212,0.18529465075671636,0.0,-35874.2465746222,0.0
45759349,45348.67383947132,6451.730810502456,10,4534.867383947132,0.0,0.0,0.0,0.0,0.0,0.0,0.0,0.0,0.8745750532099417,0.0,0.0,0.06058309001520809,0.06484185677485028,-45348.67383947132,0.0
45767086,17482.30017565624,5134.5303482158415,9,1942.4777972951379,11836.915689361067,0.0,0.01700601906444707,0.0,0.0,0.0,0.0,0.0,0.4591779203958682,0.0,0.0,0.5238160605396848,0.0,-5645.384486295175,-0.4769303621355692
45776319,10431.669531512773,5669.064925838135,3,3477.223177170924,1535.88400521053,0.0,0.0,0.0,0.0,0.0,0.0,0.0,0.3038817924604769,0.0,0.0,0.5434475189913367,0.1526706885481864,-8895.785526302243,-5.7919644296854695
45804358,2020.5471234958131,1037.454841349515,2,1010.2735617479066,229.8256646132692,0.0,0.0,0.0,0.0,0.0,0.0,0.0,1.0,0.0,0.0,0.0,0.0,-1790.721458882544,-7.791651388872586
45831355,7125.243745785335,5257.153198891852,2,3562.6218728926674,666.2280097334066,0.0,0.0,0.0,0.0,0.0,0.0,0.0,0.0,0.0,0.0,1.0,0.0,-6459.015736051929,-9.69490270851345
45845904,19229.569250180775,6782.974270858825,7,2747.081321454396,1703.26922148279,0.0,0.0,0.0,0.0,0.0,0.0,0.15914641520133121,0.16025795316088104,0.0,0.0,0.6805956316377878,0.0,-17526.30002869798,-10.28980023101713
45914060,19814.62491628468,7123.644926482534,6,3302.437486047447,0.0,0.0,0.0,0.0,0.0,0.0,0.0,0.0,0.2819639200628809,0.0,0.0,0.718036079937119,0.0,-19814.62491628468,0.0
45968798,13247.870199699295,3983.401777014729,5,2649.5740399398587,0.0,0.11403512768764718,0.14268181626663953,0.0,0.0,0.0,0.0,0.0,0.5737988325307924,0.0,0.0,0.1694842235149207,0.0,-13247.870199699295,0.0
45976212,35286.37342921162,6125.96376126326,11,3207.8521299283293,0.0,0.0,0.0,0.0,0.0,0.0,0.0,0.0,0.8791093823385594,0.0,0.0,0.1208906176614405,0.0,-35286.37342921162,0.0
45999417,8329.903773898477,4672.710847059874,3,2776.6345912994925,0.0,0.0,0.0,0.0,0.0,0.0,0.0,0.0,0.8436196005568856,0.0,0.0,0.15638039944311455,0.0,-8329.903773898477,0.0
46033811,8574.545381403326,5009.2226176635395,3,2858.1817938011086,0.0,0.0,0.0,0.0,0.05210960380911909,0.0,0.0,0.0,0.36369352103903235,0.0,0.0,0.5841968751518487,0.0,-8574.545381403326,0.0
46045597,15924.179057605199,4637.871382630384,7,2274.8827225150285,0.0,0.0,0.0,0.0,0.0,0.0,0.0,0.0,0.9874532564072444,0.0,0.0,0.012546743592755717,0.0,-15924.179057605199,0.0
46050240,56107.09953488565,5297.231496290706,20,2805.354976744283,0.0,0.16874658606410323,0.041965025823345214,0.0,0.1517848495187432,0.0,0.0,0.0,0.5968231035506196,0.0,0.04068043504318865,0.0,0.0,-56107.09953488565,0.0
46098597,37252.546336690066,5913.013768571713,11,3386.5951215172786,0.0,0.0,0.0,0.0,0.0,0.0,0.0,0.11131726322514413,0.25042011539987014,0.0,0.0,0.2695499618353807,0.36871265953960497,-37252.546336690066,0.0
46104227,2426.7990513232066,2384.4702830279202,2,1213.3995256616033,2937.0396998512433,0.0,0.0,0.0,0.0,0.0,0.0,0.0,0.9825577777969681,0.0,0.0,0.01744222220303199,0.0,510.2406485280366,0.17372616670924795
46105712,11879.72131912825,7455.688932715024,5,2375.9442638256496,1665.7132141005309,0.0,0.0,0.0,0.0,0.0,0.0,0.0,0.19571788637749535,0.0,0.0,0.8042821136225046,0.0,-10214.008105027719,-6.131912755788027
46109048,34243.182305399,5898.852652437521,9,3804.7980339332225,0.0,0.0,0.0,0.0,0.0,0.36842783814487673,0.0,0.0,0.0,0.0,0.0,0.46309089608248216,0.1684812657726412,-34243.182305399,0.0
46123987,32824.06773979999,5822.654208931677,10,3282.4067739799993,0.0,0.0,0.0,0.0,0.0,0.0,0.0,0.0,0.660679793282117,0.0,0.0,0.33932020671788304,0.0,-32824.06773979999,0.0
46139761,6644.445613421088,3454.3997703031205,3,2214.8152044736958,0.0,0.0,0.0,0.0,0.0,0.0,0.0,0.0,0.13865186968485468,0.0,0.0,0.8613481303151452,0.0,-6644.445613421088,0.0
46147342,13573.597457324568,5731.748135715982,3,4524.532485774856,0.0,0.0,0.0,0.0,0.0,0.0,0.0,0.0,1.0,0.0,0.0,0.0,0.0,-13573.597457324568,0.0
46191741,10150.937343669977,5844.925423814785,2,5075.4686718349885,0.0,0.0,0.0,0.0,0.0,0.5758015467861815,0.0,0.0,0.4241984532138186,0.0,0.0,0.0,0.0,-10150.937343669977,0.0
46202782,30532.618765876123,5605.745200850962,7,4361.802680839446,0.0,0.0,0.0,0.0,0.0,0.1287740905184121,0.0,0.0,0.7428831834640495,0.0,0.12834272601753838,0.0,0.0,-30532.618765876123,0.0
46241813,25386.895138170417,5355.991006384472,8,3173.361892271302,0.0,0.0,0.0,0.10683218564617254,0.0,0.0,0.0,0.0,0.37070682760839213,0.0,0.18505184319000675,0.08091399720144742,0.25649514635398096,-25386.895138170417,0.0
46265088,74945.23725785104,7528.543990194673,20,3747.2618628925516,0.0,0.0,0.07369595808901098,0.0,0.09557855152711298,0.0,0.0,0.0,0.5294303549981139,0.0,0.0,0.3012951353857622,0.0,-74945.23725785104,0.0
46336381,10348.096116589219,5262.151888058816,3,3449.365372196406,1558.7220889027972,0.0,0.0,0.0,0.0,0.0,0.0,0.22952526559356187,0.7704747344064381,0.0,0.0,0.0,0.0,-8789.374027686421,-5.638833304706271
46358956,16008.08007154454,5641.662170243355,5,3201.6160143089082,0.0,0.0,0.0,0.35242590898029025,0.15689426448297092,0.0,0.0,0.0,0.4906798265367388,0.0,0.0,0.0,0.0,-16008.08007154454,0.0
46362705,11767.772862524456,5621.977164219008,7,1681.1104089320652,3984.024622558021,0.0,0.0,0.0,0.0,0.0,0.0,0.0,0.3942405730597787,0.0,0.0,0.6057594269402213,0.0,-7783.748239966435,-1.9537399934463073
46394818,8716.935527917247,3776.861374324093,3,2905.6451759724155,0.0,0.0,0.0,0.0,0.0,0.0,0.0,0.0,0.3729458067941663,0.0,0.0,0.6270541932058337,0.0,-8716.935527917247,0.0
46398684,36830.57177754576,4504.7394119110095,13,2833.1209059650582,1409.1773962654265,0.0,0.0,0.0,0.0,0.0,0.0,0.0,0.35719517273747337,0.0,0.0,0.564815594618876,0.07798923264365072,-35421.394381280326,-25.136220943618163
46407447,27228.63036620366,5255.55177703723,8,3403.5787957754574,3038.675648412984,0.0,0.0,0.0,0.0,0.0,0.0,0.0,0.6048127825338329,0.0,0.0,0.39518721746616714,0.0,-24189.954717790675,-7.960689957292552
46415583,15878.801908949763,3699.396359552368,7,2268.4002727071093,0.0,0.0,0.0,0.0,0.0,0.0,0.0,0.0,0.0,0.0,0.270492969104282,0.729507030895718,0.0,-15878.801908949763,0.0
46424999,66003.77767692042,10000.0,11,6000.343425174584,704.0319485197941,0.0,0.0,0.0,0.0,0.07115394199010863,0.0,0.0,0.6234688702382969,0.0,0.08641451616020923,0.2189626716113851,0.0,-65299.74572840062,-92.75111145977304
46445174,15667.757539237678,5034.601139234425,4,3916.9393848094196,0.0,0.0,0.0,0.0,0.0,0.0,0.0,0.0,0.5514144190721988,0.0,0.0,0.4485855809278012,0.0,-15667.757539237678,0.0
46448646,33813.01498742074,10000.0,7,4830.430712488677,3233.0043158648054,0.0,0.0,0.0,0.17415967244534375,0.0,0.0,0.0,0.40950666700014493,0.0,0.0,0.24841958554499316,0.1679140750095182,-30580.010671555938,-9.458697757220904
46464396,51258.96368294138,5886.563370646759,18,2847.7202046078546,2092.5209119290853,0.18335512081869526,0.0585732409943792,0.0,0.0,0.0,0.0,0.029234072621921042,0.13863475818124651,0.0,0.0,0.590202807383758,0.0,-49166.44277101229,-23.496273079386327
46475063,8430.028039383362,6408.540615469432,2,4215.014019691681,521.2000491386306,0.0,0.0,0.0,0.0,0.0,0.0,0.0,0.7602039501565172,0.0,0.0,0.23979604984348282,0.0,-7908.827990244732,-15.17426562663488
46479423,14036.974668716619,2947.39882022792,7,2005.2820955309455,3198.911917877046,0.0,0.0,0.0,0.0,0.0,0.0,0.20263121411463542,0.29077399384659497,0.0,0.0,0.5065947920387697,0.0,-10838.062750839572,-3.3880466324412706
46525379,7338.448633416183,2836.2611411892444,4,1834.6121583540457,0.0,0.0,0.0,0.0,0.0,0.0,0.0,0.0,0.49565839125244776,0.0,0.0,0.5043416087475522,0.0,-7338.448633416183,0.0
46554855,8798.711813154254,3537.2429972749856,3,2932.9039377180848,1347.2097140903759,0.4020182809018401,0.0,0.0,0.0,0.3083432363157889,0.0,0.0,0.0,0.0,0.0,0.28963848278237103,0.0,-7451.502099063879,-5.531063219875213
46577101,19769.589563324764,3245.5141748489978,9,2196.6210625916406,0.0,0.10120810916577617,0.0,0.0,0.10854361352537835,0.0,0.0,0.0,0.16960769623338143,0.0,0.0,0.2856561331171242,0.33498444795833987,-19769.589563324764,0.0
46608621,21231.726013506184,5818.575692388696,5,4246.345202701237,0.0,0.0,0.0,0.0,0.0,0.0,0.0,0.0,1.0,0.0,0.0,0.0,0.0,-21231.726013506184,0.0
46681119,37356.68596061168,4873.138269348254,13,2873.59122773936,3415.617321708488,0.0,0.068619439577913,0.0,0.0,0.0,0.0,0.05418992235575469,0.40580768672482387,0.0,0.17202722146116964,0.2993557298803388,0.0,-33941.06863890319,-9.937023220717801
46701177,4148.313526109231,2448.8827052947745,2,2074.1567630546156,0.0,0.0,0.0,0.0,0.0,0.0,0.0,0.0,1.0,0.0,0.0,0.0,0.0,-4148.313526109231,0.0
46754593,16320.4608172219,5249.10512933376,4,4080.115204305475,1643.52125197278,0.12494801507088085,0.0,0.0,0.0,0.0,0.0,0.0,0.5980872991635131,0.0,0.0,0.27696468576560596,0.0,-14676.93956524912,-8.930179361922969
46777969,10886.039304921873,4856.736158355773,3,3628.679768307291,0.0,0.0,0.0,0.0,0.0,0.0,0.0,0.0,1.0,0.0,0.0,0.0,0.0,-10886.039304921873,0.0
46798132,13555.352437392768,3577.422676257176,5,2711.070487478554,289.99327203050615,0.0,0.0,0.0,0.20120047996977225,0.0,0.0,0.0,0.5840686711419139,0.0,0.0,0.21473084888831376,0.0,-13265.359165362263,-45.743679060136266
46850194,8246.044924988842,4615.082793352901,3,2748.6816416629476,3521.6053054506515,0.0,0.0,0.15526646128140434,0.0,0.0,0.0,0.0,0.55967228354133,0.0,0.0,0.28506125517726566,0.0,-4724.4396195381905,-1.3415585250924693
46853711,3411.0956663753645,1715.130607278349,3,1137.0318887917883,0.0,0.0,0.0,0.0,0.0,0.0,0.0,0.0,1.0,0.0,0.0,0.0,0.0,-3411.0956663753645,0.0
46961926,30552.37644643517,8220.804144426578,7,4364.625206633596,0.0,0.0,0.0,0.0,0.0,0.0,0.0,0.0,0.9414783266557383,0.0,0.0,0.058521673344261685,0.0,-30552.37644643517,0.0
46967795,38016.13772602965,5728.174659906409,9,4224.015302892183,0.0,0.0,0.0,0.0,0.08229011727265104,0.0,0.0,0.0,0.3864741907665622,0.0,0.0,0.2588175552906158,0.2724181366701709,-38016.13772602965,0.0
46980707,18569.675746894038,5599.765862371586,5,3713.9351493788076,0.0,0.0,0.0,0.0,0.0,0.0,0.0,0.0,0.21472508717139194,0.0,0.30155431568632546,0.4837205971422826,0.0,-18569.675746894038,0.0
47014524,37532.01337303259,4003.3009849573737,17,2207.7654925313286,2447.0097686983104,0.07010284878788108,0.0,0.06934065254099486,0.0,0.0,0.0,0.0,0.5249718464030031,0.010636701857635829,0.06926347989274909,0.255684470517736,0.0,-35085.003604334284,-14.337909089344498
47041406,10442.584199678971,6452.665896546325,3,3480.861399892991,0.0,0.0,0.0,0.0,0.01390022631166557,0.0,0.0,0.0,0.0,0.0,0.0,0.9860997736883343,0.0,-10442.584199678971,0.0
47056211,26662.842475766396,5818.653836196383,8,3332.8553094707995,607.6727381806986,0.0,0.0,0.0,0.0,0.0,0.0,0.0,0.6948358411182983,0.0,0.0,0.3051641588817017,0.0,-26055.169737585697,-42.87697653771969
47065642,59829.871057263015,6203.341471995416,18,3323.8817254035007,1704.8798176513387,0.0,0.0,0.04946416537395179,0.0,0.0,0.0,0.0,0.6929351975898941,0.0,0.0,0.2576006370361541,0.0,-58124.99123961167,-34.09330712805628
47087360,24367.8984287566,10000.0,7,3481.1283469652285,0.0,0.0,0.0,0.0,0.055065287860806604,0.13746183739859466,0.0,0.0,0.5852509260210919,0.0,0.0,0.22222194871950693,0.0,-24367.8984287566,0.0
47089912,1926.630726311952,1278.441415265768,2,963.315363155976,0.0,0.0,0.0,0.0,0.0,0.0,0.0,0.0,1.0,0.0,0.0,0.0,0.0,-1926.630726311952,0.0
47140749,5311.559315161242,2840.6461740248446,2,2655.779657580621,0.0,0.0,0.0,0.0,0.0,0.0,0.0,0.0,0.46519543405708697,0.0,0.0,0.5348045659429131,0.0,-5311.559315161242,0.0
47149317,4658.553068080645,2529.211126096323,2,2329.2765340403225,0.0,0.0,0.0,0.0,0.0,0.0,0.0,0.0,0.4570822551264025,0.0,0.0,0.5429177448735975,0.0,-4658.553068080645,0.0
47220014,10218.671933180296,3873.0697090209014,4,2554.667983295074,0.0,0.0,0.0,0.0,0.0,0.0,0.0,0.0,0.5374972713130756,0.0,0.0,0.46250272868692455,0.0,-10218.671933180296,0.0
47251293,12525.482291059829,5294.947896708734,4,3131.370572764957,2800.4519901547897,0.0,0.0,0.0,0.0,0.0,0.0,0.0,0.8833038458525886,0.0,0.0,0.11669615414741134,0.0,-9725.03030090504,-3.472664532401967
47255814,7161.900203155251,2674.8783739255778,4,1790.4750507888127,0.0,0.3734872447324987,0.43978015443123825,0.0,0.0,0.0,0.0,0.0,0.18673260083626303,0.0,0.0,0.0,0.0,-7161.900203155251,0.0
47262147,14165.33023341909,5673.054412583629,3,4721.77674447303,0.0,0.0,0.0,0.0,0.4004886803979804,0.0,0.0,0.0,0.374111243867157,0.0,0.0,0.22540007573486254,0.0,-14165.33023341909,0.0
47264622,58479.72108636493,10000.0,17,3439.9835933155846,581.7798621118134,0.0,0.040674105271556564,0.0,0.011949409581109953,0.0,0.017473772624514758,0.0,0.7671232356603075,0.04302794965917702,0.0,0.09529309227292092,0.024458434930413386,-57897.94122425312,-99.5186409754513
47363598,15188.545819293988,4647.492223753768,4,3797.136454823497,0.0,0.13582891161857294,0.25565750826878286,0.0,0.0,0.0,0.0,0.0,0.6085135801126441,0.0,0.0,0.0,0.0,-15188.545819293988,0.0
47403598,11267.573073614796,6452.161592973047,5,2253.5146147229593,3410.066824061614,0.0,0.0,0.0,0.0,0.1955181081067749,0.0,0.0,0.7196467138312763,0.0,0.0,0.08483517806194871,0.0,-7857.506249553182,-2.304208877700049
47453716,4194.938065538141,2350.177976100764,2,2097.4690327690705,0.0,0.0,0.0,0.0,0.0,0.0,0.0,0.43975859967809205,0.5602414003219081,0.0,0.0,0.0,0.0,-4194.938065538141,0.0
47456707,5055.2195473934025,3613.100182251015,2,2527.6097736967013,2205.03659752916,0.0,0.0,0.0,0.0,0.7147266599160901,0.0,0.0,0.0,0.0,0.0,0.28527334008391003,0.0,-2850.182949864243,-1.2925785236662273
47481470,13526.286185038909,2339.363259645815,9,1502.9206872265454,571.4633445624102,0.0,0.0,0.0,0.0,0.0,0.0,0.0,0.5154792398137472,0.0,0.0,0.48452076018625273,0.0,-12954.8228404765,-22.669560460428954
47524476,3125.07172959214,2549.438385761143,2,1562.53586479607,0.0,0.0,0.0,0.0,0.0,0.0,0.0,0.0,0.0,0.0,0.0,1.0,0.0,-3125.07172959214,0.0
47559090,20703.312648156527,5942.854769686036,6,3450.552108026088,0.0,0.0,0.0,0.0,0.2219658258801403,0.11240366351234657,0.0,0.0,0.6656305106075131,0.0,0.0,0.0,0.0,-20703.312648156527,0.0
47570791,42877.149085492856,6507.165613943639,10,4287.714908549285,954.7515295335046,0.0,0.0,0.0,0.0,0.0,0.0,0.030427650913469086,0.6306978064613449,0.0,0.338874542625186,0.0,0.0,-41922.39755595935,-43.90922272357374
47573538,13787.228680480908,7475.532861450304,3,4595.742893493636,1212.986504197901,0.0,0.11891244753211326,0.0,0.0,0.0,0.0,0.0,0.33888048281699357,0.0,0.0,0.5422070696508933,0.0,-12574.242176283007,-10.366349611282645
47602218,6995.665123326033,4427.354688444658,3,2331.888374442011,1516.7564082501099,0.0,0.0,0.0,0.0,0.0,0.0,0.0,1.0,0.0,0.0,0.0,0.0,-5478.908715075922,-3.61225354663045
47614046,15599.921425258097,3520.876189845547,6,2599.986904209683,3134.4564625238186,0.0,0.0,0.06998399889426936,0.0,0.0,0.0,0.0,0.9300160011057307,0.0,0.0,0.0,0.0,-12465.464962734279,-3.976914374716588
47639006,7692.121817365338,4543.0276696651745,2,3846.060908682669,0.0,0.0,0.0,0.0,0.0,0.0,0.0,0.0,1.0,0.0,0.0,0.0,0.0,-7692.121817365338,0.0
47658772,35539.35477609532,5252.371883211825,11,3230.8504341904836,0.0,0.0,0.0,0.0,0.0,0.0,0.0,0.0,0.1317453725246096,0.0,0.0,0.8682546274753904,0.0,-35539.35477609532,0.0
47687032,15496.217641797211,4466.245298626115,4,3874.054410449303,8649.923974257496,0.0,0.0,0.0,0.0,0.0,0.0,0.0,0.22554307410817226,0.0,0.0,0.7744569258918277,0.0,-6846.293667539715,-0.7914859931618529
47696864,37560.02950124334,4580.420455267963,10,3756.0029501243343,0.0,0.298819990364855,0.10900505894903981,0.0,0.0,0.0,0.0,0.0,0.11492903699858614,0.0,0.0,0.37404855307703794,0.10319736061048118,-37560.02950124334,0.0
47700656,7945.469483779165,4503.711205263927,2,3972.7347418895824,0.0,0.0,0.0,0.0,0.0,0.0,0.0,0.0,0.5668275756968602,0.0,0.0,0.43317242430313996,0.0,-7945.469483779165,0.0
47703504,12775.100200397246,4590.2027228257775,5,2555.020040079449,0.0,0.0,0.0,0.0,0.0,0.0,0.0,0.0,0.6990475354695569,0.0,0.0,0.30095246453044305,0.0,-12775.100200397246,0.0
47706293,67308.55853203444,7470.162226092412,18,3739.364362890802,1560.7025761887598,0.0,0.0,0.0,0.0,0.04928464046358283,0.0,0.0,0.7389279693915034,0.0,0.018382860918977936,0.1934045292259359,0.0,-65747.85595584568,-42.1270887605005
47730640,5099.087758980446,2697.672122645999,2,2549.543879490223,11828.449749239937,0.0,0.0,0.0,0.0,0.0,0.0,0.0,0.4709500502526369,0.5290499497473631,0.0,0.0,0.0,6729.361990259491,0.5689132669893535
47733043,30422.575058404025,5436.808154166549,6,5070.429176400671,0.0,0.0,0.0,0.17702401676131668,0.0,0.0,0.0,0.0,0.17863601106499116,0.0,0.0,0.6443399721736921,0.0,-30422.575058404025,0.0
47752198,4699.717426864307,3243.934769545503,2,2349.8587134321533,0.0,0.0,0.0,0.0,0.0,0.0,0.0,0.30975961426900384,0.6902403857309961,0.0,0.0,0.0,0.0,-4699.717426864307,0.0
47756630,9043.282375186402,3456.631445637186,6,1507.2137291977338,0.0,0.0,0.0,0.0,0.0,0.06025322294077926,0.2335368401733816,0.0,0.533214960639835,0.0,0.0,0.0,0.17299497624600418,-9043.282375186402,0.0
47760547,70.2420692043926,70.2420692043926,1,70.2420692043926,814.4387621459365,0.0,0.0,0.0,0.0,0.0,0.0,0.0,1.0,0.0,0.0,0.0,0.0,744.1966929415439,0.9137540199838792
47789680,35073.61738377293,6521.935793596408,11,3188.510671252084,7788.0949661182085,0.0,0.0,0.0,0.0,0.09414928902889699,0.0,0.0,0.8498316157715933,0.0,0.0,0.05601909519950963,0.0,-27285.52241765472,-3.5034912307000976
47844201,4205.375054955441,4115.9177942120505,2,2102.6875274777203,2684.67682869681,0.0,0.0,0.0,0.0,0.0,0.0,0.0,1.0,0.0,0.0,0.0,0.0,-1520.6982262586305,-0.566436231729539
47869563,28581.75365002939,4907.058101858127,12,2381.8128041691157,0.0,0.0,0.0,0.0,0.02773653008969981,0.0,0.0,0.08914380536056447,0.2518816384303084,0.0,0.2184271753742538,0.24130733093559179,0.1715035198095818,-28581.75365002939,0.0
47916629,6893.737966771848,4521.155911901464,3,2297.9126555906164,3747.0631982504797,0.0,0.0,0.0,0.0,0.0,0.0,0.0,1.0,0.0,0.0,0.0,0.0,-3146.674768521368,-0.8397709358066243
47950805,39470.310904670514,6397.352664460349,15,2631.3540603113674,0.0,0.03883323464192715,0.0,0.0,0.1128026690683474,0.0,0.0,0.0,0.5368493110506122,0.0,0.10803013452315101,0.20348465071596222,0.0,-39470.310904670514,0.0
47956877,12807.756384440032,8991.291305017367,3,4269.252128146677,0.0,0.0,0.0,0.0,0.7020192323411745,0.0,0.0,0.0,0.0,0.0,0.0,0.29798076765882553,0.0,-12807.756384440032,0.0
47991687,24698.241836787332,5928.474558988018,7,3528.32026239819,0.0,0.0,0.0,0.0,0.0,0.0,0.0,0.0,0.8536551733344386,0.0,0.0,0.14634482666556128,0.0,-24698.241836787332,0.0
48004142,3135.245313823411,2212.806969368891,2,1567.6226569117055,0.0,0.0,0.0,0.0,0.0,0.0,0.0,0.0,1.0,0.0,0.0,0.0,0.0,-3135.245313823411,0.0
48016525,11948.829179823484,6338.242911665124,6,1991.4715299705808,0.0,0.0,0.0,0.0,0.0,0.0,0.0,0.0,0.1679248527829779,0.0,0.0,0.8038744018264676,0.028200745390554498,-11948.829179823484,0.0
48039580,106293.1537028855,10000.0,25,4251.72614811542,2075.483231860807,0.11451172581372124,0.0,0.0,0.025673175433439215,0.09869747872916304,0.0,0.027008606147126274,0.7194798453204537,0.0,0.0,0.014629168556096563,0.0,-104217.67047102468,-50.21368945370217
48090777,8388.314589220876,5702.9617538318025,3,2796.104863073625,6320.338137731779,0.0,0.0,0.0,0.0,0.19084945361956157,0.12928074736739195,0.0,0.0,0.0,0.0,0.6798697990130464,0.0,-2067.9764514890967,-0.32719395804846046
48107874,13335.89467357783,4275.481747552103,6,2222.6491122629714,6961.343228746234,0.0,0.13037044839934045,0.0,0.41502833745969037,0.0,0.0,0.0,0.4546012141409691,0.0,0.0,0.0,0.0,-6374.551444831596,-0.9157071035527261
48120878,197923.93050949092,10000.0,45,4398.309566877576,0.0,0.02238443947540564,0.0,0.00527252718564732,0.006221559522792176,0.011231286598645893,0.0,0.0,0.8414842384805187,0.0,0.008767953119716752,0.1046379956172735,0.0,-197923.93050949092,0.0
48178115,13472.418930803879,4370.2393064630205,6,2245.4031551339795,0.0,0.0,0.14231023308147073,0.0,0.0,0.0,0.0,0.3243841606254338,0.18379335097530128,0.0,0.0,0.349512255317794,0.0,-13472.418930803879,0.0
48183761,43876.86767922845,6119.7778682012995,17,2580.9922164252034,2258.533989651461,0.0,0.0,0.1910941584649493,0.0,0.19066977702151966,0.0,0.0,0.37774373565357117,0.0,0.0,0.24049232885995991,0.0,-41618.33368957699,-18.427145165966518
48193617,33027.72003904093,4645.628748354873,14,2359.122859931495,0.0,0.0,0.0,0.6605350892491179,0.0,0.1406584754522394,0.0,0.0,0.052947499772200014,0.0,0.0,0.14585893552644275,0.0,-33027.72003904093,0.0
48194451,33005.22149556069,7463.428971006088,7,4715.031642222955,0.0,0.0,0.0,0.0,0.0,0.0,0.0,0.0,0.656116842036689,0.0,0.0,0.3438831579633111,0.0,-33005.22149556069,0.0
48195085,8264.951961985471,5437.262397304002,2,4132.4759809927355,0.0,0.0,0.0,0.0,0.0,0.0,0.0,0.0,0.6578698124698864,0.0,0.0,0.3421301875301134,0.0,-8264.951961985471,0.0
48220696,23493.593940951392,4424.571687066968,12,1957.7994950792827,6996.703442250603,0.0,0.15714949817185983,0.0,0.0,0.31340408985174,0.0,0.0,0.47118138989338254,0.0,0.0,0.058265022083017697,0.0,-16496.890498700788,-2.3578090217575802
48241071,29053.152621438712,5704.18518110753,8,3631.644077679839,0.0,0.0,0.0,0.08812164906145764,0.1955433316450365,0.0,0.0,0.0,0.20329096906656982,0.0,0.0,0.513044050226936,0.0,-29053.152621438712,0.0
48251163,5694.8937376416025,4915.825020317989,2,2847.4468688208012,0.0,0.0,0.0,0.0,0.0,0.0,0.0,0.0,0.0,0.0,0.8631987262248294,0.13680127377517062,0.0,-5694.8937376416025,0.0
48253748,15841.078586936386,6439.793987591682,4,3960.2696467340966,0.0,0.40652496938575683,0.0,0.0,0.0,0.0,0.0,0.0,0.33778074243217365,0.0,0.0,0.2556942881820696,0.0,-15841.078586936386,0.0
48266502,12907.144339284841,4790.138911798728,3,4302.3814464282805,1430.769731234931,0.0,0.0,0.0,0.0,0.0,0.0,0.0,0.628876939322727,0.0,0.0,0.3711230606772729,0.0,-11476.37460804991,-8.021119232194254
48270688,24934.807195852423,6445.887078516553,6,4155.8011993087375,0.0,0.0,0.1252140568038449,0.0,0.0,0.0,0.0,0.0,0.7426099304595984,0.0,0.0,0.0,0.13217601273655658,-24934.807195852423,0.0
48293002,30000.77526221602,5533.1984201602345,13,2307.751943247386,588.215833422397,0.0,0.0,0.0,0.0702778370995026,0.0,0.0,0.09819236469863306,0.3500985636950974,0.0,0.0,0.38917746136648235,0.09225377314028468,-29412.559428793626,-50.00300528746989
48293256,91473.29019800934,6452.0225419468525,23,3977.0995738264933,0.0,0.11714984908571713,0.0,0.0,0.0,0.0,0.0,0.04863120765479992,0.5885389461418377,0.0,0.0,0.24567999711764538,0.0,-91473.29019800934,0.0
48343251,8235.738358430606,5554.2510272229865,3,2745.246119476869,0.0,0.0,0.0,0.0,0.0,0.0,0.0,0.0,0.6744083876265101,0.0,0.0,0.32559161237348994,0.0,-8235.738358430606,0.0
48486324,50025.45426497026,6367.2014033269,11,4547.768569542751,1532.368018140906,0.0,0.08504193675769403,0.0,0.0,0.0,0.0,0.0,0.3904822600956083,0.0,0.0,0.5244758031466976,0.0,-48493.086246829356,-31.645848564277635
48488548,11863.147928623823,5406.6249896918,3,3954.3826428746074,550.826443113374,0.0,0.0,0.0,0.0,0.0,0.0,0.0,0.7346203402955364,0.0,0.0,0.26537965970446364,0.0,-11312.321485510449,-20.536997863739245
48504377,40356.18022726514,5131.724018944906,13,3104.321555943472,0.0,0.054764854942258384,0.0,0.0,0.0,0.0,0.0,0.0,0.2669756337430244,0.0,0.0746582087725329,0.4764405061029354,0.12716079643924894,-40356.18022726514,0.0
48513628,11697.661759094586,4503.6406062253245,3,3899.2205863648624,0.0,0.0,0.0,0.0,0.0,0.0,0.0,0.0,0.2680080783508569,0.0,0.0,0.7319919216491432,0.0,-11697.661759094586,0.0
48564069,10011.199198416527,9964.98514665339,4,2502.7997996041317,79.6396991351597,0.0,0.0,0.0,0.0,0.0,0.0,0.0,0.004203903301574528,0.0,0.0,0.0004123320611629441,0.9953837646372626,-9931.559499281368,-124.70614036883947
48589952,7339.742703452346,5637.687473303973,2,3669.871351726173,0.0,0.0,0.0,0.0,0.0,0.0,0.0,0.0,1.0,0.0,0.0,0.0,0.0,-7339.742703452346,0.0
48644187,36526.63470527022,4671.140689111862,16,2282.9146690793887,0.0,0.36476865293241184,0.0,0.10671852147364634,0.0,0.07452323705911697,0.0,0.09158226576339316,0.19137680247094127,0.0,0.0,0.17103052030049054,0.0,-36526.63470527022,0.0
48731880,24965.27149073723,7122.7071485286615,6,4160.878581789539,440.44571821225895,0.0,0.0,0.0,0.0,0.0,0.0,0.0,0.9204378842262362,0.0,0.0,0.07956211577376379,0.0,-24524.82577252497,-55.68183491956664
48756645,10582.331470457306,3541.2395196301095,6,1763.7219117428842,2727.7113133986268,0.0,0.0,0.0,0.0,0.0,0.0,0.0,0.7764626253677838,0.0,0.0,0.22353737463221623,0.0,-7854.620157058678,-2.8795643140373652
48758943,10308.739320973527,4546.885685700915,3,3436.2464403245094,0.0,0.0,0.0,0.0,0.0,0.0,0.0,0.0,0.44107097329060413,0.0,0.0,0.5589290267093959,0.0,-10308.739320973527,0.0
48794150,12336.98408667306,3105.573628910875,6,2056.16401444551,1212.2253826672736,0.0,0.0,0.0,0.0,0.0,0.0,0.0,0.12590753481893666,0.0,0.2517287537288509,0.6223637114522125,0.0,-11124.758704005784,-9.177137241201674
48821274,13427.582149647997,3702.497706689744,6,2237.930358274666,0.0,0.0,0.0,0.0,0.0,0.0,0.0,0.0,0.22827911119280533,0.0,0.22250754654658061,0.549213342260614,0.0,-13427.582149647997,0.0
48842013,10886.615174371429,3008.302852015006,5,2177.3230348742854,0.0,0.2763304115954204,0.0,0.0,0.0,0.2652973603336025,0.0,0.0,0.13775304524736978,0.0,0.0,0.3206191828236074,0.0,-10886.615174371429,0.0
48964038,5669.927839894061,4605.465116812183,3,1889.9759466313537,0.0,0.0,0.0,0.0,0.0,0.0,0.0,0.0,0.9186506744022327,0.0,0.0,0.08134932559776725,0.0,-5669.927839894061,0.0
48969869,7000.207119524118,4636.829120217144,2,3500.103559762059,0.0,0.0,0.0,0.0,0.0,0.6623845610631534,0.0,0.0,0.33761543893684653,0.0,0.0,0.0,0.0,-7000.207119524118,0.0
48992091,6335.566897892848,2912.175077281759,3,2111.855632630949,0.0,0.0,0.0,0.0,0.0,0.0,0.0,0.0,0.0,0.24094519558523458,0.0,0.45965501181122753,0.2993997926035379,-6335.566897892848,0.0
49010293,15385.640937082093,6008.663756037107,4,3846.4102342705232,0.0,0.3905371105831004,0.0,0.0,0.0,0.0,0.0,0.0,0.050245650693845,0.0,0.0,0.18840373691752582,0.37081350180552863,-15385.640937082093,0.0
49056972,14525.840044357836,4585.892378277608,5,2905.168008871567,2996.798237684383,0.0,0.0,0.0,0.06410947268127176,0.0,0.0,0.0,0.9358905273187282,0.0,0.0,0.0,0.0,-11529.041806673453,-3.8471197899468565
49097233,21517.572233494233,3745.326334037574,11,1956.1429303176574,0.0,0.0,0.0,0.0,0.17405896415245223,0.12562600864341725,0.007466381278865787,0.0,0.4156729606271038,0.0,0.0,0.17674633195645542,0.10042935334170551,-21517.572233494233,0.0
49107541,12891.339866342776,10000.0,5,2578.267973268555,0.0,0.0,0.12949464182632067,0.0,0.0,0.0,0.0,0.0,0.09479080067384967,0.0,0.0,0.7757145574998298,0.0,-12891.339866342776,0.0
49108430,40799.6466855108,7501.04494126064,13,3138.434360423908,0.0,0.035131141619710635,0.11286440954167351,0.18385073280363698,0.0,0.12764592821847642,0.0,0.0,0.0824620588760915,0.0,0.0,0.4580457289404108,0.0,-40799.6466855108,0.0
49111567,16253.881075867352,6134.5177866862605,6,2708.9801793112256,0.0,0.0,0.0,0.11539846269006297,0.0,0.0,0.0,0.0,0.884601537309937,0.0,0.0,0.0,0.0,-16253.881075867352,0.0
49112166,8836.923290227624,5359.758474605806,3,2945.6410967425413,0.0,0.0,0.0,0.6065186149723552,0.0,0.0,0.0,0.0,0.1669794334699788,0.0,0.0,0.22650195155766603,0.0,-8836.923290227624,0.0
49164104,3411.0924406446507,2948.20889243495,3,1137.0308135482169,2301.735633837728,0.0,0.0,0.0,0.0,0.0,0.0,0.0,0.0,0.0,0.0,1.0,0.0,-1109.3568068069226,-0.48196534410742503
49182565,66064.59721678986,6428.567656162362,18,3670.25540093277,1002.1487879392525,0.0,0.043959877541390226,0.0,0.0,0.0,0.0,0.0,0.7645716248945722,0.0,0.009634584098664889,0.15413240248731885,0.027701510978053793,-65062.448428850614,-64.92294279239754
49215438,3405.3340208354643,3405.3340208354643,1,3405.3340208354643,3035.5122013039763,0.0,0.0,0.0,0.0,0.0,0.0,0.0,1.0,0.0,0.0,0.0,0.0,-369.82181953148796,-0.12183176841543322
49234169,4331.831249592452,4331.831249592452,1,4331.831249592452,112.2831032181461,0.0,0.0,0.0,0.0,0.0,0.0,0.0,1.0,0.0,0.0,0.0,0.0,-4219.548146374306,-37.57954692592059
49262207,12097.025439227797,5319.352369966103,5,2419.405087845559,0.0,0.0,0.0,0.0,0.14503897839434274,0.0,0.0,0.0,0.12163339501910707,0.0,0.0,0.7333276265865503,0.0,-12097.025439227797,0.0
49265979,6924.740482046859,2692.561146677325,5,1384.9480964093718,7558.745863655603,0.0,0.0,0.0,0.0,0.0,0.0,0.0,0.30761891505621736,0.0,0.0,0.6923810849437826,0.0,634.0053816087438,0.08387706016909564
49341496,70631.21593349919,7072.623929130194,17,4154.777407852894,0.0,0.0,0.0,0.0,0.0,0.07001782890269775,0.0,0.0,0.6963934918793604,0.0,0.0,0.15301928416331323,0.08056939505462865,-70631.21593349919,0.0
49360243,5664.161909195473,3392.702111354771,2,2832.0809545977363,0.0,0.0,0.0,0.0,0.0,0.0,0.0,0.0,0.5989768946835533,0.0,0.0,0.4010231053164466,0.0,-5664.161909195473,0.0
49378893,15421.639520945733,5358.02934108398,4,3855.4098802364333,0.0,0.0,0.0,0.0,0.20351927888330185,0.0,0.0,0.0,0.7964807211166982,0.0,0.0,0.0,0.0,-15421.639520945733,0.0
49385377,103370.83990825058,6112.046615451281,23,4494.384343836981,1279.6517805352976,0.0,0.0,0.0,0.0,0.0,0.0,0.0,0.6067878573424734,0.0,0.0,0.39321214265752663,0.0,-102091.18812771527,-79.78044471208331
49456720,16042.778052433174,4440.244592079764,6,2673.796342072196,0.0,0.0,0.0,0.0,0.1415397872685933,0.13061483660850023,0.0,0.0,0.7278453761229065,0.0,0.0,0.0,0.0,-16042.778052433174,0.0
49459153,61420.94647485348,4376.287925639733,27,2274.8498694390178,7426.56326070741,0.05062820714651491,0.0,0.0,0.0,0.0,0.0,0.011297308565482589,0.3528187197825947,0.0,0.12584502702542677,0.459410737479981,0.0,-53994.383214146066,-7.270440083614515
49478334,66806.65962072462,8220.338951177893,13,5138.973816978817,0.0,0.0,0.11241836548291329,0.0,0.0,0.0,0.0,0.0,0.8155533485395748,0.0,0.0,0.07202828597751196,0.0,-66806.65962072462,0.0
49500589,26968.29466111063,4309.677942552553,10,2696.8294661110626,1361.6513701511196,0.053916062305282626,0.0,0.0,0.09971529490088384,0.0,0.0,0.0,0.41109282357377064,0.0,0.0,0.2993493354383752,0.1359264837816876,-25606.64329095951,-18.80557964563104
49578826,10553.951086816069,5293.484967568725,4,2638.487771704017,0.0,0.0,0.0,0.0,0.0,0.0,0.0,0.0,1.0,0.0,0.0,0.0,0.0,-10553.951086816069,0.0
49582828,15074.68951763018,3535.325187177645,7,2153.5270739471684,2207.11426029864,0.0,0.0,0.0,0.0,0.0,0.0,0.0,0.48711655485385835,0.0,0.0,0.5128834451461416,0.0,-12867.57525733154,-5.830044909224797
49662320,18867.354482091894,6767.2021085713295,5,3773.4708964183787,3912.309130831081,0.0,0.0,0.0,0.0,0.0,0.0,0.0,0.8375181521697971,0.0,0.0,0.16248184783020303,0.0,-14955.045351260815,-3.8225622902359855
49677842,8035.01962648728,3744.39503938882,3,2678.33987549576,4090.0443604767834,0.0,0.0,0.0,0.0,0.0,0.0,0.0,0.5920194964119041,0.0,0.0,0.4079805035880959,0.0,-3944.975266010497,-0.9645311684469418
49681645,2678.78372227001,1111.2872002041515,3,892.9279074233367,1496.5973948514475,0.0,0.0,0.0,0.0,0.0,0.0,0.0,0.4148476754451991,0.0,0.0,0.5851523245548009,0.0,-1182.1863274185628,-0.7899160665957906
49703628,1916.9399019311236,1916.9399019311236,1,1916.9399019311236,6062.300902992789,0.0,0.0,0.0,0.0,0.0,0.0,0.0,1.0,0.0,0.0,0.0,0.0,4145.361001061665,0.6837933430548153
49754104,31923.379024365175,5702.363315794998,7,4560.482717766454,0.0,0.0,0.0,0.0,0.0,0.0,0.0,0.0,0.2872209480536113,0.0,0.0,0.7127790519463887,0.0,-31923.379024365175,0.0
49767777,1050.5989087930552,786.2040376389075,2,525.2994543965276,4863.300065480192,0.0,0.7483389056077654,0.0,0.0,0.0,0.0,0.0,0.25166109439223466,0.0,0.0,0.0,0.0,3812.7011566871365,0.7839740722045451
49786181,13781.181868274858,5730.582138324795,5,2756.236373654972,0.0,0.0,0.0,0.0,0.0,0.41582661001789356,0.0,0.07230837348946292,0.2997504803417263,0.0,0.0,0.21211453615091727,0.0,-13781.181868274858,0.0
49798831,50345.46140734902,6440.683783327757,11,4576.860127940819,0.0,0.0,0.0,0.0,0.0,0.0,0.0,0.03898954698442057,0.05930915961290465,0.0,0.6688190064947717,0.2328822869079032,0.0,-50345.46140734902,0.0
49801145,33597.36598061218,7516.23937074076,10,3359.736598061218,2877.134616803378,0.0,0.1708847140199688,0.11010194723984344,0.0,0.0,0.0,0.0,0.3844786783147705,0.0,0.0,0.3345346604254173,0.0,-30720.231363808805,-10.677370180871245
49839667,33581.792341718065,5212.237760363418,10,3358.179234171806,2323.277902946344,0.0,0.11148599762223603,0.0,0.0,0.0,0.0,0.15295822394844477,0.07211771533868808,0.0,0.0,0.6634380630906311,0.0,-31258.51443877172,-13.454487902256622
49843626,2472.467879836088,1562.6294272483422,3,824.1559599453626,0.0,0.0,0.0,0.0,0.0,0.0,0.0,0.0,1.0,0.0,0.0,0.0,0.0,-2472.467879836088,0.0
49844996,9941.542875357985,3476.65174673409,5,1988.308575071597,0.0,0.0,0.0,0.0,0.0,0.0932993052072991,0.0,0.3497094757144423,0.4024694591083837,0.0,0.0,0.15452175996987494,0.0,-9941.542875357985,0.0
49936701,20403.328303610982,5597.085580725341,7,2914.7611862301405,0.0,0.0,0.0,0.27432218398087377,0.18355535155424058,0.0,0.0,0.0,0.23598061669269418,0.0,0.0,0.3061418477721914,0.0,-20403.328303610982,0.0
49977133,112633.8618058096,10000.0,28,4022.637921636057,1230.2885100929263,0.14079846402506482,0.0,0.010204257201190862,0.027550858793915722,0.05294385493687191,0.0,0.0,0.5917114887424254,0.0,0.01366511693960551,0.16312595936092578,0.0,-111403.57329571666,-90.55077112546724
49977886,40368.75988589412,8237.930010892005,7,5766.965697984874,533.0490042857451,0.0,0.0,0.0,0.0,0.0,0.0,0.0,1.0,0.0,0.0,0.0,0.0,-39835.71088160838,-74.73179869266603
50044047,20263.22993954627,4786.340119328198,7,2894.7471342208955,1392.009632728113,0.0,0.0,0.0,0.0,0.0,0.0,0.0,0.38753451415632656,0.0,0.0,0.4839360683718428,0.12852941747183066,-18871.220306818155,-13.556817325921536
50072708,18606.143772342384,4360.219997654066,7,2658.0205389060548,0.0,0.0,0.20357217994945262,0.0,0.0,0.0,0.0,0.0,0.18736058619730317,0.0,0.0,0.6090672338532442,0.0,-18606.143772342384,0.0
50095524,8829.406201078551,5823.8136381521135,3,2943.1354003595175,0.0,0.0,0.0,0.0,0.0,0.1642572246749002,0.0,0.0,0.8357427753250998,0.0,0.0,0.0,0.0,-8829.406201078551,0.0
50135771,68047.99492855193,6441.721752876615,24,2835.333122022997,12237.974793712636,0.0,0.0,0.0,0.0,0.0,0.0,0.0,0.7431940999500578,0.0,0.0,0.21455992745190577,0.04224597259803658,-55810.020134839295,-4.560396722136751
50169632,32829.410039876886,4288.580827112801,12,2735.7841699897403,0.0,0.0,0.13627078499447162,0.0,0.11207801895851674,0.2141392571304062,0.0,0.0,0.08216431704041847,0.0,0.0,0.45534762187618694,0.0,-32829.410039876886,0.0
50194197,52076.24400016624,7456.694816144539,14,3719.7317142975885,514.0375359620361,0.0,0.0,0.0,0.0,0.0,0.061332704451096565,0.052049787957444166,0.23838757859416682,0.0,0.026252160664783235,0.519789626128354,0.10218814220415531,-51562.2064642042,-100.3082515515215
50201588,21335.27011581282,6072.575514452121,5,4267.054023162564,0.0,0.0,0.0,0.0,0.0,0.0,0.0,0.0,0.10975953638293377,0.0,0.0,0.0,0.8902404636170662,-21335.27011581282,0.0
50223286,10738.769710759383,7120.012426288862,4,2684.6924276898458,0.0,0.0,0.0,0.0,0.0,0.0,0.0,0.0,0.6917559607469675,0.0,0.0,0.19332537148580728,0.11491866776722513,-10738.769710759383,0.0
50235997,5475.696674235824,2701.5740263687057,3,1825.2322247452746,5291.807397732331,0.0,0.0,0.0,0.20325822020684142,0.0,0.0,0.0,0.7967417797931586,0.0,0.0,0.0,0.0,-183.88927650349274,-0.03474980525222702
50283074,27207.42133625285,4886.252375545776,10,2720.742133625285,0.0,0.0,0.0,0.0,0.0,0.0,0.0,0.0,0.801139077622107,0.0,0.0,0.19886092237789302,0.0,-27207.42133625285,0.0
50305940,14093.72482687945,4626.715827470848,5,2818.74496537589,0.0,0.0,0.0,0.0,0.0,0.0,0.0,0.0,0.9344815661694394,0.0,0.0,0.06551843383056051,0.0,-14093.72482687945,0.0
50349981,20362.481309871637,5252.827322669717,8,2545.3101637339546,0.0,0.0,0.0,0.0,0.0,0.155285875398259,0.0862014642225391,0.0,0.3331255635869273,0.0,0.0,0.4253870967922746,0.0,-20362.481309871637,0.0
50390032,9489.673114748182,7706.8535376267555,2,4744.836557374091,0.0,0.0,0.0,0.0,0.0,0.0,0.0,0.0,0.0,0.0,0.8121305596553485,0.18786944034465153,0.0,-9489.673114748182,0.0
50390472,5684.343405609495,3361.3488315718696,2,2842.1717028047474,0.0,0.0,0.0,0.0,0.0,0.0,0.0,0.0,1.0,0.0,0.0,0.0,0.0,-5684.343405609495,0.0
50449740,28840.59079601731,5229.832987732206,8,3605.0738495021637,2255.7044071271644,0.0,0.16821192647578437,0.0,0.0,0.0,0.0,0.0,0.24283115123501828,0.0,0.0,0.4486506784600946,0.14030624382910278,-26584.886388890143,-11.785625060132906
50520799,26405.071778424408,6069.597373552114,8,3300.633972303051,314.0500029031737,0.0,0.0,0.0,0.0,0.0,0.0,0.17155793396943583,0.35946944409786596,0.0,0.0,0.46897262193269823,0.0,-26091.021775521236,-83.07919609720713
50524931,13771.232737645661,3057.1740093165713,5,2754.2465475291324,2259.645116753593,0.2219971201967521,0.0,0.0,0.0,0.0,0.0,0.0,0.1933501658883793,0.0,0.0,0.5846527139148685,0.0,-11511.587620892069,-5.094422808051664
50671275,8688.241744039004,4524.746675527827,3,2896.080581346335,5634.1394590188775,0.0,0.0,0.0,0.0,0.0,0.0,0.0,1.0,0.0,0.0,0.0,0.0,-3054.102285020127,-0.5420707647076888
50698964,4026.951586508267,3848.133956129871,2,2013.4757932541336,0.0,0.9555947901192805,0.0,0.0,0.0,0.0,0.0,0.0,0.0,0.0,0.0,0.04440520988071961,0.0,-4026.951586508267,0.0
50728289,22804.293975229684,7488.9972427087005,6,3800.7156625382804,2082.2585946124477,0.08305130484516128,0.07284604662389395,0.0,0.0,0.0,0.0,0.0,0.6918502608350554,0.0,0.0,0.15225238769588942,0.0,-20722.035380617235,-9.951710817394439
50773343,27691.8420645631,6766.275656161236,6,4615.307010760516,0.0,0.0,0.1713512835668228,0.0,0.0,0.0,0.0,0.0,0.2950378076416181,0.0,0.12849591023064033,0.16077315808725992,0.24434184047365898,-27691.8420645631,0.0
50834445,14490.930334989263,4622.299222336376,5,2898.1860669978523,0.0,0.0,0.0,0.0,0.0,0.14384451936357748,0.0,0.0,0.7501659369713956,0.0,0.10598954366502704,0.0,0.0,-14490.930334989263,0.0
50839684,43144.663754221154,5823.107128562066,15,2876.310916948077,0.0,0.0,0.0,0.0,0.09573658681114026,0.0,0.0,0.0,0.5552094028861888,0.0,0.0,0.34905401030267097,0.0,-43144.663754221154,0.0
50860500,17661.761874215324,4547.974895641409,6,2943.6269790358874,0.0,0.0,0.0,0.0,0.0,0.0,0.0,0.0,0.26485230728628895,0.0,0.0,0.7351476927137109,0.0,-17661.761874215324,0.0
51040079,8154.908273564302,4836.097757479126,4,2038.7270683910756,0.0,0.0,0.0,0.0,0.0,0.0,0.10762021261533894,0.0,0.593029080799874,0.0,0.0,0.29935070658478685,0.0,-8154.908273564302,0.0
51048267,79696.4075905659,5823.300360845291,29,2748.1519858815827,9791.259108705555,0.03164537970073884,0.0,0.0,0.0,0.0,0.0,0.0,0.622668206882975,0.0,0.02103598100219456,0.2957156650742879,0.028934767339803557,-69905.14848186033,-7.139546375573559
51075529,7613.966888055997,3657.279000659197,3,2537.9889626853324,0.0,0.0,0.0,0.0,0.0,0.0,0.0,0.0,0.0,0.0,0.0,1.0,0.0,-7613.966888055997,0.0
51099302,42474.278702136115,10000.0,10,4247.427870213612,0.0,0.0,0.32135616623067076,0.0,0.0,0.0,0.0,0.0,0.31925436799488877,0.0,0.08443266934239724,0.27495679643204324,0.0,-42474.278702136115,0.0
51115754,3263.2875901275693,1538.1886815692765,3,1087.7625300425232,0.0,0.1282915114151677,0.0,0.0,0.0,0.0,0.0,0.0,0.8717084885848323,0.0,0.0,0.0,0.0,-3263.2875901275693,0.0
51128652,2909.489288221454,2909.489288221454,1,2909.489288221454,1533.4614011912972,0.0,0.0,0.0,0.0,0.0,0.0,0.0,1.0,0.0,0.0,0.0,0.0,-1376.0278870301568,-0.8973345439025492
51163849,16691.518979002616,3832.255156094746,6,2781.9198298337697,0.0,0.09108366508159642,0.0,0.0,0.0,0.37188431260173715,0.0,0.0,0.0,0.0,0.19853885411260283,0.3384931682040636,0.0,-16691.518979002616,0.0
51187470,39509.43651965306,6479.0912711695955,10,3950.9436519653063,7827.91873324766,0.0,0.0,0.03989085121297649,0.10510818241960689,0.0,0.0,0.0,0.1895491421303264,0.0,0.0,0.6654518242370903,0.0,-31681.517786405406,-4.047246639370938
51241828,10944.960510372111,5845.0304478257285,2,5472.480255186056,0.0,0.0,0.0,0.0,0.0,0.0,0.0,0.0,1.0,0.0,0.0,0.0,0.0,-10944.960510372111,0.0
51241960,48806.38385358554,5848.219940015167,14,3486.17027525611,0.0,0.08122142516930228,0.0,0.09859497528091335,0.14849300651021793,0.0,0.0,0.0,0.43499754067596885,0.0,0.0,0.17977517255413109,0.05691787980946651,-48806.38385358554,0.0
51254860,4483.968684638552,4483.968684638552,1,4483.968684638552,1650.9046527342366,0.0,0.0,0.0,1.0,0.0,0.0,0.0,0.0,0.0,0.0,0.0,0.0,-2833.0640319043155,-1.7160676282619838
51265419,16262.028878983805,5937.913741196152,5,3252.405775796761,7964.842349247173,0.13455518909550007,0.3651397857785138,0.0,0.0,0.0,0.0,0.0,0.24573053564512054,0.0,0.0,0.25457448948086575,0.0,-8297.186529736631,-1.0417263978264266
51318447,14088.150660160021,3614.096154317238,7,2012.5929514514316,11259.477019380838,0.0,0.0,0.0,0.0,0.0,0.0,0.0,0.11003860811218265,0.0,0.2870298219629253,0.602931569924892,0.0,-2828.6736407791827,-0.25122602372296793
51521683,35556.91411999282,10000.0,6,5926.152353332136,0.0,0.0,0.0,0.0,0.0,0.0,0.0,0.0,0.679288111576051,0.0,0.0,0.25463193700642756,0.06607995141752156,-35556.91411999282,0.0
51543894,49091.55350584676,4815.096893341057,21,2337.693024087941,0.0,0.09808401954050165,0.0,0.0,0.0,0.0,0.03551235222818632,0.0,0.2839555942911781,0.0,0.0,0.5272768185795419,0.055171215360591906,-49091.55350584676,0.0
51633599,23458.00370985186,3776.862026618411,9,2606.4448566502065,0.0,0.16100526171509683,0.0,0.0,0.0,0.11751377414371518,0.0,0.0,0.10073666460909021,0.0,0.0,0.6207442995320979,0.0,-23458.00370985186,0.0
51651854,28929.100231710992,5581.696885438222,9,3214.3444701901103,4672.839383094898,0.0,0.0,0.19294401971478445,0.0,0.0,0.0,0.0,0.1107587957202843,0.0,0.5073197239996193,0.18897746056531184,0.0,-24256.260848616093,-5.190904043560508
51657891,4777.012905811248,4037.4703824938133,2,2388.506452905624,0.0,0.0,0.0,0.0,0.0,0.0,0.0,0.0,1.0,0.0,0.0,0.0,0.0,-4777.012905811248,0.0
51739269,43910.75815486961,6451.885850043237,20,2195.537907743481,10327.385461072505,0.0,0.17513235024321772,0.0,0.05632523215990887,0.0,0.0,0.0,0.3317364285502579,0.0,0.0,0.43680598904661555,0.0,-33583.37269379711,-3.2518755904274594
51765297,6829.30733326181,6117.976202043842,2,3414.653666630905,7495.4853710246425,0.0,0.0,0.0,0.0,0.0,0.0,0.0,1.0,0.0,0.0,0.0,0.0,666.1780377628332,0.08887723806894254
51890574,2137.0740040957676,2137.0740040957676,1,2137.0740040957676,2275.3848221576727,0.0,0.0,0.0,0.0,0.0,0.0,0.0,0.0,0.0,0.0,0.0,1.0,138.31081806190548,0.06078568192731015
51894002,6495.677762244382,3477.179232834932,2,3247.838881122191,3103.8530737183078,0.0,0.0,0.0,0.0,0.0,0.0,0.0,0.5353066085029284,0.46469339149707156,0.0,0.0,0.0,-3391.824688526074,-1.092778752076298
51947968,10108.670807055722,3542.2788741470267,4,2527.1677017639304,8398.011943184669,0.0,0.0,0.0,0.0,0.0,0.0,0.0,0.9767699289444126,0.0,0.0,0.023230071055587456,0.0,-1710.6588638710534,-0.20369807466865097
51951137,7423.74212310986,3874.447179141592,2,3711.87106155493,0.0,0.4781005165736336,0.0,0.0,0.0,0.0,0.0,0.0,0.5218994834263664,0.0,0.0,0.0,0.0,-7423.74212310986,0.0
51960645,3503.596238446821,1433.7046827731601,3,1167.8654128156072,3917.653601295758,0.40920944800669595,0.0,0.0,0.0,0.0,0.0,0.0,0.1824217316701979,0.0,0.0,0.0,0.4083688203231061,414.0573628489368,0.10569014134174291
51975845,16970.74812697223,5299.135755921713,5,3394.1496253944456,0.0,0.0,0.0,0.0,0.0,0.0,0.0,0.0,0.25700172749140826,0.0,0.0,0.7429982725085917,0.0,-16970.74812697223,0.0
51994855,13978.546243318033,5570.938080410628,3,4659.515414439344,0.0,0.0,0.20571115310585256,0.0,0.0,0.0,0.0,0.0,0.0,0.0,0.0,0.7942888468941474,0.0,-13978.546243318033,0.0
52049646,5121.64403459718,3149.7964365266907,4,1280.411008649295,1539.6693143896493,0.005102284400865982,0.0,0.0,0.0,0.0,0.0,0.0,0.9948977155991341,0.0,0.0,0.0,0.0,-3581.97472020753,-2.326457172803684
52058542,7684.640545615222,4483.102075818408,2,3842.320272807611,0.0,0.0,0.0,0.0,0.0,0.583384746392129,0.0,0.0,0.41661525360787105,0.0,0.0,0.0,0.0,-7684.640545615222,0.0
52069019,4591.580558518705,2137.1517403337143,3,1530.5268528395686,0.0,0.0,0.39907078504479293,0.0,0.0,0.0,0.0,0.0,0.1354790909518981,0.0,0.465450124003309,0.0,0.0,-4591.580558518705,0.0
52069661,34746.28577184711,4503.34061483616,14,2481.877555131937,0.0,0.0,0.0,0.0,0.1378097123742881,0.0,0.0,0.0,0.684525261228201,0.0,0.0,0.17766502639751086,0.0,-34746.28577184711,0.0
52096176,37182.85108834376,6446.680721556158,13,2860.2193144879816,0.0,0.0,0.0,0.0,0.0,0.0,0.0,0.0,0.5252565677201588,0.0,0.0,0.47474343227984117,0.0,-37182.85108834376,0.0
52187946,11995.796044202798,4902.379497999401,3,3998.598681400933,0.0,0.0,0.0,0.0,0.0,0.0,0.0,0.0,0.5913252042686596,0.0,0.0,0.40867479573134047,0.0,-11995.796044202798,0.0
52194886,7163.495218898978,4047.102114845273,2,3581.747609449489,2427.084196114504,0.0,0.0,0.0,0.0,0.0,0.0,0.0,1.0,0.0,0.0,0.0,0.0,-4736.411022784474,-1.9514819594503354
52304085,13267.608006040504,4787.002970471512,4,3316.902001510126,0.0,0.0,0.0,0.0,0.0,0.2761337210974629,0.0,0.0,0.7238662789025371,0.0,0.0,0.0,0.0,-13267.608006040504,0.0
52329184,19650.476921584555,4580.287536814411,11,1786.4069928713234,0.0,0.0,0.0,0.11311831518933002,0.0,0.0,0.0,0.0,0.5209121426325702,0.0,0.0,0.3659695421780997,0.0,-19650.476921584555,0.0
52333688,44916.08271383194,4481.420783087147,15,2994.405514255462,0.0,0.03372623247917239,0.09198916105526193,0.0,0.0,0.0,0.0,0.0,0.4984389328322793,0.0,0.0,0.29361631730309945,0.0822293563301869,-44916.08271383194,0.0
52338468,13647.10831013295,5620.993759482619,4,3411.7770775332374,0.0,0.0,0.0,0.0,0.3202409792650032,0.0,0.0,0.0,0.2678773508790433,0.0,0.0,0.4118816698559535,0.0,-13647.10831013295,0.0
52358065,22883.835137284335,5897.570884862437,7,3269.1193053263337,0.0,0.0,0.05957999952891799,0.0,0.2577177666890984,0.0,0.0,0.0,0.4666654086185786,0.0,0.0,0.21603682516340497,0.0,-22883.835137284335,0.0
52360424,5423.394410470782,3343.67704207535,4,1355.8486026176954,0.0,0.0,0.0,0.0,0.0,0.0,0.0,0.0,0.06532298638438289,0.0,0.0,0.9346770136156171,0.0,-5423.394410470782,0.0
52407183,11191.834923358034,3603.0567273652273,5,2238.3669846716066,8588.262833911265,0.0,0.0,0.3215008825410245,0.0,0.0,0.0,0.0,0.39265707495519153,0.0,0.0,0.285842042503784,0.0,-2603.572089446768,-0.3031546821280794
52434593,21209.144434940015,5788.364044996683,6,3534.8574058233357,0.0,0.1928824918659399,0.2957204849788722,0.0,0.0,0.0,0.0,0.0,0.07241718465799517,0.0,0.0,0.16606151957335555,0.27291831892383706,-21209.144434940015,0.0
52450121,5889.731367300198,5889.731367300198,1,5889.731367300198,3614.913541153545,0.0,0.0,0.0,0.0,0.0,0.0,0.0,0.0,0.0,0.0,1.0,0.0,-2274.8178261466537,-0.6292869249151511
52471214,14079.791114415855,3693.8828284824144,6,2346.6318524026424,0.0,0.0,0.2623535248829341,0.48620289746850925,0.0,0.01242699458639114,0.0,0.0,0.07157436967987019,0.0,0.16744221338229529,0.0,0.0,-14079.791114415855,0.0
52473083,10268.542324316566,4370.307700645939,3,3422.8474414388556,0.0,0.0,0.0,0.0,0.0,0.7416798948209458,0.0,0.0,0.25832010517905435,0.0,0.0,0.0,0.0,-10268.542324316566,0.0
52496361,5404.480160147226,2375.732795812259,5,1080.8960320294455,7417.623376838983,0.0,0.0,0.0,0.0,0.0,0.0,0.0,0.4286249331856577,0.0,0.0,0.13178925552189408,0.43958581129244817,2013.1432166917564,0.2714000313062075
52497212,7505.799850259498,3982.752307226134,2,3752.899925129749,0.0,0.0,0.0,0.0,0.0,0.0,0.0,0.0,1.0,0.0,0.0,0.0,0.0,-7505.799850259498,0.0
52498171,17839.0297232458,4664.70688310113,9,1982.114413693978,0.0,0.0,0.0,0.0,0.0,0.0,0.0,0.0,0.3017066980320673,0.0,0.0,0.6982933019679328,0.0,-17839.0297232458,0.0
52504984,14375.09647284342,5415.069158773813,6,2395.8494121405697,4844.861837340072,0.3766979351410713,0.0,0.0,0.0,0.0,0.0,0.0,0.512530936189104,0.0,0.0,0.11077112866982476,0.0,-9530.234635503346,-1.9670807869178861
52640145,5558.941553820676,2997.9591732783024,2,2779.470776910338,0.0,0.0,0.0,0.0,0.0,0.0,0.0,0.0,0.539303956383171,0.0,0.0,0.4606960436168291,0.0,-5558.941553820676,0.0
52698920,23690.821499223803,4045.5260161518486,9,2632.3134999137555,4523.882513152918,0.0,0.14553645573591997,0.0,0.0,0.0,0.0,0.12879976006431568,0.42924330359540636,0.0,0.12399469967588723,0.17242578092847088,0.0,-19166.938986070883,-4.23683394304431
52728420,14258.126877046841,3664.328399835085,5,2851.625375409368,0.0,0.0,0.0,0.0,0.0,0.0,0.0,0.04165411621472461,0.0,0.0,0.0,0.20419490383306158,0.7541509799522138,-14258.126877046841,0.0
52744230,14744.986276935031,6443.395757964998,4,3686.246569233758,0.0,0.0,0.0,0.0,0.0,0.0,0.0,0.0,0.868715420593746,0.13128457940625404,0.0,0.0,0.0,-14744.986276935031,0.0
52759026,20655.1604023449,7473.010242716579,5,4131.03208046898,0.0,0.0,0.0,0.0,0.0,0.0,0.0,0.0,0.7437193113285145,0.0,0.0,0.2562806886714855,0.0,-20655.1604023449,0.0
52792701,43615.68836853299,10000.0,9,4846.187596503664,0.0,0.0,0.0,0.034794054601462565,0.0,0.06671643761464693,0.07662757957766421,0.0,0.7286646739189301,0.0,0.0,0.09319725428729637,0.0,-43615.68836853299,0.0
52794295,7520.616874703054,6477.882183679226,3,2506.8722915676844,616.6623146929212,0.0,0.0,0.0,0.0,0.0,0.0,0.8613498455783256,0.11430197078603839,0.0,0.0,0.02434818363563598,0.0,-6903.954560010133,-11.195680999978228
52899032,136829.77283879637,7461.856073959083,32,4275.930401212387,0.0,0.023100410810365617,0.04753610757275284,0.023824397974733614,0.0,0.07073109626573973,0.0,0.02245545808366894,0.661555960017569,0.0,0.03702719724433891,0.0881736569613078,0.02559571506952366,-136829.77283879637,0.0
52941434,3863.9011015766437,3863.9011015766437,1,3863.9011015766437,161.1561640692955,0.0,0.0,0.0,0.0,0.0,0.0,0.0,1.0,0.0,0.0,0.0,0.0,-3702.7449375073484,-22.97612976141084
53158453,7828.491940355775,3540.4000502958047,4,1957.1229850889438,12646.058367132839,0.0,0.0,0.0,0.0,0.0,0.0,0.0,0.8516904444723705,0.0,0.0,0.08731634626176751,0.060993209265861895,4817.566426777063,0.38095399269213714
53175395,4085.332247794552,3417.4936680531487,2,2042.666123897276,0.0,0.0,0.0,0.0,0.0,0.0,0.0,0.0,0.1634722806454561,0.0,0.0,0.8365277193545438,0.0,-4085.332247794552,0.0
53193285,9440.299006185493,5140.659924024291,3,3146.766335395164,4089.0293522580146,0.0,0.0,0.0,0.0,0.0,0.0,0.0,0.5445441845280555,0.0,0.0,0.18940757952177203,0.2660482359501726,-5351.2696539274775,-1.30868946953693
53210107,23592.453460286626,3438.3738399196486,10,2359.2453460286624,11153.508512748765,0.0,0.0,0.12750376276443603,0.0,0.0,0.0,0.0,0.18211674045686688,0.034789219558323904,0.28210282550538246,0.37348745171499065,0.0,-12438.944947537862,-1.115249513937234
53261865,146434.30019183608,7686.552508192742,32,4576.071880994878,0.0,0.0,0.018096880455035075,0.0,0.0,0.021015088945778717,0.0,0.05253991793793756,0.7728747899640337,0.0,0.003149386497257787,0.13232393619995708,0.0,-146434.30019183608,0.0
53268917,713.528298263985,713.528298263985,1,713.528298263985,5695.472237523894,0.0,0.0,0.0,0.0,0.0,0.0,0.0,1.0,0.0,0.0,0.0,0.0,4981.943939259909,0.8747200814072984
53297864,3332.403188910509,1783.4087716934337,3,1110.8010629701696,0.0,0.0,0.0,0.0,0.0,0.0,0.0,0.0,1.0,0.0,0.0,0.0,0.0,-3332.403188910509,0.0
53322874,9966.465496008617,4546.201727655615,6,1661.0775826681029,1596.2388907876912,0.0,0.0,0.0,0.0,0.0,0.0,0.0,0.5661584072784411,0.0,0.0,0.43384159272155903,0.0,-8370.226605220925,-5.243718000812832
53359880,3656.7088425819047,1776.2351419537138,3,1218.9029475273016,311.0521119196286,0.0,0.0,0.0,0.48574694306248384,0.0,0.0,0.0,0.2513846199958133,0.0,0.0,0.2628684369417028,0.0,-3345.656730662276,-10.75593639282779
53374222,10563.189273453834,4057.4312335178756,7,1509.0270390648332,1869.1905462443008,0.0,0.0,0.0,0.0,0.0,0.0,0.0,0.453115208197996,0.0,0.0,0.546884791802004,0.0,-8693.998727209531,-4.651210517128968
53378647,17274.38607212024,8194.174592128382,5,3454.877214424048,2605.7642196065854,0.0,0.0,0.0,0.0,0.13914804877809467,0.0,0.0,0.5362007197706685,0.0,0.0,0.0,0.32465123145123675,-14668.621852513654,-5.6292974407056295
53384829,5177.310021684281,2123.9401984939045,3,1725.7700072280936,0.0,0.0,0.0,0.0,0.0,0.0,0.0,0.0,0.7858055103602751,0.0,0.0,0.21419448963972496,0.0,-5177.310021684281,0.0
53387415,19114.998152800337,5831.059246824104,6,3185.8330254667226,4348.4106152166005,0.0,0.0,0.0,0.13447161239867134,0.0,0.0,0.3050515202885258,0.248711682361968,0.0,0.0,0.31176518495083494,0.0,-14766.587537583735,-3.3958585893223403
53399709,17158.91550710446,6075.184819157329,6,2859.8192511840766,0.0,0.0,0.0,0.0,0.0,0.0,0.0,0.0,0.8012564980726438,0.0,0.0,0.19874350192735632,0.0,-17158.91550710446,0.0
53399996,13593.632561192284,3602.0076608953395,6,2265.6054268653807,3779.188520670185,0.0,0.0,0.0,0.0,0.2649775653917934,0.0,0.0,0.17734549419790252,0.0,0.0,0.5576769404103041,0.0,-9814.444040522098,-2.596971277522204
53403750,31678.939559716095,7354.543945906488,11,2879.903596337827,13975.742295137223,0.0,0.09945286447353696,0.0,0.0,0.0,0.0,0.0,0.5627458395252539,0.0,0.0,0.33780129600120923,0.0,-17703.197264578874,-1.2667089082444367
53421604,5469.358605965871,3250.6522862946927,2,2734.6793029829355,859.7896720944418,0.0,0.0,0.0,0.0,0.0,0.0,0.0,0.5943388467431892,0.0,0.0,0.40566115325681085,0.0,-4609.568933871429,-5.361275069334749
53435819,48963.43984127601,6724.5744839499175,12,4080.2866534396676,0.0,0.0,0.05223460791096314,0.0,0.0,0.10806804862167696,0.0,0.0,0.06143518239426133,0.0,0.0,0.7782621610730985,0.0,-48963.43984127601,0.0
53489462,14848.154165454805,3548.743996040347,5,2969.630833090961,336.94835401231546,0.22815217915028976,0.0,0.0,0.0,0.0,0.0,0.0,0.4469476821463315,0.0,0.0,0.32490013870337875,0.0,-14511.205811442489,-43.06655794173164
53493652,26741.933612208864,4735.825580488147,13,2057.071816323759,0.0,0.0,0.0,0.0591320009104394,0.0,0.04565041557521567,0.0,0.0,0.3506587332476427,0.0,0.0,0.42884729865216487,0.11571155161453744,-26741.933612208864,0.0
53498083,8400.907530334436,2903.8321864517893,4,2100.226882583609,0.0,0.0,0.0,0.0,0.0,0.0,0.0,0.0,1.0,0.0,0.0,0.0,0.0,-8400.907530334436,0.0
53540989,7407.041289787646,3113.539514219255,3,2469.0137632625488,0.0,0.0,0.0,0.0,0.0,0.0,0.0,0.0,1.0,0.0,0.0,0.0,0.0,-7407.041289787646,0.0
53576903,21396.084744158783,10000.0,5,4279.216948831757,781.0397273288459,0.0,0.0,0.0,0.0,0.0,0.0,0.0,0.8515292206587894,0.0,0.0,0.14847077934121053,0.0,-20615.04501682994,-26.394361638086384
53615762,5486.972260092876,3899.515731993019,2,2743.486130046438,2301.664301261731,0.0,0.0,0.0,0.0,0.0,0.0,0.0,0.28931375134617254,0.0,0.0,0.0,0.7106862486538275,-3185.3079588311452,-1.3839150900872106
53675674,62295.858414201066,6454.644232410443,20,3114.7929207100533,3031.5466719232277,0.0,0.0,0.0,0.036007083238358814,0.04090641763779417,0.0,0.0,0.43835129104206466,0.09137359334511494,0.0,0.3933616147366674,0.0,-59264.31174227783,-19.549199849422166
53730252,21958.938518964093,4856.949749422387,7,3136.9912169948707,0.0,0.2792948102187371,0.0,0.0,0.0,0.22118326645105577,0.0,0.0,0.4995219233302072,0.0,0.0,0.0,0.0,-21958.938518964093,0.0
53762289,51541.387898185945,6053.843018113247,14,3681.5277070132815,0.0,0.0,0.0,0.0,0.0,0.0,0.0,0.0,0.15255458651003476,0.0,0.0,0.8474454134899653,0.0,-51541.387898185945,0.0
53811525,22816.524028810534,10000.0,7,3259.503432687219,0.0,0.0,0.0,0.0,0.0,0.0,0.0,0.0,0.5562827737536351,0.0,0.0,0.44371722624636484,0.0,-22816.524028810534,0.0
53850551,8329.921687051223,5928.170327795667,2,4164.960843525611,3586.614965405924,0.7116717960279202,0.0,0.0,0.0,0.0,0.2883282039720799,0.0,0.0,0.0,0.0,0.0,0.0,-4743.306721645299,-1.3225023503766216
53898492,5433.487225382179,2175.7996381575513,4,1358.3718063455447,0.0,0.0,0.0,0.02524775009529703,0.0,0.0,0.0,0.40044257912182923,0.5743096707828738,0.0,0.0,0.0,0.0,-5433.487225382179,0.0
53898653,4738.334799635501,4506.401661055546,2,2369.1673998177507,7528.841542753579,0.0,0.0,0.0,0.0,0.0,0.0,0.0,0.0,0.0,0.0,1.0,0.0,2790.506743118077,0.37064224652249544
53906238,2754.552806705806,2222.5583239207676,2,1377.276403352903,0.0,0.0,0.0,0.0,0.0,0.0,0.0,0.0,1.0,0.0,0.0,0.0,0.0,-2754.552806705806,0.0
53911619,8970.908136964577,6052.710486405934,2,4485.454068482289,7717.971232043312,0.0,0.0,0.0,0.0,0.0,0.0,0.0,0.6747043213457702,0.0,0.32529567865422976,0.0,0.0,-1252.936904921266,-0.16234018853547272
53945036,161.65863732042828,161.65863732042828,1,161.65863732042828,954.946856682728,0.0,0.0,0.0,0.0,0.0,0.0,0.0,0.0,0.0,0.0,1.0,0.0,793.2882193622997,0.8307145196728598
53975099,22117.033400141918,5535.020700517367,6,3686.172233356986,242.425436501358,0.0,0.0,0.0,0.0,0.0,0.0,0.0,0.0,0.0,0.0,1.0,0.0,-21874.60796364056,-90.23231340461265
53987244,32479.16436394278,6446.758905198778,11,2952.65130581298,813.8785910017175,0.0,0.0,0.0,0.0,0.0,0.0,0.0,0.7947990642166658,0.0,0.0,0.05123593682584213,0.15396499895749202,-31665.28577294106,-38.90664544200333
53995706,51341.8768081702,5886.290341692742,14,3667.2769148693,1003.2881949303716,0.0,0.0,0.0,0.05034149945733506,0.0,0.0,0.0,0.5451506185886044,0.0,0.0,0.4045078819540606,0.0,-50338.58861323983,-50.17360800974374
54003485,19025.865989224505,7499.308170549536,5,3805.173197844901,445.5776050206929,0.0,0.0,0.0,0.0,0.0,0.0,0.07933332476686736,0.2879944594158904,0.0,0.0,0.2385083877530244,0.39416382806421774,-18580.288384203814,-41.699331777100724
54047575,21474.403907150296,5659.655203997541,11,1952.2185370136633,2963.961253834354,0.0,0.0,0.09013364826513186,0.0,0.062996487954216,0.0,0.0,0.11258263792660322,0.0,0.0,0.734287225854049,0.0,-18510.442653315942,-6.245170252940975
54058187,12064.786027694037,4501.219290573412,5,2412.957205538807,1481.3217528732746,0.0,0.0,0.0,0.0,0.0,0.0,0.0,0.4217083944087616,0.0,0.0,0.5782916055912383,0.0,-10583.464274820763,-7.144608694426002
54066058,27720.444589400693,6279.97184901055,11,2520.040417218245,0.0,0.0,0.0,0.0,0.14503170644975652,0.0,0.0,0.0,0.5250856022316496,0.0,0.0,0.329882691318594,0.0,-27720.444589400693,0.0
54111451,5297.392333670369,4611.558737977382,3,1765.7974445567897,204.241451139061,0.0,0.0,0.0,0.0,0.0,0.0,0.0,0.935170021612339,0.0,0.0,0.06482997838766101,0.0,-5093.1508825313085,-24.936910965558877
54206353,9711.734552762022,3549.2866363299668,6,1618.6224254603371,54.4449851812286,0.016980663619043546,0.0,0.0,0.0,0.0,0.0,0.0,0.5710421330928489,0.0,0.0,0.41197720328810766,0.0,-9657.289567580794,-177.3770262850656
54222358,27603.43390745347,6193.150752260733,7,3943.347701064781,353.37548200094074,0.0,0.1734114708257593,0.0,0.0,0.0,0.0,0.0,0.7345914917604497,0.0,0.0,0.09199703741379095,0.0,-27250.058425452527,-77.11360808382281
54233779,4977.473145092578,3381.1875018381083,3,1659.1577150308597,2301.860664325299,0.0,0.1848892461078913,0.0,0.0,0.0,0.0,0.0,0.6792979898187315,0.0,0.0,0.13581276407337717,0.0,-2675.61248076728,-1.1623694354026124
54248722,1877.022367147141,1877.022367147141,1,1877.022367147141,2980.418144101863,0.0,0.0,0.0,0.0,0.0,0.0,0.0,0.0,0.0,0.0,0.0,1.0,1103.3957769547221,0.3702150918448478
54255356,32183.72771347193,10000.0,7,4597.675387638847,0.0,0.0,0.0,0.0,0.06492527047365461,0.0,0.0,0.0,0.6318655551186124,0.0,0.0,0.303209174407733,0.0,-32183.72771347193,0.0
54326542,55301.478415466365,8555.66358734719,13,4253.959878112797,6390.915361844438,0.0,0.0,0.0,0.0,0.0,0.0,0.0,0.8956385682293607,0.0,0.0,0.10436143177063925,0.0,-48910.563053621925,-7.653138914283194
54361198,33796.90293111569,4645.2159786466245,15,2253.1268620743795,3833.1477839482504,0.12249843198089351,0.0,0.0,0.0,0.25091556514021685,0.0,0.0,0.3627647098669019,0.0,0.06742198327821627,0.05895429034502965,0.13744501938874193,-29963.75514716744,-7.817010153546422
54381486,9571.385988912964,5529.147660698875,3,3190.4619963043215,6270.403863219032,0.0,0.0,0.0,0.0,0.0,0.0,0.31717927983446087,0.6828207201655392,0.0,0.0,0.0,0.0,-3300.9821256939313,-0.5264385193841898
54450269,18006.349530026513,4965.136427644949,9,2000.7055033362792,0.0,0.014495833788803038,0.13726778389302008,0.0,0.0,0.0,0.0,0.0,0.7677584583713553,0.0,0.0,0.08047792394682157,0.0,-18006.349530026513,0.0
54493199,7875.697351097078,4585.8126775491755,2,3937.848675548539,0.0,0.0,0.0,0.0,0.0,0.0,0.0,0.0,0.0,0.0,0.4177261424462463,0.0,0.5822738575537537,-7875.697351097078,0.0
54508981,20166.018907100202,6657.574333783635,8,2520.7523633875253,2070.4235077370513,0.0,0.0,0.0,0.0,0.0,0.0,0.0,0.5867033992604154,0.0,0.0,0.04155793570163029,0.37173866503795433,-18095.595399363152,-8.740045373200687
54561375,11293.87353829815,5137.70960211676,3,3764.62451276605,0.0,0.0,0.0,0.0,0.0,0.0,0.0,0.0,0.7192219572195983,0.0,0.0,0.2807780427804018,0.0,-11293.87353829815,0.0
54652840,8998.914014045251,3956.460433586066,4,2249.7285035113127,0.0,0.0,0.4396597664352537,0.0,0.0,0.0,0.0,0.0,0.5603402335647464,0.0,0.0,0.0,0.0,-8998.914014045251,0.0
54665996,23687.14900736656,5695.874909738866,6,3947.858167894427,0.0,0.0,0.0,0.0,0.0,0.0,0.0,0.0,0.2645459504452251,0.0,0.0,0.7354540495547749,0.0,-23687.14900736656,0.0
54666071,31705.736894821264,4883.837379813702,12,2642.1447412351054,5035.300228008679,0.0,0.0,0.0,0.15403639398179123,0.0,0.0,0.004814977557527546,0.03885321323814498,0.0,0.23876715860082834,0.5635282566217079,0.0,-26670.436666812584,-5.2966924431753295
54677675,17087.12597803021,4151.094893570282,7,2441.0179968614584,0.0,0.0,0.0,0.0,0.0,0.0,0.0,0.0,0.9146574761595351,0.0,0.0,0.0853425238404649,0.0,-17087.12597803021,0.0
54721814,11311.728243843305,3934.59452716415,4,2827.932060960826,0.0,0.0,0.23388980968397657,0.0,0.0,0.0,0.0,0.34649415224278224,0.0,0.0,0.0,0.41961603807324127,0.0,-11311.728243843305,0.0
54759928,11396.847073470884,3974.858256711342,3,3798.9490244902945,1645.6251628425568,0.0,0.0,0.0,0.0,0.0,0.0,0.0,1.0,0.0,0.0,0.0,0.0,-9751.221910628328,-5.925542542011594
54767488,13525.411529363226,7342.266473573894,2,6762.705764681613,0.0,0.0,0.0,0.0,0.0,0.0,0.0,0.0,1.0,0.0,0.0,0.0,0.0,-13525.411529363226,0.0
54790856,44003.407159140676,5292.712064100243,17,2588.435715243569,22951.62406582139,0.06894968430984338,0.0,0.0,0.16106606372570048,0.0,0.0,0.0,0.4202985642904628,0.07245621661559043,0.0,0.2772294710584028,0.0,-21051.783093319285,-0.917224115946929
54796950,30855.075432359223,5565.667995690688,10,3085.507543235922,1581.6298184135428,0.0,0.2873260708136956,0.16286670013390436,0.0,0.0,0.0,0.0,0.14959000432815142,0.0,0.18325158552560908,0.21696563919863948,0.0,-29273.445613945678,-18.50840523688942
54797535,22849.995882465715,10000.0,4,5712.498970616429,0.0,0.0,0.06342471793377043,0.0,0.0,0.0,0.0,0.0,0.7618992657298029,0.0,0.0,0.17467601633642663,0.0,-22849.995882465715,0.0
54798603,10682.128557148942,5211.8708138713055,3,3560.7095190496475,2522.7136040823198,0.0,0.0,0.0,0.0,0.0,0.0,0.0,0.5120943559153014,0.0,0.0,0.4879056440846985,0.0,-8159.414953066623,-3.2343802086225124
54814913,14591.117037693835,4505.341063229256,5,2918.2234075387673,4576.255083285309,0.0,0.3087728685604003,0.0,0.14190076770883955,0.0,0.0,0.0,0.3097146202606817,0.0,0.0,0.23961174347007852,0.0,-10014.861954408527,-2.1884404982116563
54840528,8195.569496675345,5297.1878376518,2,4097.784748337673,0.0,0.0,0.0,0.0,0.0,0.0,0.0,0.0,0.646347741886721,0.0,0.353652258113279,0.0,0.0,-8195.569496675345,0.0
54895504,73108.59589510153,5851.4939946346585,22,3323.117995231888,554.0375527322985,0.0,0.0,0.0,0.0,0.0,0.0,0.04631325467480637,0.7726154763823522,0.0,0.0,0.17879485054113411,0.0022764184017074742,-72554.55834236923,-130.95602993796768
54897302,11446.893165870883,6047.76236829932,3,3815.631055290294,828.9465081726561,0.0,0.0,0.0,0.0,0.0,0.0,0.0,0.9565388210381593,0.0,0.0,0.043461178961840596,0.0,-10617.946657698227,-12.808964816203414
54912500,5747.01405922701,4281.33874670507,2,2873.507029613505,0.0,0.0,0.0,0.0,0.0,0.0,0.0,0.0,0.2550324912062382,0.0,0.0,0.7449675087937617,0.0,-5747.01405922701,0.0
54923912,27037.32462231499,5681.673529306468,8,3379.665577789374,0.0,0.05617073360834766,0.0,0.0,0.2011102982643689,0.05680450683480332,0.0,0.0,0.21014185422092962,0.0,0.1787922076518161,0.2969803994197344,0.0,-27037.32462231499,0.0
54929487,32890.223225464724,4603.062412356748,10,3289.0223225464724,0.0,0.25827363895744926,0.11204137484590292,0.0,0.0,0.0,0.0,0.0,0.33958328292791834,0.0,0.0,0.2901017032687294,0.0,-32890.223225464724,0.0
54976128,5970.87018681642,2641.8792840514425,3,1990.29006227214,0.0,0.0,0.0,0.0,0.0,0.0,0.0,0.0,0.7742510081257646,0.0,0.0,0.2257489918742354,0.0,-5970.87018681642,0.0
55034050,8474.758183600383,4714.821702558596,2,4237.379091800191,2722.192327885788,0.0,0.0,0.0,0.0,0.0,0.0,0.0,1.0,0.0,0.0,0.0,0.0,-5752.565855714595,-2.11321066362066
55061087,80943.90929887819,6131.524130593625,31,2611.0938483509094,316.81371417731367,0.0,0.028388068445732068,0.0,0.0,0.0,0.0,0.0,0.821014090608303,0.0,0.008784997614643325,0.1291546796571445,0.012658163674177098,-80627.09558470089,-254.49370395492306
55110142,45041.34379229201,6440.146617010388,9,5004.593754699112,2623.68750313834,0.0,0.0,0.0,0.0,0.0,0.0,0.0,0.28672010192553876,0.0,0.0,0.05136463238364165,0.6619152656908196,-42417.65628915367,-16.167190733810916
55123849,11733.507356786093,10000.0,2,5866.753678393046,0.0,0.8522600869395188,0.0,0.0,0.0,0.0,0.0,0.0,0.0,0.0,0.0,0.1477399130604812,0.0,-11733.507356786093,0.0
55127995,25749.662730423952,6655.121026422456,7,3678.5232472034218,0.0,0.0,0.0,0.0,0.0,0.07421230760238907,0.0,0.0,0.9257876923976108,0.0,0.0,0.0,0.0,-25749.662730423952,0.0
55129419,47404.26762616647,6310.801215230327,10,4740.426762616647,2805.2040737063153,0.0,0.06855057605871885,0.0,0.0,0.0,0.0,0.0,0.7480819037259003,0.0,0.0,0.18336752021538097,0.0,-44599.06355246015,-15.898687717765434
55131520,4117.130700003178,4117.130700003178,1,4117.130700003178,53.9341179207391,0.0,0.0,0.0,0.0,0.0,0.0,0.0,1.0,0.0,0.0,0.0,0.0,-4063.19658208244,-75.3362943295682
55151236,10419.66439844764,4747.673955370296,3,3473.2214661492135,0.0,0.0,0.45564557300690245,0.0,0.0,0.0,0.0,0.0,0.0,0.0,0.0,0.5443544269930977,0.0,-10419.66439844764,0.0
55199011,29550.84674680043,5702.339423590759,10,2955.084674680043,0.0,0.0,0.1524869097002604,0.0723692833453275,0.0,0.0,0.0,0.0,0.05500684576338582,0.0,0.0,0.4647809335041925,0.25535602768683374,-29550.84674680043,0.0
55328174,29813.52066585456,4688.265710224556,11,2710.3200605322327,18442.265028288133,0.0,0.0,0.0,0.0,0.0,0.0,0.0,0.8884246458306285,0.0,0.0,0.0,0.11157535416937145,-11371.255637566428,-0.6165867164431451
55384370,9993.98904167826,4897.122850877906,4,2498.497260419565,1175.0867760381232,0.0,0.0,0.0,0.0,0.0,0.0,0.4036574135896356,0.10633576026163899,0.0,0.0,0.49000682614872526,0.0,-8818.902265640138,-7.504894485642673
55427033,6913.83057348191,4841.355721018086,3,2304.6101911606365,0.0,0.0,0.0,0.0,0.0,0.13326801124434462,0.0,0.0,0.0,0.0,0.0,0.8667319887556554,0.0,-6913.83057348191,0.0
55442412,24243.527986467212,4045.7047524603904,9,2693.7253318296903,8949.698956636326,0.1420055019880681,0.0,0.0,0.15011337647823364,0.0,0.0,0.14875085884014944,0.04301428319328797,0.0,0.0,0.5161159795002608,0.0,-15293.829029830884,-1.7088651924420648
55450171,23457.592211670366,5590.131465828734,8,2932.1990264587957,0.0,0.026014409728834807,0.0,0.0,0.0,0.19270001955659932,0.0,0.0,0.7801437732094831,0.0,0.0,0.001141797505082572,0.0,-23457.592211670366,0.0
55464464,10830.714960808187,4478.7847996006285,5,2166.1429921616377,1034.6389799865556,0.0,0.41352623680038403,0.0,0.0,0.0,0.0,0.0,0.5325896461595796,0.0,0.0,0.05388411704003643,0.0,-9796.075980821632,-9.468110297708796
55502684,34880.9926675127,5174.196024153936,9,3875.6658519458556,625.7752668462135,0.0,0.2069379176919807,0.0,0.0,0.06008996040681968,0.0,0.2957435881481235,0.3436605196223466,0.0,0.09356801413072956,0.0,0.0,-34255.217400666486,-54.74044631598524
55548258,9128.822187858917,4602.344657108496,2,4564.411093929459,2297.311132766094,0.4958446377420421,0.0,0.0,0.0,0.0,0.0,0.0,0.5041553622579579,0.0,0.0,0.0,0.0,-6831.511055092824,-2.973698667827937
55566230,12637.410345121485,5733.409831240608,3,4212.470115040495,0.0,0.0,0.0,0.0,0.0,0.0,0.0,0.0,0.8113189373562791,0.0,0.0,0.0,0.18868106264372078,-12637.410345121485,0.0
55581009,7462.637460663404,5845.676565529666,2,3731.318730331702,0.0,0.0,0.7833258142771958,0.0,0.0,0.0,0.0,0.0,0.0,0.0,0.0,0.2166741857228042,0.0,-7462.637460663404,0.0
55587512,41584.725842182495,4894.770722073746,18,2310.262546787916,8363.69108590742,0.0,0.0,0.0,0.0,0.0,0.0,0.1177059755221138,0.4914794281079569,0.0,0.0,0.10106865531682108,0.28974594105310825,-33221.034756275076,-3.972054253922837
55642267,19962.424216393843,6174.701318966407,8,2495.3030270492304,606.4906599814119,0.0,0.17084239060847944,0.0,0.0,0.30931620588923897,0.0,0.0,0.3360711437819506,0.0,0.0,0.18377025972033106,0.0,-19355.93355641243,-31.914644088675104
55646998,40656.46725929572,6125.37369459461,13,3127.4205584073634,0.0,0.0,0.11327019228218639,0.029925087561777218,0.08938487850534899,0.0,0.0,0.0,0.531997490056659,0.0,0.0,0.197771466000586,0.037650885593442526,-40656.46725929572,0.0
55757838,33932.8807522086,4641.326932722906,11,3084.8073411098726,0.0,0.0,0.0,0.0,0.0,0.0,0.0,0.0,0.11044096413361285,0.0,0.054893978206888495,0.7452871677276692,0.08937788993182949,-33932.8807522086,0.0
55809646,9471.548326848833,4951.203490304979,2,4735.774163424417,0.0,0.0,0.0,0.0,0.0,0.4772551097828548,0.0,0.0,0.0,0.0,0.0,0.5227448902171453,0.0,-9471.548326848833,0.0
55814842,82217.77356374916,6271.133838400682,22,3737.1715256249618,3858.8867834654025,0.0,0.007976114599753325,0.0,0.774555695167373,0.034282418636426046,0.0,0.07627467354778508,0.006154280858885561,0.0,0.013616756311745892,0.06961212523852259,0.017527935639508482,-78358.88678028375,-20.306085971746235
55821412,21394.983748946488,5258.797846740539,6,3565.8306248244144,36.9026346677723,0.0,0.0,0.0,0.0,0.2190474510072844,0.0,0.0,0.34019751002072857,0.0,0.0,0.36761902564572196,0.07313601332626514,-21358.081114278713,-578.768462104715
55829346,11177.75011088269,5494.190833867157,3,3725.916703627563,0.0,0.0,0.0,0.0,0.0,0.0,0.0,0.0,0.4915292236241708,0.0,0.0,0.5084707763758292,0.0,-11177.75011088269,0.0
55879572,8593.519112131187,4613.711050887135,2,4296.759556065594,0.0,0.0,0.4631173805881094,0.0,0.0,0.0,0.0,0.0,0.5368826194118905,0.0,0.0,0.0,0.0,-8593.519112131187,0.0
55905970,11336.323457561488,6126.437419516208,2,5668.161728780744,0.0,0.5404254247376639,0.0,0.0,0.0,0.0,0.0,0.0,0.0,0.0,0.0,0.45957457526233625,0.0,-11336.323457561488,0.0
55910256,8645.823103169634,4122.186449624097,3,2881.9410343898785,0.0,0.0,0.0,0.0,0.0,0.0,0.0,0.0,0.43955743322027896,0.0,0.0,0.560442566779721,0.0,-8645.823103169634,0.0
55943876,39433.651988685386,4599.325617841165,11,3584.877453516853,6759.259815002546,0.0,0.07948770918502508,0.0,0.0,0.0,0.0,0.0,0.39505192411298934,0.0,0.06693069539465099,0.0,0.4585296713073345,-32674.39217368284,-4.834019266600796
55990938,11181.517542578626,6078.883392725344,2,5590.758771289313,0.0,0.0,0.0,0.0,0.0,0.0,0.0,0.0,1.0,0.0,0.0,0.0,0.0,-11181.517542578626,0.0
56004507,19898.957550533334,6426.1524743527725,4,4974.7393876333335,0.0,0.0,0.0,0.0,0.0,0.0,0.0,0.0,0.3229391518642914,0.0,0.24628567421312414,0.4307751739225845,0.0,-19898.957550533334,0.0
56042488,142079.0851597444,10000.0,34,4178.796622345423,2615.617796163617,0.0,0.010825129156577686,0.0,0.12022814795226817,0.0,0.0,0.0,0.7030171143431623,0.0,0.0,0.08826182356834472,0.07766778497964717,-139463.4673635808,-53.31951310628597
56122298,722.2725626940846,722.2725626940846,1,722.2725626940846,90.94449515501759,0.0,0.0,0.0,0.0,0.0,0.0,0.0,0.0,0.0,0.0,1.0,0.0,-631.328067539067,-6.941905240805939
56166626,84368.92454005982,10000.0,30,2812.2974846686607,4214.447793285616,0.0,0.0,0.12147420874133907,0.017346273872343342,0.0,0.0,0.0,0.5867179088571751,0.0,0.0,0.2744616085291426,0.0,-80154.4767467742,-19.018974887878525
56179813,2612.3303975078816,2612.3303975078816,1,2612.3303975078816,4557.344790770111,0.0,0.0,0.0,0.0,0.0,0.0,0.0,1.0,0.0,0.0,0.0,0.0,1945.0143932622295,0.42678675469133337
56195988,15499.645719463828,5280.722938181849,3,5166.54857315461,0.0,0.0,0.0,0.0,0.0,0.0,0.0,0.0,0.0,0.0,0.0,1.0,0.0,-15499.645719463828,0.0
56245110,10016.15974736519,4117.306022397671,4,2504.0399368412973,7098.357020868183,0.0,0.04861432639270647,0.0,0.0,0.0,0.0,0.0,0.15515837027994273,0.0,0.0,0.7962273033273509,0.0,-2917.8027264970056,-0.4110532504802268
56274222,7339.803291049671,5889.177988565112,2,3669.9016455248357,0.0,0.0,0.0,0.0,0.0,0.0,0.0,0.0,1.0,0.0,0.0,0.0,0.0,-7339.803291049671,0.0
56302797,3207.67326027831,2083.7866059048565,3,1069.2244200927698,0.0,0.0,0.0,0.0,0.0,0.0,0.0,0.0,0.7506165409125879,0.0,0.0,0.24938345908741213,0.0,-3207.67326027831,0.0
56310664,88270.18280129951,6444.011940958672,26,3395.007030819212,0.0,0.0,0.0,0.0,0.0,0.0,0.0,0.0,0.6246118582212562,0.0,0.05198736309373721,0.32340077868500666,0.0,-88270.18280129951,0.0
56329524,5511.365610149031,3769.3385128958457,2,2755.6828050745157,0.0,0.0,0.0,0.0,0.31607903022170947,0.0,0.0,0.0,0.6839209697782905,0.0,0.0,0.0,0.0,-5511.365610149031,0.0
56389430,17809.893654219195,6217.8492146420795,7,2544.2705220313137,2268.843126660979,0.0,0.0,0.0,0.0,0.0817172174109553,0.0,0.0,0.7348701728388656,0.0,0.09833821385567076,0.08507439589450841,0.0,-15541.050527558216,-6.849768652991773
56411196,8241.08896626317,3769.3810053648863,3,2747.0296554210568,0.0,0.0,0.0,0.0,0.0,0.0,0.0,0.0,1.0,0.0,0.0,0.0,0.0,-8241.08896626317,0.0
56426683,109056.23557598697,6446.331992177944,26,4194.470599076422,0.0,0.08736503780145181,0.051077000543911226,0.0,0.0,0.0,0.0,0.04450054636014588,0.6807264248462283,0.0,0.0,0.13633099044826277,0.0,-109056.23557598697,0.0
56443152,9791.088000629945,6539.23526231951,3,3263.6960002099813,2616.041549376656,0.30139768151743684,0.0,0.0,0.0,0.0,0.0,0.0,0.6986023184825632,0.0,0.0,0.0,0.0,-7175.046451253289,-2.7427111977494936
56538479,36626.00293254981,6246.83209583765,8,4578.250366568726,0.0,0.0,0.0,0.1264519957110695,0.0,0.0,0.0,0.0,0.0761997411136268,0.0,0.0,0.6267909651992791,0.17055729797602465,-36626.00293254981,0.0
56568770,12018.78645384072,4619.7621018464,5,2403.757290768144,0.0,0.0,0.0,0.1146256034718439,0.0,0.0,0.0,0.0,0.7560340942151099,0.0,0.0,0.12934030231304616,0.0,-12018.78645384072,0.0
56577061,22137.774778210693,7380.608428017248,9,2459.7527531345213,0.0,0.0,0.0,0.0,0.0,0.0,0.0,0.0,0.936809946200633,0.0,0.0,0.06319005379936701,0.0,-22137.774778210693,0.0
56625249,54768.020785599634,6266.842798777673,14,3912.001484685688,0.0,0.053187616300596374,0.0,0.0,0.0,0.0,0.0,0.0,0.3361282728819868,0.0,0.0,0.6016707285196431,0.009013382297773877,-54768.020785599634,0.0
56650893,32108.18093220535,5847.882185049923,9,3567.5756591339277,838.5145389802833,0.3133897773638757,0.0,0.0,0.0,0.0,0.0,0.0,0.4206367328812083,0.0,0.0,0.26597348975491614,0.0,-31269.666393225067,-37.29174026159651
56686767,2964.2010463546294,2964.2010463546294,1,2964.2010463546294,6497.296813370136,0.0,0.0,0.0,0.0,0.0,0.0,1.0,0.0,0.0,0.0,0.0,0.0,3533.0957670155067,0.5437793390853105
56743587,15369.76392391773,5031.588929787443,4,3842.4409809794324,0.0,0.0,0.47748031457833634,0.0,0.0,0.0,0.0,0.0,0.0,0.0,0.0,0.5225196854216636,0.0,-15369.76392391773,0.0
56827361,19777.659473884494,5766.008512649554,6,3296.276578980749,4100.832337000581,0.0,0.20147737550190067,0.0,0.0,0.0,0.0,0.0,0.4228628005776398,0.0,0.0,0.3756598239204595,0.0,-15676.827136883914,-3.8228403037687255
56859559,7866.7565144585515,2367.2574220674305,5,1573.3513028917102,0.0,0.037069218305046704,0.0,0.0,0.0,0.0,0.0,0.0,0.6664402762186166,0.0,0.0,0.29649050547633665,0.0,-7866.7565144585515,0.0
56873860,8689.559976823923,3026.6978335496174,3,2896.5199922746406,836.7730489063421,0.0,0.0,0.0,0.0,0.0,0.0,0.0,0.343851963348498,0.0,0.0,0.307833755879843,0.3483142807716589,-7852.78692791758,-9.384607855357114
56919136,17322.391738445083,7331.594785907588,3,5774.130579481695,493.9345241475038,0.0,0.0,0.0,0.0,0.0,0.0,0.0,0.5767562068443502,0.0,0.0,0.4232437931556498,0.0,-16828.457214297578,-34.07021860507182
56959214,45563.57054406369,5851.669954386333,15,3037.571369604246,7245.056212860746,0.0,0.0,0.0,0.032115790152783215,0.0,0.0,0.0,0.750849472738534,0.0,0.06373009317824184,0.059882759616853014,0.09342188431358799,-38318.51433120294,-5.288918844160726
56978800,24156.687589740268,5913.8351990399,7,3450.9553699628955,0.0,0.0,0.0,0.0,0.0,0.0,0.0,0.036940532183496515,0.9119807435986362,0.0,0.0,0.051078724217867306,0.0,-24156.687589740268,0.0
57062905,6198.945599479291,3802.1924145421463,3,2066.3151998264298,0.0,0.0,0.0,0.613361152074238,0.0,0.0,0.0,0.0,0.3866388479257619,0.0,0.0,0.0,0.0,-6198.945599479291,0.0
57084823,14298.18887668016,5525.544884592979,6,2383.0314794466935,38678.91651732351,0.0,0.0,0.0,0.0,0.0,0.0,0.0,0.5861799059457277,0.0,0.0,0.41382009405427234,0.0,24380.72764064335,0.6303363650252124
57088904,14834.11353680609,4004.1219283865494,8,1854.2641921007612,0.0,0.17713362852498188,0.0,0.0,0.0,0.0,0.0,0.0,0.24604757840856778,0.0,0.0,0.5768187930664503,0.0,-14834.11353680609,0.0
57096744,44471.12672256973,5822.375692928642,12,3705.9272268808104,0.0,0.21999287588886932,0.0,0.0,0.0,0.051248718470133035,0.0,0.0,0.5719978301675941,0.0,0.0,0.15676057547340355,0.0,-44471.12672256973,0.0
57104443,23559.59079403995,4324.917157859847,10,2355.959079403995,6652.687378799986,0.0,0.0,0.0,0.0,0.0841405468684385,0.0,0.0,0.13513971484782872,0.0,0.0,0.7807197382837328,0.0,-16906.90341523996,-2.5413644821364865
57155725,1820.9011844091997,1456.7024523394587,2,910.4505922045998,0.0,0.0,0.0,0.0,0.0,0.0,0.0,0.0,0.7999898428382278,0.0,0.0,0.2000101571617721,0.0,-1820.9011844091997,0.0
57157499,67818.86608618528,6903.228821506309,12,5651.572173848774,496.4559418378318,0.0,0.048289303197886525,0.0,0.0,0.2526907985097637,0.0,0.0,0.6990198982923499,0.0,0.0,0.0,0.0,-67322.41014434745,-135.60601147228977
57174125,99857.50545239361,6452.5831498915295,21,4755.1193072568385,589.7603552151782,0.5270380499113856,0.0,0.0,0.14528329260663092,0.0,0.0,0.0,0.15697208380504327,0.0,0.0,0.04934343473058866,0.12136313894635152,-99267.74509717843,-168.31878273838856
57225533,4233.557397850495,3611.309372754998,2,2116.7786989252477,0.0,0.0,0.0,0.0,0.0,0.0,0.0,0.0,1.0,0.0,0.0,0.0,0.0,-4233.557397850495,0.0
57232909,23150.589715007023,6001.481590660935,5,4630.1179430014045,0.0,0.217486748650025,0.0,0.0,0.7737661903062808,0.0,0.0,0.0,0.0,0.0,0.0,0.008747061043694208,0.0,-23150.589715007023,0.0
57356060,57578.4642909043,8130.3099908827935,14,4112.747449350307,0.0,0.0,0.0,0.0,0.0,0.0,0.0,0.0,0.8364613690476288,0.0,0.0,0.16353863095237117,0.0,-57578.4642909043,0.0
57374391,13116.380009172195,6649.471142733483,3,4372.126669724065,0.0,0.2553467454302242,0.0,0.0,0.0,0.0,0.0,0.0,0.5069593239966784,0.0,0.2376939305730974,0.0,0.0,-13116.380009172195,0.0
57376638,56915.999576303904,5947.998679583478,16,3557.249973518994,0.0,0.0,0.0,0.0,0.09333462271302405,0.0,0.0,0.08331274165167672,0.5936291534920881,0.0,0.0794801198046072,0.1502433623386038,0.0,-56915.999576303904,0.0
57426594,20177.74678300999,4901.280125545758,6,3362.9577971683316,0.0,0.0,0.0,0.0,0.0,0.0,0.0,0.0,0.32781102820988123,0.0,0.0,0.24290522515986374,0.42928374663025504,-20177.74678300999,0.0
57427732,3819.400641185807,2004.5179717358853,2,1909.7003205929036,0.0,0.0,0.0,0.0,0.0,0.0,0.0,0.0,0.0,0.0,0.0,1.0,0.0,-3819.400641185807,0.0
57462572,9855.362333810152,3892.65429068971,5,1971.0724667620304,26467.03469815861,0.1560965422901635,0.0,0.0,0.0,0.02972717167744952,0.0,0.0,0.23444732073926236,0.0,0.0,0.5797289652931247,0.0,16611.672364348462,0.6276363239703684
57486402,850.0362079868376,850.0362079868376,1,850.0362079868376,1943.040873436267,0.0,0.0,0.0,0.0,0.0,0.0,0.0,0.0,0.0,0.0,1.0,0.0,1093.0046654494295,0.5625227345405509
57487649,26467.12808519553,4671.285293106354,12,2205.5940070996276,0.0,0.0,0.0,0.0,0.0,0.0,0.0,0.0,0.2448511376151783,0.0,0.0,0.7551488623848216,0.0,-26467.12808519553,0.0
57550460,6462.082509073965,4076.489965006129,2,3231.0412545369827,0.0,0.0,0.0,0.0,0.0,0.0,0.0,0.0,1.0,0.0,0.0,0.0,0.0,-6462.082509073965,0.0
57553355,82119.1216690634,5416.753425402002,29,2831.693850657359,576.9462693847686,0.0,0.0,0.0557489055711469,0.08840071804238957,0.01923851182511613,0.0,0.0880028643344647,0.5304103314873804,0.0,0.0,0.20632556964634224,0.011873099093160202,-81542.17539967864,-141.3340890246709
57585602,24479.580470455898,6301.4651842721205,9,2719.9533856062108,0.0,0.0,0.0,0.0,0.0,0.5989631421413487,0.0,0.0,0.27502253466305865,0.0,0.0,0.12601432319559264,0.0,-24479.580470455898,0.0
57604139,2884.9839459891878,1829.9970235532198,4,721.2459864972969,0.0,0.0,0.0,0.0,0.0,0.0,0.0,0.0,0.2460244917468379,0.0,0.0,0.7539755082531621,0.0,-2884.9839459891878,0.0
57714046,8036.947955300447,6118.157885629387,2,4018.4739776502233,9100.100647375559,0.0,0.0,0.0,0.0,0.0,0.0,0.0,1.0,0.0,0.0,0.0,0.0,1063.1526920751123,0.11682867401930576
57769661,2096.1803333009498,2096.1803333009498,1,2096.1803333009498,566.8408599669841,0.0,0.0,0.0,0.0,0.0,0.0,0.0,1.0,0.0,0.0,0.0,0.0,-1529.3394733339658,-2.698004998127769
57804795,29146.497256693805,7979.269640752169,7,4163.78532238483,0.0,0.0,0.12310960733369575,0.08807794349245403,0.0,0.0,0.0,0.0,0.586501173226891,0.0,0.0,0.2023112759469592,0.0,-29146.497256693805,0.0
57855679,30879.29527425294,6898.214156371804,9,3431.032808250327,1633.86051084341,0.0,0.0,0.0,0.0,0.0,0.0,0.0,0.3948200669339325,0.0,0.0,0.6051799330660675,0.0,-29245.434763409536,-17.899590919369757
57857033,48970.34285523871,6931.598610080384,13,3766.949450402978,0.0,0.10852413274624766,0.0,0.0,0.0,0.0,0.0,0.14102044265413924,0.687497876540679,0.0,0.0,0.0629575480589342,0.0,-48970.34285523871,0.0
57874802,61703.11569097837,6400.264882588758,15,4113.541046065224,1635.2471156851325,0.0,0.0,0.0,0.0,0.2868499496627138,0.0,0.0,0.3062089103513547,0.0,0.0,0.3120814955021699,0.09485964448376161,-60067.868575293236,-36.73320564159877
57951635,21101.211676573355,5845.040173880615,9,2344.5790751748173,0.0,0.0,0.0,0.0,0.0,0.0,0.0,0.0,0.37226560964206357,0.0,0.0,0.6277343903579364,0.0,-21101.211676573355,0.0
58038089,9500.42950201711,5769.410723374299,3,3166.809834005704,0.0,0.0,0.0,0.0,0.0,0.0,0.0,0.0,0.0,0.0,0.2418090383387452,0.15091202525639547,0.6072789364048594,-9500.42950201711,0.0
58093129,15972.80327441905,7420.66749075263,5,3194.56065488381,9609.14733501044,0.0,0.0,0.0,0.0,0.0,0.0,0.0,0.8506577458161916,0.0,0.0,0.14934225418380845,0.0,-6363.655939408609,-0.6622498040198584
58113722,77208.3869529824,6108.758896149463,18,4289.354830721244,0.0,0.0,0.07580956516148471,0.0,0.0,0.008458132763408191,0.0,0.0,0.2963316928055771,0.0,0.0520654411658995,0.5673351681036306,0.0,-77208.3869529824,0.0
58134133,24285.543715537267,6616.527577263199,5,4857.108743107454,0.0,0.0,0.0,0.0,0.0,0.0,0.0,0.0,0.5646802706021388,0.0,0.0,0.43531972939786123,0.0,-24285.543715537267,0.0
58219727,10411.585695588043,3797.35189939573,5,2082.317139117609,0.0,0.0,0.0,0.0,0.0,0.0,0.0,0.0,0.8539950207960942,0.0,0.0,0.14600497920390573,0.0,-10411.585695588043,0.0
58222593,11487.367385303625,6663.823274331832,5,2297.4734770607247,11882.865669087265,0.0,0.0,0.01937560780403853,0.0,0.0,0.0,0.0,0.8030155439250695,0.0,0.0,0.05156555555998802,0.126043292710904,395.49828378364003,0.033283072854430294
58268774,757.1336775162738,757.1336775162738,1,757.1336775162738,4257.683344690487,0.0,0.0,0.0,0.0,0.0,0.0,0.0,1.0,0.0,0.0,0.0,0.0,3500.549667174213,0.8221723843177647
58306903,13161.03522866056,7468.256378396808,3,4387.0117428868525,0.0,0.0,0.0,0.0,0.0,0.0,0.0,0.0,0.6786297282791603,0.0,0.0,0.3213702717208397,0.0,-13161.03522866056,0.0
58343347,45868.612313576,5886.327599227337,12,3822.384359464667,0.0,0.0,0.0,0.0,0.21732231136059496,0.0,0.0,0.12833018707838967,0.12436654209596812,0.0,0.0,0.5299809594650473,0.0,-45868.612313576,0.0
58397821,41617.5596280034,6274.4175064191695,12,3468.1299690002834,0.0,0.0,0.0,0.0,0.2571907722967817,0.0,0.0,0.2681631967696024,0.33094419366523786,0.0,0.0,0.1437018372683781,0.0,-41617.5596280034,0.0
58488981,5210.937527948496,3255.3018160030774,2,2605.468763974248,0.0,0.0,0.0,0.0,0.0,0.0,0.0,0.0,0.6247055925240891,0.0,0.0,0.37529440747591086,0.0,-5210.937527948496,0.0
58530680,13885.533733541248,3574.469609100943,8,1735.691716692656,0.0,0.0,0.0,0.0,0.0,0.0,0.0,0.0,0.5009814979866457,0.03614006800882861,0.0,0.4628784340045256,0.0,-13885.533733541248,0.0
58543430,21081.32988296694,3916.703214247654,10,2108.1329882966943,685.07051368068,0.0,0.0,0.0,0.0,0.15034850577207434,0.0,0.0,0.563435355031634,0.0,0.0,0.2862161391962917,0.0,-20396.259369286257,-29.77249635180359
58552837,5653.462886688631,3303.1182875107406,2,2826.7314433443157,1437.7005175256807,0.41573539019985384,0.0,0.0,0.0,0.0,0.0,0.0,0.0,0.584264609800146,0.0,0.0,0.0,-4215.762369162951,-2.9322952296201334
58569363,8899.306251072598,3628.9551197709825,6,1483.2177085120998,0.0,0.0,0.0,0.0,0.0,0.0,0.0,0.0,0.4829014679043899,0.0,0.0,0.5170985320956101,0.0,-8899.306251072598,0.0
58612983,6241.791811017218,2977.541485254809,4,1560.4479527543044,3766.1583738838,0.0,0.0,0.03500570138700426,0.0,0.4770331301340795,0.0,0.0,0.37676767741076284,0.0,0.0,0.11119349106815322,0.0,-2475.6334371334183,-0.6573365194359723
58655242,4808.534297627081,4808.534297627081,1,4808.534297627081,165.218558302911,0.0,0.0,0.0,0.0,0.0,0.0,0.0,1.0,0.0,0.0,0.0,0.0,-4643.31573932417,-28.104080964144085
58669581,16407.230730078103,5567.828538134232,4,4101.807682519526,0.0,0.0,0.0,0.0,0.0,0.0,0.0,0.0,0.4137880996087008,0.0,0.0,0.5862119003912992,0.0,-16407.230730078103,0.0
58706189,27260.626632641746,5526.2585185519965,7,3894.375233234535,0.0,0.0,0.0,0.0,0.0,0.0,0.0,0.0,1.0,0.0,0.0,0.0,0.0,-27260.626632641746,0.0
58731000,17321.68455534481,6321.1773318359965,3,5773.8948517816025,2105.546184586635,0.0,0.0,0.0,0.0,0.0,0.0,0.0,1.0,0.0,0.0,0.0,0.0,-15216.138370758175,-7.226694186119427
58739984,6752.181433097047,4643.637819856072,2,3376.0907165485237,989.5689987132396,0.0,0.0,0.0,0.0,0.0,0.0,0.0,0.6877240882619706,0.0,0.0,0.31227591173802943,0.0,-5762.612434383808,-5.823355866924966
58769075,13072.036399954108,5832.027976275393,4,3268.009099988527,4758.233729938111,0.0,0.0,0.0,0.0,0.0,0.0,0.0,0.44614532868772205,0.0,0.22934995072393516,0.1399997331305071,0.1845049874578357,-8313.802670015997,-1.7472455414930055
58769918,12529.872388713842,6080.46205159987,3,4176.624129571281,0.0,0.0,0.0,0.0,0.0,0.0,0.0,0.0,0.48527725286945345,0.0,0.0,0.5147227471305466,0.0,-12529.872388713842,0.0
58795679,49594.795869854235,4604.60261722343,15,3306.3197246569493,1588.950065009398,0.05304425931867159,0.0,0.0,0.0,0.0,0.0,0.0,0.7281924735643742,0.0,0.0,0.21876326711695418,0.0,-48005.84580484484,-30.2123061397533
58856590,81813.76359506251,10000.0,18,4545.209088614584,2366.702260799997,0.0,0.0,0.0,0.0,0.0,0.0,0.0,0.9068681393793041,0.0,0.0,0.09313186062069581,0.0,-79447.06133426251,-33.56867598014111
58873657,64081.54342121835,6801.887796363109,23,2786.1540617921023,0.0,0.0,0.0,0.0,0.0,0.03759185188847195,0.0,0.0,0.4029150875418616,0.0,0.07402749596280374,0.4854655646068628,0.0,-64081.54342121835,0.0
58886430,18828.888952213994,4315.625326127392,8,2353.6111190267493,1846.3663289259277,0.0,0.2292023356810939,0.0,0.0,0.1919651945742391,0.0,0.0,0.4003744326516335,0.0,0.0,0.1784580370930335,0.0,-16982.522623288067,-9.197807800777637
58960898,13006.62498661577,7522.92080810595,4,3251.6562466539426,0.0,0.0,0.0,0.0,0.0,0.0,0.0,0.0,0.9599221882388114,0.0,0.0,0.04007781176118862,0.0,-13006.62498661577,0.0
59123665,6804.528424401085,3151.73060467089,3,2268.176141467028,15784.932175106063,0.46318134161491087,0.0,0.0,0.0,0.0,0.0,0.0,0.17324370463802624,0.0,0.0,0.363574953747063,0.0,8980.403750704976,0.5689225427821413
59136597,9112.861012303434,3815.917266142272,3,3037.6203374344777,3003.4686088349727,0.0,0.0,0.0,0.0,0.0,0.0,0.0,0.4187397636143397,0.0,0.0,0.25275725606764815,0.32850298031801217,-6109.392403468461,-2.0341122878718076
59152959,25706.65074516519,5704.921063467098,7,3672.378677880741,30743.234385901214,0.443081410901724,0.0,0.0,0.0,0.0,0.0,0.0,0.17948583430598244,0.0,0.0,0.3774327547922937,0.0,5036.583640736027,0.16382738320616627
59209496,18217.8941052141,4594.4782258443465,5,3643.5788210428204,3307.0712252384346,0.0,0.0,0.0,0.0,0.0,0.0,0.0,1.0,0.0,0.0,0.0,0.0,-14910.822879975669,-4.508769803982864
59228192,12655.89968793791,5316.231003099684,4,3163.9749219844775,0.0,0.0,0.0,0.0,0.0,0.0,0.0,0.4200595085441835,0.10013523804241832,0.0,0.0,0.47980525341339814,0.0,-12655.89968793791,0.0
59251463,9744.991978841259,4061.1012571714405,3,3248.330659613753,0.0,0.0,0.0,0.0,0.41673726012182216,0.0,0.0,0.0,0.317128710882021,0.0,0.0,0.0,0.26613402899615696,-9744.991978841259,0.0
59276618,5909.3460301248315,2202.386622754536,3,1969.7820100416106,59.2876112795941,0.0,0.0,0.0,0.0,0.0,0.0,0.0,0.37269549143460995,0.0,0.0,0.6273045085653901,0.0,-5850.058418845238,-98.67252690038363
59311896,23324.79604349381,5659.659487180231,11,2120.436003953983,846.3371684910011,0.0,0.0,0.0,0.0,0.0,0.0,0.0531019224451704,0.39851757487843614,0.0,0.0,0.26721488031792395,0.2811656223584697,-22478.45887500281,-26.5596971418393
59321302,7177.842653803261,4728.573171763665,2,3588.9213269016304,0.0,0.0,0.0,0.0,0.0,0.0,0.0,0.34122641024205547,0.0,0.0,0.0,0.6587735897579446,0.0,-7177.842653803261,0.0
59363738,44786.47521327663,6338.089426833555,13,3445.113477944356,7184.925945488202,0.0,0.08567584117904686,0.0,0.0,0.034286034598107674,0.0,0.0,0.7026929722310088,0.0,0.0,0.1773451519918367,0.0,-37601.549267788425,-5.2333941300258555
59388871,6771.064378435628,4685.666403813066,4,1692.766094608907,0.0,0.0,0.0,0.0033137943683566934,0.0,0.0,0.0,0.0,0.2307250571796364,0.0,0.0,0.7659611484520068,0.0,-6771.064378435628,0.0
59407263,12234.37368063195,7960.134267667471,2,6117.186840315975,0.0,0.0,0.0,0.0,0.0,0.0,0.0,0.0,0.6506368430015373,0.0,0.0,0.3493631569984626,0.0,-12234.37368063195,0.0
59407315,6882.862226373941,5226.000071136187,2,3441.4311131869704,0.0,0.0,0.0,0.0,0.0,0.0,0.0,0.0,1.0,0.0,0.0,0.0,0.0,-6882.862226373941,0.0
59421152,35892.04321674057,5734.115708788049,9,3988.004801860063,0.0,0.0,0.0,0.0,0.0,0.0,0.0,0.0,0.34335367384523247,0.0,0.0,0.6566463261547676,0.0,-35892.04321674057,0.0
59432871,3889.117836165053,3759.613663996214,2,1944.5589180825266,0.0,0.0,0.0,0.0,0.0,0.0,0.0,0.0,1.0,0.0,0.0,0.0,0.0,-3889.117836165053,0.0
59440150,1877.300264006464,1173.367582830724,2,938.650132003232,0.0,0.0,0.0,0.0,0.0,0.37497074638099354,0.0,0.0,0.0,0.0,0.0,0.6250292536190064,0.0,-1877.300264006464,0.0
59478553,18290.253752553894,4672.596197451325,5,3658.050750510779,0.0,0.17502188627914986,0.0,0.2554691837886002,0.0,0.0,0.0,0.0,0.18907489910696612,0.0,0.0,0.38043403082528376,0.0,-18290.253752553894,0.0
59528132,2997.8305989243418,1513.0913142347704,2,1498.9152994621709,1172.878372527149,0.0,0.0,0.0,0.0,0.0,0.0,0.0,1.0,0.0,0.0,0.0,0.0,-1824.9522263971926,-1.5559603358232696
59542922,3924.3225366952984,1549.615375371885,3,1308.1075122317663,0.0,0.0,0.0,0.0,0.0,0.0,0.0,0.0,1.0,0.0,0.0,0.0,0.0,-3924.3225366952984,0.0
59646916,62850.34357232567,7191.801776803982,15,4190.022904821712,0.0,0.05013707755711634,0.014729616455649328,0.0,0.0,0.0391607160673133,0.0,0.0,0.5886537877713913,0.0,0.0,0.30731880214852975,0.0,-62850.34357232567,0.0
59695659,54254.36893979929,7665.490804686317,16,3390.898058737456,14343.535389410921,0.07284538652349265,0.0,0.06451515724299713,0.0,0.0855689609087939,0.0,0.0,0.587644222587006,0.0,0.0,0.18942627273771045,0.0,-39910.83355038837,-2.7824962581995267
59719405,10472.786738657496,3984.49336815436,3,3490.9289128858327,489.1046105619667,0.0,0.0,0.0,0.0,0.0,0.0,0.0,0.273133328863241,0.0,0.0,0.7268666711367591,0.0,-9983.68212809553,-20.412161146108552
59758826,15138.646619921083,6533.934811710788,5,3027.7293239842165,1279.3208699388322,0.4316062707423743,0.0,0.0,0.0,0.0,0.0,0.0,0.06239757878112427,0.0,0.0,0.5059961504765015,0.0,-13859.32574998225,-10.833346094514118
59807873,22020.0377143109,5318.715266814714,8,2752.5047142888625,0.0,0.0,0.0,0.0,0.0,0.0,0.0,0.0,0.6788054069472627,0.0,0.0,0.22600024616113237,0.09519434689160512,-22020.0377143109,0.0
59829911,6076.181396141667,6076.181396141667,1,6076.181396141667,1553.3963102889677,0.0,0.0,0.0,0.0,0.0,0.0,0.0,1.0,0.0,0.0,0.0,0.0,-4522.7850858527,-2.9115461752393097
59857557,32334.663287690306,4888.344920818217,14,2309.6188062635933,3666.3660292367413,0.0,0.046366307079359216,0.0,0.0,0.24884233453868618,0.0,0.0,0.29929685567470515,0.0,0.08707084963163834,0.31842365307561105,0.0,-28668.297258453564,-7.8192676426313295
59864950,12462.5197367578,5849.379656842707,5,2492.50394735156,1725.0850379959636,0.0,0.0,0.0,0.0,0.4693577045731892,0.0,0.0,0.39765624337198613,0.0,0.0,0.13298605205482458,0.0,-10737.434698761836,-6.2242929839769205
59864960,7592.104820781213,5666.658876259973,2,3796.0524103906064,0.0,0.0,0.0,0.0,0.0,0.0,0.0,0.0,0.2536116123226964,0.0,0.7463883876773035,0.0,0.0,-7592.104820781213,0.0
59872040,19147.934423030452,5721.156383448288,7,2735.4192032900646,0.0,0.0,0.0,0.009758639444268346,0.0,0.5968702193086961,0.0,0.0,0.02964966103450745,0.0,0.0,0.3637214802125281,0.0,-19147.934423030452,0.0
59892512,5768.924049630856,5768.924049630856,1,5768.924049630856,1795.873564728076,0.0,0.0,0.0,1.0,0.0,0.0,0.0,0.0,0.0,0.0,0.0,0.0,-3973.0504849027798,-2.212321937877828
59941592,15462.996911958151,4530.34624980255,8,1932.8746139947689,0.0,0.0,0.05571770831231794,0.0,0.019611475053591378,0.510289946143317,0.0,0.0,0.38723115916012785,0.0,0.0,0.027149711330645858,0.0,-15462.996911958151,0.0
60056399,7057.705429055146,2897.6563950395685,3,2352.568476351715,0.0,0.0,0.0,0.0,0.0,0.0,0.0,0.4105663553356171,0.589433644664383,0.0,0.0,0.0,0.0,-7057.705429055146,0.0
60148615,2196.5720423117727,1958.0575660652253,3,732.190680770591,0.0,0.0,0.8914151361065653,0.0,0.0,0.0,0.0,0.0,0.05892677091576859,0.0,0.0,0.04965809297766608,0.0,-2196.5720423117727,0.0
60167155,23487.525866096286,5529.637847840841,6,3914.5876443493817,0.0,0.0,0.06466384009832585,0.0,0.0,0.0,0.0,0.0,0.9353361599016742,0.0,0.0,0.0,0.0,-23487.525866096286,0.0
60189829,71249.29614212402,7790.175828383907,20,3562.464807106201,16968.67940056911,0.06818175858917008,0.0,0.0,0.05579146702811564,0.0,0.0,0.0,0.6787690095051206,0.0,0.0,0.07462595748217314,0.12263180739542039,-54280.616741554906,-3.198871017607557
60237894,17339.232896980386,4214.853910488114,5,3467.846579396077,1875.8490237206843,0.0,0.0,0.0,0.0,0.0,0.0,0.2430819134577821,0.3585012143952093,0.0,0.0,0.20166610352095532,0.19675076862605323,-15463.3838732597,-8.243405347509572
60288396,19846.064872515526,4532.678024554018,6,3307.677478752588,736.91871908615,0.1547208011801316,0.0,0.0,0.0,0.0,0.0,0.0,0.36252140606381345,0.0,0.0,0.48275779275605496,0.0,-19109.146153429378,-25.93114499401855
60292478,433.7171052060607,433.7171052060607,1,433.7171052060607,1636.1038897845328,0.0,0.0,0.0,0.0,0.0,0.0,0.0,1.0,0.0,0.0,0.0,0.0,1202.386784578472,0.7349085789025419
60354128,8569.111093096191,5529.9685729025905,3,2856.370364365397,0.0,0.0,0.0,0.0,0.0,0.0,0.0,0.0,0.0157401838470723,0.0,0.0,0.9842598161529278,0.0,-8569.111093096191,0.0
60374526,5488.898455594362,5488.898455594362,1,5488.898455594362,1564.3716395073807,0.0,0.0,0.0,0.0,0.0,0.0,0.0,1.0,0.0,0.0,0.0,0.0,-3924.5268160869805,-2.5086921272254785
60384688,7083.901347689151,3744.739271802413,2,3541.9506738445757,0.0,0.0,0.0,0.0,0.0,0.0,0.0,0.0,0.47137331704598207,0.0,0.0,0.5286266829540179,0.0,-7083.901347689151,0.0
60404143,11540.093728993532,3461.8108846988503,4,2885.023432248383,281.6789884043502,0.0,0.0,0.0,0.0,0.0,0.0,0.0,0.27881967951457687,0.0,0.0,0.14017058709605124,0.5810097333893719,-11258.414740589182,-39.96895474655613
60481524,9169.596803309807,5732.01962257836,3,3056.5322677699355,22464.170436735334,0.0,0.0,0.0,0.0,0.0,0.0,0.0,1.0,0.0,0.0,0.0,0.0,13294.573633425527,0.5918123560745917
60567206,43227.93737018024,6267.602249354766,12,3602.328114181687,0.0,0.0,0.0,0.0,0.0,0.0,0.0,0.0,0.22435227737347826,0.0,0.0,0.7756477226265217,0.0,-43227.93737018024,0.0
60568065,20882.83758015262,3920.0224707038915,9,2320.315286683625,0.0,0.0741212774255367,0.0,0.0,0.0,0.0,0.0,0.0,0.6392110329965214,0.0,0.0,0.2866676895779419,0.0,-20882.83758015262,0.0
60667178,7219.0607473189575,5406.570341633695,2,3609.5303736594788,0.0,0.0,0.0,0.0,0.0,0.0,0.0,0.0,0.0,0.0,0.0,1.0,0.0,-7219.0607473189575,0.0
60808120,9113.169723666415,4162.323126716903,4,2278.2924309166037,0.0,0.0,0.0,0.0,0.0,0.0,0.0,0.0015876797183765061,0.5416751747078312,0.0,0.0,0.45673714557379214,0.0,-9113.169723666415,0.0
60808456,10301.149508364791,3538.6190732270643,4,2575.287377091198,0.0,0.0,0.0,0.0,0.3435169123944485,0.0,0.0,0.0,0.6564830876055514,0.0,0.0,0.0,0.0,-10301.149508364791,0.0
60826461,36246.04222290209,5891.281387501888,12,3020.503518575174,0.0,0.0,0.012686446865968511,0.0,0.0,0.0,0.0,0.0,0.8255860102356799,0.0,0.0,0.1617275428983517,0.0,-36246.04222290209,0.0
60839532,4372.925245655667,3477.572489622496,2,2186.4626228278335,3513.921318378937,0.0,0.0,0.0,0.0,0.0,0.0,0.0,0.0,0.0,0.0,0.7952508433747709,0.2047491566252292,-859.00392727673,-0.24445735958396783
60884615,25000.165197351776,3962.541255137604,10,2500.0165197351776,0.0,0.0,0.0,0.0,0.0,0.0,0.0,0.0,0.15539937954531946,0.0,0.0,0.8446006204546805,0.0,-25000.165197351776,0.0
60890734,85050.92107012111,5702.471898753814,27,3150.034113708189,7133.161798839472,0.026692582611357443,0.10674971053520366,0.0,0.05180415712038613,0.017956809045481286,0.0,0.0,0.3701294229702555,0.0,0.013418684311831065,0.41324863340548484,0.0,-77917.75927128164,-10.923313036858136
60957210,4146.286633658945,2295.100074199873,2,2073.1433168294725,275.2135399013751,0.0,0.0,0.0,0.0,0.0,0.0,0.0,1.0,0.0,0.0,0.0,0.0,-3871.0730937575695,-14.065707287311513
60996665,13562.520116881053,5433.928056402141,3,4520.840038960351,0.0,0.0,0.0,0.0,0.0,0.0,0.0,0.0,0.38781496328674536,0.0,0.0,0.6121850367132546,0.0,-13562.520116881053,0.0
61009324,22338.243790904766,5209.348377537534,9,2482.027087878307,7899.976989437755,0.0,0.0,0.0,0.3889465261020115,0.0,0.0,0.11989643600199017,0.3847303135795254,0.0,0.0,0.0344673346442621,0.0719593896722109,-14438.26680146701,-1.8276340324498321
61054663,8566.997577489434,5607.225981293609,2,4283.498788744717,0.0,0.0,0.0,0.0,0.0,0.0,0.0,0.0,0.0,0.0,0.0,1.0,0.0,-8566.997577489434,0.0
61064473,12519.296415507899,4151.0771246896,6,2086.5494025846497,223.2380685764045,0.33157431431590506,0.0,0.0,0.0,0.12483781840899276,0.0,0.0,0.5435878672751022,0.0,0.0,0.0,0.0,-12296.058346931493,-55.08047272288193
61066604,44198.39035873643,6442.217777541136,12,3683.1991965613697,0.0,0.0,0.10861533974765017,0.11358944580549138,0.0,0.07638145921309013,0.0,0.05548505550949455,0.4363549860548859,0.0,0.0,0.20957371366938798,0.0,-44198.39035873643,0.0
61092510,69778.79930966122,5602.705745419011,21,3322.799967126725,0.0,0.037036825581671054,0.0,0.0,0.0,0.05184128381629639,0.0,0.0,0.41648803484441166,0.0,0.0,0.49463385575762087,0.0,-69778.79930966122,0.0
61142258,21009.84495178583,10000.0,5,4201.968990357166,6017.936539750078,0.0,0.0,0.0,0.0,0.0,0.0,0.0,0.7391104149183346,0.0,0.0,0.26088958508166543,0.0,-14991.908412035751,-2.4912041383305046
61149077,40004.35024821968,5762.22411002373,9,4444.927805357742,0.0,0.0,0.0,0.0,0.0,0.0,0.0,0.0,0.5302739031175175,0.0,0.0,0.46972609688248257,0.0,-40004.35024821968,0.0
61201749,14138.270740866461,3769.296559197477,5,2827.654148173292,0.0,0.0,0.0,0.26660237509120416,0.0,0.0,0.0,0.0,0.10598550441840475,0.0,0.0,0.6274121204903912,0.0,-14138.270740866461,0.0
61211592,45395.96705952957,7120.00183348817,14,3242.5690756806835,943.1161026908512,0.0,0.0,0.0,0.0,0.04354305753778489,0.0,0.0,0.7600535135802219,0.06088726158815391,0.0,0.13551616729383945,0.0,-44452.850956838716,-47.13401757218235
61238777,12129.21878461835,3588.282593573498,4,3032.3046961545874,0.0,0.0,0.586481048710771,0.0,0.0,0.0,0.0,0.0,0.23937228808215755,0.0,0.0,0.17414666320707142,0.0,-12129.21878461835,0.0
61280260,31046.1463471537,4652.565796417143,9,3449.571816350411,0.0,0.0,0.0,0.0,0.0,0.0,0.0,0.0,0.6130879115835486,0.0,0.0,0.38691208841645147,0.0,-31046.1463471537,0.0
61284123,5598.636402252619,3077.438411585885,2,2799.3182011263093,0.0,0.0,0.0,0.0,0.0,0.0,0.0,0.0,1.0,0.0,0.0,0.0,0.0,-5598.636402252619,0.0
61332184,5164.277370373313,3710.728320983623,2,2582.1386851866564,0.0,0.0,0.0,0.0,0.0,0.0,0.0,0.7185377652779683,0.0,0.0,0.0,0.28146223472203163,0.0,-5164.277370373313,0.0
61341953,60239.230154341625,7986.552690293478,13,4633.786934949356,0.0,0.0,0.0,0.0,0.1547250390280812,0.0,0.0,0.0,0.7208093691236084,0.0,0.0,0.03758332662504058,0.08688226522326963,-60239.230154341625,0.0
61354221,18461.119049478595,3481.8947676628954,11,1678.2835499525995,4053.323959047216,0.0,0.0,0.0,0.2422401084164408,0.0,0.0,0.0,0.22718939591909654,0.0,0.13118631939889996,0.26758538633954115,0.13179878992602148,-14407.795090431378,-3.5545629305726925
61354447,9752.329831343835,5495.243777653447,2,4876.164915671918,0.0,0.0,0.0,0.0,0.5634800988776876,0.0,0.0,0.0,0.43651990112231254,0.0,0.0,0.0,0.0,-9752.329831343835,0.0
61419488,2386.100696463126,1699.8783065091109,2,1193.050348231563,0.0,0.0,0.0,0.0,0.0,0.0,0.0,0.0,0.2875915467319507,0.0,0.0,0.7124084532680494,0.0,-2386.100696463126,0.0
61455213,7844.879342790418,5887.750573169797,3,2614.9597809301395,0.0,0.0,0.0,0.0,0.0,0.0,0.0,0.0,0.07839485495287722,0.0,0.0,0.9216051450471229,0.0,-7844.879342790418,0.0
61464750,36874.42013321972,10000.0,8,4609.302516652465,0.0,0.0,0.0,0.0,0.0,0.0,0.0,0.13133655806104252,0.6942359917554131,0.0,0.0,0.1744274501835445,0.0,-36874.42013321972,0.0
61490011,11678.900939149646,6481.729026164644,3,3892.966979716549,0.0,0.0,0.5549947773284724,0.0,0.0,0.0,0.0,0.0,0.30152575099618106,0.0,0.0,0.14347947167534653,0.0,-11678.900939149646,0.0
61496891,6913.99413270558,4360.743312221568,3,2304.6647109018604,0.0,0.0,0.0,0.0,0.0,0.0,0.0,0.0,0.3692873860575401,0.0,0.0,0.6307126139424599,0.0,-6913.99413270558,0.0
61509576,7527.468103979634,3050.905598064736,3,2509.156034659878,0.0,0.0,0.0,0.0,0.0,0.0,0.0,0.0,0.344481965048547,0.0,0.2502150092964153,0.4053030256550376,0.0,-7527.468103979634,0.0
61528213,7161.944186205029,4482.749691970287,5,1432.3888372410058,9118.287241396434,0.0,0.0,0.0,0.0,0.0,0.0,0.0,0.9013026128585241,0.0,0.0,0.098697387141476,0.0,1956.3430551914048,0.21455159323230505
61531079,61115.817717307946,6070.347586011991,22,2777.9917144230885,164.6649781763021,0.0,0.0,0.056250701315672044,0.07995566344599879,0.0,0.0,0.08381174671936809,0.5473753291841618,0.0,0.0751913266216725,0.15741523271312677,0.0,-60951.15273913164,-370.15249638495067
61559249,13561.00188999093,4260.882422232808,6,2260.1669816651547,0.0,0.0,0.0,0.0,0.0,0.0,0.0,0.1336439365892064,0.46879188043999115,0.0,0.0,0.3975641829708025,0.0,-13561.00188999093,0.0
61590889,11891.805030408292,3500.080478039096,5,2378.3610060816586,0.0,0.0,0.0,0.0,0.057826577167714256,0.0,0.0,0.0,0.1291381774601444,0.0,0.0,0.8130352453721414,0.0,-11891.805030408292,0.0
61680036,38395.786775356086,8112.002756263115,12,3199.6488979463406,0.0,0.0,0.0,0.0,0.15172291372625146,0.0039014864169662693,0.0,0.0,0.7475179047200927,0.0,0.0,0.09685769513668951,0.0,-38395.786775356086,0.0
61690736,16349.352641586855,6064.868878311378,8,2043.6690801983568,5294.8200808056135,0.0,0.0,0.030621319809368105,0.0,0.04287942322323214,0.0,0.0,0.5950057425918488,0.0,0.0,0.33149351437555086,0.0,-11054.532560781241,-2.087801359078339
61721219,46081.27605693275,6279.487469699253,12,3840.1063380777296,0.0,0.12380203138983593,0.0,0.03530221880558042,0.0,0.0,0.0,0.0,0.3357335684512104,0.0,0.0,0.5051621813533733,0.0,-46081.27605693275,0.0
61731699,8383.570417270157,2903.101527480949,4,2095.8926043175393,0.0,0.0,0.0,0.0,0.0,0.0,0.0,0.0,0.21604940335666878,0.0,0.0,0.5754231185329906,0.20852747811034072,-8383.570417270157,0.0
61776578,10832.62177722127,4632.657485150938,3,3610.873925740423,0.0,0.0,0.37150626364195655,0.0,0.0,0.0,0.0,0.0,0.4276580111836309,0.0,0.0,0.0,0.2008357251744126,-10832.62177722127,0.0
61806824,36818.8197206591,4552.07151319124,13,2832.2169015891614,3411.389003246335,0.0,0.09583045732464175,0.0,0.20124244989797255,0.12363436817712724,0.0,0.0,0.1775446691303004,0.0,0.25283097651199204,0.14891707895796602,0.0,-33407.43071741277,-9.792911534164439
61865218,32555.117616607782,6269.853027737318,12,2712.9264680506485,27469.54054313966,0.03331905320063048,0.0,0.0,0.0,0.0,0.0,0.0,0.1688316341100092,0.0,0.38459084240568076,0.4132584702836796,0.0,-5085.577073468119,-0.18513513414909333
61871263,2511.052890388181,1454.8765564097976,2,1255.5264451940905,0.0,0.0,0.0,0.0,0.0,0.0,0.0,0.0,1.0,0.0,0.0,0.0,0.0,-2511.052890388181,0.0
61893987,4816.544942421637,4082.109677907937,2,2408.2724712108184,0.0,0.15248176302585162,0.0,0.0,0.0,0.0,0.0,0.0,0.0,0.0,0.8475182369741484,0.0,0.0,-4816.544942421637,0.0
61917820,16238.782279983428,3962.932910753354,7,2319.8260399976325,0.0,0.0,0.0,0.0,0.0,0.0,0.0,0.0,0.7591877121225574,0.0,0.0,0.2408122878774426,0.0,-16238.782279983428,0.0
61929382,23496.066030765844,7404.614954515085,7,3356.5808615379774,2056.4765935076325,0.0,0.0,0.0,0.0037748369483621667,0.0,0.0,0.0,0.7633548783498223,0.0,0.0,0.23287028470181556,0.0,-21439.58943725821,-10.425399202180921
62020272,26257.80469854522,5766.962704435169,7,3751.1149569350314,557.8218127407393,0.0,0.0,0.08030522086507207,0.0,0.0,0.0,0.0,0.2950013618697034,0.0,0.43841064380437667,0.18628277346084776,0.0,-25699.982885804482,-46.072029273170685
62021452,10711.629183343766,2322.624392325486,9,1190.1810203715297,0.0,0.0,0.0,0.0,0.0,0.0,0.0,0.0,0.47004244187361066,0.0,0.0,0.5299575581263893,0.0,-10711.629183343766,0.0
62027411,25634.11503285382,6699.0619835320185,11,2330.3740938958017,1501.254705148512,0.06434705299236514,0.0,0.0,0.0,0.027574897271378324,0.0,0.02885460749945826,0.4570893985392003,0.0,0.0,0.422134043697598,0.0,-24132.860327705308,-16.075127188572548
62029352,22947.57704250004,3920.375149719306,8,2868.447130312505,0.0,0.0,0.16894924607932038,0.0,0.0,0.0,0.0,0.0,0.5435136493133781,0.0,0.0,0.2875371046073015,0.0,-22947.57704250004,0.0
62040320,17612.13105647817,5534.528395753318,5,3522.4262112956335,0.0,0.2561443653009338,0.0,0.0,0.0,0.31424524255499364,0.0,0.0,0.17618364572662013,0.0,0.0,0.2534267464174525,0.0,-17612.13105647817,0.0
62095470,39366.49682479614,8190.221450713356,9,4374.055202755127,0.0,0.0,0.14037973628154926,0.0,0.0,0.0,0.0,0.0,0.5737165016144995,0.0,0.0,0.2859037621039512,0.0,-39366.49682479614,0.0
62108799,24611.165482390406,3920.099971080917,9,2734.5739424878225,1064.373573581423,0.0,0.0,0.0,0.0,0.0,0.0,0.0,0.47935742014209615,0.0,0.0,0.45881168742845124,0.06183089242945257,-23546.79190880898,-22.12267618555985
62117918,43741.66152266525,8011.403366257394,19,2302.1927117192236,0.0,0.05628591293528906,0.01091440466305868,0.0,0.0,0.18315269899169676,0.0,0.075377041102229,0.1597128281741861,0.0,0.0,0.24519725275209725,0.26935986138144297,-43741.66152266525,0.0
62122198,40425.07159794539,5827.598072226047,13,3109.6208921496454,0.0,0.0,0.0,0.0,0.0,0.0,0.0,0.0,0.13355314822416361,0.0,0.24579880677572577,0.33330195490448805,0.2873460900956225,-40425.07159794539,0.0
62141930,10526.761452938426,3664.3837670489966,5,2105.3522905876853,3206.4380705403114,0.0,0.0,0.0,0.0,0.0,0.0,0.0,0.023365383023974184,0.0,0.0,0.9766346169760258,0.0,-7320.323382398115,-2.2830078801941682
62164596,17444.726143766788,10000.0,4,4361.181535941697,21719.921433351494,0.0,0.0,0.0,0.0,0.0,0.0,0.15965079275495336,0.6491985384560398,0.0,0.0,0.19115066878900683,0.0,4275.195289584708,0.19683290764671169
62192954,22147.434389789647,4512.335350436537,8,2768.429298723706,0.0,0.0,0.0,0.0,0.43676647111563094,0.0,0.0,0.0,0.13870709828164618,0.0,0.0,0.4245264306027229,0.0,-22147.434389789647,0.0
62225633,58858.82249686491,10000.0,14,4204.201606918922,0.0,0.0,0.05513819476361374,0.0,0.0,0.0,0.0,0.0,0.7113322136995989,0.0,0.0,0.23352959153678746,0.0,-58858.82249686491,0.0
62244955,22982.265126405615,5436.113786236879,8,2872.783140800702,4596.357073864885,0.02582310440450156,0.0,0.023154618242630574,0.0,0.0,0.0,0.0,0.616272498381615,0.0,0.0,0.33474977897125285,0.0,-18385.908052540726,-4.000104377678556
62278346,17352.89334713567,5551.678483384464,5,3470.5786694271337,0.0,0.0,0.0,0.0,0.0,0.0,0.0,0.0,0.4483316958411981,0.0,0.0,0.551668304158802,0.0,-17352.89334713567,0.0
62341799,44751.9022082775,5719.361136452309,18,2486.21678934875,7354.839929763955,0.0,0.07344611864013338,0.05251042878782693,0.0,0.12780152025346608,0.0,0.0,0.18398171612888764,0.0,0.0,0.5123466603892897,0.04991355580039643,-37397.06227851354,-5.084687448760528
62348555,2427.5327449962374,2427.5327449962374,1,2427.5327449962374,99.75455867016609,0.0,0.0,0.0,0.0,0.0,0.0,0.0,1.0,0.0,0.0,0.0,0.0,-2327.7781863260716,-23.33505573437264
62361445,22026.987281403155,7958.66218934798,6,3671.1645469005257,0.0,0.0,0.0,0.0,0.0,0.09706701108220706,0.0,0.0,0.7720949092824773,0.0,0.0,0.13083807963531585,0.0,-22026.987281403155,0.0
62367271,1968.6504202161682,1968.6504202161682,1,1968.6504202161682,330.104084601122,0.0,0.0,0.0,0.0,0.0,0.0,0.0,1.0,0.0,0.0,0.0,0.0,-1638.546335615046,-4.963726327697421
62377221,30522.763774013845,5850.225863286088,13,2347.904905693373,0.0,0.0,0.08773412851236072,0.0,0.0,0.0,0.0,0.0,0.15810943017714987,0.0,0.035926198430713326,0.7182302428797761,0.0,-30522.763774013845,0.0
62424136,35251.974599104455,5586.590205794097,13,2711.690353777266,0.0,0.0,0.0,0.0,0.0,0.0,0.0,0.0,0.5580182473294168,0.0,0.08790414167777554,0.19617303826716312,0.15790457272564454,-35251.974599104455,0.0
62443569,11011.88071820711,3581.5392640356336,4,2752.9701795517776,0.0,0.0,0.0,0.0,0.0,0.0,0.0,0.0,0.7471946343302677,0.0,0.0,0.2528053656697324,0.0,-11011.88071820711,0.0
62506709,14989.521791776298,5679.77237101306,3,4996.507263925433,0.0,0.3018652484258502,0.0,0.0,0.31921856932948645,0.0,0.0,0.0,0.0,0.0,0.0,0.3789161822446633,0.0,-14989.521791776298,0.0
62538441,94543.74478815442,6811.583859366496,24,3939.322699506434,9378.453184047145,0.035422925456731126,0.0,0.0,0.0,0.04367837249827663,0.0,0.06056475157268854,0.6293576115476103,0.0,0.0,0.1625793399758463,0.0683969989488471,-85165.29160410727,-9.080952896259525
62567381,13352.135449446901,4315.060815605703,8,1669.0169311808627,0.0,0.0,0.0,0.0,0.0,0.0,0.0,0.3231738347729576,0.319983044904498,0.0,0.10812373287862277,0.23790827635603165,0.010811111087889931,-13352.135449446901,0.0
62589049,7649.203828110841,4664.301211611923,2,3824.6019140554204,540.6960155247868,0.0,0.0,0.0,0.609776038974227,0.0,0.0,0.0,0.3902239610257729,0.0,0.0,0.0,0.0,-7108.507812586053,-13.146958010568476
62664917,15248.28735832104,5165.601208079956,5,3049.657471664208,0.0,0.0,0.0,0.0,0.20992445752470876,0.0,0.0,0.0,0.6416226660586926,0.0,0.0,0.1484528764165987,0.0,-15248.28735832104,0.0
62665589,42373.90291796239,5848.868839126138,12,3531.158576496866,0.0,0.0,0.094203730274216,0.08970005254982555,0.0,0.0,0.0,0.0,0.5219818097170245,0.0,0.1184651943411015,0.17564921311783235,0.0,-42373.90291796239,0.0
62724973,80947.96379431902,8173.452126143456,18,4497.1090996843905,1113.4080200571593,0.0,0.0,0.0,0.0,0.0,0.0,0.0,0.7727943114475443,0.024060399347381824,0.0,0.20314528920507383,0.0,-79834.55577426185,-71.70287471987437
62742549,9058.492622723412,3320.050803184804,3,3019.497540907804,0.0,0.0,0.28010405410624706,0.0,0.0,0.0,0.0,0.0,0.7198959458937529,0.0,0.0,0.0,0.0,-9058.492622723412,0.0
62785682,52934.65968601347,7413.064228412024,20,2646.7329843006737,2305.615365680126,0.0,0.0,0.0,0.038212432352665894,0.01310420831251916,0.0,0.0,0.6074695814035184,0.0,0.024254011753080663,0.3169597661782158,0.0,-50629.04432033334,-21.959015833240876
62831443,24224.995013955504,4641.569267283487,8,3028.124376744438,0.0,0.18782778588595606,0.14275739120175246,0.054226532118122575,0.0,0.0,0.0,0.0,0.14892528636877078,0.0,0.0,0.46626300442539803,0.0,-24224.995013955504,0.0
62850928,47557.149949348524,5847.13328875189,10,4755.714994934853,0.0,0.0,0.0,0.0,0.0,0.0,0.0,0.0,0.5134598274508887,0.09451517230091927,0.0,0.39202500024819203,0.0,-47557.149949348524,0.0
62863036,30006.500705671693,4076.740446128811,14,2143.3214789765498,7196.032266041415,0.0,0.0,0.0,0.0,0.0,0.0,0.0,0.21066024115990897,0.0,0.0,0.596625047885363,0.19271471095472806,-22810.468439630276,-3.169867448659797
62877156,19222.632717102784,5033.170243666977,8,2402.829089637848,1430.510430283729,0.0,0.0,0.0,0.0,0.0,0.0,0.0,0.4504271590868175,0.0,0.0,0.5495728409131826,0.0,-17792.122286819056,-12.437604025921114
62886994,82847.74672020116,7032.998358065827,20,4142.387336010058,0.0,0.16633566173404052,0.0,0.09221654670986518,0.0,0.0,0.0,0.0,0.39527708935712585,0.0,0.0,0.34617070219896845,0.0,-82847.74672020116,0.0
62902323,107817.52262962503,7467.380419984833,30,3593.917420987501,5353.347049140669,0.2086170048923981,0.0,0.0,0.0,0.031325293233182325,0.0,0.03246639638301159,0.5039370483394283,0.0,0.0,0.19459330306966335,0.029060954082316334,-102464.17558048437,-19.140207918508132
62952130,113098.24000994739,8456.653118273836,23,4917.314783041191,0.0,0.0,0.0,0.0,0.0,0.0,0.0,0.0,0.5529028210147479,0.0,0.0,0.4470971789852521,0.0,-113098.24000994739,0.0
62953616,17160.24747608215,5971.977715478872,6,2860.0412460136913,0.0,0.0,0.3480123304633327,0.0,0.0,0.0,0.0,0.07396842211018329,0.5359270868411693,0.0,0.0,0.0,0.042092160585314606,-17160.24747608215,0.0
62971197,23778.514186537883,7987.738933838862,5,4755.702837307576,0.0,0.0,0.0,0.0,0.12605861892114112,0.0,0.0,0.0,0.7318010562686817,0.0,0.0,0.14214032481017708,0.0,-23778.514186537883,0.0
63020192,9961.987526385032,6977.189963765359,2,4980.993763192516,0.0,0.0,0.0,0.0,0.0,0.0,0.0,0.0,1.0,0.0,0.0,0.0,0.0,-9961.987526385032,0.0
63048341,16554.18204806898,5676.718851746311,5,3310.8364096137952,0.0,0.0,0.2725050609878699,0.17367868072026868,0.34291750780936303,0.0,0.0,0.0,0.19615788853580868,0.0,0.0,0.014740861946689691,0.0,-16554.18204806898,0.0
63054416,43415.326218630216,6733.178702543682,13,3339.64047835617,3167.2382160641855,0.29042065472622763,0.07806554096324617,0.05875540835822366,0.0,0.07843886386531165,0.0,0.15508759898835833,0.12539126231118455,0.0,0.04323510757433805,0.1706055632131099,0.0,-40248.08800256603,-12.707628936285348
63077483,12879.102283425796,5670.216814996905,4,3219.775570856449,7196.387607491809,0.0,0.0,0.20945798352620462,0.0,0.0,0.0,0.0,0.7905420164737954,0.0,0.0,0.0,0.0,-5682.714675933988,-0.7896621174237461
63093555,19008.161786294182,7024.220986140599,6,3168.0269643823635,0.0,0.0,0.0,0.0,0.0,0.0,0.0,0.0,0.7291896994894894,0.0,0.054092050811395696,0.21671824969911488,0.0,-19008.161786294182,0.0
63112751,28858.199761667343,4169.257240581822,11,2623.472705606122,0.0,0.1522937481901113,0.0010180991593564872,0.0,0.0,0.1313176843400528,0.0,0.0,0.2713809133243689,0.0,0.0,0.33590277165213334,0.1080867833339772,-28858.199761667343,0.0
63113680,32818.87598077649,6593.946275201086,12,2734.906331731374,1603.3283646052164,0.0885831393597407,0.0,0.0,0.0,0.0,0.0,0.0,0.49366729155737704,0.0,0.0,0.3573969952815651,0.06035257380131711,-31215.547616171276,-19.469216852442703
63118225,21262.255431000354,4511.200195786829,8,2657.7819288750443,0.0,0.0,0.2294648005090422,0.0,0.09969351189026195,0.0,0.0,0.0,0.5242079185074805,0.0,0.0,0.1466337690932153,0.0,-21262.255431000354,0.0
63128997,9721.41451473012,5261.061875923226,6,1620.2357524550202,455.5092905080726,0.0,0.0,0.0,0.0,0.019597493843009683,0.0,0.0,0.6919890385074492,0.0,0.0,0.2884134676495412,0.0,-9265.90522422205,-20.341857822234335
63158745,7117.065031083877,2829.859821020497,3,2372.3550103612924,583.2798024869231,0.27835253834622475,0.0,0.0,0.0,0.0,0.0,0.0,0.7216474616537752,0.0,0.0,0.0,0.0,-6533.785228596954,-11.201802635268583
63187015,23217.848596440235,5204.37470531996,7,3316.835513777176,0.0,0.0,0.17570366253932956,0.0,0.22415404612974762,0.0,0.0,0.20710122439112622,0.20811624779143026,0.0,0.0,0.18492481914836634,0.0,-23217.848596440235,0.0
63246315,56779.5315164868,5891.291522960605,13,4367.656270498985,2575.538080565808,0.0,0.0,0.0,0.03017629337007787,0.0,0.0,0.0,0.17486658687305942,0.0,0.0,0.7751311608592201,0.01982595889764263,-54203.993435920995,-21.04569675941781
63254387,12428.358058840295,4453.965693278446,3,4142.786019613432,1381.4386727025978,0.0,0.0,0.0,0.0,0.0,0.0,0.0,0.32029336421593824,0.0,0.3213354276009874,0.35837120818307444,0.0,-11046.919386137699,-7.996677380202406
63281417,17982.47058777495,6314.632214862784,6,2997.0784312958253,0.0,0.0,0.0,0.0,0.1792079230672431,0.10120809250234813,0.0,0.0,0.5097164014880433,0.0,0.0,0.2098675829423654,0.0,-17982.47058777495,0.0
63289647,4850.204195697285,3328.44946879288,2,2425.1020978486426,20124.67523005946,0.0,0.0,0.0,0.0,0.0,0.0,0.0,0.31375065162295335,0.0,0.0,0.6862493483770467,0.0,15274.471034362174,0.758992175513336
63319420,28922.19378954009,5942.211702456258,10,2892.2193789540092,0.0,0.1229230765201162,0.0,0.0,0.0,0.0,0.0,0.0,0.46465927352377917,0.0,0.0,0.4124176499561046,0.0,-28922.19378954009,0.0
63323336,4475.191506561999,3017.1164822537353,2,2237.5957532809994,1543.5089993295567,0.0,0.0,0.0,0.0,0.0,0.0,0.0,0.0,0.0,0.0,1.0,0.0,-2931.6825072324423,-1.8993621083556083
63397330,14510.03816677093,7467.097904116674,2,7255.019083385465,0.0,0.0,0.0,0.0,0.0,0.0,0.0,0.0,1.0,0.0,0.0,0.0,0.0,-14510.03816677093,0.0
63428033,14234.506226495825,6112.580658825769,5,2846.9012452991647,0.0,0.0,0.0,0.0,0.1849947817206527,0.0,0.0,0.0,0.0,0.0,0.4897462980523084,0.325258920227039,0.0,-14234.506226495825,0.0
63430889,30377.299094139496,4849.540606628312,10,3037.72990941395,489.52687697386585,0.0,0.11997682299338933,0.0,0.08880139791128105,0.0,0.0,0.0,0.22667017225052044,0.0,0.2262077314342259,0.33834387541058325,0.0,-29887.772217165628,-61.054405024550334
63472675,8738.920319954032,4588.3599032518005,2,4369.460159977016,0.0,0.0,0.0,0.0,0.0,0.0,0.0,0.0,1.0,0.0,0.0,0.0,0.0,-8738.920319954032,0.0
63504486,7554.989921178526,4982.331680096861,2,3777.494960589263,0.0,0.0,0.0,0.0,1.0,0.0,0.0,0.0,0.0,0.0,0.0,0.0,0.0,-7554.989921178526,0.0
63511255,7819.92801020904,3005.506640485651,5,1563.9856020418079,971.2606713473422,0.25327872009988045,0.0,0.0,0.0,0.0,0.0,0.0,0.4866664687639027,0.0,0.0,0.2600548111362169,0.0,-6848.667338861697,-7.051317469038626
63524917,1527.3727365150635,1465.282896699224,2,763.6863682575317,0.0,0.0,0.0,0.0,0.0,0.0,0.0,0.0,1.0,0.0,0.0,0.0,0.0,-1527.3727365150635,0.0
63598086,15730.853213819284,5681.780079254518,4,3932.713303454821,243.7278158138885,0.0,0.0,0.0,0.0,0.0,0.0,0.0,1.0,0.0,0.0,0.0,0.0,-15487.125398005395,-63.54270786159026
63678751,22326.969886869825,6443.613485443174,5,4465.393977373966,0.0,0.0,0.0,0.0,0.0,0.27221060888013676,0.0,0.0,0.578825423534506,0.0,0.0,0.14896396758535732,0.0,-22326.969886869825,0.0
63694637,7615.906082747743,3910.3974794144356,4,1903.9765206869358,0.0,0.0,0.0,0.0,0.0,0.0,0.0,0.0,0.3775462099375758,0.0,0.0,0.10900241120776229,0.5134513788546619,-7615.906082747743,0.0
63715342,3800.2467460838484,2778.073575284312,2,1900.1233730419242,0.0,0.0,0.0,0.0,0.0,0.0,0.0,0.0,1.0,0.0,0.0,0.0,0.0,-3800.2467460838484,0.0
63797626,63083.06233893041,10000.0,17,3710.7683728782595,192.3010528947535,0.0,0.0,0.032241016619045285,0.0,0.21689689032218556,0.0,0.0,0.3452770604817498,0.0,0.0,0.10743053706784073,0.2981544955091786,-62890.76128603565,-327.04324983834493
63802857,24362.682195449746,10000.0,6,4060.4470325749576,540.93445755665,0.0,0.0,0.0,0.18666788833443257,0.02766744183819969,0.0,0.0,0.41046383644357987,0.0,0.0,0.3752008333837879,0.0,-23821.747737893096,-44.038140675108195
63828696,12992.914738762483,4517.826783291029,5,2598.5829477524962,0.0,0.0,0.0,0.0,0.0,0.0,0.0,0.0,0.2328315967349958,0.0,0.3083418856338335,0.4588265176311707,0.0,-12992.914738762483,0.0
63890869,14318.604900893528,4808.444784851325,5,2863.7209801787058,0.0,0.0,0.0,0.0,0.4643409995266304,0.0,0.0,0.0,0.38636766974840336,0.0,0.0,0.0,0.1492913307249662,-14318.604900893528,0.0
63894458,2131.475671607867,1535.5693115104282,2,1065.7378358039334,0.0,0.0,0.0,0.0,0.0,0.0,0.0,0.0,1.0,0.0,0.0,0.0,0.0,-2131.475671607867,0.0
63921543,25919.82434062293,7165.737081335188,7,3702.832048660419,0.0,0.0,0.0,0.0,0.0,0.0,0.0,0.0,0.36866492780918025,0.0,0.0543384436178404,0.5769966285729794,0.0,-25919.82434062293,0.0
63950264,61969.2662659438,6074.645439175902,17,3645.250956820224,0.0,0.0,0.0,0.0,0.07044277157645473,0.09802674463025424,0.05957722263028694,0.014362129857501574,0.28813714732507617,0.0,0.07637499720240577,0.29956034558102357,0.093518641196997,-61969.2662659438,0.0
63954564,4480.927146735735,4480.927146735735,1,4480.927146735735,8347.192381301713,0.0,0.0,0.0,0.0,0.0,0.0,0.0,1.0,0.0,0.0,0.0,0.0,3866.2652345659785,0.46318151756351983
63978799,5783.753057990368,3272.78231841476,3,1927.9176859967893,0.0,0.0,0.0,0.0,0.0,0.0,0.0,0.0,1.0,0.0,0.0,0.0,0.0,-5783.753057990368,0.0
64024273,24851.905948218315,4451.37222188716,10,2485.190594821831,1016.6799526563941,0.0,0.0,0.0,0.0,0.0,0.0,0.0,0.377420658088017,0.0,0.0,0.3083824927590234,0.31419684915295976,-23835.22599556192,-23.44417821290264
64037489,22443.43666096046,5299.13427511852,5,4488.687332192091,0.0,0.0,0.11802176533117566,0.0,0.22032323793647743,0.0,0.0,0.0,0.6616549967323468,0.0,0.0,0.0,0.0,-22443.43666096046,0.0
64047579,6545.930631076123,2390.2372553130795,4,1636.4826577690308,0.0,0.0,0.0,0.0,0.0,0.0,0.0,0.0,0.8195750885518837,0.0,0.0,0.18042491144811632,0.0,-6545.930631076123,0.0
64096953,20267.563727092438,4963.54823829705,7,2895.3662467274908,0.0,0.0,0.06531980743578328,0.0,0.48697365825415867,0.0,0.0,0.0,0.21032625926808046,0.0,0.0,0.23738027504197762,0.0,-20267.563727092438,0.0
64170162,16648.006717409055,6209.494845970351,6,2774.667786234842,200.18255017124181,0.10829977543602909,0.0,0.0,0.37298728618826155,0.0,0.0,0.16784327587973819,0.27297097354651373,0.0,0.0,0.07789868894945758,0.0,-16447.824167237814,-82.16412546032548
64190586,19778.03790684203,5017.630078937793,7,2825.4339866917185,0.0,0.0,0.2617020704537034,0.0,0.0,0.12428049650690093,0.0,0.0,0.6140174330393956,0.0,0.0,0.0,0.0,-19778.03790684203,0.0
64268053,12844.368699890694,6276.379012454444,3,4281.456233296898,25503.885641292632,0.0,0.48864830643703466,0.0,0.0,0.0,0.0,0.0,0.09915820465021696,0.0,0.0,0.41219348891274843,0.0,12659.51694140194,0.4963760079328958
64271289,20821.719241823874,4518.466229387056,6,3470.286540303979,0.0,0.0,0.16676330574035603,0.0,0.0,0.0,0.0,0.0,0.4211596669555579,0.0,0.0,0.41207702730408596,0.0,-20821.719241823874,0.0
64281822,5967.5072070491715,3303.0057439070097,3,1989.1690690163905,0.0,0.0,0.0,0.0,0.0,0.0,0.0,0.0,1.0,0.0,0.0,0.0,0.0,-5967.5072070491715,0.0
64407810,1820.433708007964,1820.433708007964,1,1820.433708007964,1655.8382963076922,0.0,0.0,0.0,0.0,0.0,0.0,0.0,0.0,0.0,0.0,1.0,0.0,-164.5954117002719,-0.09940307098060158
64430023,5686.719231445943,5686.719231445943,1,5686.719231445943,1602.7682545064822,0.0,0.0,0.0,0.0,0.0,0.0,0.0,0.0,0.0,0.0,0.0,1.0,-4083.950976939461,-2.548060810074488
64544676,14277.663962768374,5035.867506843066,4,3569.4159906920936,0.0,0.0,0.0,0.0,0.0,0.0,0.0,0.0,0.3800576249750723,0.0,0.0,0.6199423750249277,0.0,-14277.663962768374,0.0
64580945,5195.019754603921,3060.4921978528155,2,2597.5098773019604,0.0,0.0,0.0,0.0,0.0,0.0,0.0,0.0,0.0,0.0,0.0,1.0,0.0,-5195.019754603921,0.0
64585542,77482.12620126919,6252.232252434924,18,4304.562566737177,969.8439171847596,0.0,0.0,0.015562724220006926,0.0,0.0,0.0,0.0,0.7750113478277094,0.0,0.048323784463234924,0.06629076350897821,0.0948113799800706,-76512.28228408442,-78.89133594422337
64611440,34126.030143548254,4662.064379506927,15,2275.0686762365503,3849.205659405217,0.009038259470424494,0.012187733081194299,0.0,0.0,0.0,0.0,0.23611377053398278,0.41420050025474914,0.0,0.0,0.32845973665964934,0.0,-30276.82448414304,-7.865733131240757
64615268,2950.217341128761,1950.122492510099,2,1475.1086705643804,0.0,0.0,0.0,0.0,0.0,0.0,0.0,0.0,0.6610097721695233,0.0,0.0,0.3389902278304767,0.0,-2950.217341128761,0.0
64624823,2137.6399447172626,2137.6399447172626,1,2137.6399447172626,2573.1723288439835,0.0,0.0,0.0,0.0,0.0,0.0,0.0,1.0,0.0,0.0,0.0,0.0,435.5323841267209,0.16925892574104703
64714761,17631.425055699336,5762.419653773643,4,4407.856263924834,0.0,0.0,0.0,0.0,0.32682665386204557,0.0,0.0,0.0,0.0,0.0,0.0,0.6731733461379544,0.0,-17631.425055699336,0.0
64789232,5505.254714906465,4077.707628356378,2,2752.6273574532324,1225.014970433753,0.0,0.0,0.0,0.0,0.0,0.0,0.0,1.0,0.0,0.0,0.0,0.0,-4280.239744472712,-3.494030561077279
64835874,21362.73540917364,7153.424562831278,5,4272.5470818347285,0.0,0.0,0.0,0.0,0.0,0.0,0.0,0.0,0.8136249530122185,0.0,0.0,0.0,0.18637504698778148,-21362.73540917364,0.0
64855947,59206.533415928556,6056.734087428454,17,3482.737259760503,3360.010945313747,0.0,0.0,0.0,0.0,0.0,0.0,0.0,0.491539043780048,0.0,0.0,0.5084609562199521,0.0,-55846.52247061481,-16.620934687282702
64864018,31048.892928541,8161.07200357726,10,3104.8892928541,1880.8044418825468,0.0,0.0,0.0,0.16160528332554047,0.0,0.0,0.0,0.36678918599184646,0.0,0.26284582907223003,0.20875970161038304,0.0,-29168.088486658457,-15.50830476424404
64892766,25668.4215304849,4505.601357417304,10,2566.8421530484898,2732.2256393582716,0.0,0.0,0.1349795146561493,0.0,0.0,0.0,0.0,0.4459156612370856,0.0,0.0,0.41910482410676514,0.0,-22936.195891126627,-8.394693161767465
64964562,16808.863560406142,4863.521448198042,7,2401.266222915163,7158.063657187974,0.0,0.0,0.0,0.2893426691649895,0.0,0.0,0.0,0.4448109851712395,0.0,0.0,0.2658463456637711,0.0,-9650.799903218169,-1.3482416985111667
64997969,32363.720764856746,8146.687115947659,7,4623.388680693821,94.99314409359249,0.0,0.0,0.24975559615083975,0.0,0.0,0.0,0.0,0.44237947156725926,0.0,0.0,0.3078649322819009,0.0,-32268.72762076315,-339.6953320017518
65000815,26053.56075348576,6268.501369232289,17,1532.5623972638682,6176.14294328271,0.0,0.0,0.0,0.0,0.07601556587832001,0.0,0.0533606021230969,0.42827608730228817,0.0,0.0,0.34859907649643795,0.09374866819985701,-19877.41781020305,-3.2184193262272376
65032689,1145.4182587560788,1145.4182587560788,1,1145.4182587560788,4278.073364539096,0.0,0.0,0.0,0.0,0.0,0.0,0.0,0.0,0.0,0.0,1.0,0.0,3132.6551057830166,0.7322583880280225
65074900,20977.539595415074,5727.541722511394,8,2622.192449426884,7434.329467864906,0.0,0.0,0.0,0.03427337334637859,0.0,0.0,0.0,0.46245292922171677,0.0,0.0,0.5032736974319046,0.0,-13543.210127550168,-1.8217123933087802
65123269,39266.8093864451,6446.325419793214,14,2804.772099031793,4976.692771823981,0.0,0.11911357510790989,0.0,0.0,0.0,0.0,0.0,0.8168602942731549,0.0,0.0,0.06402613061893528,0.0,-34290.11661462111,-6.890141342209803
65140909,10336.598053363687,5596.381761633734,4,2584.1495133409217,0.0,0.0,0.0,0.0,0.0,0.0,0.0,0.08891804891207905,0.5414142769934432,0.0,0.0,0.3696676740944777,0.0,-10336.598053363687,0.0
65167405,36640.02438794827,6071.052993159281,15,2442.668292529885,0.0,0.10189501491894092,0.05139233214713301,0.04314969129158379,0.0,0.16569456747294597,0.0,0.0,0.20391133195575378,0.0,0.05981998934957584,0.3741370728640667,0.0,-36640.02438794827,0.0
65231346,6983.867916293824,6273.751943087121,2,3491.933958146912,602.8532242963068,0.0,0.0,0.0,0.0,0.0,0.0,0.0,1.0,0.0,0.0,0.0,0.0,-6381.014691997518,-10.584690327311248
65238335,15311.699955358006,4496.134471132778,6,2551.949992559668,0.0,0.0,0.0,0.0,0.03376192350652722,0.0,0.0,0.0,0.06081812058622437,0.0,0.0,0.9054199559072483,0.0,-15311.699955358006,0.0
65267543,29746.091234805528,5138.657694356388,7,4249.441604972219,0.0,0.0,0.0,0.0,0.0,0.0,0.0,0.0,0.6956075842165143,0.0,0.0,0.30439241578348575,0.0,-29746.091234805528,0.0
65336735,3486.3494119828383,3486.3494119828383,1,3486.3494119828383,583.0201262183857,0.0,0.0,0.0,0.0,0.0,0.0,0.0,1.0,0.0,0.0,0.0,0.0,-2903.3292857644524,-4.979809710165877
65340544,9209.070981295688,4811.5655693680355,3,3069.690327098563,0.0,0.0,0.0,0.0,0.0,0.0,0.0,0.0,1.0,0.0,0.0,0.0,0.0,-9209.070981295688,0.0
65364869,14485.432984695679,6435.07570651841,3,4828.477661565226,19583.352114911006,0.0,0.0,0.0,0.0,0.0,0.0,0.0,1.0,0.0,0.0,0.0,0.0,5097.919130215326,0.26031902507302146
65389391,12721.576320440203,5356.3081146167515,4,3180.3940801100507,5781.376304894445,0.0,0.0,0.0,0.0,0.16876867818304234,0.0,0.0,0.42104122788703346,0.0,0.0,0.4101900939299242,0.0,-6940.200015545758,-1.200440803285935
65416143,27823.58576733458,6135.3014513097605,7,3974.797966762083,3027.399298693788,0.0,0.0,0.0,0.0,0.0,0.0,0.0,0.7606968535348628,0.0,0.06776747755646771,0.17153566890866942,0.0,-24796.186468640793,-8.190590015443105
65421517,3867.334209505593,2247.5794824318637,2,1933.6671047527966,0.0,0.0,0.0,0.0,0.0,0.0,0.0,0.0,0.0,0.0,0.0,1.0,0.0,-3867.334209505593,0.0
65433672,13387.344179925441,3848.191719989973,6,2231.224029987574,0.0,0.0,0.0,0.0,0.0,0.0,0.0,0.0,0.04954142156239319,0.0,0.6361306263385293,0.31432795209907743,0.0,-13387.344179925441,0.0
65471418,39198.47558709995,5853.728951723081,14,2799.8911133642823,0.0,0.0,0.05927575388482468,0.0,0.0,0.0,0.0,0.0,0.6003960105806444,0.0,0.24036951805279294,0.0999587174817379,0.0,-39198.47558709995,0.0
65519791,8052.938910122675,8052.938910122675,1,8052.938910122675,7373.680090634784,0.0,0.0,0.0,0.0,0.0,0.0,0.0,1.0,0.0,0.0,0.0,0.0,-679.2588194878908,-0.09211937745314021
65525076,4936.212908616227,1875.6057117068542,3,1645.4043028720757,0.0,0.0,0.0,0.0,0.37996856019580494,0.0,0.0,0.0,0.31662395301228147,0.0,0.0,0.30340748679191354,0.0,-4936.212908616227,0.0
65545274,5959.69560177619,5959.69560177619,1,5959.69560177619,2822.7118804275788,0.0,0.0,0.0,0.0,0.0,0.0,0.0,1.0,0.0,0.0,0.0,0.0,-3136.9837213486117,-1.1113368470583784
65592170,11950.208264528119,4212.187374971274,4,2987.5520661320297,2384.572655393854,0.0,0.0,0.0,0.0,0.0,0.0,0.0,0.1856827211469485,0.0,0.35247815617359046,0.24012231335145418,0.22171680932800683,-9565.635609134266,-4.011467458329272
65600096,6965.429897045602,6295.520409983045,2,3482.714948522801,0.0,0.0,0.0,0.0,0.0,0.0,0.0,0.0,1.0,0.0,0.0,0.0,0.0,-6965.429897045602,0.0
65666192,16618.441319790796,5001.3383832922555,6,2769.740219965133,9569.804290295962,0.0,0.5293339669426491,0.0,0.0,0.0,0.0,0.0,0.47066603305735094,0.0,0.0,0.0,0.0,-7048.637029494835,-0.7365497575161846
65685187,13492.148181241035,3496.6200631687902,8,1686.5185226551293,11663.77255052015,0.0,0.0,0.0,0.1945436893463761,0.0,0.0,0.0,0.35144742344525565,0.0,0.0,0.4540088872083683,0.0,-1828.3756307208846,-0.15675679740851495
65686595,14502.348543781998,5033.520191760811,5,2900.4697087563995,0.0,0.0,0.0,0.0,0.0,0.0,0.0,0.1613762506377012,0.3470831070267564,0.0,0.0,0.4205503989749434,0.07099024336059914,-14502.348543781998,0.0
65692899,49156.289917168775,10000.0,14,3511.163565512056,8452.828112481815,0.0,0.08371824788355775,0.0,0.0,0.0,0.0,0.0,0.8613416999833469,0.020204420359976865,0.0,0.03473563177311839,0.0,-40703.461804686965,-4.815366083758696
65829183,125847.80948404872,6625.996276090601,34,3701.4061612955506,3691.9280823969616,0.0,0.037922142223900716,0.0,0.0,0.0,0.0,0.0,0.5041795243060782,0.025702188564961353,0.0,0.39691897032270257,0.03527717458235723,-122155.88140165177,-33.0872862838495
65842787,15851.22291063819,6775.568734864238,3,5283.74097021273,0.0,0.0,0.0,0.0,0.0,0.0,0.0,0.0,1.0,0.0,0.0,0.0,0.0,-15851.22291063819,0.0
65849641,5896.104397735709,3641.2365936479828,5,1179.220879547142,5381.296103027992,0.0,0.0,0.0,0.0,0.6175665062929233,0.0,0.14370789074250262,0.21717157650622163,0.0,0.0,0.02155402645835243,0.0,-514.8082947077173,-0.09566622702996044
65866558,1483.1803971067993,1483.1803971067993,1,1483.1803971067993,429.4263235443973,0.0,0.0,1.0,0.0,0.0,0.0,0.0,0.0,0.0,0.0,0.0,0.0,-1053.754073562402,-2.4538646463610587
65890036,11138.719599421282,5209.7447221488255,3,3712.9065331404277,13384.269584665606,0.0,0.3770771702680949,0.0,0.0,0.46771486396151857,0.0,0.0,0.0,0.0,0.0,0.1552079657703865,0.0,2245.549985244324,0.1677753104896405
65946904,4852.749650021945,2986.7764631500568,2,2426.3748250109725,0.0,0.0,0.0,0.0,0.0,0.384518741217868,0.0,0.0,0.6154812587821319,0.0,0.0,0.0,0.0,-4852.749650021945,0.0
65957513,28541.908544866597,5886.006964151856,7,4077.4155064095135,4503.581677731626,0.0,0.0,0.0,0.0,0.0,0.0,0.0,0.7479490220249072,0.0,0.0,0.2520509779750928,0.0,-24038.32686713497,-5.337602065927812
66009949,1687.828111931662,1155.9044949240645,2,843.914055965831,0.0,0.0,0.0,0.0,0.0,0.0,0.0,0.0,0.6848472819908011,0.0,0.0,0.31515271800919886,0.0,-1687.828111931662,0.0
66026587,121183.46190418901,7464.483764507987,31,3909.143932393194,1840.7697539377236,0.0,0.0,0.0,0.0,0.0,0.07743068550541443,0.0,0.7533097783792234,0.0,0.014714475339883279,0.12897631390451006,0.02556874687096878,-119342.6921502513,-64.83303623115097
66046791,34929.5601458746,6444.185594365251,8,4366.195018234325,0.0,0.0,0.0,0.0,0.039023093505645735,0.0,0.0,0.0,0.889165939655459,0.0,0.0,0.07181096683889518,0.0,-34929.5601458746,0.0
66107896,18186.920074031994,5820.010052135224,6,3031.1533456719994,634.3648479485291,0.0,0.15317905269187482,0.0,0.0,0.11526102458475339,0.2645995815590006,0.0,0.35415838908040875,0.0,0.0,0.1128019520839624,0.0,-17552.555226083467,-27.669495374541373
66206148,5116.145063189365,3182.959873704514,2,2558.0725315946825,0.0,0.0,0.0,0.0,0.0,0.0,0.0,0.0,1.0,0.0,0.0,0.0,0.0,-5116.145063189365,0.0
66219250,15018.431495039387,4901.12912730779,4,3754.607873759847,0.0,0.0,0.0,0.0,0.0,0.0,0.0,0.0,0.4663580481651796,0.0,0.0,0.5336419518348204,0.0,-15018.431495039387,0.0
66254396,18569.978310592964,4445.548647207235,6,3094.9963850988274,5019.527616659857,0.23939439092782022,0.18158362218123056,0.0,0.0,0.0,0.0,0.0,0.2624233898189891,0.0,0.18109762047046052,0.13550097660149965,0.0,-13550.450693933108,-2.6995469950118496
66264111,4628.220951686574,2095.312619797316,3,1542.7403172288577,0.0,0.0,0.0,0.0,0.0,0.0,0.0,0.33748303016174,0.4527252786048949,0.0,0.0,0.20979169123336514,0.0,-4628.220951686574,0.0
66312745,9871.492260962896,4612.438417019127,4,2467.873065240724,1666.5654800624973,0.0,0.0,0.0,0.0,0.0,0.0,0.0,1.0,0.0,0.0,0.0,0.0,-8204.9267809004,-4.923254969011303
66362675,1583.5120801871374,1583.5120801871374,1,1583.5120801871374,1195.786622855173,0.0,0.0,0.0,0.0,0.0,0.0,0.0,1.0,0.0,0.0,0.0,0.0,-387.7254573319644,-0.32424301285976465
66364822,5098.948922021423,3149.0260642662533,2,2549.4744610107114,0.0,0.0,0.0,0.3824166289122473,0.0,0.0,0.0,0.0,0.0,0.0,0.0,0.6175833710877527,0.0,-5098.948922021423,0.0
66404811,56407.952178658,6114.073984510789,17,3318.1148340387062,1400.7915502202345,0.18018539956590468,0.0,0.0,0.0,0.0,0.0,0.21615374670356874,0.3166155243478567,0.0,0.0,0.2228814483121389,0.06416388107053086,-55007.16062843776,-39.268626813025435
66432585,7283.696670926271,3872.042496621903,2,3641.8483354631353,0.0,0.0,0.0,0.0,0.0,0.0,0.0,0.0,0.0,0.0,0.0,1.0,0.0,-7283.696670926271,0.0
66439584,43184.60580077284,8907.51316408755,11,3925.873254615713,1605.073344483622,0.0,0.0,0.0,0.0,0.028022708137595175,0.0,0.0,0.7035240617292737,0.0,0.0,0.2684532301331311,0.0,-41579.53245628922,-25.905066954847495
66449878,4764.506747116627,4518.710778344782,2,2382.2533735583133,0.0,0.0,0.0,0.0,0.0,0.0,0.0,0.9484110356396085,0.05158896436039155,0.0,0.0,0.0,0.0,-4764.506747116627,0.0
66518693,2582.0571091675656,1556.0551775379454,2,1291.0285545837828,255.58511035319557,0.0,0.0,0.0,0.0,0.0,0.0,0.0,0.39735834191537095,0.0,0.0,0.602641658084629,0.0,-2326.47199881437,-9.102533381539306
66519277,7492.7293299096245,2820.064267109568,3,2497.576443303208,765.3609606370126,0.0,0.0,0.0,0.0,0.0,0.0,0.0,0.0,0.0,0.0,1.0,0.0,-6727.368369272612,-8.789798167486097
66548429,6203.2543372801465,3648.4593470997647,3,2067.7514457600487,0.0,0.0,0.0,0.0,0.0,0.0,0.0,0.0,0.25062696207576657,0.0,0.0,0.5881524678382691,0.16122057008596433,-6203.2543372801465,0.0
66570168,71042.44639815841,10000.0,22,3229.2021090072008,2221.9718089066982,0.0,0.0,0.014178484069571519,0.0,0.026237223048678284,0.0,0.33616829466111553,0.16446922940078806,0.0,0.0017692740735048202,0.4333550289321008,0.023822465814240967,-68820.47458925171,-30.972703755010386
66583188,16508.729830907185,10000.0,3,5502.909943635728,0.0,0.0,0.0,0.05779618313398481,0.0,0.33646369618887634,0.0,0.0,0.0,0.0,0.0,0.0,0.6057401206771388,-16508.729830907185,0.0
66583900,6684.255960037481,3442.5330321101046,3,2228.0853200124934,0.0,0.0,0.1954351258979693,0.0,0.0,0.0,0.0,0.0,0.5150211261644746,0.0,0.0,0.2895437479375562,0.0,-6684.255960037481,0.0
66586756,50464.2219088373,5370.571374675213,15,3364.2814605891535,1774.7527078812739,0.0,0.12264065953615164,0.0,0.22440255599383765,0.0,0.0,0.06632356169793714,0.02903899957344761,0.0,0.25923494839478706,0.29835927480383895,0.0,-48689.469200956024,-27.43450903595591
66630166,14548.926914368361,3921.422842982389,5,2909.7853828736725,0.0,0.0,0.0,0.18838911425328375,0.0,0.0,0.0,0.0,0.04292465885223986,0.0,0.0,0.7686862268944764,0.0,-14548.926914368361,0.0
66636649,41273.10111590908,6204.614807537675,14,2948.0786511363626,1889.0418890732644,0.0,0.0,0.0,0.15132075651168067,0.0,0.0,0.0,0.3795143595569832,0.0,0.0,0.42522561869126224,0.043939265240073744,-39384.059226835816,-20.848695550185518
66660118,4833.9456584325535,4833.9456584325535,1,4833.9456584325535,5446.714213874123,0.0,0.0,0.0,0.0,0.0,0.0,0.0,1.0,0.0,0.0,0.0,0.0,612.7685554415691,0.11250242465093849
66673747,14254.861906674903,2615.433455708108,9,1583.8735451861003,12375.082872290777,0.0,0.168640514299549,0.0,0.0,0.0,0.0,0.0,0.4231683882316863,0.0,0.0,0.4081910974687647,0.0,-1879.7790343841268,-0.15190031887327127
66702353,12265.067643772614,8181.834312886089,3,4088.355881257538,2474.896145019975,0.0,0.2062788126132386,0.0,0.0,0.1266368670617708,0.0,0.0,0.6670843203249907,0.0,0.0,0.0,0.0,-9790.171498752637,-3.9557908393257537
66732170,22195.58689093538,4003.321456125663,13,1707.3528377642601,6070.153410975873,0.04360697847778241,0.0,0.015489820631055739,0.0,0.0,0.0,0.0,0.32970451234688575,0.0,0.0,0.5733082878731215,0.03789040067115453,-16125.433479959507,-2.6565116872996937
66740003,9032.983753117727,4465.730608962242,3,3010.994584372576,1187.84067397083,0.0,0.0,0.0,0.0,0.0,0.0,0.0,0.5056195459865742,0.0,0.0,0.4943804540134257,0.0,-7845.143079146898,-6.60454154421349
66821460,18230.443856090056,6444.353343317938,4,4557.610964022514,0.0,0.0,0.0,0.0,0.0,0.0,0.0,0.0,1.0,0.0,0.0,0.0,0.0,-18230.443856090056,0.0
66927108,29699.480214001225,4841.169027895911,10,2969.948021400123,0.0,0.0,0.0,0.0,0.0,0.0,0.0,0.0,0.6494964678110768,0.09151619990757252,0.0,0.2589873322813507,0.0,-29699.480214001225,0.0
66942753,18521.68153199557,6991.69770736879,7,2645.954504570796,6622.017767638386,0.0,0.0,0.03228840257403061,0.37748720035439925,0.0,0.0,0.08451113086967539,0.04129750815628842,0.0,0.0,0.46441575804560614,0.0,-11899.663764357187,-1.7969845720605744
66969928,10351.863356450363,4300.150200536797,3,3450.621118816788,601.284484798503,0.4153986632616556,0.0,0.0,0.0,0.0,0.0,0.0,0.22101859499894452,0.0,0.0,0.0,0.3635827417393999,-9750.57887165186,-16.216248910728815
66999875,128521.31503045223,7124.413328624942,24,5355.054792935509,0.0,0.0,0.0,0.0,0.0,0.0,0.0,0.0,0.847418458455236,0.0,0.0,0.15258154154476405,0.0,-128521.31503045223,0.0
67038687,2287.1597010693704,1930.1821181295345,2,1143.5798505346852,6159.244441450307,0.0,0.8439210070145386,0.0,0.0,0.0,0.0,0.0,0.0,0.0,0.0,0.15607899298546124,0.0,3872.084740380936,0.6286622940831332
67088440,30742.452218831404,10000.0,10,3074.2452218831404,0.0,0.25772824482740025,0.14150415175277867,0.0,0.05207381992801806,0.0,0.0,0.0,0.548693783491803,0.0,0.0,0.0,0.0,-30742.452218831404,0.0
67093397,7441.309556465999,3105.7472501723328,5,1488.2619112931998,0.0,0.0,0.0,0.0,0.13367744517484606,0.0,0.0,0.0,0.6264641973880081,0.0,0.0,0.23985835743714584,0.0,-7441.309556465999,0.0
67136977,10812.740760758023,5534.556434793312,4,2703.1851901895056,0.0,0.0,0.0,0.0,0.0,0.0,0.0,0.0,0.0995921011243242,0.0,0.5118550936576154,0.3885528052180604,0.0,-10812.740760758023,0.0
67201812,16944.152836440102,3558.8398533582535,8,2118.0191045550127,2384.262333831158,0.0,0.0,0.0,0.059432103371340125,0.18309988865330207,0.0,0.0,0.17034960109524844,0.0,0.29105843668616843,0.29605997019394104,0.0,-14559.890502608941,-6.1066646467603025
67202744,8054.7818309473505,5653.24709730906,2,4027.3909154736752,0.0,0.0,0.0,0.0,0.0,0.7018498099586843,0.0,0.0,0.2981501900413157,0.0,0.0,0.0,0.0,-8054.7818309473505,0.0
67207273,18956.101201901005,4479.512475162094,8,2369.5126502376256,4949.822125307321,0.0,0.06625600459861868,0.0,0.2363097995442685,0.0,0.0,0.0,0.17948900559257946,0.0,0.0,0.5179451902645335,0.0,-14006.279076593686,-2.8296530101521724
67221143,11734.488840370996,4512.599747964031,3,3911.4962801236647,0.0,0.0,0.0,0.0,0.36730707376336247,0.0,0.0,0.0,0.38455869781383345,0.0,0.0,0.24813422842280392,0.0,-11734.488840370996,0.0
67222005,15031.589029695413,3660.628847459665,5,3006.3178059390825,0.0,0.0,0.0,0.0,0.22367829876717402,0.0,0.0,0.2256804781622281,0.2435290667026599,0.0,0.17156080297462195,0.13555135339331595,0.0,-15031.589029695413,0.0
67272824,5079.727826529124,2572.2067107677854,3,1693.2426088430414,0.0,0.20582958407973637,0.0,0.0,0.0,0.0,0.0,0.0,0.2878033823689164,0.0,0.0,0.5063670335513473,0.0,-5079.727826529124,0.0
67290561,18429.20467494509,6439.738812354884,5,3685.840934989018,0.0,0.0,0.0,0.0,0.0,0.0,0.0,0.254785252737225,0.566350029545472,0.0,0.0,0.178864717717303,0.0,-18429.20467494509,0.0
67297210,13279.871804426582,3803.3025356090766,6,2213.3119674044306,0.0,0.0,0.24801779813321567,0.0,0.0,0.0,0.0,0.0,0.36522151170437006,0.0,0.0,0.38676069016241416,0.0,-13279.871804426582,0.0
67319404,74023.2482911777,5660.062502530828,24,3084.3020121324043,0.0,0.0,0.0,0.0,0.0,0.0,0.0,0.0,0.5475655263805215,0.0,0.0,0.43865820106201836,0.013776272557460213,-74023.2482911777,0.0
67436455,16945.925894786684,5326.433443351627,5,3389.1851789573366,500.2308152726285,0.0,0.0,0.30749164700014187,0.0,0.0,0.0,0.0,0.3582507917160191,0.0,0.0,0.33425756128383904,0.0,-16445.69507951405,-32.87621349466658
67459996,16063.776134377462,3747.9572072838023,6,2677.2960223962436,0.0,0.0,0.1501507852813659,0.0,0.0,0.0,0.0,0.0,0.35614830940676195,0.0,0.0,0.4937009053118721,0.0,-16063.776134377462,0.0
67510468,18074.60112727634,4733.201412986311,5,3614.9202254552674,0.0,0.0,0.0,0.0,0.0,0.0,0.0,0.0,0.77512256100296,0.0,0.22487743899704,0.0,0.0,-18074.60112727634,0.0
67525905,22095.5352178891,8322.281690195294,4,5523.883804472275,3654.911010914841,0.0,0.0,0.0,0.0,0.0,0.0,0.0,0.10699811332538761,0.0,0.0,0.5163519613332536,0.37664992534135877,-18440.62420697426,-5.045437262878389
67550874,37275.09161638412,6905.41799885616,11,3388.644692398556,1682.593524977032,0.0,0.0341842293135778,0.0,0.0,0.0,0.0,0.0,0.33750711508418013,0.0,0.0,0.47772258422573677,0.1505860713765053,-35592.498091407084,-21.153354962478495
67612349,7444.360314976249,5015.408699165573,3,2481.4534383254168,0.0,0.1439764286216769,0.0,0.0,0.0,0.0,0.0,0.0,0.0,0.0,0.0,0.8560235713783231,0.0,-7444.360314976249,0.0
67644098,33567.229511418394,4533.135135047086,11,3051.5663192198544,505.5244270115101,0.0,0.0,0.0,0.0,0.0,0.0,0.11553599528366089,0.672900856547779,0.13504644860562806,0.0,0.07651669956293217,0.0,-33061.70508440689,-65.40080620803337
67649738,27849.418949073937,5638.114655622102,7,3978.4884212962766,0.0,0.0,0.0,0.0,0.0,0.0,0.0,0.0,0.7398499172543689,0.0,0.0,0.2601500827456312,0.0,-27849.418949073937,0.0
67667064,8613.72146382427,2748.1044346115723,4,2153.4303659560674,0.0,0.0,0.0,0.0,0.0,0.0,0.0,0.0,0.3880853187978389,0.0,0.0,0.611914681202161,0.0,-8613.72146382427,0.0
67704035,4042.0036717748617,4042.0036717748617,1,4042.0036717748617,1076.3101343283909,0.0,0.0,0.0,0.0,0.0,0.0,0.0,0.0,0.0,0.0,1.0,0.0,-2965.6935374464706,-2.7554265660585275
67727587,18959.635779629934,5070.314231047255,6,3159.939296604989,9600.195402699655,0.0,0.0,0.0,0.0,0.0,0.0,0.0,0.43542729652790724,0.0,0.26742677390958935,0.11182699150845286,0.18531893805405067,-9359.440376930279,-0.9749218619340106
67768518,41867.04994464312,5670.630898048543,12,3488.92082872026,0.0,0.0,0.0,0.0,0.15776789148119175,0.0,0.0,0.5357770797970391,0.1069420340222746,0.0,0.08221080939569629,0.11730218530379813,0.0,-41867.04994464312,0.0
67827311,18703.385312050556,3503.907301395508,9,2078.1539235611726,217.2658144340838,0.0,0.0,0.0,0.0,0.0,0.0,0.0,0.5674003693019133,0.0,0.0,0.4325996306980867,0.0,-18486.119497616473,-85.08526546510598
67841916,34932.55452995878,6530.750696054982,8,4366.569316244848,0.0,0.0,0.005909011595103799,0.0,0.0,0.08973852903811053,0.0,0.4984328491662935,0.1639447898632937,0.0,0.0,0.24197482033719858,0.0,-34932.55452995878,0.0
67849818,3575.452057197693,1849.8797328574433,3,1191.8173523992311,0.0,0.0,0.0,0.0,0.0,0.0,0.0,0.0,0.9595414225259556,0.0,0.0,0.0,0.040458577474044376,-3575.452057197693,0.0
67927261,16668.70487068986,4318.663779991247,7,2381.2435529556947,518.6876430912572,0.0,0.0,0.0,0.0,0.0,0.0,0.14098255239995322,0.7674240483169916,0.0,0.0,0.09159339928305511,0.0,-16150.017227598602,-31.13630610389766
67938042,52516.153326753796,6924.939684799421,14,3751.1538090538425,837.3407779205861,0.0,0.0,0.0,0.0,0.0,0.0,0.13186304110494673,0.3476942537466301,0.06452935521479788,0.06254749730390101,0.3933658526297243,0.0,-51678.81254883321,-61.717778366377914
68003686,11811.198744197152,5212.453491458378,5,2362.239748839431,0.0,0.0,0.0,0.0,0.0,0.07143126614042009,0.0,0.0,0.8872648859492758,0.0,0.0,0.041303847910304135,0.0,-11811.198744197152,0.0
68016021,7354.411792936713,4166.724282105485,2,3677.2058964683565,0.0,0.0,0.0,0.0,0.0,0.0,0.0,0.0,1.0,0.0,0.0,0.0,0.0,-7354.411792936713,0.0
68022855,7676.336343297819,3196.051713744077,4,1919.0840858244549,3142.9233105169874,0.0,0.0,0.0,0.0,0.0,0.0,0.0,0.8624473567496915,0.0,0.0,0.13755264325030847,0.0,-4533.413032780832,-1.4424192335877006
68032769,25243.18069908585,4647.427066275389,8,3155.397587385731,0.0,0.0,0.0,0.0,0.0,0.0,0.0,0.0,0.1977845359482145,0.0,0.6075642037429136,0.09389757273904897,0.10075368756982286,-25243.18069908585,0.0
68065385,12727.92391706391,5313.419901732923,3,4242.64130568797,0.0,0.0,0.22722444516955606,0.0,0.4174616328912365,0.0,0.0,0.0,0.35531392193920747,0.0,0.0,0.0,0.0,-12727.92391706391,0.0
68115011,15268.692584200042,2937.128461355206,10,1526.8692584200044,1476.569703015015,0.0,0.07485242535874437,0.0,0.0,0.0,0.0,0.0,0.8244528949878556,0.0,0.0,0.10069467965340008,0.0,-13792.122881185029,-9.340651411865505
68155159,11486.654846428035,3610.764262227835,6,1914.4424744046723,0.0,0.0,0.0,0.0,0.0,0.0,0.0,0.17733076304500128,0.3026832919012124,0.0,0.0,0.3681997553817303,0.15178618967205598,-11486.654846428035,0.0
68184635,114826.82879594111,10000.0,25,4593.073151837644,4384.258958425744,0.1327306867599835,0.0,0.015311611245245568,0.0,0.0,0.0,0.0,0.6752786361335267,0.0,0.0,0.1766790658612442,0.0,-110442.56983751536,-25.190704035687705
68230762,7234.8443729272085,4600.46774293806,3,2411.614790975736,0.0,0.0,0.0,0.0,0.0,0.0,0.0,0.0,0.032485702113164705,0.0,0.0,0.9675142978868353,0.0,-7234.8443729272085,0.0
68252550,6508.042619983223,3813.7206432916687,2,3254.0213099916114,0.0,0.0,0.0,0.0,0.0,0.0,0.0,0.0,0.5860011782316048,0.0,0.0,0.4139988217683952,0.0,-6508.042619983223,0.0
68268816,19302.456749582157,6541.552181861375,5,3860.491349916432,0.0,0.0,0.04421129528860448,0.0,0.0,0.0,0.33889738838570277,0.0,0.0,0.0,0.0,0.6168913163256927,0.0,-19302.456749582157,0.0
68278305,17832.098720338057,5857.909387205327,5,3566.419744067611,0.0,0.0,0.0,0.0,0.0,0.0,0.0,0.0,0.32850364273298926,0.0,0.0,0.07266495938842604,0.5988313978785846,-17832.098720338057,0.0
68291630,4179.821048891918,3367.6426958809716,2,2089.910524445959,0.0,0.0,0.0,0.0,0.0,0.0,0.0,0.0,0.1943093600206298,0.0,0.0,0.8056906399793702,0.0,-4179.821048891918,0.0
68326757,19729.472976793924,5594.38840299566,7,2818.496139541989,181.73412653233862,0.0,0.28355488307142596,0.0,0.0,0.0,0.0,0.0,0.23338993766452165,0.0,0.0,0.48305517926405234,0.0,-19547.738850261587,-107.5622901611887
68355751,18339.819918949208,3141.0809552049013,8,2292.477489868651,15159.680716339812,0.0,0.0,0.0,0.0,0.17127109039710087,0.0,0.0,0.5858062640641605,0.0,0.0,0.24292264553873846,0.0,-3180.1392026093945,-0.20977613329162612
68386741,30717.81760595194,6226.070077152441,7,4388.259657993134,0.0,0.0,0.0,0.20268595109914536,0.17137484965773417,0.0,0.0,0.0,0.37741838781240716,0.0,0.0,0.17137811089559343,0.0771427005351198,-30717.81760595194,0.0
68418699,14470.78991038597,3865.135746425442,5,2894.157982077194,553.4248743894985,0.0,0.0,0.0,0.0,0.0,0.0,0.0,0.0,0.0,0.0,1.0,0.0,-13917.365035996472,-25.147704196254608
68434313,23737.545511098662,5523.137617665239,8,2967.193188887333,1364.1388146762222,0.0,0.0,0.0,0.08238224692810912,0.16696436740949305,0.0,0.0,0.19261624732151705,0.0,0.0,0.5580371383408808,0.0,-22373.406696422444,-16.40112168623599
68436655,8687.806022052278,6323.952464795195,2,4343.903011026139,0.0,0.0,0.0,0.0,0.0,0.0,0.0,0.0,1.0,0.0,0.0,0.0,0.0,-8687.806022052278,0.0
68449378,4975.678082496387,2499.0515816331877,2,2487.8390412481936,0.0,0.0,0.0,0.0,0.0,0.0,0.0,0.0,0.4977465301815971,0.0,0.5022534698184028,0.0,0.0,-4975.678082496387,0.0
68496951,26385.21466366654,4960.121349667465,10,2638.521466366654,13703.515831866514,0.30148060823901784,0.0,0.0,0.0,0.0,0.0,0.0,0.2891230835812959,0.0,0.2152474753788386,0.19414883280084758,0.0,-12681.698831800024,-0.9254339534026493
68523425,47387.80846092643,6053.1071369250885,14,3384.8434614947455,0.0,0.11435845652419997,0.1308469729462159,0.0,0.0,0.0,0.0,0.0,0.37429585891113915,0.0,0.06777495075978854,0.25590171102799236,0.05682204983066419,-47387.80846092643,0.0
68526515,30085.7326842897,5318.330696704159,12,2507.144390357475,2108.2587502707593,0.0,0.0,0.0,0.0,0.0,0.0,0.0,0.3089666328877671,0.22668355006181787,0.0,0.2875772999070546,0.1767725171433604,-27977.473934018937,-13.2704175568705
68536871,21788.662191770203,5733.09211495462,6,3631.443698628367,1719.5994061557265,0.25232513555065866,0.15238044873998624,0.0,0.0,0.0,0.0,0.0,0.41703686917195987,0.0,0.0,0.1782575465373952,0.0,-20069.06278561448,-11.67077792291179
68542338,13094.43197064622,5436.677275663269,4,3273.607992661555,0.0,0.1567676100621996,0.0,0.0,0.0,0.0,0.0,0.0,0.6739332861748473,0.0,0.0,0.1692991037629531,0.0,-13094.43197064622,0.0
68566115,13734.355152386546,5718.770325919819,5,2746.871030477309,3149.6236268263237,0.0,0.0,0.0,0.0,0.0,0.0,0.0,0.11022278307351584,0.0,0.0,0.8897772169264841,0.0,-10584.731525560223,-3.3606337707803475
68593408,19454.876885110218,5523.261498331691,5,3890.9753770220436,623.4396459399746,0.0,0.0,0.4379030312683631,0.0,0.18021541408790692,0.0,0.0,0.38188155464373,0.0,0.0,0.0,0.0,-18831.43723917024,-30.205710146613537
68604902,12897.153871540182,10000.0,2,6448.576935770091,0.0,0.0,0.0,0.0,0.0,0.0,0.0,0.0,1.0,0.0,0.0,0.0,0.0,-12897.153871540182,0.0
68609988,6770.416526318801,4048.322193639361,3,2256.8055087729335,1095.20807783513,0.0,0.0,0.0,0.0,0.0,0.0,0.0,0.8108828248247814,0.0,0.0,0.18911717517521864,0.0,-5675.208448483671,-5.1818540817391625
68611055,34938.55808623681,6904.753787779663,9,3882.0620095818676,0.0,0.0,0.0,0.45910784865181076,0.0,0.0,0.0,0.0,0.5408921513481892,0.0,0.0,0.0,0.0,-34938.55808623681,0.0
68634498,8717.29288857842,4224.481418905325,4,2179.323222144605,415.4653734361051,0.0,0.0,0.0,0.0,0.0,0.0,0.0,0.16158073582371213,0.0,0.0,0.838419264176288,0.0,-8301.827515142315,-19.981996204598413
68659722,51121.90182218,7270.531472221565,10,5112.190182218,0.0,0.0580439382860975,0.0,0.0,0.0,0.0,0.0,0.0,0.6866801701784924,0.0,0.0,0.25527589153541014,0.0,-51121.90182218,0.0
68679628,8178.098404664345,5258.859266847704,3,2726.0328015547816,1159.7854613233972,0.0,0.0,0.0,0.0,0.0,0.0,0.0,0.6809208497577798,0.0,0.0,0.3190791502422202,0.0,-7018.312943340949,-6.051388965794207
68751157,9221.42042621613,5799.792153056656,3,3073.8068087387096,1563.7548888450237,0.0,0.0,0.0,0.0,0.0,0.0,0.0,0.7878976205523236,0.0,0.2121023794476765,0.0,0.0,-7657.6655373711055,-4.896973043535611
68778126,20672.818263467783,5673.445315802786,4,5168.204565866946,0.0,0.0,0.0,0.0,0.0,0.0,0.0,0.0,0.24285304481327358,0.0,0.0,0.7571469551867264,0.0,-20672.818263467783,0.0
68815668,18831.86533243056,5317.660537606069,7,2690.266476061509,0.0,0.2792726073331202,0.0,0.1398961935169404,0.3259337532275085,0.05802574043747447,0.0,0.0,0.13055127446212694,0.0,0.0,0.06632043102282949,0.0,-18831.86533243056,0.0
68824295,35413.36153125836,6304.581161701868,9,3934.8179479175956,1185.962490401923,0.0,0.07121512105765881,0.0,0.021346619709083706,0.0,0.0,0.13733990588346215,0.7096565747754623,0.0,0.0,0.06044177857433286,0.0,-34227.39904085644,-28.860439784446104
68852091,75557.71047464019,7521.587306825909,18,4197.650581924455,3406.560795014737,0.0,0.10342331958754904,0.08098799612794678,0.035233830627727857,0.0,0.0,0.0,0.6385083783988351,0.0,0.0,0.06506000508231538,0.07678647017562594,-72151.14967962545,-21.180056373928096
68876155,14339.620177254414,4531.5802786233,6,2389.936696209069,0.0,0.08161917938285927,0.0,0.0,0.3160181526851958,0.0,0.0,0.0,0.43802967915727636,0.0,0.0,0.16433298877466862,0.0,-14339.620177254414,0.0
68893518,1288.9291899635912,1288.9291899635912,1,1288.9291899635912,3333.5249637925085,0.0,0.0,0.0,0.0,0.0,0.0,0.0,1.0,0.0,0.0,0.0,0.0,2044.5957738289176,0.613343471561349
68908009,8672.671739687976,4292.991701716912,4,2168.167934921994,1289.2383195287912,0.0,0.0,0.0,0.0,0.0,0.0,0.0,0.0,0.0,0.07833313953967481,0.9216668604603251,0.0,-7383.433420159185,-5.72697328982417
68945479,4637.731952014594,2404.6511552673096,3,1545.9106506715311,2815.3394219878974,0.0,0.0,0.0,0.0,0.0,0.0,0.0,0.4577244110148364,0.0,0.023778362291682977,0.5184972266934806,0.0,-1822.3925300266965,-0.6473082839652471
68956991,20631.225692840668,5726.708843559313,4,5157.806423210167,0.0,0.4985715522365047,0.0,0.0,0.0,0.0,0.0,0.0,0.5014284477634953,0.0,0.0,0.0,0.0,-20631.225692840668,0.0
69022752,35207.525185969855,5936.247499744693,10,3520.7525185969857,1569.1508074948133,0.0,0.0,0.0,0.0,0.09069964395848334,0.1272801887010639,0.0,0.3957353792725571,0.0,0.0,0.3862847880678957,0.0,-33638.37437847504,-21.437311326487166
69056422,89125.71630782945,6904.34286243421,18,4951.428683768302,540.8831877415843,0.09163788510910136,0.0,0.0,0.0,0.0,0.0,0.042817307415697316,0.7846729612607781,0.0,0.0,0.08087184621442327,0.0,-88584.83312008786,-163.7781227587549
69077338,9037.230279881542,4532.292775977166,2,4518.615139940771,0.0,0.0,0.0,0.0,0.0,0.0,0.0,0.0,0.0,0.0,0.0,1.0,0.0,-9037.230279881542,0.0
69078693,5621.69839054208,3446.555411628969,3,1873.8994635140266,0.0,0.0,0.0,0.0,0.0,0.0,0.0,0.0,0.9260041992989844,0.0,0.0,0.07399580070101563,0.0,-5621.69839054208,0.0
69152583,60415.69788736136,6069.634196613171,18,3356.4276604089646,0.0,0.0,0.0,0.031339770799577796,0.07489914328808181,0.0,0.0,0.0,0.7352095074153155,0.0,0.0,0.15855157849702484,0.0,-60415.69788736136,0.0
69211996,59242.69084052874,5771.576325761145,14,4231.620774323481,234.0630740518715,0.0,0.0,0.0,0.0,0.3876114222421148,0.0,0.0,0.2619546263920736,0.0,0.0,0.3098643676101085,0.040569583755703124,-59008.627766476864,-252.10566854898167
69221674,70818.01492322043,6897.9571805462265,17,4165.765583718849,1598.9666711764885,0.0,0.0,0.0,0.08179011898402502,0.0,0.0,0.04094518322970526,0.6560218556518805,0.0,0.0,0.22124284213438916,0.0,-69219.04825204395,-43.28986307207637
69243787,43075.367571828836,5847.306795308129,15,2871.6911714552557,225.0667066035663,0.045972030425613236,0.04568968303350049,0.0,0.5422492667630578,0.0,0.0,0.0,0.13716087685760708,0.0,0.0,0.22892814292022134,0.0,-42850.30086522527,-190.38933617446145
69244301,23685.7086238976,6767.533137619561,5,4737.14172477952,0.0,0.0,0.0,0.0,0.3335373513824588,0.0,0.0,0.0,0.47590786265748886,0.0,0.0,0.19055478596005226,0.0,-23685.7086238976,0.0
69252549,34370.43964491064,4368.642929389116,14,2455.031403207903,351.40319104776205,0.0,0.0,0.0,0.2004806396309741,0.0,0.0,0.0,0.3986731887027766,0.0,0.0,0.3296395724083644,0.0712065992578849,-34019.03645386287,-96.80912786372241
69274838,24689.79251434189,4848.816872124221,7,3527.113216334556,0.0,0.0,0.196389535039941,0.0,0.11951711926758261,0.0,0.0,0.0,0.0,0.0,0.0,0.6840933456924763,0.0,-24689.79251434189,0.0
69304057,573.8577716686567,573.8577716686567,1,573.8577716686567,2177.5584277104085,0.0,0.0,0.0,0.0,0.0,0.0,0.0,1.0,0.0,0.0,0.0,0.0,1603.7006560417515,0.7364673368273112
69376603,7951.6352775559035,3957.2919409003352,3,2650.545092518634,0.0,0.0,0.0,0.0,0.0,0.0,0.0,0.0,0.25333061483255204,0.0,0.0,0.7466693851674479,0.0,-7951.6352775559035,0.0
69429667,46114.56677235015,5942.114877360244,21,2195.9317510642923,671.0206608947072,0.14979746920483883,0.0,0.0,0.0,0.023100653577893218,0.0,0.09828210757761097,0.2899659481586631,0.0,0.0,0.4388538214809939,0.0,-45443.54611145544,-67.72302070529865
69430464,2433.5351682446617,2433.5351682446617,1,2433.5351682446617,1798.3113789051424,0.0,0.0,0.0,0.0,0.0,0.0,0.0,1.0,0.0,0.0,0.0,0.0,-635.2237893395194,-0.3532334815821828
69472643,4493.252582362624,3008.7683198337045,2,2246.626291181312,5574.608199700845,0.0,0.0,0.0,0.0,1.0,0.0,0.0,0.0,0.0,0.0,0.0,0.0,1081.3556173382208,0.19397876561015545
69521790,9791.808958407004,5703.771769421938,2,4895.904479203502,0.0,0.0,0.0,0.5825043966492853,0.0,0.0,0.0,0.0,0.4174956033507146,0.0,0.0,0.0,0.0,-9791.808958407004,0.0
69536820,12736.816035007143,6046.476886707391,3,4245.605345002381,0.0,0.0,0.0,0.0,0.0,0.0,0.0,0.4747243636155729,0.0,0.0,0.0,0.5252756363844271,0.0,-12736.816035007143,0.0
69613161,3822.1565829948463,1470.10663317784,4,955.5391457487116,4403.124054964889,0.0,0.0,0.0,0.0,0.0,0.0,0.0,1.0,0.0,0.0,0.0,0.0,580.9674719700433,0.13194437965356756
69625895,19547.819334414853,7673.034066462396,4,4886.954833603713,0.0,0.0,0.0,0.0,0.7455451745466999,0.0,0.0,0.0,0.09534136471004162,0.0,0.0,0.1591134607432586,0.0,-19547.819334414853,0.0
69655414,23069.45786051721,4531.536816370082,10,2306.9457860517214,6784.254134093318,0.0,0.0,0.0,0.0,0.0,0.0,0.0,0.17253905072531295,0.0,0.0,0.7615713307141772,0.06588961856051002,-16285.203726423895,-2.4004412872131202
69677171,14646.304646752122,5700.820468975896,3,4882.101548917373,0.0,0.0,0.0,0.0,0.0,0.0,0.0,0.0,0.2522207302319653,0.0,0.38923268404362166,0.358546585724413,0.0,-14646.304646752122,0.0
69700615,45177.79179531654,5672.900133902742,9,5019.75464392406,0.0,0.0,0.0,0.0,0.0,0.0,0.0,0.8624095916412409,0.05562579166469544,0.0,0.08196461669406364,0.0,0.0,-45177.79179531654,0.0
69720068,35040.92309051324,5991.5464338508355,15,2336.06153936755,936.8074050956782,0.0,0.0,0.11249231679335685,0.0,0.0,0.0,0.0,0.5391073297521004,0.0,0.0,0.1821240935972343,0.16627625985730857,-34104.11568541757,-36.40461796086512
69732638,23332.025365248777,5463.232117423336,7,3333.1464807498255,5453.927309900924,0.0,0.0,0.0,0.0,0.0,0.0,0.14019010640139784,0.23610703025109123,0.0,0.16135486793125042,0.46234799541626054,0.0,-17878.098055347855,-3.278022797057159
69741848,6350.643058238973,2556.643425875919,3,2116.881019412991,0.0,0.0,0.0,0.0,0.0,0.0,0.0,0.0,0.6182493489456485,0.0,0.0,0.3817506510543515,0.0,-6350.643058238973,0.0
69755328,13298.070783009445,3593.810879072458,8,1662.2588478761807,4475.4855018927365,0.0,0.0,0.0,0.0,0.0,0.0,0.0,0.4743672299924245,0.0,0.0,0.5256327700075756,0.0,-8822.585281116708,-1.9713135652848237
69757032,64693.055248833334,6278.490534026579,17,3805.4738381666666,0.0,0.0,0.0,0.015272794644381173,0.1021250701976281,0.038755589502186764,0.0,0.0,0.6790744718279137,0.0,0.0,0.16477207382789036,0.0,-64693.055248833334,0.0
69781467,1460.4028430964195,1460.4028430964195,1,1460.4028430964195,1621.9709544748594,0.0,0.0,0.0,0.0,0.0,0.0,0.0,0.0,0.0,0.0,1.0,0.0,161.56811137843974,0.0996122100292173
69823564,38172.93877081412,5367.31650845355,9,4241.437641201569,0.0,0.0,0.0,0.0,0.33814167068427925,0.0,0.0,0.11053750932867412,0.2298822544377211,0.0,0.14060527382181115,0.1808332917275143,0.0,-38172.93877081412,0.0
69827968,2499.5288745443786,1805.8562847746448,2,1249.7644372721893,0.0,0.0,0.0,0.0,0.0,0.0,0.0,0.0,0.0,0.0,0.0,0.2775213348540246,0.7224786651459755,-2499.5288745443786,0.0
69841904,8004.9961003435865,5531.858422926272,3,2668.332033447862,0.0,0.0,0.0,0.0,0.0,0.0,0.0,0.0,0.9004951065482806,0.0,0.0,0.09950489345171944,0.0,-8004.9961003435865,0.0
69845639,22340.495126440466,7085.563332213249,7,3191.4993037772097,219.790000464147,0.0,0.0,0.0,0.0,0.0,0.0,0.31143392092703853,0.1860155977929422,0.0,0.0,0.5025504812800192,0.0,-22120.705125976318,-100.64472942018458
69846428,23083.740602867576,4724.001028570795,6,3847.290100477929,0.0,0.0,0.0,0.0,0.12258276755366453,0.0,0.0,0.0,0.20110053926863924,0.0,0.0,0.6763166931776962,0.0,-23083.740602867576,0.0
69872702,5365.686932158646,2599.5197727466075,3,1788.5623107195488,0.0,0.23316742395972267,0.0,0.0,0.0,0.0,0.0,0.0,0.4844710110026501,0.0,0.0,0.28236156503762716,0.0,-5365.686932158646,0.0
69885243,11611.849767632879,4902.328361910633,5,2322.369953526576,1647.6488846270486,0.0,0.3860932498018305,0.0,0.42218324039770905,0.0,0.0,0.0,0.05580572473616931,0.0,0.0,0.1359177850642911,0.0,-9964.20088300583,-6.047526858406647
69893006,11231.09616965028,6069.686361972239,4,2807.77404241257,0.0,0.0,0.0,0.0,0.0,0.0,0.0,0.0,0.5678495224615538,0.0,0.0,0.03052790463697827,0.40162257290146797,-11231.09616965028,0.0
69939832,9164.059786132708,6074.757380831929,2,4582.029893066354,0.0,0.0,0.3371106777342931,0.0,0.0,0.0,0.0,0.0,0.662889322265707,0.0,0.0,0.0,0.0,-9164.059786132708,0.0
69980165,2997.102318856577,2997.102318856577,1,2997.102318856577,8047.177189964658,0.0,0.0,0.0,0.0,0.0,0.0,0.0,1.0,0.0,0.0,0.0,0.0,5050.074871108082,0.6275585527563438
70030581,8137.11817443019,6018.968492082195,2,4068.559087215095,0.0,0.0,0.0,0.0,0.0,0.0,0.0,0.0,0.26030710589948164,0.0,0.0,0.7396928941005184,0.0,-8137.11817443019,0.0
70064507,50058.14180170556,6773.023141776234,13,3850.6262924388893,0.0,0.1353031274833591,0.0,0.0,0.0,0.0,0.0,0.0,0.24844225380018667,0.0,0.0,0.6162546187164542,0.0,-50058.14180170556,0.0
70096523,5811.037057518342,4229.836893719473,2,2905.518528759171,0.0,0.0,0.0,0.0,0.0,0.0,0.0,0.0,1.0,0.0,0.0,0.0,0.0,-5811.037057518342,0.0
70102861,87286.08962611915,6967.975695741649,20,4364.304481305958,513.3425671348424,0.2701018284178292,0.2844083528175969,0.0,0.0,0.03782707908858431,0.0,0.2617435112126603,0.13415825249708158,0.0,0.0,0.011760975966247669,0.0,-86772.74705898431,-169.0347783611548
70110855,4768.833846330331,3215.591842414246,2,2384.4169231651654,290.0075833202636,0.0,0.0,0.0,0.0,0.0,0.0,0.0,0.0,0.0,0.6742931177794501,0.32570688222054994,0.0,-4478.826263010068,-15.443824646695438
70151402,15290.47730702295,6243.75606038622,4,3822.6193267557373,0.0,0.0,0.0,0.0,0.0,0.0,0.0,0.0,0.40834278322485384,0.0,0.0,0.5916572167751462,0.0,-15290.47730702295,0.0
70161739,5330.2969152534715,5330.2969152534715,1,5330.2969152534715,1898.917946281822,0.0,0.0,0.0,0.0,0.0,0.0,0.0,1.0,0.0,0.0,0.0,0.0,-3431.37896897165,-1.8070180313427786
70209910,37140.56666339084,7144.78435765089,11,3376.4151512173494,2806.8558057293862,0.0,0.0,0.13091966885708473,0.0,0.0,0.0,0.0,0.7976879373638891,0.0,0.0,0.07139239377902619,0.0,-34333.710857661456,-12.232089296350418
70272094,10603.12808835829,4503.010866735006,3,3534.3760294527633,1366.7109433937444,0.0,0.0,0.0,0.0,0.0,0.0,0.0,1.0,0.0,0.0,0.0,0.0,-9236.417144964546,-6.758135061119187
70274808,4174.768881742783,3703.8086818227407,3,1391.5896272475943,7952.191883270426,0.0,0.0,0.0,0.0,0.0,0.0,0.0,0.0652256094760079,0.0,0.0,0.934774390523992,0.0,3777.4230015276426,0.47501658121133467
70292780,22036.913473392346,6267.220592464286,5,4407.382694678469,140.2396513100804,0.0,0.0,0.0,0.0,0.0,0.0,0.0,0.7032565887014148,0.0,0.21079869538923174,0.08594471590935342,0.0,-21896.673822082266,-156.13753754754478
70303163,7122.603204821912,3040.0751633615164,3,2374.2010682739706,0.0,0.0,0.0,0.0,0.0,0.0,0.0,0.37110172525822943,0.4268207951417852,0.0,0.0,0.20207747959998537,0.0,-7122.603204821912,0.0
70314390,30728.379310400487,10000.0,12,2560.6982758667073,3004.203437527984,0.0,0.0,0.04800850899563525,0.029637349761205863,0.0,0.0,0.0,0.8755584218447245,0.0,0.0,0.046795719398434285,0.0,-27724.175872872504,-9.22846153710729
70321012,60179.12495362358,7898.83392498618,14,4298.508925258827,0.0,0.0,0.2610472939423088,0.0,0.0,0.0,0.0,0.055826365030596875,0.45551832518729884,0.0,0.0,0.22760801583979556,0.0,-60179.12495362358,0.0
70448365,7256.014558349336,4510.4044887850205,4,1814.003639587334,3138.380469376531,0.0,0.0,0.0,0.0,0.0,0.0,0.0,1.0,0.0,0.0,0.0,0.0,-4117.634088972805,-1.3120251445455917
70567827,3644.105777397766,3644.105777397766,1,3644.105777397766,519.139047318148,0.0,0.0,0.0,0.0,0.0,0.0,0.0,1.0,0.0,0.0,0.0,0.0,-3124.9667300796177,-6.019517788582989
70571578,53664.64193419252,6690.603779108088,15,3577.6427956128346,4696.8792346453065,0.0,0.0,0.0,0.0,0.0,0.0,0.0,0.7457658394809691,0.0,0.0,0.2542341605190309,0.0,-48967.76269954722,-10.425595433314372
70612237,51125.152689967275,6807.073782178314,15,3408.343512664485,15346.84902944975,0.0,0.0,0.0,0.0,0.0,0.0,0.1331452997990581,0.596623445622168,0.0,0.07386184966805634,0.18303450003174343,0.013334904878974214,-35778.30366051752,-2.331312674794738
70614105,14493.414557492044,5018.336891134013,4,3623.353639373011,0.0,0.0,0.0,0.0,0.3382696156445338,0.0,0.0,0.0,0.6617303843554662,0.0,0.0,0.0,0.0,-14493.414557492044,0.0
70624180,1525.637786250177,1525.637786250177,1,1525.637786250177,257.3793174288739,0.0,0.0,0.0,0.0,0.0,0.0,0.0,0.0,0.0,0.0,1.0,0.0,-1268.2584688213033,-4.927585019226664
70753983,6992.482762145319,5571.792744279248,2,3496.2413810726594,845.0594418315832,0.0,0.0,0.0,0.0,0.0,0.0,0.0,1.0,0.0,0.0,0.0,0.0,-6147.4233203137355,-7.274545453263974
70761879,7718.740585207534,4450.753525496964,4,1929.6851463018836,505.56328641009907,0.0,0.0,0.0,0.11338742492038516,0.0,0.0,0.0,0.2147033961853363,0.0,0.0,0.6719091788942785,0.0,-7213.1772987974355,-14.267605051024818
70864672,23117.384512682824,10000.0,5,4623.476902536565,7874.156298863475,0.0,0.0,0.0,0.0,0.10272940169634233,0.0,0.0,0.6776042731823542,0.0,0.0,0.2196663251213035,0.0,-15243.22821381935,-1.9358554282214968
70886868,9384.665452268891,6268.373749856122,2,4692.332726134446,0.0,0.0,0.0,0.0,0.0,0.0,0.0,0.0,0.6679379016479106,0.0,0.0,0.3320620983520894,0.0,-9384.665452268891,0.0
70907001,4405.934651292279,4405.934651292279,1,4405.934651292279,1540.487423526831,0.0,0.0,0.0,0.0,0.0,0.0,0.0,0.0,0.0,0.0,1.0,0.0,-2865.447227765448,-1.8600912828001026
70937243,10961.69557427732,5525.999093882284,3,3653.898524759107,0.0,0.0,0.0,0.0,0.0,0.0,0.0,0.0,0.49588099245799383,0.0,0.0,0.5041190075420061,0.0,-10961.69557427732,0.0
70944192,12996.590670739057,4669.07800878445,5,2599.318134147811,1688.3248838760983,0.0,0.0,0.0,0.3710447641363264,0.0,0.0,0.0,0.013574869455837128,0.0,0.0,0.6153803664078364,0.0,-11308.265786862958,-6.697920462382311
70945242,7905.439481197426,4009.202774402477,2,3952.719740598713,0.0,0.0,0.0,0.0,0.0,0.0,0.0,0.0,0.5071448315983071,0.0,0.0,0.49285516840169286,0.0,-7905.439481197426,0.0
70969909,12917.427409971882,6449.471915338801,4,3229.3568524929706,0.0,0.0,0.0,0.0,0.1106366451280271,0.0,0.0,0.0,0.5022240804720238,0.0,0.0,0.3871392743999491,0.0,-12917.427409971882,0.0
71059655,32907.61716381226,4947.111968615203,13,2531.355166447097,1117.9001885221235,0.08032071995701134,0.25928659065450727,0.0,0.0,0.0,0.0,0.0,0.4110639891244728,0.0,0.0,0.24932870026400858,0.0,-31789.716975290135,-28.436990441263365
71060881,5413.16282298797,2614.6658781260526,4,1353.2907057469924,0.0,0.0,0.0,0.0,0.0,0.0,0.0,0.0,0.2700134833741613,0.0,0.0,0.7299865166258387,0.0,-5413.16282298797,0.0
71068441,6710.803391157987,3592.8078659552966,3,2236.934463719329,445.86001956919705,0.0,0.0,0.0,0.0,0.0,0.0,0.0,0.4646232862835612,0.0,0.0,0.5353767137164388,0.0,-6264.943371588791,-14.051368359159364
71101895,5399.16242350272,4245.60693093483,2,2699.58121175136,0.0,0.2136545267737136,0.0,0.0,0.0,0.0,0.0,0.0,0.0,0.0,0.0,0.7863454732262865,0.0,-5399.16242350272,0.0
71124880,14176.468517526648,6449.1499534107,3,4725.489505842215,0.0,0.0,0.0,0.0,0.0,0.0,0.0,0.0,0.13477083360439077,0.0,0.41030980862766514,0.0,0.454919357767944,-14176.468517526648,0.0
71167757,11484.489731398062,6449.292255644598,3,3828.163243799354,0.0,0.0,0.0,0.0,0.3612784481093259,0.0,0.0,0.0,0.6387215518906741,0.0,0.0,0.0,0.0,-11484.489731398062,0.0
71168489,24938.105204865216,4850.544589107529,8,3117.263150608152,5085.038544154974,0.0,0.0,0.0,0.0,0.0,0.0,0.0,0.45412022899549453,0.1817526113042768,0.0,0.3641271597002287,0.0,-19853.06666071024,-3.904211637398591
71186403,22964.41357135933,4700.874633266199,8,2870.5516964199164,4925.908581061584,0.0,0.0,0.0,0.20470257682212353,0.06985336058976585,0.0,0.0,0.2961956157636309,0.0,0.0,0.42924844682447977,0.0,-18038.504990297744,-3.6619650351712902
71202728,663.4533424669133,663.4533424669133,1,663.4533424669133,1560.3246455737549,0.0,0.0,1.0,0.0,0.0,0.0,0.0,0.0,0.0,0.0,0.0,0.0,896.8713031068417,0.5747978830245603
71218945,7375.090911568182,4369.840190726345,3,2458.363637189394,568.2026278993297,0.0,0.0,0.0,0.0,0.7869115443437804,0.0,0.0,0.0,0.0,0.0,0.0,0.21308845565621964,-6806.888283668853,-11.979684622076142
71220880,11868.757196279983,3502.78907543109,7,1695.5367423257119,0.0,0.0,0.0,0.0,0.0,0.0,0.0,0.2042926188079037,0.5528076025557713,0.0,0.17577100950696264,0.06712876912936223,0.0,-11868.757196279983,0.0
71221765,5413.156896713717,3888.895867067109,3,1804.3856322379056,0.0,0.0,0.0,0.0,0.0,0.0,0.0,0.0,0.0,0.0,0.0,1.0,0.0,-5413.156896713717,0.0
71232740,12108.749328504,4989.733990180902,4,3027.187332126,4494.456448260069,0.0,0.21896213355296087,0.0,0.0,0.41207674342015377,0.0,0.0,0.1715272860332254,0.0,0.0,0.19743383699365996,0.0,-7614.292880243932,-1.6941521111394104
71235620,30245.375174808414,5527.4896473633125,10,3024.537517480842,1683.8089132429964,0.0,0.0,0.09037122629630848,0.0,0.0,0.0,0.0,0.4034896395625414,0.0,0.0,0.5061391341411501,0.0,-28561.566261565422,-16.96247480158314
71248724,20622.88318578934,5930.241389255154,6,3437.1471976315565,0.0,0.0,0.0,0.0,0.0,0.0,0.0,0.19974727257238792,0.7514791276283547,0.0,0.0,0.04877359979925749,0.0,-20622.88318578934,0.0
71255551,4855.462769792385,2435.6417837053627,2,2427.7313848961926,0.0,0.0,0.0,0.0,0.0,0.0,0.0,0.0,0.0,0.0,0.0,0.4983708249482658,0.5016291750517342,-4855.462769792385,0.0
71263796,8107.635535867644,4635.329712883905,2,4053.817767933822,0.0,0.0,0.0,0.0,0.0,0.0,0.0,0.0,0.5717239868982162,0.0,0.0,0.4282760131017838,0.0,-8107.635535867644,0.0
71289768,17078.14643516702,3723.2817471288213,7,2439.7352050238596,4.5415928137843995,0.0,0.10967661091513316,0.08693857648838452,0.0,0.0,0.0,0.0,0.11446703569934381,0.0,0.0,0.47090338281383765,0.21801439408330078,-17073.604842353234,-3759.386968935731
71324406,27273.161937875244,5739.846877107838,10,2727.3161937875243,0.0,0.0,0.0,0.0,0.0,0.0,0.0,0.0,0.41667828104424065,0.0,0.0,0.4550028887246059,0.12831883023115345,-27273.161937875244,0.0
71327671,42008.16232317874,6133.4901327049165,17,2471.0683719516906,0.0,0.0,0.0,0.0,0.0,0.15425922607065617,0.0,0.0,0.518455588238773,0.0,0.0,0.32728518569057086,0.0,-42008.16232317874,0.0
71418678,11911.665637022246,5733.956980507339,4,2977.9164092555616,0.0,0.09817850593390798,0.0,0.0,0.0,0.0,0.0,0.0,0.42044826254372464,0.0,0.0,0.0,0.4813732315223675,-11911.665637022246,0.0
71428811,23582.36936607693,5699.541512405455,8,2947.7961707596164,0.0,0.19269283301112122,0.0,0.07199007915570493,0.0,0.05376167884738858,0.0,0.0,0.0,0.0,0.24168655082657658,0.4398688581592087,0.0,-23582.36936607693,0.0
71447520,20153.1007357686,4291.300575276372,12,1679.42506131405,4519.074797496195,0.01310127725165621,0.0,0.0,0.033669580562394504,0.0,0.0,0.0,0.19771698380004515,0.0,0.0,0.6908248054401219,0.06468735294578228,-15634.025938272405,-3.4595634369527315
71468254,8876.20239225561,4997.902553216181,3,2958.73413075187,0.0,0.0,0.0,0.0,0.0,0.5630676647906087,0.0,0.0,0.0,0.0,0.0,0.4369323352093913,0.0,-8876.20239225561,0.0
71470430,31661.75021239856,5740.290014506159,12,2638.4791843665466,0.0,0.05900010061455265,0.0,0.13079814770605344,0.06556706171966668,0.18130046431413935,0.0,0.0,0.1922318908223793,0.0,0.0,0.3711023348232085,0.0,-31661.75021239856,0.0
71539410,16083.343042254191,7036.021029710452,4,4020.835760563548,0.0,0.0,0.5662659183979303,0.0,0.0,0.0,0.0,0.0,0.43373408160206983,0.0,0.0,0.0,0.0,-16083.343042254191,0.0
71602192,7473.298077139209,5262.331242070034,3,2491.099359046403,0.0,0.7041511241425636,0.0,0.0,0.0,0.0,0.0,0.0,0.2958488758574363,0.0,0.0,0.0,0.0,-7473.298077139209,0.0
71775223,4543.114589026612,3158.493513408501,2,2271.557294513306,0.0,0.0,0.0,0.0,0.0,0.0,0.0,0.0,0.30477353112829453,0.0,0.0,0.6952264688717055,0.0,-4543.114589026612,0.0
71777450,19292.687123091797,6446.604683817497,6,3215.4478538486323,0.0,0.0,0.0,0.0,0.07074828668158319,0.0841677214607754,0.0,0.0,0.0,0.0,0.050118291316715746,0.7949657005409256,0.0,-19292.687123091797,0.0
71830632,46189.33288538072,6087.714055116465,14,3299.2380632414797,0.0,0.0,0.0,0.14339895714076653,0.0,0.23400966404722448,0.0,0.0,0.23176670744076694,0.0,0.09769435882381876,0.29313031254742333,0.0,-46189.33288538072,0.0
71838310,4291.164375376605,1897.312736478863,5,858.232875075321,1541.1076470335381,0.0,0.0,0.0,0.0,0.4421440360956458,0.0,0.0,0.018977155175506303,0.0,0.1719787645314672,0.36690004419738054,0.0,-2750.0567283430664,-1.7844676415931242
71847301,30875.530497261956,5033.839818717775,11,2806.866408841996,2526.718520080036,0.0,0.0,0.08737832298004859,0.24786452401603068,0.10371324884455389,0.0,0.0,0.19064738759906302,0.0,0.1529333943017694,0.2174631222585344,0.0,-28348.811977181922,-11.219616174849564
71852659,25924.475482765018,10000.0,6,4320.74591379417,0.0,0.0,0.0,0.0,0.13352417368581107,0.0,0.0,0.0,0.23093097304447469,0.0,0.0,0.6355448532697143,0.0,-25924.475482765018,0.0
71876333,7596.993395404182,3437.4258407493553,6,1266.165565900697,0.0,0.0,0.0,0.0,0.0,0.0,0.0,0.43737946321124416,0.5012085471267892,0.0,0.06141198966196668,0.0,0.0,-7596.993395404182,0.0
71908881,6232.511668658257,2474.237127836551,5,1246.502333731651,0.0,0.0,0.0,0.0,0.0,0.0,0.0,0.3969887678315744,0.36551976488088195,0.0,0.0,0.0,0.23749146728754375,-6232.511668658257,0.0
71965588,5015.6590399308825,2566.4205112225955,2,2507.8295199654412,0.0,0.0,0.0,0.0,0.4883183863195851,0.0,0.0,0.0,0.0,0.0,0.0,0.511681613680415,0.0,-5015.6590399308825,0.0
71974734,3060.4887479396443,3060.4887479396443,1,3060.4887479396443,6764.309123859429,0.0,0.0,0.0,0.0,0.0,0.0,0.0,1.0,0.0,0.0,0.0,0.0,3703.820375919784,0.5475533876557287
72003463,7002.611940079838,4496.589141774202,3,2334.203980026613,2103.719837727818,0.0,0.0,0.0,0.23839611016799478,0.0,0.0,0.0,0.0,0.0,0.0,0.7616038898320052,0.0,-4898.892102352021,-2.328680851174179
72005287,25512.553998182255,4332.161968757628,8,3189.069249772782,0.0,0.13593546454620567,0.0,0.21752009938162126,0.0,0.0,0.0,0.0,0.0,0.0,0.0,0.646544436072173,0.0,-25512.553998182255,0.0
72011545,23420.728441778814,4980.087330672532,6,3903.454740296469,7775.614807837819,0.0,0.5231048696515619,0.16889332317961253,0.0,0.0,0.0,0.0,0.0,0.0,0.0,0.3080018071688255,0.0,-15645.113633940995,-2.012074160125669
72084116,16320.057232687564,4709.141634551318,6,2720.0095387812607,505.1997164805696,0.0,0.23213986944783485,0.0,0.0,0.0,0.0,0.0,0.3828152360828722,0.0,0.0,0.18957682049005917,0.19546807397923388,-15814.857516206994,-31.30416942111496
72146112,16432.406510373923,5139.36019918275,6,2738.734418395654,0.0,0.0,0.0,0.26580016248313015,0.0,0.0,0.0,0.0,0.4214422267592351,0.0,0.31275761075763475,0.0,0.0,-16432.406510373923,0.0
72153339,28599.690808245283,10000.0,8,3574.9613510306604,0.0,0.0,0.0,0.0,0.0,0.0,0.0,0.0,0.6601667221350247,0.0,0.0,0.13451830370215154,0.2053149741628237,-28599.690808245283,0.0
72166113,18398.489247519294,5229.8137569184355,8,2299.8111559399117,33.029539199194495,0.13275390432960088,0.0,0.0,0.2735258728871362,0.0,0.0,0.0,0.15922004265011924,0.0,0.0,0.4345001801331436,0.0,-18365.4597083201,-556.0313632461449
72168800,90953.59832760142,6904.42522939528,17,5350.211666329495,0.0,0.0,0.0,0.0,0.0,0.0,0.0,0.0,0.6561163232978685,0.0,0.0,0.32473232675232666,0.019151349949804802,-90953.59832760142,0.0
72279832,4545.789546433543,3303.2767010597117,2,2272.8947732167717,2592.3177342541535,0.0,0.0,0.0,0.0,0.2733326813047605,0.0,0.0,0.7266673186952396,0.0,0.0,0.0,0.0,-1953.4718121793894,-0.7535618749070631
72302238,98745.83986767767,6244.687839308451,33,2992.2981778084145,1290.4006031867038,0.15201964526133274,0.0,0.0,0.060127659925553585,0.0,0.0,0.0,0.6127896273554941,0.0,0.03215941897324319,0.1429036484843762,0.0,-97455.43926449098,-75.52339872115704
72306789,14174.012627794911,5953.067153358766,3,4724.670875931637,0.0,0.0,0.0,0.0,0.0,0.3570161986194962,0.0,0.0,0.4199987194652937,0.0,0.0,0.22298508191521005,0.0,-14174.012627794911,0.0
72311960,57422.74925558785,6142.699710666557,23,2496.6412719820805,1613.5290856941183,0.030918884096485647,0.0,0.0,0.0,0.0,0.0,0.0,0.46268700593651185,0.0,0.0,0.5063941099670025,0.0,-55809.22016989373,-34.58829510091252
72347021,26590.520466875198,8154.928545779264,6,4431.753411145866,0.0,0.0,0.0,0.06883974389729117,0.0,0.10634968954357758,0.0,0.0,0.41895797433774984,0.0,0.0,0.4058525922213813,0.0,-26590.520466875198,0.0
72358654,29838.46769411994,3844.341803938324,16,1864.9042308824962,0.0,0.0,0.0,0.0,0.38392826498085436,0.0,0.0,0.0,0.38071828793286583,0.0,0.0,0.23535344708627973,0.0,-29838.46769411994,0.0
72367466,48277.52741577063,5499.7989783120975,21,2298.929876941458,1162.1064812986347,0.0447299061391796,0.0,0.08798006485231957,0.02384332877507188,0.0,0.0,0.05817741989750687,0.20864895854836188,0.0,0.10133848475864306,0.4752818370289172,0.0,-47115.42093447199,-40.543118632142296
72381097,8429.91343002483,6322.715846257188,2,4214.956715012415,0.0,0.0,0.0,0.0,0.0,0.0,0.0,0.0,1.0,0.0,0.0,0.0,0.0,-8429.91343002483,0.0
72428973,11494.820519583209,5977.355517106671,3,3831.60683986107,1926.1266494748058,0.0,0.0,0.5200042494724749,0.0,0.0,0.0,0.0,0.0,0.0,0.0,0.47999575052752513,0.0,-9568.693870108404,-4.967842521008411
72433055,15927.626332043537,4335.808359976559,5,3185.525266408708,0.0,0.0,0.0,0.2722193671290296,0.0,0.0,0.0,0.0,0.0,0.0,0.0,0.7277806328709704,0.0,-15927.626332043537,0.0
72532746,47572.332458689896,5916.401908024046,13,3659.4101891299924,564.1322590913466,0.0,0.18249391034942666,0.0,0.0,0.24848123159090776,0.0,0.0,0.19756952372678988,0.0,0.0,0.27783325924493646,0.09362207508793914,-47008.200199598556,-83.32833203921919
72534935,15868.45820948907,6404.56824530531,3,5289.48606982969,0.0,0.0,0.32846521226205677,0.0,0.2679311004259971,0.0,0.0,0.0,0.403603687311946,0.0,0.0,0.0,0.0,-15868.45820948907,0.0
72554365,71744.47536239527,7701.730673052266,20,3587.223768119764,7348.484557978173,0.0,0.21411993946773855,0.0,0.023267166401881104,0.0,0.0,0.0,0.6333512014070478,0.0,0.059678239476104684,0.06958345324722788,0.0,-64395.99080441711,-8.763166105384688
72619665,15963.267875336252,6277.570948749128,5,3192.6535750672506,3732.740667161168,0.0,0.0,0.0,0.7859571772463138,0.0,0.0,0.0,0.12729348122634426,0.0,0.04397327067585954,0.04277607085148247,0.0,-12230.527208175086,-3.2765542261677325
72698129,17752.211098568718,5252.051587410444,6,2958.701849761453,4306.9992028468805,0.0,0.0,0.0,0.12839521205826904,0.1485582802509155,0.0,0.0,0.44181142921745126,0.0,0.0,0.28123507847336415,0.0,-13445.211895721837,-3.121712185791605
72703987,19929.004700377733,5073.58466640468,9,2214.3338555975256,0.0,0.0,0.2545829429358565,0.0,0.07601279363029463,0.0,0.0,0.0,0.06783177264589012,0.0,0.0,0.6015724907879588,0.0,-19929.004700377733,0.0
72707692,9952.884118681432,4892.595825296856,3,3317.628039560477,0.0,0.0,0.0,0.0,0.3538631277627053,0.0,0.0,0.0,0.49157568469158774,0.0,0.0,0.1545611875457068,0.0,-9952.884118681432,0.0
72734332,3649.9051461987556,2095.1672942116734,2,1824.9525730993778,0.0,0.0,0.0,0.0,0.0,0.0,0.0,0.0,0.574033354371884,0.0,0.0,0.4259666456281161,0.0,-3649.9051461987556,0.0
72811852,21413.41688852567,5829.505176093292,7,3059.059555503667,0.0,0.0,0.0,0.0,0.0,0.0,0.0,0.0,0.7205907592781488,0.0,0.0,0.2794092407218513,0.0,-21413.41688852567,0.0
72856338,150914.76092276632,10000.0,29,5203.957273198839,1623.985209920142,0.0,0.005643682336148413,0.0,0.03277930830556902,0.0,0.0,0.0,0.5801776774249577,0.0,0.23782905086157172,0.14357028107175315,0.0,-149290.7757128462,-91.92865476908341
72943291,8398.663443976806,2349.3076755978573,6,1399.777240662801,1543.278166907023,0.0,0.089222246745295,0.0,0.0,0.0,0.0,0.0,0.334153559858422,0.0,0.1117777029197178,0.4648464904765651,0.0,-6855.385277069783,-4.442093087346058
73030280,19286.74646168515,6120.721829871027,6,3214.4577436141917,0.0,0.0,0.0,0.1351628616156061,0.0,0.0,0.0,0.6325437587970869,0.03384197699831326,0.0,0.0,0.19845140258899377,0.0,-19286.74646168515,0.0
73035287,32700.76043435497,6357.013112443335,9,3633.417826039441,3552.2956907674884,0.0482842714678776,0.0,0.0,0.0,0.0,0.0,0.07957956317914387,0.4244758593402752,0.0,0.0,0.44766030601270346,0.0,-29148.464743587483,-8.205528841347617
73070550,38103.67062830703,5404.459170338899,13,2931.051586792848,1778.2449410922738,0.03419956703764623,0.07589471341603458,0.0,0.16384881381679794,0.0,0.0,0.0,0.2731045918572167,0.0,0.0,0.45295231387230467,0.0,-36325.42568721475,-20.42768397524704
73117453,11112.476832191462,4833.170445834315,4,2778.1192080478654,3891.4972317180404,0.0,0.0,0.0,0.0,0.0,0.0,0.0,0.35238664259704233,0.0,0.0,0.6476133574029577,0.0,-7220.979600473421,-1.8555787581237624
73136417,9894.175844344574,5642.893571320456,3,3298.0586147815247,0.0,0.0,0.0,0.0,0.0,0.0,0.0,0.0,0.17222551105790668,0.0,0.0,0.8277744889420933,0.0,-9894.175844344574,0.0
73146503,64701.379621031694,6367.698255965563,17,3805.963507119511,0.0,0.06333384822518733,0.0,0.0,0.0,0.0,0.0,0.0,0.8215937800169093,0.0,0.0,0.11507237175790351,0.0,-64701.379621031694,0.0
73214415,6556.250130880484,3559.013630977427,2,3278.125065440242,0.0,0.0,0.0,0.0,0.0,0.0,0.0,0.5428428690074188,0.0,0.0,0.0,0.45715713099258115,0.0,-6556.250130880484,0.0
73255100,4617.753620365029,4617.753620365029,1,4617.753620365029,291.5211281332156,0.0,1.0,0.0,0.0,0.0,0.0,0.0,0.0,0.0,0.0,0.0,0.0,-4326.232492231814,-14.840202217709814
73301662,24764.908937273536,4512.469380858775,11,2251.3553579339577,1110.5394636043989,0.0,0.0,0.0,0.0,0.0879830545767403,0.0,0.0,0.05825416929126531,0.0,0.09416943355393897,0.5773811086349262,0.1822122339431291,-23654.369473669136,-21.299890952903045
73327369,15578.43466942727,5679.043738939943,4,3894.6086673568175,0.0,0.0,0.09148432750563879,0.0,0.0,0.0,0.0,0.0,0.9085156724943613,0.0,0.0,0.0,0.0,-15578.43466942727,0.0
73407418,90096.22688689176,5684.835003981829,40,2252.4056721722936,8430.086478800014,0.0,0.0,0.0,0.0,0.0,0.0,0.08171626412525353,0.3754793201283221,0.0,0.06906352461303768,0.3598116774227706,0.11392921371061601,-81666.14040809174,-9.687461761331368
73443848,4048.2188587746155,3430.9377576793718,2,2024.1094293873077,0.0,0.0,0.0,0.0,0.0,0.0,0.0,0.0,0.0,0.0,0.0,1.0,0.0,-4048.2188587746155,0.0
73496224,18562.63398845219,4789.49394033026,6,3093.772331408699,0.0,0.17550670256931789,0.0,0.17492082648812018,0.0,0.08517489226031037,0.0,0.0,0.30637956554307083,0.0,0.0,0.2580180131391807,0.0,-18562.63398845219,0.0
73583265,66376.37680070153,10000.0,15,4425.091786713436,59.0080204172588,0.0902494414361569,0.026393078498816894,0.0,0.09538952802897906,0.0,0.0,0.012050588657363593,0.7759173633786834,0.0,0.0,0.0,0.0,-66317.36878028429,-1123.8704215348941
73607913,21123.444914816504,6899.027252689822,5,4224.6889829633,2721.9197453917004,0.14237987635012114,0.18546682114235416,0.15075913915845693,0.0,0.19478894907122646,0.0,0.0,0.0,0.0,0.0,0.32660521427784134,0.0,-18401.5251694248,-6.760495125023134
73617542,8988.14146768583,5263.625865915608,3,2996.047155895277,0.0,0.0,0.0,0.0,0.0,0.0,0.0,0.2208918490060267,0.585618938558032,0.0,0.0,0.19348921243594125,0.0,-8988.14146768583,0.0
73690047,9295.468625018351,3457.3341390037476,5,1859.0937250036702,0.0,0.0,0.0,0.0,0.0,0.0,0.0,0.0,0.155024705534493,0.0,0.5489092028131254,0.29606609165238174,0.0,-9295.468625018351,0.0
73692253,63015.24744264078,9194.69430446479,13,4847.326726356983,1217.1608563967245,0.0,0.07035703862861298,0.0,0.0,0.0,0.0,0.0,0.6665679841449893,0.0,0.04467041279816467,0.1534092094314249,0.06499535499680804,-61798.086586244055,-50.77232500656547
73716159,4262.845638084551,2753.623198047321,2,2131.4228190422755,0.0,0.0,0.0,0.0,0.0,0.0,0.0,0.0,1.0,0.0,0.0,0.0,0.0,-4262.845638084551,0.0
73759234,5582.229375856149,3207.0957815648217,2,2791.1146879280745,0.0,0.0,0.0,0.0,0.0,0.0,0.0,0.0,0.5745188106092376,0.42548118939076235,0.0,0.0,0.0,-5582.229375856149,0.0
73852024,64547.33833865473,6444.884408773656,20,3227.3669169327363,4680.134357140428,0.0,0.0,0.05219627048094743,0.0,0.36002289507385554,0.0,0.0,0.29947833995000367,0.0,0.0,0.15221984212995898,0.13608265236523445,-59867.20398151429,-12.791770366629663
73858942,6152.832134039373,2521.602340080962,4,1538.2080335098433,0.0,0.0,0.0,0.0,0.0,0.0,0.0,0.0,0.14496835565356342,0.0,0.0,0.8550316443464365,0.0,-6152.832134039373,0.0
73864349,11778.598009652826,4646.773229896635,3,3926.1993365509416,0.0,0.26217107556386604,0.0,0.0,0.0,0.34331904931445145,0.0,0.0,0.39450987512168256,0.0,0.0,0.0,0.0,-11778.598009652826,0.0
73906180,8123.784887612206,2448.6907010867844,5,1624.7569775224413,0.0,0.0,0.0,0.0,0.0,0.0,0.0,0.0,0.21890536139889447,0.0,0.0,0.7810946386011055,0.0,-8123.784887612206,0.0
73985896,71529.2283318158,6772.519927737425,15,4768.615222121053,3627.3200600129694,0.03615058188991142,0.0,0.0,0.0,0.0,0.0,0.07994262774052174,0.7254067234116789,0.0,0.0,0.15850006695788804,0.0,-67901.90827180284,-18.719580061418693
74006353,6396.026467021398,2876.0527452869255,4,1599.0066167553496,833.7121592441898,0.0,0.0,0.0,0.0,0.0,0.0,0.0,0.6891423614805983,0.0,0.0,0.3108576385194018,0.0,-5562.314307777209,-6.671744253819905
74092000,12314.54068422466,6298.4719278120665,5,2462.908136844932,0.0,0.0,0.0,0.0,0.0,0.0,0.0,0.0,0.4291251690080939,0.0,0.0,0.5708748309919062,0.0,-12314.54068422466,0.0
74130340,22031.503690643207,5822.629709823351,10,2203.1503690643203,3045.5311325407656,0.14580782947110776,0.0,0.0,0.04858868086292227,0.0,0.0,0.0,0.025208373023392922,0.0,0.0,0.780395116642577,0.0,-18985.97255810244,-6.234043170743488
74144769,38025.99694427023,6185.769711885983,8,4753.2496180337785,0.0,0.0,0.0,0.0,0.4622597896932201,0.0,0.0,0.0,0.04108262095999302,0.0,0.4046202301065743,0.09203735924021272,0.0,-38025.99694427023,0.0
74146765,8803.060488078383,3262.6280876429096,4,2200.7651220195958,2259.578042081934,0.0,0.0,0.0,0.0,0.0,0.0,0.0,0.667998844829986,0.0,0.0,0.33200115517001394,0.0,-6543.482445996449,-2.8958868975233107
74169333,10218.678507563385,4511.481653162573,4,2554.6696268908463,2451.713917480063,0.18331853554456137,0.0,0.0,0.4414936481095267,0.0,0.0,0.0,0.3751878163459119,0.0,0.0,0.0,0.0,-7766.964590083322,-3.1679734469453984
74169644,4911.821141096384,4571.274833068846,2,2455.910570548192,0.0,0.0,0.0,0.0,0.0,0.0,0.0,0.0,1.0,0.0,0.0,0.0,0.0,-4911.821141096384,0.0
74217934,36422.617199362634,6674.763052197389,8,4552.827149920329,0.0,0.0,0.0,0.0,0.0,0.0,0.0,0.13909886658460272,0.8609011334153973,0.0,0.0,0.0,0.0,-36422.617199362634,0.0
74281133,30732.99719879644,7188.2696335725495,9,3414.777466532938,0.0,0.0,0.0,0.0,0.0,0.0,0.0,0.0,0.6486869902700315,0.0,0.0,0.3513130097299686,0.0,-30732.99719879644,0.0
74360179,70871.62146442533,6451.0921206925395,21,3374.839117353587,5534.262479277803,0.0,0.0,0.06373908502743436,0.08861438204179498,0.05126407194723202,0.0,0.01348996552382303,0.6616530341885708,0.0,0.0,0.1212394612711449,0.0,-65337.35898514753,-11.805974008242877
74429669,14635.18280874524,4480.599495257682,4,3658.79570218631,32.0296281429489,0.0,0.0,0.0,0.0,0.0,0.0,0.0,0.6034349755713072,0.0,0.0,0.39656502442869285,0.0,-14603.15318060229,-455.92640399782704
74431472,8754.663487498965,3202.2581183574544,3,2918.221162499655,1854.6537566909742,0.0,0.0,0.0,0.0,0.0,0.0,0.0,0.3474099109924996,0.0,0.0,0.6525900890075004,0.0,-6900.009730807991,-3.7203762189654266
74436215,14182.99225841355,5297.319151064968,7,2026.1417512019357,0.0,0.0,0.0,0.0,0.05817553476132441,0.0,0.0,0.07161829893627598,0.7416765155011009,0.0,0.0,0.12852965080129874,0.0,-14182.99225841355,0.0
74488043,10586.361894755675,4883.720951378153,4,2646.590473688919,0.0,0.0,0.0,0.0,0.0,0.0,0.0,0.0,0.4613219347618821,0.0,0.0,0.5386780652381178,0.0,-10586.361894755675,0.0
74540194,51207.972413047355,5885.755091965535,12,4267.331034420614,2750.5271122076633,0.0,0.056833699133027785,0.0,0.0,0.07739520794482621,0.0,0.0,0.16829193451146535,0.0,0.0,0.6974791584106805,0.0,-48457.445300839696,-17.617512325463377
74598322,7327.772945825447,6046.79626491572,3,2442.5909819418152,0.0,0.0,0.0,0.0,0.0,0.825188813793762,0.0,0.0,0.08760312327816858,0.0,0.0,0.08720806292806958,0.0,-7327.772945825447,0.0
74682383,1427.3588488645119,1427.3588488645119,1,1427.3588488645119,789.2268358848266,1.0,0.0,0.0,0.0,0.0,0.0,0.0,0.0,0.0,0.0,0.0,0.0,-638.1320129796852,-0.8085533638301283
74700178,6183.0118219334745,3959.050803948312,3,2061.0039406444916,2660.6289210399955,0.0,0.0,0.0,0.0,0.0,0.0,0.0,1.0,0.0,0.0,0.0,0.0,-3522.3829008934795,-1.3238910819313499
74702819,21242.278431805276,6052.839852555882,6,3540.3797386342126,2735.2478829215056,0.14520229771671944,0.0,0.0,0.12701149138184673,0.199965351382859,0.0,0.0,0.4991588686199389,0.0,0.0,0.028661990898635893,0.0,-18507.03054888377,-6.766125536350474
74737360,7254.48359976757,3613.563300925609,3,2418.1611999225233,0.0,0.0,0.0,0.0,0.0,0.498114476548184,0.0,0.0,0.0,0.0,0.0,0.501885523451816,0.0,-7254.48359976757,0.0
74755651,96823.5098392406,5918.640090596322,31,3123.3390270722775,0.0,0.02731470427930133,0.0,0.0,0.03675961698345364,0.0,0.0,0.0,0.35082914119667247,0.0,0.0,0.3332402027489932,0.2518563347915795,-96823.5098392406,0.0
74793470,10703.364948941196,5586.551447651994,3,3567.788316313732,0.0,0.0,0.18514699541478025,0.0,0.0,0.0,0.0,0.0,0.5219434705162165,0.0,0.0,0.2929095340690034,0.0,-10703.364948941196,0.0
74795416,31482.763933119553,7505.9837596564785,13,2421.751071778427,155.7631465957226,0.0,0.0,0.0,0.0,0.0,0.0,0.0,0.7622580590604311,0.0,0.0,0.2377419409395689,0.0,-31327.00078652383,-201.1194654909732
74899031,7094.6372838336565,7094.6372838336565,1,7094.6372838336565,1164.09314080968,0.0,0.0,0.0,0.0,0.0,0.0,0.0,1.0,0.0,0.0,0.0,0.0,-5930.544143023976,-5.094561539035451
74962246,6466.271152639909,3878.3939829220344,3,2155.423717546636,0.0,0.0,0.0,0.0,0.0,0.0,0.0,0.21941890189218943,0.0,0.0,0.0,0.7805810981078105,0.0,-6466.271152639909,0.0
75005391,7307.552426376699,2712.1511579440175,4,1826.8881065941748,0.0,0.0,0.0,0.0,0.0,0.0,0.0,0.0,0.3906274900335052,0.0,0.0,0.6093725099664947,0.0,-7307.552426376699,0.0
75005840,14004.664283967846,10000.0,4,3501.1660709919615,6204.825458020009,0.0,0.0,0.0,0.0,0.0,0.0,0.0,0.752127203417922,0.0,0.0,0.0,0.24787279658207784,-7799.838825947838,-1.257060150800246
75025426,10447.874798724182,4962.909359748151,4,2611.9686996810456,0.0,0.0,0.0,0.0,0.0,0.0,0.0,0.0,0.7711909625206134,0.0,0.0,0.04752451371638947,0.1812845237629972,-10447.874798724182,0.0
75050051,10453.974479180624,7124.290920456476,2,5226.987239590312,0.0,0.0,0.0,0.0,0.6814911337926733,0.31850886620732666,0.0,0.0,0.0,0.0,0.0,0.0,0.0,-10453.974479180624,0.0
75055017,19069.729191854534,5785.863560435774,6,3178.2881986424222,1949.1820860509793,0.0,0.034635662166119525,0.0,0.0,0.0,0.0,0.0,0.4547637034114095,0.0,0.0,0.510600634422471,0.0,-17120.547105803555,-8.783451904429098
75075089,12883.745569053512,5889.354115808139,4,3220.936392263378,0.0,0.0,0.0,0.0,0.0,0.0,0.0,0.0,0.9103945124270827,0.0,0.0,0.08960548757291738,0.0,-12883.745569053512,0.0
75148099,21558.212422511744,4775.980664363125,6,3593.0354037519573,0.0,0.0,0.18912442630109813,0.0,0.0,0.0,0.0,0.19577875814744092,0.5820198104471395,0.0,0.0,0.033077005104321607,0.0,-21558.212422511744,0.0
75219824,4648.826844435115,2591.7079436885797,2,2324.4134222175576,0.0,0.0,0.0,0.0,0.0,0.0,0.0,0.0,0.4425028011548791,0.0,0.0,0.557497198845121,0.0,-4648.826844435115,0.0
75283600,40870.07708147261,7154.181557417033,11,3715.461552861147,76.19839296028499,0.14896655683340335,0.0,0.0,0.11555581601349994,0.0,0.0,0.0,0.29444413712164325,0.0,0.0,0.26598655916426905,0.17504693086718437,-40793.878688512326,-535.3640293933012
75338014,24330.923036640805,6363.965160642111,7,3475.846148091544,0.0,0.0,0.0,0.0,0.0,0.17605309843811776,0.0,0.0,0.6341958851784473,0.0,0.0,0.18975101638343503,0.0,-24330.923036640805,0.0
75339845,62792.073188701404,6080.837518561976,17,3693.651364041259,0.0,0.0,0.04440587801249305,0.0,0.0,0.0,0.0,0.0,0.8449138473834817,0.0,0.0,0.03323571090886427,0.07744456369516083,-62792.073188701404,0.0
75383869,64222.037821449165,5819.999736474991,19,3380.1072537604823,5557.852719312375,0.0,0.0,0.0,0.1517188418282837,0.021533591700623574,0.0,0.0,0.1329540453654382,0.0,0.0,0.0801737551153659,0.6136197659902887,-58664.18510213679,-10.555188858871887
75417602,27815.153407673828,5398.21533382076,6,4635.858901278972,2187.9030757827177,0.039358490144718525,0.0,0.0,0.0,0.0,0.0,0.0,0.1905025221724219,0.0,0.0,0.7701389876828596,0.0,-25627.25033189111,-11.713156133629465
75450091,21741.99394070257,4426.128089476695,6,3623.6656567837617,0.0,0.0,0.0,0.0,0.0,0.0,0.0,0.18044530956151342,0.4595961674543628,0.0,0.0,0.15638344603634374,0.2035750769477801,-21741.99394070257,0.0
75473544,15536.744582393127,5706.724558497269,3,5178.914860797709,0.0,0.0,0.0,0.0,0.0,0.0,0.0,0.0,0.26704525115487776,0.0,0.0,0.7329547488451222,0.0,-15536.744582393127,0.0
75579403,19784.283698338168,5830.706411285435,8,2473.035462292271,1295.0619319313569,0.09548681416896387,0.0,0.0,0.0,0.0,0.0,0.0,0.3538276674365478,0.0,0.0,0.5506855183944883,0.0,-18489.221766406812,-14.276708557739314
75596094,38328.487502294294,4343.044153521539,14,2737.7491073067354,0.0,0.11331112800267867,0.0,0.0,0.0,0.09545540916310717,0.0,0.0,0.34336165191077306,0.0,0.0,0.44787181092344114,0.0,-38328.487502294294,0.0
75696173,11368.31092133383,3826.753132533145,4,2842.0777303334576,0.0,0.0,0.3353218938354165,0.0,0.0,0.3366158050227005,0.0,0.11441395831244851,0.0,0.0,0.0,0.21364834282943448,0.0,-11368.31092133383,0.0
75759830,2759.35340110018,2613.0182814711225,2,1379.67670055009,0.0,0.0,0.0,0.0,0.0,0.0,0.0,0.0,1.0,0.0,0.0,0.0,0.0,-2759.35340110018,0.0
75776991,12586.16368689779,4886.369382077279,6,2097.6939478162985,182.99625029802849,0.0,0.11380416457685531,0.0,0.0,0.38823342073359457,0.0,0.0,0.14537620952564012,0.0,0.0,0.3525862051639101,0.0,-12403.16743659976,-67.77826002663939
75790769,13677.527825248982,5269.241796681159,4,3419.3819563122456,4512.64198939085,0.0,0.0,0.3656533999939899,0.0,0.0,0.0,0.0,0.0,0.0,0.0,0.6343466000060101,0.0,-9164.885835858133,-2.0309357262119696
75800829,7411.135357660073,6451.855851166961,2,3705.5676788300366,0.0,0.0,0.0,0.0,0.0,0.0,0.0,0.0,1.0,0.0,0.0,0.0,0.0,-7411.135357660073,0.0
75845782,19094.24125939932,4425.54607561555,9,2121.5823621554805,1292.962923891995,0.0,0.0,0.0,0.0,0.0767669961095876,0.0,0.0,0.8407467974231235,0.0,0.0,0.08248620646728898,0.0,-17801.278335507326,-13.767818091738508
75861886,36584.29370473655,4884.688592845134,16,2286.5183565460343,3234.129080520734,0.0,0.0,0.0,0.17913622263123782,0.0,0.0,0.0,0.6780185998118515,0.0,0.0,0.07419795392823328,0.06864722362867733,-33350.16462421582,-10.31194605839481
75934480,19782.33227146801,5928.01268608614,6,3297.0553785780016,0.0,0.0,0.0,0.0,0.0,0.0,0.0,0.0,0.2996619713357101,0.0,0.0,0.4583959442713459,0.24194208439294398,-19782.33227146801,0.0
75968182,16033.685022466492,5788.675034795049,5,3206.7370044932986,591.6702335085081,0.0,0.0,0.0,0.0,0.36103210376678374,0.0,0.0,0.6389678962332163,0.0,0.0,0.0,0.0,-15442.014788957986,-26.099022587953012
76022406,13374.645909125311,4774.9865674949115,4,3343.6614772813277,0.0,0.0,0.0,0.0,0.0,0.0,0.0,0.0,0.6743774931996515,0.0,0.0,0.32562250680034843,0.0,-13374.645909125311,0.0
76042702,4056.496098441101,3336.084138442867,2,2028.2480492205505,0.0,0.0,0.0,0.0,0.0,0.0,0.0,0.0,0.8224053610516017,0.0,0.0,0.17759463894839833,0.0,-4056.496098441101,0.0
76043280,12347.22485490973,7155.37616540006,3,4115.741618303243,0.0,0.0,0.0,0.0,0.0,0.0,0.0,0.0,1.0,0.0,0.0,0.0,0.0,-12347.22485490973,0.0
76057187,4433.3356668768,2516.442652001361,2,2216.6678334384,1499.0191286009183,0.0,0.5676183445351762,0.0,0.0,0.0,0.0,0.0,0.4323816554648239,0.0,0.0,0.0,0.0,-2934.3165382758825,-1.9574910568450001
76233567,35608.86583634222,5211.5935035980265,13,2739.143525872478,2223.735782428924,0.005703934493464986,0.0,0.0,0.0,0.0,0.0,0.0,0.6965472346406706,0.0,0.0,0.2977488308658645,0.0,-33385.13005391329,-15.013083081951246
76235442,3485.411321059634,2774.6512603976917,3,1161.8037736865444,146.5193266433381,0.0,0.0,0.0,0.1831065266786121,0.0,0.0,0.0,0.020817772404073096,0.0,0.0,0.7960757009173147,0.0,-3338.8919944162953,-22.788065376139283
76250110,49654.30971225337,6900.946362322276,12,4137.859142687781,0.0,0.0,0.0,0.0,0.0,0.03150234019883345,0.0,0.085717611979543,0.6405175476959206,0.0,0.0,0.24226250012570283,0.0,-49654.30971225337,0.0
76267666,2893.331302807476,1552.2809962444928,2,1446.665651403738,0.0,0.0,0.0,0.0,0.0,0.0,0.0,0.5365030249865522,0.4634969750134479,0.0,0.0,0.0,0.0,-2893.331302807476,0.0
76290438,6087.883867158999,3160.1115755776777,2,3043.9419335794996,0.0,0.0,0.0,0.0,0.0,0.0,0.0,0.0,0.4809178945372376,0.0,0.5190821054627625,0.0,0.0,-6087.883867158999,0.0
76295307,23370.40488760338,4646.021329022946,7,3338.629269657626,0.0,0.12357945474731018,0.0,0.0,0.0,0.0,0.0,0.0,0.8764205452526899,0.0,0.0,0.0,0.0,-23370.40488760338,0.0
76297500,15871.004412015025,4512.904169314755,7,2267.2863445735748,0.0,0.0,0.0,0.0,0.0,0.0,0.0,0.0,0.736429438705034,0.0,0.0,0.26357056129496603,0.0,-15871.004412015025,0.0
76300590,11711.108566503735,6452.856918657223,5,2342.221713300747,1532.2870541457264,0.0,0.0,0.0,0.0,0.0,0.0,0.0,0.429977567096887,0.0,0.0,0.570022432903113,0.0,-10178.82151235801,-6.6428946748707345
76303254,35103.17186863521,7422.580041827694,9,3900.352429848356,0.0,0.0,0.0,0.0,0.0,0.0,0.0,0.0,0.6376997191575059,0.0,0.0,0.18508726800908137,0.17721301283341273,-35103.17186863521,0.0
76317247,149533.8448172443,7521.8655872473055,44,3398.4964731191885,3530.1738980725563,0.0,0.0,0.0,0.0,0.0,0.0,0.0,0.4438902602781582,0.0,0.09265785193696811,0.4389652793370316,0.02448660844784205,-146003.67091917177,-41.35877583789526
76322743,12328.698619377268,5138.963019608171,5,2465.739723875454,567.9494286226227,0.0,0.0,0.0,0.0,0.0,0.0,0.0,0.8099525309427528,0.0,0.0,0.19004746905724726,0.0,-11760.749190754646,-20.70738801388802
76330772,27585.18328514389,5971.544653987868,10,2758.5183285143885,0.0,0.0,0.08263564456088211,0.0,0.0,0.40379518625245664,0.0,0.0,0.2089236053530025,0.0,0.0,0.3046455638336588,0.0,-27585.18328514389,0.0
76333073,15682.337841646788,5724.033395901737,3,5227.445947215596,0.0,0.0,0.2806311773148572,0.0,0.0,0.0,0.0,0.0,0.36499873001719885,0.0,0.0,0.35437009266794395,0.0,-15682.337841646788,0.0
76359450,6034.186796750013,3095.1143019860683,3,2011.3955989166707,735.090844139778,0.0,0.0,0.0,0.0,0.0,0.0,0.0,1.0,0.0,0.0,0.0,0.0,-5299.095952610234,-7.208763372384772
76361585,42301.57314580065,6148.201306977138,14,3021.5409389857605,5093.107692607311,0.0,0.0,0.0,0.0,0.0,0.0,0.0,0.17881581451067852,0.0,0.08391901375334361,0.5758743088071823,0.16139086292879573,-37208.465453193334,-7.3056506358979485
76371710,6830.990792618401,5214.754130257368,2,3415.4953963092007,0.0,0.0,0.0,0.0,0.0,0.0,0.0,0.0,1.0,0.0,0.0,0.0,0.0,-6830.990792618401,0.0
76373079,11718.38642825864,6535.780202970905,3,3906.1288094195465,6321.742306176788,0.0,0.0,0.0,0.0,0.0,0.0,0.0,0.0,0.0,0.0,0.44226278566731597,0.5577372143326841,-5396.644122081852,-0.8536640471423441
76386871,19384.78243642742,10000.0,6,3230.797072737904,580.678405843423,0.0,0.0,0.0,0.10338163293142336,0.07438490400360422,0.0,0.0,0.144694063152744,0.0,0.0,0.6775393999122284,0.0,-18804.104030584,-32.38299175818574
76400019,12027.90687810947,4252.185071371448,4,3006.9767195273675,0.0,0.0,0.0,0.0,0.0,0.0,0.0,0.0,0.8723367883259844,0.0,0.0,0.0,0.12766321167401562,-12027.90687810947,0.0
76429659,10053.34188662746,3946.667792693661,3,3351.1139622091537,0.0,0.0,0.0,0.0,0.0,0.0,0.0,0.0,0.6074272776952553,0.0,0.0,0.39257272230474477,0.0,-10053.34188662746,0.0
76441750,49301.77077550212,10000.0,14,3521.555055393009,0.0,0.0,0.0,0.0,0.0,0.0,0.0,0.0,1.0,0.0,0.0,0.0,0.0,-49301.77077550212,0.0
76476288,1706.0273482836853,1173.8921692473414,3,568.6757827612284,0.0,0.0,0.0,0.0,0.0,0.0,0.0,0.0,0.6880852000574974,0.0,0.0,0.13024703531663898,0.18166776462586368,-1706.0273482836853,0.0
76479375,5902.482884784672,2999.218549376174,2,2951.241442392336,0.0,0.0,0.0,0.0,0.0,0.0,0.0,0.0,0.0,0.0,0.0,1.0,0.0,-5902.482884784672,0.0
76511358,6191.63456001215,2581.953608868448,4,1547.9086400030376,606.7275307783462,0.0,0.0,0.0,0.0,0.0,0.0,0.0,0.37158194539090394,0.0,0.0,0.628418054609096,0.0,-5584.907029233804,-9.204967214969052
76511864,16971.634652020653,4458.162034565623,12,1414.302887668388,3629.0075472161407,0.0,0.0,0.0,0.0,0.03843397984855964,0.0,0.0,0.75521916077653,0.0,0.0,0.20634685937491043,0.0,-13342.627104804515,-3.6766600595911734
76540344,50885.63142645836,5930.403635016996,17,2993.272436850492,0.0,0.0,0.5821537662038494,0.0,0.0,0.0,0.0,0.0,0.21878168987534374,0.0,0.04103887407856024,0.1279018034622798,0.030123866379966856,-50885.63142645836,0.0
76543042,56105.85103201143,5683.120146551967,17,3300.3441783536136,0.0,0.0,0.0,0.058169072376078206,0.0,0.0,0.0,0.04710769065093865,0.3963345759572896,0.0,0.0,0.37250131978589374,0.12588734122979986,-56105.85103201143,0.0
76618960,63208.39787734675,9150.603906678856,16,3950.524867334172,3399.3030593732437,0.0,0.0,0.0,0.0834504864305614,0.0,0.0,0.24289114981137655,0.2025327744535637,0.0,0.0,0.4711255893044984,0.0,-59809.094817973506,-17.594516809278247
76626280,15607.236681421185,10000.0,2,7803.618340710593,0.0,0.0,0.0,0.0,0.0,0.0,0.0,0.0,1.0,0.0,0.0,0.0,0.0,-15607.236681421185,0.0
76648435,2843.261332183806,2109.0685155610236,2,1421.630666091903,0.0,0.0,0.0,0.7417779335609379,0.0,0.0,0.0,0.2582220664390621,0.0,0.0,0.0,0.0,0.0,-2843.261332183806,0.0
76680075,24357.00903620539,5853.932455834179,6,4059.5015060342316,0.0,0.0,0.0,0.0,0.0,0.0,0.0,0.0,0.8828942082843321,0.0,0.0,0.11710579171566798,0.0,-24357.00903620539,0.0
76722701,8894.991155700576,4796.766587258197,3,2964.9970519001927,0.0,0.0,0.0,0.0,0.0,0.0,0.0,0.0,0.7847846705522564,0.0,0.0,0.21521532944774358,0.0,-8894.991155700576,0.0
76722928,6296.878165525612,4521.726095985591,2,3148.439082762806,1482.7819996953715,0.0,0.0,0.0,0.0,0.0,0.0,0.0,0.7180901356391663,0.0,0.0,0.0,0.2819098643608337,-4814.096165830239,-3.246664827883847
76754694,3178.7285570080926,3178.7285570080926,1,3178.7285570080926,234.378073465331,0.0,0.0,0.0,0.0,0.0,0.0,0.0,1.0,0.0,0.0,0.0,0.0,-2944.3504835427616,-12.562397326720442
76766807,12959.402728139545,6736.978155510856,4,3239.850682034886,3387.290421405074,0.0,0.0,0.0,0.0,0.12174284426344145,0.0,0.0,0.0,0.0,0.5198525191969259,0.3584046365396327,0.0,-9572.112306734469,-2.825890642929839
76836897,23460.079085908586,4506.57271862934,12,1955.0065904923822,24600.063093181445,0.0,0.0,0.0,0.0,0.1689974853040352,0.0,0.06988596310294361,0.3766078606995192,0.0,0.0,0.3845086908935021,0.0,1139.984007272858,0.04634069445085426
76953224,80558.81218989803,6318.267509201863,29,2777.890075513725,14011.92669684911,0.0,0.0,0.0,0.0,0.0,0.0,0.03888230893316583,0.5281298423085526,0.0,0.0,0.4329878487582814,0.0,-66546.88549304892,-4.749302999709058
76999912,24433.721105370827,6442.519691321519,11,2221.2473732155295,0.0,0.0,0.0,0.0,0.0,0.0,0.0,0.0,0.8893174171552847,0.0,0.0,0.10937862031172016,0.0013039625329951214,-24433.721105370827,0.0
77108848,20580.379684044074,4258.248416065882,12,1715.0316403370064,1126.3106790758682,0.11059380215635217,0.16724602499659655,0.07355530120941954,0.0,0.0,0.20690815628475956,0.0,0.2496087317364599,0.0,0.0,0.19208798361641224,0.0,-19454.06900496821,-17.27238262619526
77110139,13563.321113844197,3453.1634084822463,6,2260.553518974033,35065.07673634456,0.0,0.0,0.0,0.0,0.16414132850304655,0.0,0.0,0.4121671066658501,0.0,0.0,0.42369156483110343,0.0,21501.75562250037,0.61319573843151
77135386,11969.54505057244,4117.003521770065,6,1994.9241750954068,45804.41158727889,0.34395655844690354,0.0,0.0,0.0,0.0,0.0,0.0,0.3206570191427811,0.0,0.0,0.33538642241031535,0.0,33834.86653670645,0.7386813925605213
77153293,3393.5513171857897,2602.721612891054,2,1696.7756585928948,0.0,0.0,0.0,0.0,0.0,0.0,0.0,0.0,0.0,0.0,0.0,1.0,0.0,-3393.5513171857897,0.0
77153685,9196.434881268642,5530.814923349783,2,4598.217440634321,304.7166721382882,0.0,0.0,0.0,0.0,0.0,0.0,0.0,0.3985914112636209,0.0,0.0,0.601408588736379,0.0,-8891.718209130353,-29.180281297818404
77157151,45400.701095988006,5585.9001666567065,11,4127.336463271637,0.0,0.0,0.0,0.09679909027637901,0.06052757434962394,0.0,0.0,0.0,0.5129455986358613,0.0,0.0,0.3297277367381357,0.0,-45400.701095988006,0.0
77169521,39345.627495745546,5682.475104729142,12,3278.802291312129,1686.6889530807432,0.0,0.0,0.0,0.0,0.28085815706290246,0.0,0.0,0.4748196089691541,0.0,0.0,0.2443222339679434,0.0,-37658.93854266481,-22.327138903637582
77186916,28175.79912636008,5664.06033117004,9,3130.644347373343,14702.038577334913,0.0,0.0,0.0,0.0,0.0,0.0,0.0,0.007727132134595585,0.0,0.0,0.7912471469703762,0.20102572089502815,-13473.760549025168,-0.9164552574223759
77222480,3931.216222472187,2931.3010728313234,2,1965.6081112360935,0.0,0.745647379066813,0.0,0.0,0.0,0.0,0.0,0.0,0.25435262093318695,0.0,0.0,0.0,0.0,-3931.216222472187,0.0
77224931,25001.068402093555,8103.803305928061,9,2777.896489121506,0.0,0.0,0.0,0.0,0.013950905199124,0.08639288548078032,0.0,0.0,0.4988337531962953,0.0,0.0,0.4008224561238004,0.0,-25001.068402093555,0.0
77236477,21050.266431286203,7824.084672136845,8,2631.2833039107754,0.0,0.08331498640545122,0.0,0.0,0.0,0.0,0.0,0.0,0.0,0.0,0.0,0.9166850135945488,0.0,-21050.266431286203,0.0
77303011,9055.333672602475,5849.851248655467,3,3018.4445575341583,5655.84083434507,0.0,0.0,0.0,0.18325351645274024,0.0,0.0,0.0,0.17073481129330537,0.0,0.0,0.6460116722539543,0.0,-3399.492838257406,-0.6010587882201351
77328723,8769.37273953026,3864.736101458891,3,2923.124246510087,836.9099546280297,0.0,0.0,0.0,0.0,0.0,0.0,0.0,0.5592916145487152,0.0,0.0,0.0,0.44070838545128477,-7932.462784902231,-9.47827510120592
77343684,67921.00530368587,6992.623373731377,13,5224.692715668144,3359.9731609898354,0.0,0.0,0.0,0.0,0.0,0.0,0.0,0.7038898182304524,0.0,0.0,0.2961101817695477,0.0,-64561.032142696036,-19.214746383175452
77348997,3246.609001626452,2228.456857472207,2,1623.304500813226,0.0,0.0,0.0,0.0,0.0,0.0,0.0,0.0,0.31360479307615485,0.6863952069238451,0.0,0.0,0.0,-3246.609001626452,0.0
77364083,4915.0877495938075,4297.693159670649,2,2457.5438747969038,0.0,0.0,0.0,0.0,0.0,0.8743878804657799,0.0,0.0,0.12561211953422016,0.0,0.0,0.0,0.0,-4915.0877495938075,0.0
77381715,11649.022713164974,3990.214859589163,4,2912.2556782912434,0.0,0.0,0.0,0.0,0.0,0.0,0.0,0.0,0.6639964372476695,0.0,0.0,0.3360035627523305,0.0,-11649.022713164974,0.0
77418555,31208.11761157592,7474.180094829234,6,5201.352935262653,0.0,0.0,0.0,0.18748239489070626,0.0,0.0,0.0,0.0,0.33585874038159,0.0,0.0,0.1129018556073175,0.3637570091203862,-31208.11761157592,0.0
77421566,34173.884494973805,4237.580333583741,13,2628.7603457672158,16889.67782786029,0.36026917449551044,0.0,0.0,0.0,0.08549773472706679,0.0,0.0,0.3228610563612862,0.0,0.0,0.23137203441613646,0.0,-17284.206667113514,-1.0233591690305917
77450012,39879.1964918994,6299.985624458798,15,2658.6130994599603,11599.332229897342,0.0,0.0,0.0,0.0,0.0,0.0,0.0,0.7157735216899862,0.0,0.02440143339142882,0.25982504491858494,0.0,-28279.86426200206,-2.4380596832212937
77459841,1548.8625603083628,1548.8625603083628,1,1548.8625603083628,2255.853752847115,0.0,0.0,0.0,0.0,0.0,0.0,0.0,0.0,0.0,0.0,1.0,0.0,706.9911925387522,0.3134029374228972
77487640,4835.3166326127375,4835.3166326127375,1,4835.3166326127375,1092.3144794627465,0.0,0.0,0.0,0.0,0.0,0.0,0.0,1.0,0.0,0.0,0.0,0.0,-3743.0021531499915,-3.426670820102085
77567471,16886.03826939017,5011.1564464758,4,4221.5095673475425,500.7400652730277,0.0,0.15403191179228629,0.0,0.2813660018235487,0.0,0.0,0.0,0.29676330033905435,0.0,0.0,0.26783878604511063,0.0,-16385.29820411714,-32.7221633347495
77659928,5888.157886107671,2696.588404539539,3,1962.7192953692238,0.0,0.0,0.0,0.09795624163507433,0.0,0.0,0.0,0.0,0.44407567111275087,0.0,0.0,0.45796808725217475,0.0,-5888.157886107671,0.0
77661682,16761.112514955374,4551.658511363328,6,2793.5187524925627,14722.992353686206,0.0,0.0,0.0,0.0,0.0,0.0,0.0,0.8271571033003287,0.0,0.0,0.04665205700060678,0.12619083969906458,-2038.1201612691698,-0.13843110913243695
77721087,25265.885775523595,5683.608682949107,7,3609.412253646228,0.0,0.4576406717103704,0.0,0.0,0.0,0.12579869835556526,0.0,0.06785817475792107,0.0,0.0,0.0,0.3487024551761433,0.0,-25265.885775523595,0.0
77726687,33989.364567569726,5655.543222332005,10,3398.9364567569723,0.0,0.0,0.0,0.0,0.0,0.09885521055444055,0.0,0.0,0.4100726921976909,0.0,0.26589361442897613,0.22517848281889244,0.0,-33989.364567569726,0.0
77749008,52193.839968189175,10000.0,11,4744.8945425626525,3555.9876455617973,0.0,0.0,0.0,0.0,0.0998327347777364,0.0,0.08005982314386421,0.8114482919981427,0.0,0.0,0.008659150080256703,0.0,-48637.852322627376,-13.677733774843658
77754944,3905.773111355262,2357.5728233441187,2,1952.886555677631,2258.875805495863,0.0,0.0,0.0,0.0,0.3963876661217359,0.0,0.0,0.0,0.0,0.0,0.6036123338782641,0.0,-1646.8973058593988,-0.7290782883470106
77777738,14491.662638994449,5688.070440531423,4,3622.915659748612,0.0,0.0,0.0,0.0,0.0,0.0,0.0,0.0,0.6541585285617232,0.0,0.0,0.34584147143827687,0.0,-14491.662638994449,0.0
77884018,42737.15797591532,6483.932769631412,9,4748.5731084350355,0.0,0.0,0.0,0.0,0.0,0.0,0.0,0.0,0.5711628318704971,0.0,0.23910853929777248,0.0,0.18972862883173053,-42737.15797591532,0.0
77918945,24184.18854130379,5665.113760847146,7,3454.8840773291126,0.0,0.0,0.0,0.23424866007688405,0.0,0.0,0.0,0.09412830600214972,0.15170079159988703,0.0,0.0,0.5199222423210792,0.0,-24184.18854130379,0.0
77977657,49123.917048139854,8025.588287422842,13,3778.7628498569115,0.0,0.0,0.0,0.0,0.16337435550096757,0.0,0.0,0.0,0.8008528596121107,0.0,0.0,0.03577278488692167,0.0,-49123.917048139854,0.0
77984635,15750.188622325248,4660.733966451172,5,3150.0377244650495,634.2000917535378,0.0,0.0,0.0,0.0,0.0,0.0,0.18672157671320272,0.6369280874563427,0.0,0.0,0.17635033583045462,0.0,-15115.988530571709,-23.834730910833848
78055314,3441.0659584785785,1943.9854790911447,2,1720.5329792392893,0.0,0.0,0.0,0.0,0.0,0.5649369999145998,0.0,0.0,0.43506300008540016,0.0,0.0,0.0,0.0,-3441.0659584785785,0.0
78063376,2017.0410226123213,1484.421269926421,2,1008.5205113061606,2883.8408432692863,0.0,0.0,0.0,0.0,0.0,0.0,0.0,1.0,0.0,0.0,0.0,0.0,866.7998206569649,0.3005713101955763
78076829,134336.12181362076,6956.515465791632,36,3731.558939267243,4831.116875267044,0.0,0.11450746722328799,0.0,0.0,0.04136914406898868,0.0,0.01939164799762874,0.3673663964882157,0.0,0.0,0.45736534422187886,0.0,-129505.00493835373,-26.806431780062294
78089816,1774.673565348885,1774.673565348885,1,1774.673565348885,2121.5960597896938,0.0,0.0,0.0,0.0,0.0,0.0,0.0,0.0,0.0,0.0,1.0,0.0,346.9224944408089,0.16351957896980543
78135612,6678.725647393172,3644.440013716914,3,2226.241882464391,523.8671819471928,0.0,0.0,0.5456789522623086,0.0,0.0,0.0,0.0,0.45432104773769144,0.0,0.0,0.0,0.0,-6154.858465445979,-11.748891088326289
78198065,4664.914157629901,4447.973961375962,2,2332.4570788149504,0.0,0.0,0.0,0.0,0.0,0.0,0.0,0.0,0.0,0.0,0.0,1.0,0.0,-4664.914157629901,0.0
78249077,44264.276334654714,5827.641660322103,13,3404.9443334349785,0.0,0.0,0.0,0.0,0.0,0.0,0.0,0.0,0.8430155839195157,0.0,0.0,0.15698441608048427,0.0,-44264.276334654714,0.0
78276162,14719.941771257798,6070.1968892441355,4,3679.9854428144495,0.0,0.0,0.0,0.0,0.0,0.0,0.0,0.0,0.6501514436224911,0.0,0.0,0.34984855637750883,0.0,-14719.941771257798,0.0
78384542,2807.0719191366206,1429.024707464843,2,1403.5359595683103,0.0,0.0,0.0,0.0,0.0,0.0,0.0,0.0,0.4909198094559786,0.0,0.0,0.5090801905440215,0.0,-2807.0719191366206,0.0
78398670,6826.697285055469,5435.809814879347,2,3413.3486425277347,0.0,0.0,0.0,0.0,0.0,0.0,0.0,0.0,0.0,0.0,0.0,1.0,0.0,-6826.697285055469,0.0
78409689,3950.348978335749,2323.033093680575,2,1975.1744891678745,0.0,0.0,0.0,0.0,0.0,0.0,0.0,0.0,0.4119423103071642,0.0,0.0,0.5880576896928358,0.0,-3950.348978335749,0.0
78461978,1410782.0367752614,10000.0,146,9662.890662844255,6583.043704442748,0.0,0.0,0.0,0.001453647847847788,0.0,0.0,0.0,0.9954188121505729,0.0,0.0,0.0,0.00312754000157943,-1404198.9930708185,-213.30543379548828
78582349,16255.64017236534,7106.442160055858,3,5418.546724121779,0.0,0.0,0.0,0.0,0.0,0.4371677820561531,0.0,0.0,0.0,0.0,0.0,0.5628322179438469,0.0,-16255.64017236534,0.0
78611699,65390.60230042536,5970.234027415941,36,1816.40561945626,8759.994289379058,0.04651524358030243,0.08402955844102239,0.03166116795171524,0.06747437703380248,0.05898029335779317,0.0,0.0,0.40077594965758784,0.0,0.01660542267968059,0.29395798729809586,0.0,-56630.6080110463,-6.464685494111263
78623508,9038.163572135705,5489.109748632757,2,4519.081786067853,5202.09895977719,0.0,0.0,0.0,0.0,0.6073257808207259,0.0,0.0,0.0,0.0,0.0,0.0,0.3926742191792741,-3836.0646123585143,-0.7374070816451396
78693170,98489.90739797622,5890.852285883162,28,3517.4966927848645,0.0,0.0,0.0,0.039178542633465444,0.22828804590069568,0.13473237829600734,0.0,0.0,0.1520099945317957,0.0,0.040177285672667006,0.4056137529653689,0.0,-98489.90739797622,0.0
78748398,14475.089282680641,5607.798598485574,3,4825.029760893547,0.0,0.0,0.0,0.0,0.0,0.0,0.0,0.0,0.6937335884471353,0.0,0.0,0.30626641155286466,0.0,-14475.089282680641,0.0
78754991,16491.49038545287,5567.8585949521885,6,2748.581730908812,10980.258804392643,0.0,0.0,0.0,0.0,0.0,0.0,0.23807925387293552,0.3987002689778292,0.0,0.0,0.36322047714923533,0.0,-5511.231581060228,-0.5019218289149492
78773519,9350.263759783773,4982.360700061877,3,3116.7545865945913,2665.511022724027,0.0,0.5328577704397394,0.32583224595291316,0.0,0.0,0.0,0.0,0.0,0.0,0.0,0.14130998360734745,0.0,-6684.752737059746,-2.507869102798998
78805904,3045.381577995184,3045.381577995184,1,3045.381577995184,3047.240940699099,0.0,0.0,0.0,0.0,0.0,0.0,0.0,1.0,0.0,0.0,0.0,0.0,1.8593627039149574,0.0006101790899043191
78840237,11114.236543442192,5676.427140963084,4,2778.559135860548,4241.27175601458,0.2339027450969668,0.0,0.0,0.0,0.0,0.0,0.0,0.0,0.0,0.0,0.5337706555807529,0.23232659932228036,-6872.9647874276125,-1.6204962055734835
78850540,6977.871956971684,3500.8046838404466,2,3488.935978485842,3400.74076102076,0.0,0.0,0.0,0.0,0.0,0.0,0.0,1.0,0.0,0.0,0.0,0.0,-3577.1311959509244,-1.0518682391060057
78864362,96598.48766292975,7915.812372251987,19,5084.130929627882,0.0,0.0,0.11698178558906061,0.0,0.0,0.04593270300221241,0.0,0.0033525108047647713,0.718438197469204,0.0,0.0,0.11529480313475812,0.0,-96598.48766292975,0.0
78932113,11404.089672015469,4595.564369729529,3,3801.363224005156,0.0,0.0,0.0,0.0,0.0,0.0,0.0,0.0,0.38067721480672656,0.0,0.0,0.6193227851932734,0.0,-11404.089672015469,0.0
78937449,49679.69504323545,5968.654959112114,13,3821.5150033258037,2684.9057290588194,0.0,0.7662605071325188,0.0,0.0,0.0,0.0,0.0,0.09614092598317246,0.0,0.0,0.0,0.1375985668843088,-46994.789314176625,-17.503329374119375
78966135,15351.36606263623,5418.541143568202,4,3837.8415156590577,0.0,0.0,0.0,0.0,0.0,0.0,0.0,0.0,0.0,0.26217229608469966,0.0,0.7378277039153004,0.0,-15351.36606263623,0.0
78972683,7603.336481648938,5052.921157526597,2,3801.668240824469,0.0,0.0,0.0,0.0,0.0,0.0,0.0,0.0,1.0,0.0,0.0,0.0,0.0,-7603.336481648938,0.0
78974916,13407.934141373351,6119.727290255158,5,2681.5868282746706,0.0,0.15299685428423554,0.1829494998651891,0.0,0.0,0.0,0.0,0.0,0.6576641153320171,0.006389530518558128,0.0,0.0,0.0,-13407.934141373351,0.0
78975970,90208.72734233752,4644.1886288339065,24,3758.6969725973963,0.0,0.0,0.0,0.0,0.044235969657351035,0.0,0.0,0.0,0.19645908220383848,0.0,0.0,0.7593049481388106,0.0,-90208.72734233752,0.0
78981564,16780.051910626375,4587.152881926547,5,3356.0103821252756,0.0,0.0,0.27336940948446176,0.0,0.0,0.0,0.0,0.0,0.38675302737425593,0.0,0.0,0.19167075500754419,0.14820680813373807,-16780.051910626375,0.0
79029555,16946.763780735382,7465.8141764728125,4,4236.6909451838455,429.59782091579814,0.0,0.0,0.0,0.4405451254923224,0.0,0.0,0.0,0.20859452364672626,0.0,0.0,0.35086035086095135,0.0,-16517.165959819584,-38.44797425789777
79035931,8510.865320235069,5068.374624811853,2,4255.432660117534,888.0959789204067,0.0,0.0,0.0,0.0,0.0,0.0,0.0,0.4044818671068026,0.0,0.0,0.5955181328931974,0.0,-7622.769341314663,-8.583271991143464
79042617,42006.64951734422,5535.388096493201,16,2625.415594834014,815.1705579644145,0.24782803116020585,0.0,0.0,0.02132584585093985,0.0691365239796496,0.0,0.0,0.22243151394794158,0.0,0.0,0.4392780850612632,0.0,-41191.478959379805,-50.531117147116085
79055366,10439.447222406414,5846.797280980937,2,5219.723611203207,0.0,0.0,0.0,0.0,0.5600677082242274,0.0,0.0,0.0,0.43993229177577264,0.0,0.0,0.0,0.0,-10439.447222406414,0.0
79067423,4007.042225849043,2416.2462760255526,2,2003.5211129245215,0.0,0.0,0.0,0.0,0.0,0.0,0.0,0.0,1.0,0.0,0.0,0.0,0.0,-4007.042225849043,0.0
79087378,30501.946013457622,7325.0576128136745,6,5083.657668909604,1790.7963576930629,0.1867349005728118,0.4642471880821537,0.0,0.0,0.0,0.0,0.0,0.0,0.0,0.0,0.34901791134503435,0.0,-28711.149655764562,-16.032615619539676
79106415,7246.022243031586,2928.3014033823583,4,1811.5055607578965,0.0,0.0,0.0,0.0,0.0,0.0,0.0,0.0,0.7122682931076945,0.0,0.0,0.2877317068923056,0.0,-7246.022243031586,0.0
79143218,3162.097815780224,3162.097815780224,1,3162.097815780224,1076.6379050444216,0.0,0.0,0.0,0.0,0.0,0.0,0.0,0.0,1.0,0.0,0.0,0.0,-2085.4599107358026,-1.9370114139254249
79194673,16713.488045549097,4079.725277779881,6,2785.5813409248494,0.0,0.0,0.0,0.0,0.0,0.0,0.0,0.0,0.324377344447517,0.0,0.0,0.675622655552483,0.0,-16713.488045549097,0.0
79246427,8950.279087041345,6122.125105306792,2,4475.139543520672,0.0,0.0,0.0,0.0,0.0,0.0,0.0,0.0,0.6840149950374962,0.0,0.3159850049625039,0.0,0.0,-8950.279087041345,0.0
79275207,8980.299419205076,2874.671396892939,4,2245.074854801269,47.3792183077437,0.0,0.0,0.0,0.0,0.0,0.0,0.0,0.23870651610005578,0.0,0.0,0.7612934838999442,0.0,-8932.920200897332,-188.54089450938298
79319248,33676.26026332843,6078.391556452761,14,2405.4471616663163,1094.2587589162604,0.08932478874433634,0.0,0.0,0.0,0.0,0.0,0.0,0.19072585454087557,0.0,0.10118135089746443,0.08535254166568867,0.533415464151635,-32582.00150441217,-29.775408457027986
79339437,26220.304369031735,6778.196094135574,8,3277.538046128967,31.0740530615699,0.0,0.0,0.0063712120975333575,0.11670943892915658,0.0,0.0,0.0,0.5821425396266285,0.0,0.0,0.29477680934668155,0.0,-26189.230315970162,-842.8005919948395
79378005,21121.915349552495,4502.14755441321,7,3017.416478507499,0.0,0.0,0.0,0.0,0.0,0.0,0.0,0.0,0.6368147859791959,0.0,0.0,0.15003467914241317,0.21315053487839095,-21121.915349552495,0.0
79399581,2918.886061913328,1475.635650645731,2,1459.443030956664,0.0,0.0,0.0,0.0,0.0,0.0,0.0,0.0,0.0,0.0,0.0,1.0,0.0,-2918.886061913328,0.0
79419874,7073.429836970416,2959.6859371861397,3,2357.809945656805,0.0,0.0,0.0,0.0,0.0,0.0,0.0,0.0,0.21486218281910638,0.0,0.0,0.7851378171808936,0.0,-7073.429836970416,0.0
79428709,81867.78701802266,6803.57991719156,33,2480.8420308491714,2067.9764824776194,0.0,0.02657231853057711,0.03528536969310603,0.0,0.0,0.0,0.055579492672937755,0.7738726375428597,0.0,0.0,0.08101062910064181,0.02767955245987744,-79799.81053554504,-38.58835495069933
79431207,1520.860930119716,1141.6136375733447,2,760.430465059858,0.0,0.0,0.0,0.0,0.0,0.0,0.0,0.0,0.7506364421390466,0.0,0.0,0.24936355786095346,0.0,-1520.860930119716,0.0
79546649,24527.260911313107,6054.727098576535,6,4087.876818552185,5573.7551145626985,0.0,0.3540624822775628,0.0,0.0,0.0,0.0,0.228127380963184,0.41781013675925316,0.0,0.0,0.0,0.0,-18953.50579675041,-3.400491303830353
79614050,12030.211252535453,5359.323490208697,4,3007.5528131338633,0.0,0.0,0.0,0.0,0.0,0.0,0.0,0.0,0.3562843391217838,0.0,0.0,0.6437156608782162,0.0,-12030.211252535453,0.0
79642924,21777.702051948316,5685.467664767836,7,3111.100293135474,0.0,0.0,0.0,0.0,0.0,0.0,0.0,0.0,0.13945105076874773,0.0,0.0,0.08019336000369057,0.7803555892275617,-21777.702051948316,0.0
79762931,5025.21718185021,3121.346474730384,2,2512.608590925105,0.0,0.0,0.0,0.0,0.0,0.0,0.0,0.0,0.6211366318661576,0.0,0.0,0.0,0.37886336813384225,-5025.21718185021,0.0
79775545,6319.527557265466,4766.526001586182,3,2106.5091857551556,578.9546698079619,0.0,0.0,0.0,0.0,0.0,0.0,0.0,1.0,0.0,0.0,0.0,0.0,-5740.572887457505,-9.91540993936821
79880593,98545.91958678892,5968.78763837968,25,3941.836783471557,4393.684952056339,0.047687929321062736,0.0,0.0,0.04003729057029711,0.0,0.0,0.033105724594409074,0.38303126075874944,0.03490035831319456,0.12084733375158248,0.3403901026907046,0.0,-94152.2346347326,-21.42899084984856
79895497,8816.281300594146,5350.221570934021,2,4408.140650297073,1000.1954959958961,0.0,0.0,0.0,0.0,0.6068569489239707,0.0,0.0,0.3931430510760293,0.0,0.0,0.0,0.0,-7816.08580459825,-7.814558089782
79940982,10726.302412011246,4501.266865248384,6,1787.7170686685408,99.0450558664182,0.0,0.0,0.21386216702479902,0.013613145028015805,0.0,0.0,0.0,0.07776422051633262,0.0,0.41964758146366404,0.27511288596718864,0.0,-10627.257356144828,-107.2972018964559
79943191,39903.48483013064,5249.784192899809,15,2660.2323220087096,0.0,0.0,0.0,0.0,0.0,0.14540638435230996,0.0,0.0,0.47180615300861034,0.0,0.0,0.38278746263907976,0.0,-39903.48483013064,0.0
80096266,10835.193226398016,3919.288542821638,7,1547.884746628288,3765.080690989213,0.1585568357650349,0.0,0.0,0.0,0.0,0.0,0.17873523694636506,0.13008398777944374,0.0,0.0,0.5326239395091563,0.0,-7070.112535408802,-1.87781169002018
80163969,135749.99730898376,6633.244039304945,32,4242.1874159057425,4836.15986297784,0.0,0.042956929244581034,0.05214351582009419,0.0,0.0,0.0,0.012825041552790111,0.6660952595620121,0.0,0.04197564868850629,0.16643296914195307,0.01757063599006325,-130913.83744600591,-27.069791147349793
80192002,2230.253904810028,2230.253904810028,1,2230.253904810028,502.3021611642486,0.0,0.0,0.0,0.0,0.0,0.0,0.0,1.0,0.0,0.0,0.0,0.0,-1727.9517436457795,-3.44006432232083
80200446,16883.598315184943,4783.225424246426,4,4220.899578796236,2025.7928523111284,0.0,0.0,0.0,0.1850492629446001,0.0,0.0,0.0,0.8149507370553998,0.0,0.0,0.0,0.0,-14857.805462873817,-7.334316263345125
80349875,35777.554682934875,4386.303692284398,15,2385.170312195659,581.1024495058846,0.0,0.0,0.0,0.0,0.2236656537674667,0.0,0.01606757576603997,0.2732951728166557,0.05302662541962886,0.03819770522845569,0.39574726700175317,0.0,-35196.452233428994,-60.5684114106846
80358812,25703.12951335448,6303.126442036236,6,4283.8549188924135,0.0,0.0,0.0,0.0,0.1562781943217531,0.0,0.0,0.0,0.2276395635581146,0.0,0.24522797656843082,0.37085426555170137,0.0,-25703.12951335448,0.0
80376832,12611.487498439412,6431.938458199627,5,2522.2974996878825,1733.718239042165,0.0,0.0,0.0,0.0,0.0,0.0,0.0,0.4829092295041717,0.0,0.0,0.5170907704958283,0.0,-10877.769259397248,-6.274242846638643
80413506,8110.46522581669,4203.83671444765,4,2027.6163064541724,0.0,0.0,0.0,0.0,0.0,0.0,0.0,0.0,0.9246653392697304,0.0,0.0,0.07533466073026965,0.0,-8110.46522581669,0.0
80425931,44162.30945574004,10000.0,15,2944.153963716003,864.3904703970185,0.0,0.0,0.06665439407942574,0.07192342892551348,0.06590996495425011,0.0,0.0,0.46906737475115495,0.0,0.06873497776857389,0.2577098595210818,0.0,-43297.91898534302,-50.09069450459825
80440823,29621.962059477522,4124.927242010275,10,2962.1962059477523,0.0,0.0,0.0,0.0,0.0,0.0,0.0,0.03791998852975609,0.4425571855007849,0.0,0.26323921970594377,0.2562836062635153,0.0,-29621.962059477522,0.0
80465209,19110.07991792722,5567.803246686055,5,3822.0159835854447,0.0,0.0,0.0,0.0,0.0,0.0,0.0,0.0,0.845676902959362,0.0,0.15432309704063804,0.0,0.0,-19110.07991792722,0.0
80496948,25818.34920702987,4504.970202413564,12,2151.529100585823,1558.0696955149817,0.02758687430771302,0.0,0.07278423499409295,0.3222549781271784,0.0,0.0,0.0,0.41050282782099684,0.0,0.0,0.16687108475001874,0.0,-24260.27951151489,-15.570728049810539
80537570,16184.250975296649,4496.006972670358,7,2312.035853613807,0.0,0.01712015671532048,0.0,0.0,0.10932379123855417,0.2461084051319491,0.0,0.0,0.45685595285435027,0.0,0.0,0.170591694059826,0.0,-16184.250975296649,0.0
80551669,11805.90359048688,10000.0,2,5902.95179524344,0.0,0.0,0.0,0.0,0.0,0.0,0.0,0.0,0.1529661475418167,0.0,0.0,0.8470338524581833,0.0,-11805.90359048688,0.0
80597049,34784.704287398294,10000.0,11,3162.245844308936,19882.995569624854,0.0,0.16000666672680894,0.0,0.0,0.0072862147349796015,0.0,0.0,0.4017890322455681,0.0,0.0,0.4309180862926435,0.0,-14901.708717773437,-0.7494700014186343
80598609,104626.46582259666,7474.865931937317,24,4359.436075941528,0.0,0.0,0.0,0.0,0.018901175616508396,0.051682662757604456,0.0,0.03282874669923013,0.777210481925684,0.0,0.0,0.119376933000973,0.0,-104626.46582259666,0.0
80606607,2108.2021894374925,1863.520296253882,2,1054.1010947187463,5461.639905602704,0.0,0.0,0.0,0.0,0.0,0.0,0.0,0.8839381277519228,0.0,0.0,0.0,0.11606187224807706,3353.437716165211,0.6139983181104929
80618389,8482.496060392135,3931.100800497014,6,1413.7493433986892,8780.948871987057,0.0,0.0,0.0,0.0,0.22836942629665338,0.0,0.0,0.0,0.0,0.0,0.7716305737033465,0.0,298.4528115949221,0.033988674338720375
80644170,65058.34887798702,6450.944246943172,12,5421.529073165584,0.0,0.0,0.0,0.0,0.0,0.0,0.0,0.0,0.5582995064211702,0.0,0.0,0.2595744721820718,0.18212602139675801,-65058.34887798702,0.0
80696195,52438.44596390182,4315.826191680177,16,3277.4028727438636,2453.210673974597,0.0,0.07554388857375209,0.0,0.04021552265707153,0.0,0.0,0.0,0.38124784649171506,0.0,0.0,0.4458098015800499,0.05718294069741149,-49985.235289927215,-20.375435269463864
80851714,19983.520852640268,6404.796261001571,7,2854.788693234324,0.0,0.0,0.3205038945954989,0.0,0.0,0.0,0.0,0.0,0.3014142369332131,0.0,0.0,0.24309728586869198,0.1349845826025959,-19983.520852640268,0.0
80870942,14801.524641651638,4528.9262232819265,4,3700.3811604129096,0.0,0.0,0.0,0.0,0.0,0.0,0.0,0.0,0.5934591390580288,0.0,0.0,0.40654086094197117,0.0,-14801.524641651638,0.0
80957765,30423.586536826584,10000.0,5,6084.717307365317,3297.847399625311,0.0,0.0,0.0,0.0,0.0,0.0,0.0,0.412765740254724,0.0,0.0,0.587234259745276,0.0,-27125.73913720127,-8.225286330799658
80992056,7878.0844594747,4427.12484151073,2,3939.04222973735,246.33478023912969,0.5619544781836376,0.0,0.0,0.0,0.0,0.0,0.0,0.4380455218163623,0.0,0.0,0.0,0.0,-7631.749679235571,-30.981210496654366
81065084,12755.266063847901,5742.600929453216,3,4251.755354615967,0.0,0.0,0.11291959856357155,0.0,0.0,0.4502141233830787,0.0,0.0,0.43686627805334965,0.0,0.0,0.0,0.0,-12755.266063847901,0.0
81071090,4684.639595299104,4684.639595299104,1,4684.639595299104,1935.4592799477512,0.0,0.0,0.0,0.0,0.0,0.0,0.0,0.0,0.0,0.0,1.0,0.0,-2749.180315351353,-1.4204278766461924
81072751,11421.678883011662,4587.884242628476,4,2855.4197207529155,0.0,0.0,0.0,0.0,0.0,0.0,0.0,0.0,0.7975938651273853,0.0,0.0,0.20240613487261477,0.0,-11421.678883011662,0.0
81102534,37898.197788897145,4245.130995639519,12,3158.1831490747622,1351.0747224931604,0.09143706255638508,0.0,0.0,0.0,0.0,0.0,0.0594553339913211,0.22618325215612717,0.0,0.0,0.6229243512961667,0.0,-36547.12306640398,-27.0504084326017
81109312,5126.937135148432,3214.864356952041,2,2563.468567574216,0.0,0.0,0.0,0.0,0.0,0.0,0.0,0.0,0.0,0.0,0.0,1.0,0.0,-5126.937135148432,0.0
81116598,9265.245356003254,4226.286425938527,5,1853.0490712006506,0.0,0.1677932993250072,0.0,0.0,0.022231964819670394,0.0,0.0,0.0,0.8099747358553225,0.0,0.0,0.0,0.0,-9265.245356003254,0.0
81145799,41846.491137116536,4862.072369835444,19,2202.4469019535018,2687.108192243449,0.0,0.06773867385144092,0.07249240117234063,0.10350666265049227,0.12059572446018516,0.0,0.0958718846446392,0.0806245172290081,0.09322245031687576,0.0,0.36594768567501806,0.0,-39159.38294487309,-14.573057779329375
81317904,16816.231714082183,4274.794870713258,5,3363.2463428164365,0.0,0.0,0.23493571875774175,0.0921776506090599,0.23304977469430085,0.254206468095553,0.0,0.0,0.18563038784334446,0.0,0.0,0.0,0.0,-16816.231714082183,0.0
81320049,16706.68887636691,5806.8016362706985,5,3341.337775273382,4039.7994084000234,0.0,0.0,0.0,0.0,0.0,0.0,0.0,0.8594310352854093,0.0,0.0,0.14056896471459066,0.0,-12666.889467966885,-3.135524363320715
81330761,33355.045175393025,5889.064019949369,8,4169.380646924128,0.0,0.0,0.0,0.0,0.0,0.0,0.0,0.05706722327559251,0.4246704299414214,0.0,0.0,0.5182623467829862,0.0,-33355.045175393025,0.0
81352445,6905.308264999528,3664.471668179808,4,1726.327066249882,0.0,0.0,0.0,0.0,0.0,0.0,0.0,0.0,0.7640831503450075,0.0,0.0,0.23591684965499246,0.0,-6905.308264999528,0.0
81387157,1077.2870931044213,1077.2870931044213,1,1077.2870931044213,577.4847444634659,0.0,0.0,0.0,0.0,0.0,0.0,0.0,0.0,0.0,0.0,0.0,1.0,-499.8023486409553,-0.8654814753683504
81399699,23167.110008345313,6902.498491010265,5,4633.422001669062,0.0,0.0,0.0,0.0,0.0,0.0,0.0,0.0,1.0,0.0,0.0,0.0,0.0,-23167.110008345313,0.0
81401859,54257.560516810896,6441.212279641599,17,3191.621206871229,975.8341540691084,0.09077605251191426,0.050820213679097795,0.0,0.0,0.0,0.0,0.09637750305186245,0.048549808235383754,0.0,0.0,0.7134764225217417,0.0,-53281.72636274179,-54.6012108108366
81412306,9348.808586302135,3548.7899404205555,3,3116.2695287673787,0.0,0.0,0.0,0.0,0.0,0.0,0.0,0.0,1.0,0.0,0.0,0.0,0.0,-9348.808586302135,0.0
81435295,32192.25130570721,5657.730574420492,8,4024.0314132134013,0.0,0.0,0.0,0.0,0.0,0.0,0.0,0.0,0.746336890163379,0.0,0.0,0.2536631098366209,0.0,-32192.25130570721,0.0
81542553,15927.104805299152,4504.459030460067,6,2654.517467549859,0.0,0.0,0.0,0.0963583855332138,0.24713484829297291,0.0,0.0,0.0,0.1476522367592845,0.0,0.0,0.5088545294145288,0.0,-15927.104805299152,0.0
81557934,18025.466398088967,4586.38953233137,5,3605.093279617793,0.0,0.0,0.0,0.19257493585684854,0.0,0.0,0.0,0.0,0.2544394375735882,0.0,0.0,0.3692281466521265,0.18375747991743674,-18025.466398088967,0.0
81599111,6562.260990575641,1539.9054482367972,5,1312.452198115128,0.0,0.0,0.18412461842492764,0.0,0.0,0.0,0.0,0.0,0.5897083571463334,0.0,0.0,0.22616702442873893,0.0,-6562.260990575641,0.0
81645319,8744.990841652303,3202.0054412668974,6,1457.4984736087172,0.0,0.0,0.0,0.0,0.0,0.0,0.0,0.0,0.31772493010448327,0.0,0.30398335476250976,0.37829171513300697,0.0,-8744.990841652303,0.0
81664622,19163.61900868585,5939.962418119995,6,3193.936501447642,18658.324056063557,0.0,0.0,0.0,0.30996036893802387,0.0,0.0,0.26222873819437037,0.19278340795487203,0.0,0.23489247751725378,0.00013500739547985406,0.0,-505.2949526222967,-0.027081475865893042
81712753,17320.59490422871,8711.230132408726,6,2886.7658173714512,1845.725121167748,0.0,0.7068190477598209,0.0,0.0,0.0,0.0,0.0,0.16465113364680317,0.0,0.0,0.12852981859337595,0.0,-15474.869783060962,-8.384168154611432
81725094,9156.346407185112,4301.963457886847,3,3052.115469061704,1622.0396980678781,0.0,0.0,0.46983406552978785,0.0,0.0,0.0,0.29576455278506936,0.0,0.0,0.0,0.2344013816851429,0.0,-7534.306709117233,-4.644958269573709
81739679,8600.685697691713,3954.9475450865975,4,2150.1714244229283,0.0,0.0,0.0,0.0,0.0,0.0,0.0,0.0,0.825197624682355,0.0,0.0,0.17480237531764498,0.0,-8600.685697691713,0.0
81767833,65067.77102978957,9165.20791754838,14,4647.697930699254,1683.5828400485755,0.0,0.06529551950312251,0.0498683565025917,0.0,0.0,0.0,0.0,0.725904735299543,0.0,0.0,0.1589313886947426,0.0,-63384.188189741,-37.648392869050745
81786758,5435.454313211741,3151.1326597623547,3,1811.8181044039136,0.0,0.0,0.0,0.0,0.0,0.0,0.0,0.2914831657543802,0.7085168342456197,0.0,0.0,0.0,0.0,-5435.454313211741,0.0
81791714,398.13360948449576,237.9015180537644,2,199.06680474224788,0.0,0.0,0.0,0.0,0.0,0.0,0.0,0.0,1.0,0.0,0.0,0.0,0.0,-398.13360948449576,0.0
81797378,40485.40863677761,8975.792316115338,8,5060.676079597201,0.0,0.0,0.0,0.0,0.0,0.0,0.0,0.0,0.8814250309606197,0.0,0.0,0.1185749690393802,0.0,-40485.40863677761,0.0
81805714,54439.33877343781,5765.655922768412,13,4187.641444110601,0.0,0.0,0.24064689899755032,0.0,0.0,0.0,0.0,0.0,0.25303604207109803,0.0,0.0,0.3277421061164938,0.17857495281485788,-54439.33877343781,0.0
81838770,14535.385811451166,8167.03795233057,2,7267.692905725583,0.0,0.0,0.0,0.0,0.0,0.0,0.0,0.0,1.0,0.0,0.0,0.0,0.0,-14535.385811451166,0.0
81853327,2568.194575165589,2568.194575165589,1,2568.194575165589,1555.8425808322102,0.0,0.0,0.0,0.0,0.0,0.0,0.0,0.0,0.0,0.0,1.0,0.0,-1012.351994333379,-0.6506776500434115
81866126,6769.727864429725,4997.786388816877,2,3384.8639322148624,0.0,0.0,0.0,0.0,0.0,0.0,0.0,0.0,0.0,0.261744860516947,0.0,0.738255139483053,0.0,-6769.727864429725,0.0
81871202,9613.432496329486,3539.1205330096896,4,2403.3581240823714,0.0,0.0,0.0,0.21989061044667924,0.0,0.0,0.0,0.0,0.7801093895533208,0.0,0.0,0.0,0.0,-9613.432496329486,0.0
81943134,3500.300949396257,3500.300949396257,1,3500.300949396257,2467.4927453190103,0.0,0.0,0.0,0.0,0.0,0.0,0.0,1.0,0.0,0.0,0.0,0.0,-1032.8082040772467,-0.418565852335959
81969483,7620.990624815956,5827.477966996002,3,2540.3302082719856,63176.72621382417,0.10633301238720508,0.7646614795746102,0.0,0.0,0.0,0.0,0.0,0.0,0.0,0.0,0.12900550803818478,0.0,55555.735589008225,0.8793702826730464
82079820,7563.3739373207845,2642.994544507086,3,2521.124645773595,6915.994886146924,0.0,0.0,0.0,0.0,0.0,0.0,0.0,0.34944649919600945,0.0,0.0,0.3477613288999287,0.3027921719040619,-647.3790511738615,-0.09360606273301235
82102292,63700.62513104459,8105.856383253486,14,4550.044652217471,0.0,0.0,0.0,0.0,0.0574422295907002,0.0,0.0,0.0,0.6703797421958677,0.0,0.0,0.18170894233774804,0.09046908587568406,-63700.62513104459,0.0
82127508,2982.788895913913,2125.483978547276,2,1491.3944479569566,0.0,0.0,0.0,0.0,0.0,0.0,0.0,0.0,1.0,0.0,0.0,0.0,0.0,-2982.788895913913,0.0
82137319,4908.235907313427,4220.770150255521,2,2454.1179536567133,0.0,0.0,0.0,0.0,0.0,0.0,0.0,0.0,0.14006371536330597,0.0,0.0,0.859936284636694,0.0,-4908.235907313427,0.0
82139447,40934.84976215289,5895.063189828349,10,4093.4849762152885,0.0,0.0,0.028677164233455187,0.1273914716969633,0.0,0.0,0.0,0.0,0.5090938379709302,0.09530074497499189,0.0,0.23953678112365934,0.0,-40934.84976215289,0.0
82167928,4326.90769748959,2783.815967065166,4,1081.7269243723974,0.0,0.0,0.0,0.0,0.0,0.0,0.0,0.0,0.8779153001193974,0.0,0.0,0.12208469988060244,0.0,-4326.90769748959,0.0
82175221,11997.701562349168,2847.693690839369,7,1713.957366049881,1949.6958086902196,0.18000084155193663,0.0,0.0,0.12385162221294721,0.0,0.0,0.0,0.21790371903444836,0.0,0.0,0.4637258247397757,0.014517992460891999,-10048.005753658948,-5.153627406322974
82201695,6069.404828028117,3283.5113780701877,3,2023.1349426760387,1163.0884863208232,0.0,0.357911321345031,0.0,0.0,0.0,0.0,0.0,0.642088678654969,0.0,0.0,0.0,0.0,-4906.316341707294,-4.218351741428854
82253731,7373.0584143216065,3926.52938109417,3,2457.686138107202,50.8238104629051,0.0,0.0,0.0,0.0,0.0,0.0,0.0,0.8477073000300782,0.0,0.0,0.15229269996992187,0.0,-7322.234603858702,-144.07094897386725
82255746,6797.333716732089,5739.49986104069,2,3398.6668583660444,1397.317462253633,0.0,0.0,0.0,0.0,0.0,0.0,0.0,1.0,0.0,0.0,0.0,0.0,-5400.016254478456,-3.864559343421614
82297340,16106.210883235899,6130.366487757991,6,2684.3684805393164,0.0,0.0,0.0,0.0,0.0,0.0,0.0,0.0,0.914809557299225,0.0,0.0,0.08519044270077504,0.0,-16106.210883235899,0.0
82298657,424.69108547316193,308.4974433106744,2,212.34554273658097,0.0,0.0,0.0,0.0,0.0,0.0,0.0,0.0,1.0,0.0,0.0,0.0,0.0,-424.69108547316193,0.0
82325720,19201.283146427613,5827.355978918172,7,2743.040449489659,757.1649513265972,0.0,0.0,0.0,0.0,0.0,0.0,0.0,0.5624070047442641,0.0,0.24626330889827094,0.04331221233001216,0.14801747402745286,-18444.118195101015,-24.35944527382817
82364318,7027.876331105413,3804.190918148432,2,3513.9381655527063,1669.4295132896114,0.0,0.0,0.0,0.0,0.0,0.0,0.0,1.0,0.0,0.0,0.0,0.0,-5358.446817815801,-3.2097472670511142
82392552,17691.541973472747,2756.3617879222234,9,1965.7268859414166,1442.6362900306149,0.0,0.13179083731900457,0.0,0.0,0.0,0.0,0.0,0.5144719204937956,0.0,0.0,0.3537372421871997,0.0,-16248.905683442132,-11.263341838639944
82396747,12223.929352704088,3495.421746701653,5,2444.7858705408175,2220.292923385718,0.0,0.0,0.0,0.0,0.0,0.0,0.0,0.12415536920649374,0.0,0.0,0.8758446307935063,0.0,-10003.636429318369,-4.505548040059442
82429195,58794.74532764125,5955.137092391926,17,3458.514431037721,0.0,0.0,0.0,0.0,0.0,0.0,0.0,0.0,0.6857037096731141,0.0,0.0,0.24765446689177945,0.06664182343510643,-58794.74532764125,0.0
82462835,15393.326888170153,6456.747485585325,5,3078.665377634031,0.0,0.0,0.0,0.0,0.0,0.0,0.0,0.0,0.9048966370407365,0.0,0.0,0.0951033629592634,0.0,-15393.326888170153,0.0
82498668,7056.553656807758,3347.854646886479,4,1764.1384142019394,19620.07405854561,0.0,0.0,0.0,0.0,0.0,0.0,0.0,0.5255680308394367,0.0,0.0,0.4744319691605634,0.0,12563.520401737855,0.6403401110642473
82546789,18240.163418393826,4892.4823426810335,6,3040.027236398971,0.0,0.0,0.0,0.14416878649016046,0.0,0.0,0.0,0.0,0.2383053121833568,0.0,0.0,0.6175259013264828,0.0,-18240.163418393826,0.0
82553638,32945.524836772835,5850.300516256331,13,2534.271141290218,3415.261430001053,0.1715991146479154,0.0,0.0,0.0,0.0,0.0,0.0,0.7096390819507714,0.0,0.0,0.04739327497471299,0.0713685284266001,-29530.26340677178,-8.646560157112972
82592181,12257.899702839939,4533.3245429415965,5,2451.5799405679877,2370.81545107985,0.11466238243446017,0.12237804384849246,0.0,0.0,0.0,0.0,0.0,0.24927886910187905,0.0,0.0,0.14385188786515807,0.3698288167500102,-9887.08425176009,-4.170330612303357
82604528,31159.892634213218,6091.678310116304,11,2832.7175122012018,862.8194590994702,0.0,0.0,0.0,0.0,0.0,0.0,0.0,0.7905155712745973,0.0,0.0,0.20948442872540285,0.0,-30297.07317511375,-35.11403556745809
82621960,18363.129696190746,4306.139147846193,6,3060.521616031791,561.6942498069395,0.0,0.06296587921528923,0.0,0.12612909554608506,0.0,0.0,0.0,0.3835255773044517,0.0,0.0,0.19288025204059717,0.2344991958935769,-17801.435446383806,-31.692393953654246
82683185,12942.334398635277,4782.527878290197,3,4314.11146621176,0.0,0.0,0.0,0.0,0.0,0.0,0.0,0.0,0.31499815055832014,0.0,0.3695259086177295,0.31547594082395025,0.0,-12942.334398635277,0.0
82708947,12311.677554918258,6433.631279966341,3,4103.8925183060865,0.0,0.40629067128528734,0.0,0.0,0.0,0.0,0.0,0.0,0.0,0.0,0.0,0.5937093287147127,0.0,-12311.677554918258,0.0
82833511,11004.471371576456,4840.186212661333,5,2200.894274315291,0.0,0.0,0.0,0.0,0.0,0.43983813935516175,0.0,0.0,0.1140110117049445,0.0,0.0,0.4461508489398937,0.0,-11004.471371576456,0.0
82860967,67647.94221474594,6121.000007032835,18,3758.21901193033,0.0,0.0,0.0,0.0,0.0,0.0,0.0,0.0,0.29507397705771327,0.0,0.5502990985570156,0.11802227510239739,0.03660464928287372,-67647.94221474594,0.0
82878439,31597.909128589792,5731.271343044659,11,2872.5371935081625,0.0,0.0,0.0,0.0,0.0,0.5793327230449284,0.0,0.0,0.2334809521350261,0.0,0.05487326971112932,0.1323130551089162,0.0,-31597.909128589792,0.0
82888468,4662.947039501565,3113.6679177321607,2,2331.4735197507825,0.0,0.0,0.0,0.0,0.0,0.3322532099646172,0.0,0.0,0.6677467900353827,0.0,0.0,0.0,0.0,-4662.947039501565,0.0
82928303,9415.106215097006,4908.670749658351,2,4707.553107548503,0.0,0.0,0.0,0.0,0.0,0.0,0.0,0.0,0.4786388344947869,0.0,0.0,0.5213611655052132,0.0,-9415.106215097006,0.0
82965138,30526.475652886787,5664.991058150921,7,4360.925093269541,0.0,0.0,0.0,0.0,0.0,0.3139192737088963,0.0,0.0,0.2917647287672356,0.0,0.0,0.21622703910097713,0.17808895842289107,-30526.475652886787,0.0
82969351,34796.132777385246,7470.776187576443,9,3866.236975265027,0.0,0.0,0.0,0.0,0.0,0.0,0.0,0.0,0.5491512988387666,0.0,0.0,0.45084870116123343,0.0,-34796.132777385246,0.0
82973477,20190.505118041074,4688.819428963478,8,2523.813139755134,3776.1542773879214,0.0,0.0,0.0,0.0,0.5022069000075433,0.0,0.0,0.2771904775825469,0.0,0.0,0.22060262240990966,0.0,-16414.350840653155,-4.3468432788735125
82986356,18764.157695531765,6446.780551576031,8,2345.5197119414706,390.0509645482657,0.0,0.0,0.0,0.0,0.0,0.0,0.0,0.05353310782557258,0.0,0.0,0.9464668921744275,0.0,-18374.106730983498,-47.10693832602957
83025848,33596.91326252765,6366.672831566754,12,2799.742771877304,14802.864193355472,0.0,0.0,0.0,0.0,0.0,0.0,0.0,0.4270074564293614,0.0,0.01682767273725327,0.5561648708333853,0.0,-18794.04906917218,-1.2696224746565075
83058124,3617.97850308817,3617.97850308817,1,3617.97850308817,2267.235812141695,1.0,0.0,0.0,0.0,0.0,0.0,0.0,0.0,0.0,0.0,0.0,0.0,-1350.7426909464746,-0.5957662999644157
83063321,2195.810974486754,1112.6250737588584,4,548.9527436216885,0.0,0.0,0.0,0.0,0.0,0.0,0.0,0.0,0.9858570719490146,0.0,0.0,0.014142928050985307,0.0,-2195.810974486754,0.0
83064099,73549.77297725157,8653.68758689101,16,4596.860811078223,0.0,0.0,0.0,0.0,0.0,0.0,0.0,0.0,0.8154782074752621,0.0,0.0,0.0809803334238277,0.10354145910091019,-73549.77297725157,0.0
83071057,4045.59631198991,2662.7086466003357,2,2022.798155994955,0.0,0.0,0.0,0.0,0.0,0.0,0.0,0.0,0.6581745782961295,0.0,0.0,0.3418254217038705,0.0,-4045.59631198991,0.0
83165435,20709.79653909124,3249.448983368009,9,2301.088504343471,0.0,0.0,0.0,0.06769703428698687,0.0,0.0,0.0,0.0,0.7221911837179684,0.0,0.0,0.21011178199504474,0.0,-20709.79653909124,0.0
83200080,20027.89610845374,6765.392258134187,6,3337.98268474229,1793.331500683005,0.0,0.0,0.0,0.0,0.0,0.0,0.0,0.37810496419867184,0.0,0.0,0.6218950358013281,0.0,-18234.564607770735,-10.167983220517764
83209118,13179.84967068881,6130.698382876817,4,3294.9624176722027,0.0,0.019314237490764188,0.0,0.0,0.0,0.0,0.0,0.0,0.9806857625092358,0.0,0.0,0.0,0.0,-13179.84967068881,0.0
83220079,6450.168407767549,3999.941700841606,3,2150.0561359225167,0.0,0.0,0.016929243337453465,0.0,0.0,0.0,0.0,0.0,0.9830707566625465,0.0,0.0,0.0,0.0,-6450.168407767549,0.0
83265938,21182.053989220836,7710.749827915297,12,1765.171165768403,6216.017799151047,0.0,0.0,0.0,0.0,0.0,0.0,0.0,0.25473677589115346,0.0,0.0,0.7452632241088465,0.0,-14966.03619006979,-2.407656585557682
83299387,1486.9509721073161,1486.9509721073161,1,1486.9509721073161,2923.0277315703584,0.0,0.0,0.0,1.0,0.0,0.0,0.0,0.0,0.0,0.0,0.0,0.0,1436.0767594630422,0.491297685599284
83302411,10475.652487404202,6793.974092247814,3,3491.8841624680676,0.0,0.0,0.0,0.0,0.0,0.0,0.0,0.0,0.3514509859489129,0.0,0.0,0.6485490140510871,0.0,-10475.652487404202,0.0
83322328,10271.661662519553,6247.708247516261,2,5135.8308312597765,0.0,0.0,0.0,0.0,0.0,0.0,0.0,0.0,1.0,0.0,0.0,0.0,0.0,-10271.661662519553,0.0
83339010,12685.441798035836,10000.0,2,6342.720899017918,0.0,0.0,0.0,0.0,0.0,0.0,0.0,0.0,1.0,0.0,0.0,0.0,0.0,-12685.441798035836,0.0
83424227,33095.92724812655,4962.728545407999,8,4136.990906015819,0.0,0.0,0.0,0.0,0.12036141938917856,0.0,0.0,0.5826717863824702,0.1801633931121935,0.0,0.0,0.11680340111615774,0.0,-33095.92724812655,0.0
83427369,32492.627625791934,4775.789596191806,14,2320.9019732708525,774.8981042159897,0.0,0.0,0.0,0.0,0.0,0.0,0.06798654704325895,0.33412614054794043,0.0,0.0,0.5978873124088006,0.0,-31717.729521575944,-40.93148421580751
83448592,3327.3467984849212,2572.296587997199,2,1663.6733992424606,0.0,0.0,0.0,0.0,0.7730773928249596,0.0,0.0,0.0,0.22692260717504037,0.0,0.0,0.0,0.0,-3327.3467984849212,0.0
83449644,24457.72579641896,6253.196630630038,5,4891.545159283793,0.0,0.0,0.0,0.0,0.0,0.0,0.0,0.0,1.0,0.0,0.0,0.0,0.0,-24457.72579641896,0.0
83504689,25147.210196699983,7431.508784653147,7,3592.4585995285693,1530.056575335198,0.0,0.0,0.0,0.0,0.0,0.0,0.0,0.13667704297351915,0.0,0.0,0.5678027491575234,0.2955202078689575,-23617.153621364785,-15.435477355594413
83526276,16158.426245529352,4645.148684837731,4,4039.606561382338,0.0,0.0,0.0,0.2874753156188667,0.0,0.0,0.0,0.0,0.46832204590616977,0.0,0.0,0.24420263847496337,0.0,-16158.426245529352,0.0
83526483,68480.8825076424,6924.831435690697,13,5267.760192895569,2466.568133473124,0.0,0.0,0.0,0.0,0.0,0.0,0.0,0.7518246575627044,0.0,0.0517324389647751,0.19644290347252033,0.0,-66014.31437416928,-26.76362897837972
83665150,11658.752218144959,5565.725705524088,4,2914.6880545362396,0.0,0.0,0.0,0.0,0.0,0.0,0.0,0.0,0.6040160982272641,0.0,0.0,0.0,0.3959839017727359,-11658.752218144959,0.0
83665398,4061.002988045215,3149.7772627679356,2,2030.5014940226074,0.0,0.0,0.0,0.0,0.0,0.0,0.0,0.0,0.22438440157757739,0.0,0.0,0.7756155984224227,0.0,-4061.002988045215,0.0
83665559,4882.9566321482625,2468.1595532732617,2,2441.4783160741313,0.0,0.0,0.0,0.0,0.0,0.5054641560859803,0.0,0.0,0.49453584391401983,0.0,0.0,0.0,0.0,-4882.9566321482625,0.0
83675166,33932.53913992885,10000.0,9,3770.282126658761,2029.898773604053,0.0,0.0,0.0,0.0,0.0,0.0,0.0,0.746282307863907,0.0,0.0,0.253717692136093,0.0,-31902.640366324795,-15.71637008759908
83685799,7890.068099324095,4520.069540727331,2,3945.0340496620474,210.9736155105279,0.0,0.0,0.0,0.0,0.0,0.0,0.0,0.0,0.0,0.427119071239126,0.5728809287608739,0.0,-7679.094483813567,-36.39836415198738
83748175,5506.490300028171,2521.885439042832,5,1101.2980600056342,3580.207774458315,0.0,0.0,0.0,0.0,0.0,0.0,0.7131834288153492,0.1402479984290998,0.06371492503866089,0.0,0.08285364771689019,0.0,-1926.2825255698556,-0.5380365182468501
83757025,19010.80692979226,6799.2235395448915,5,3802.161385958452,8889.82742966003,0.0,0.0,0.12799587399857007,0.0,0.0,0.0,0.0,0.0,0.0,0.4357083584260512,0.43629576757537875,0.0,-10120.979500132229,-1.1384899853471375
83762471,47786.67259312154,5444.1241309716215,12,3982.222716093462,4994.187837062697,0.0,0.21752709254298666,0.0,0.0,0.08681385347131232,0.0,0.08201392213052745,0.39358194407220226,0.0,0.1061376132336512,0.11392557454932013,0.0,-42792.484756058846,-8.568457205091228
83785326,7815.702881304406,2967.437141322959,3,2605.2342937681356,1476.586060108687,0.3216338447117089,0.0,0.0,0.0,0.0,0.0,0.0,0.3796762986501486,0.0,0.0,0.2986898566381424,0.0,-6339.116821195719,-4.293089981310751
83807688,49586.344768727955,6277.486195411876,13,3814.3342129790735,0.0,0.0,0.0,0.0,0.0,0.31161398352375425,0.0,0.0,0.39489574165795777,0.0,0.23101880268319708,0.06247147213509089,0.0,-49586.344768727955,0.0
83881081,10435.788461804936,5263.148104797092,5,2087.1576923609873,1084.6565137024288,0.0,0.0,0.0,0.0,0.0,0.0,0.0,0.6223848779599197,0.0,0.007082405352303855,0.3705327166877764,0.0,-9351.131948102508,-8.621284093139142
83962947,25854.127827740398,5003.125337691082,6,4309.0213046234,3173.193935033245,0.1844355738103483,0.0,0.0,0.0,0.0,0.0,0.0,0.7274477927939802,0.0,0.0,0.08811663339567141,0.0,-22680.93389270715,-7.147667100425593
83977823,26263.747967151266,6391.6231836289535,7,3751.9639953073242,0.0,0.025747608417728166,0.0,0.0,0.0,0.0,0.0,0.0,0.9634946343938463,0.0,0.0,0.010757757188425438,0.0,-26263.747967151266,0.0
84003501,2747.8596774936113,2747.8596774936113,1,2747.8596774936113,841.0165303962074,0.0,0.0,0.0,0.0,0.0,0.0,0.0,1.0,0.0,0.0,0.0,0.0,-1906.8431470974042,-2.267307571468399
84107375,6675.591944924979,3372.5157254450496,2,3337.7959724624893,1623.0528160371657,0.0,0.0,0.0,0.0,0.0,0.0,0.0,0.0,0.0,0.0,0.4947990001083042,0.5052009998916958,-5052.539128887814,-3.112985035954688
84437864,28362.79480276202,5976.323465144722,8,3545.3493503452523,1637.2325098714734,0.0,0.0,0.0,0.6295950583657302,0.0,0.0,0.0,0.2986609981084149,0.0,0.0,0.06603067706989756,0.005713266455957408,-26725.562292890543,-16.323620580309978
84440491,18159.94965673671,6436.855170624768,6,3026.658276122785,9478.626032559248,0.0,0.6130244437947037,0.0,0.0,0.0,0.0,0.0,0.38697555620529633,0.0,0.0,0.0,0.0,-8681.323624177463,-0.9158841792425361
84445096,62933.171549639745,7122.327167190378,17,3701.9512676258673,0.0,0.021581320763442196,0.0,0.0,0.0,0.0,0.0,0.0,0.6996708422776762,0.0,0.06240446422787378,0.2163433727310079,0.0,-62933.171549639745,0.0
84471758,18696.244577018137,6515.280623466161,5,3739.2489154036275,517.5967355160411,0.0,0.26752371273035863,0.0,0.34848071208240916,0.0,0.0,0.0,0.0,0.0,0.0,0.3839955751872322,0.0,-18178.647841502097,-35.121256750930016
84527155,52776.04788913292,4642.843557017667,15,3518.403192608861,0.0,0.0,0.0,0.0016006969895418924,0.0,0.0,0.0,0.0,0.14583300807739857,0.0,0.0,0.8525662949330596,0.0,-52776.04788913292,0.0
84542303,4066.649291713663,2556.4167672906924,2,2033.3246458568315,0.0,0.0,0.0,0.0,0.0,0.6286297597630881,0.0,0.0,0.0,0.0,0.0,0.371370240236912,0.0,-4066.649291713663,0.0
84568379,39377.740588438835,5820.568525103547,14,2812.6957563170595,0.0,0.0,0.2884388632397244,0.0,0.0,0.0,0.0,0.0737187251767449,0.3118402727626979,0.0,0.0,0.3260021388208329,0.0,-39377.740588438835,0.0
84585655,10488.722387722426,4518.150137139485,5,2097.7444775444856,0.0,0.276322303188569,0.430762677295016,0.0,0.0,0.0,0.0,0.0,0.058858954567608916,0.0,0.0,0.23405606494880613,0.0,-10488.722387722426,0.0
84597091,80032.24462886954,6335.085266533515,21,3811.0592680414065,0.0,0.0,0.13180325050614589,0.0,0.0,0.0,0.0,0.018611442197064426,0.4940998613292344,0.0,0.0,0.3554854459675552,0.0,-80032.24462886954,0.0
84611950,24972.755921842883,6122.023305810871,7,3567.5365602632687,0.0,0.0,0.0,0.0,0.0,0.0,0.0,0.0,0.5895590029966816,0.0,0.0,0.4104409970033184,0.0,-24972.755921842883,0.0
84632621,551.8601944120817,197.0779368547743,3,183.95339813736055,542.4195783108223,0.0,0.0,0.0,0.0,0.0,0.0,0.0,0.32799146208050206,0.0,0.0,0.6720085379194979,0.0,-9.440616101259348,-0.01740463744074075
84708828,11686.568261067194,3605.9755363202094,5,2337.3136522134387,1318.3198772636454,0.0,0.0,0.0,0.11323196445261081,0.48886362778582715,0.0,0.0,0.22925119611793182,0.0,0.0,0.16865321164363015,0.0,-10368.248383803548,-7.864744029593393
84756660,14903.586237628126,6739.618841192677,6,2483.9310396046876,1106.0837623108705,0.0,0.0,0.0,0.0,0.02247221119509882,0.0,0.16919616514556096,0.25657829538290405,0.0,0.0,0.5517533282764362,0.0,-13797.502475317255,-12.474193135690745
84787915,13736.322233493698,6433.095853606262,5,2747.26444669874,1365.6053930049595,0.0,0.0,0.0,0.0,0.0,0.0,0.0,0.23163500139172583,0.0,0.0,0.7683649986082742,0.0,-12370.71684048874,-9.058778548953645
84794729,10852.868848627646,4613.784044017166,4,2713.2172121569115,2444.2319326962106,0.0,0.0,0.0,0.0,0.0,0.0,0.0,0.8025211236481898,0.0,0.0,0.19747887635181002,0.0,-8408.636915931434,-3.44019599918079
84882249,21994.285961030477,4672.536287305739,7,3142.0408515757827,2130.4647009808023,0.0,0.0,0.06128984886376408,0.0,0.0,0.0,0.0,0.9387101511362359,0.0,0.0,0.0,0.0,-19863.821260049677,-9.323703533273735
84893907,91383.40382963225,10000.0,33,2769.194055443402,5520.987035663765,0.013726680213170037,0.04288667557259611,0.0,0.04948113581563908,0.0,0.0,0.08669523394491221,0.3429412010215469,0.0,0.0,0.46426907343213564,0.0,-85862.4167939685,-15.552004784529549
84897817,9284.809213482915,4665.778346415317,2,4642.404606741457,0.0,0.0,0.0,0.0,0.0,0.0,0.0,0.0,0.49748258266417383,0.0,0.5025174173358261,0.0,0.0,-9284.809213482915,0.0
84911095,21942.813375089278,5610.826823409755,7,3134.6876250127534,0.0,0.0,0.0,0.0,0.0,0.0,0.03443560192646672,0.0,0.08146202622174861,0.0,0.0,0.8841023718517846,0.0,-21942.813375089278,0.0
84921221,31036.009037554693,5740.672827486667,7,4433.715576793527,0.0,0.0,0.0,0.0,0.0,0.18496813880097296,0.0,0.020647812684488873,0.6529459230863129,0.0,0.0,0.14143812542822531,0.0,-31036.009037554693,0.0
84925916,4788.845688513395,4788.845688513395,1,4788.845688513395,1663.871726922184,0.0,0.0,0.0,0.0,0.0,0.0,0.0,1.0,0.0,0.0,0.0,0.0,-3124.973961591211,-1.878133939670795
84967467,15430.31163349608,6127.273815255279,5,3086.062326699216,0.0,0.0,0.0,0.0,0.3814345993446697,0.0,0.0,0.0,0.43725381700695637,0.0,0.0,0.181311583648374,0.0,-15430.31163349608,0.0
84988746,16645.376785360215,4228.073034376955,7,2377.910969337174,1540.3439390232322,0.22449847287099287,0.0,0.0,0.0,0.12502045233347298,0.0,0.0,0.10939968290236708,0.0,0.0,0.5410813918931671,0.0,-15105.032846336984,-9.806272783411888
85072987,15512.093344442806,10000.0,3,5170.697781480935,2828.8977205767974,0.0,0.0,0.0,0.0,0.0,0.0,0.0,0.35534168226350377,0.0,0.0,0.0,0.6446583177364963,-12683.19562386601,-4.483440858116275
85091924,7209.287703561502,3828.3195791551398,4,1802.3219258903755,0.0,0.0,0.0,0.0,0.05125158625782916,0.0,0.0,0.0,0.924524558184419,0.0,0.0,0.024223855557751788,0.0,-7209.287703561502,0.0
85099121,6912.367495552014,3252.996583924689,3,2304.1224985173376,0.0,0.0,0.0,0.0,0.0,0.0,0.0,0.10801969858806931,0.4213750296265496,0.0,0.0,0.470605271785381,0.0,-6912.367495552014,0.0
85104000,25504.83439096366,5123.757668856817,10,2550.483439096366,0.0,0.0,0.0,0.23327593985352418,0.14267237376933203,0.17738096137737644,0.0,0.0,0.0,0.0,0.0,0.44667072499976734,0.0,-25504.83439096366,0.0
85160371,34939.33250160312,5677.8346502482345,8,4367.41656270039,0.0,0.0,0.0,0.0,0.0,0.14023932425426663,0.0,0.0,0.28784281555501234,0.0,0.0,0.08916110149911742,0.4827567586916036,-34939.33250160312,0.0
85196903,26824.070132134264,5289.037737741127,6,4470.678355355711,0.0,0.0,0.0,0.0,0.0,0.0,0.0,0.0,0.802824936272253,0.0,0.0,0.19717506372774699,0.0,-26824.070132134264,0.0
85317446,8103.32353776813,4586.398474082576,3,2701.10784592271,5510.1487056024835,0.18779344554704006,0.0,0.0,0.0,0.0,0.0,0.0,0.81220655445296,0.0,0.0,0.0,0.0,-2593.174832165647,-0.47061793986231587
85359383,8835.245253310057,4118.466921982792,4,2208.811313327514,0.0,0.0,0.0,0.0,0.0,0.0,0.0,0.0,0.5338593549013435,0.0,0.0,0.4661406450986565,0.0,-8835.245253310057,0.0
85360942,10000.0,10000.0,1,10000.0,7857.141316919714,0.0,0.0,0.0,0.0,0.0,0.0,0.0,1.0,0.0,0.0,0.0,0.0,-2142.858683080286,-0.2727275222180126
85383333,11380.860645344046,2784.045688256522,6,1896.810107557341,0.0,0.0,0.0,0.0,0.0,0.0,0.0,0.0,0.9106410650307308,0.0,0.0,0.08935893496926917,0.0,-11380.860645344046,0.0
85389126,46819.71873935079,4628.177831561411,15,3121.314582623386,15217.958670981248,0.07528000211595505,0.0,0.0679401680536836,0.0,0.7329271260198003,0.0,0.0,0.04039293704899605,0.0,0.0,0.08345976676156512,0.0,-31601.760068369542,-2.0766096656991295
85390663,13998.238067137863,4432.11792620239,4,3499.559516784466,0.0,0.0,0.0,0.0,0.0,0.0,0.0,0.0,0.24661037672797775,0.0,0.0,0.43676992406807824,0.316619699203944,-13998.238067137863,0.0
85395424,4960.577760274198,2317.8730741740032,4,1240.1444400685496,0.0,0.0,0.0,0.0,0.0,0.0,0.0,0.4672586916661664,0.4303879901338462,0.0,0.0,0.10235331819998737,0.0,-4960.577760274198,0.0
85486970,100145.11791639251,6626.791434668049,22,4552.050814381478,0.0,0.0,0.0,0.0,0.23558252429574833,0.0,0.0,0.0,0.6726913061562639,0.0,0.0,0.09172616954798787,0.0,-100145.11791639251,0.0
85590202,2545.8828172784997,1449.4581047073495,2,1272.9414086392499,0.0,0.5693341794328117,0.0,0.0,0.0,0.0,0.0,0.0,0.4306658205671882,0.0,0.0,0.0,0.0,-2545.8828172784997,0.0
85598652,5574.856856634369,2001.7603339931304,4,1393.7142141585923,3700.3728718393677,0.25984589755666915,0.0,0.0,0.0,0.0,0.0,0.0,0.7401541024433309,0.0,0.0,0.0,0.0,-1874.4839847950016,-0.5065662433805597
85616900,5610.985315206998,3223.9448809022983,2,2805.492657603499,0.0,0.0,0.0,0.0,0.0,0.0,0.0,0.0,0.4254226842895665,0.0,0.0,0.5745773157104336,0.0,-5610.985315206998,0.0
85662134,91597.13229652001,6120.702388382982,28,3271.3261534471435,3057.2685344882484,0.04028908739153405,0.0,0.0,0.0,0.0,0.0,0.0006575883568309342,0.3138422387125862,0.0,0.0,0.6452110855390488,0.0,-88539.86376203177,-28.960447132215137
85708141,6197.39389867369,4013.1031801408826,2,3098.696949336845,0.0,0.0,0.0,0.0,0.0,0.0,0.0,0.0,0.3524531043605715,0.0,0.0,0.0,0.6475468956394285,-6197.39389867369,0.0
85753543,23908.386994748143,10000.0,6,3984.731165791357,230.4682271974694,0.0,0.0,0.0,0.0,0.28462562592071927,0.0,0.0,0.4375498715536593,0.0,0.0,0.13143159462461987,0.14639290790100148,-23677.918767550673,-102.73832126657094
85758274,9858.880514883804,5834.5657998465385,3,3286.293504961268,0.0,0.0,0.0,0.0,0.0,0.0,0.0,0.0,0.7556693612186962,0.0,0.0,0.2443306387813039,0.0,-9858.880514883804,0.0
85764688,32960.95536051867,6685.535490825908,9,3662.328373390963,2373.2234168415694,0.16076515179735482,0.13103560792593902,0.0,0.0,0.20283196945298454,0.0,0.0,0.3351302639734372,0.0,0.0,0.17023700685028456,0.0,-30587.7319436771,-12.888686217492797
85807981,15520.519482878553,6740.090483388807,4,3880.1298707196383,0.0,0.0,0.0,0.0,0.0,0.0,0.0,0.0,1.0,0.0,0.0,0.0,0.0,-15520.519482878553,0.0
85829196,15015.873248758811,4665.741592408687,5,3003.174649751762,0.0,0.0,0.0,0.0,0.3904341063663378,0.0,0.0,0.0,0.6095658936336621,0.0,0.0,0.0,0.0,-15015.873248758811,0.0
85831521,19407.933166984774,6075.977344973221,11,1764.3575606349793,1549.6892552915913,0.0,0.3130666873538698,0.0,0.0,0.0,0.0,0.0,0.5231547408823478,0.0,0.0,0.1637785717637824,0.0,-17858.24391169318,-11.523757973228609
85838442,10676.113615736731,7471.415912878134,2,5338.0568078683655,0.0,0.0,0.0,0.0,0.0,0.0,0.0,0.0,0.6998254403985706,0.0,0.0,0.30017455960142947,0.0,-10676.113615736731,0.0
85853002,21139.142880930565,3832.7982115959894,7,3019.877554418652,0.0,0.2869874230969002,0.0,0.0,0.0,0.0,0.0,0.0,0.7130125769030999,0.0,0.0,0.0,0.0,-21139.142880930565,0.0
85871245,12115.413378549163,4924.370057403683,4,3028.853344637291,967.2811909427512,0.0,0.0,0.0,0.4064549762802549,0.0,0.0,0.0,0.32797169215468985,0.0,0.0,0.26557333156505525,0.0,-11148.132187606412,-11.525223783935045
85881310,29956.745482240123,5678.1741653202025,9,3328.527275804458,0.0,0.37881265037690254,0.0,0.0,0.10967302715724117,0.0,0.0,0.0,0.0,0.0,0.0,0.5115143224658563,0.0,-29956.745482240123,0.0
85883433,36231.94502336096,8862.704440481448,8,4528.99312792012,0.0,0.16153414832421367,0.0,0.0971627355651946,0.042902138670764964,0.0,0.0,0.0,0.6984009774398268,0.0,0.0,0.0,0.0,-36231.94502336096,0.0
85913249,9688.753533651334,4516.978540984058,5,1937.7507067302665,0.0,0.0,0.0,0.0,0.0,0.0,0.0,0.0,0.696891904965704,0.0,0.0,0.0,0.30310809503429603,-9688.753533651334,0.0
85952818,13499.630181848386,5436.222080254155,4,3374.9075454620966,0.0,0.0,0.0,0.0,0.0,0.0,0.0,0.0,0.5994748409070266,0.0,0.0,0.40052515909297337,0.0,-13499.630181848386,0.0
86011451,8354.948198815147,5368.743584546363,2,4177.474099407574,7570.458817741148,0.35741748999620016,0.0,0.0,0.0,0.0,0.0,0.0,0.0,0.0,0.0,0.6425825100037997,0.0,-784.4893810739997,-0.10362507741744421
86026730,28654.89477687719,6479.909142048071,11,2604.9904342615628,5489.121850010763,0.0,0.0,0.0,0.0,0.1855101576402041,0.0,0.0,0.5684302281613468,0.1161651844464123,0.09731454828185176,0.032579881470184945,0.0,-23165.772926866422,-4.2203058266635125
86048282,27288.391953754897,4782.597234626175,8,3411.048994219362,2729.7979955989563,0.0,0.14188082578042382,0.0,0.0,0.0,0.0,0.0,0.23775353040649208,0.0,0.0,0.6203656438130841,0.0,-24558.59395815594,-8.996487651375624
86116803,11981.676098058904,5765.894160637415,3,3993.892032686301,1298.8605554113599,0.48122600823531875,0.0,0.0,0.0,0.0,0.0,0.0,0.3815838187569278,0.0,0.0,0.13719017300775357,0.0,-10682.815542647542,-8.224759384785695
86146448,18663.10580435397,5721.767771338533,8,2332.8882255442463,0.0,0.0,0.0,0.0,0.0,0.0,0.0,0.0,0.8270596123356933,0.0,0.0,0.17294038766430683,0.0,-18663.10580435397,0.0
86166194,56622.863828994996,8904.882346467031,13,4355.604909922691,3421.667175059034,0.0,0.0,0.0,0.37281384944586154,0.0,0.0,0.22095868323441537,0.22244387185568026,0.0,0.0,0.18378359546404285,0.0,-53201.19665393596,-15.548325986152664
86236672,16775.190400703952,6432.327181439249,3,5591.730133567984,0.0,0.0,0.0,0.0,0.0,0.0,0.0,0.0,0.7106170070758895,0.0,0.0,0.28938299292411057,0.0,-16775.190400703952,0.0
86242197,22144.897255129024,5530.619649533973,6,3690.8162091881704,0.0,0.0,0.2497469094489935,0.0,0.0,0.0,0.0,0.0,0.43133468291293714,0.0,0.0,0.31891840763806933,0.0,-22144.897255129024,0.0
86250699,13669.238026158273,4275.053896419722,4,3417.3095065395682,0.0,0.0,0.0,0.0,0.0,0.0,0.0,0.0,0.41217878585688833,0.0,0.0,0.5878212141431117,0.0,-13669.238026158273,0.0
86264148,18890.920259674887,5999.828469051778,6,3148.4867099458147,558.1463411455807,0.04712207252668354,0.3176038216549559,0.0,0.0,0.0,0.0,0.09304585743374755,0.0,0.0,0.0,0.3646247539671201,0.17760349441749287,-18332.77391852931,-32.845819397296005
86266980,2070.376324949291,1894.7419660866735,2,1035.1881624746454,2794.8690176833156,0.0,0.0,0.0,0.0,0.0,0.0,0.0,0.0,0.0,0.0,1.0,0.0,724.4926927340246,0.25922241369814214
86318041,10664.625432652589,4601.1692279470535,3,3554.8751442175294,0.0,0.0,0.414970522250206,0.0,0.0,0.0,0.0,0.0,0.585029477749794,0.0,0.0,0.0,0.0,-10664.625432652589,0.0
86352949,29272.03027774965,10000.0,9,3252.4478086388503,0.0,0.0,0.03520051231075261,0.0,0.0,0.0,0.0,0.0,0.9409173675916879,0.0,0.0,0.023882120097559464,0.0,-29272.03027774965,0.0
86358590,13798.894100878177,6071.04309530925,4,3449.723525219544,161.9771881033746,0.0,0.0,0.0,0.0,0.0,0.0,0.0,0.15736642205502427,0.0,0.0,0.8426335779449757,0.0,-13636.916912774801,-84.19035465704995
86386314,9860.398507705344,5431.900190166003,3,3286.799502568448,0.0,0.0,0.0,0.0,0.0,0.0,0.0,0.0,0.9276334623335802,0.0,0.0,0.07236653766641969,0.0,-9860.398507705344,0.0
86395189,4339.463218380824,3666.3094508444274,2,2169.731609190412,0.0,0.0,0.0,0.0,0.0,0.0,0.0,0.0,0.0,0.0,0.0,1.0,0.0,-4339.463218380824,0.0
86436574,6991.331493572517,3613.7998613951477,3,2330.443831190839,0.0,0.0,0.0,0.0,0.0,0.0,0.0,0.0,0.0,0.0,0.0,1.0,0.0,-6991.331493572517,0.0
86485251,5366.839408486021,2814.0342470234605,2,2683.4197042430105,336.03378197719877,0.0,1.0,0.0,0.0,0.0,0.0,0.0,0.0,0.0,0.0,0.0,0.0,-5030.805626508822,-14.971130571777397
86514898,12445.041748414038,6397.2486626561185,4,3111.2604371035095,3860.2399869360606,0.0,0.0,0.0,0.0,0.0,0.0,0.0,0.6385275865831822,0.0,0.0,0.3614724134168178,0.0,-8584.801761477976,-2.223903640843812
86525696,9513.042341427103,3540.7738284633706,4,2378.2605853567757,2048.63687555893,0.0,0.017914797510839794,0.0,0.0,0.0,0.0,0.0,0.24445357515526514,0.0,0.0,0.737631627333895,0.0,-7464.405465868172,-3.6435961662711245
86543295,22132.91328627352,6904.56111087377,8,2766.61416078419,257.9827315182941,0.0,0.0,0.0,0.0,0.0,0.0,0.5483318211673631,0.11259694926990854,0.0,0.0,0.3390712295627282,0.0,-21874.93055475523,-84.79222785965436
86570334,35813.42759113791,6772.622710140181,8,4476.6784488922385,925.1948102420337,0.18910847594537633,0.14654903746635342,0.0,0.0,0.0,0.0,0.0,0.28656333737778933,0.0,0.14554283536966797,0.23223631384081295,0.0,-34888.23278089588,-37.70906666863924
86588574,15275.415246115317,3667.928563929019,6,2545.9025410192194,0.0,0.0,0.0,0.0,0.0,0.0,0.0,0.0,0.19553689895035445,0.0,0.0,0.8044631010496456,0.0,-15275.415246115317,0.0
86591307,6963.4587722472925,5900.405227594213,2,3481.7293861236462,0.0,0.15266171301104772,0.0,0.0,0.0,0.0,0.0,0.8473382869889522,0.0,0.0,0.0,0.0,0.0,-6963.4587722472925,0.0
86591445,33891.86316342708,5894.766749146058,17,1993.6390096133573,236.8490397347262,0.0,0.0,0.0,0.0,0.0,0.0,0.08307910982642738,0.42903164662355364,0.0,0.0,0.45270253945289407,0.03518670409712506,-33655.014123692345,-142.0947881460122
86598874,6042.721244516982,4793.248738790541,2,3021.360622258491,0.0,0.0,0.0,0.0,0.0,0.0,0.0,0.0,0.20677314990496742,0.0,0.0,0.7932268500950326,0.0,-6042.721244516982,0.0
86618999,24311.8234447318,5580.842268200426,11,2210.165767702891,627.715836344243,0.0,0.0,0.0,0.03775326544437542,0.0,0.0,0.0,0.5796685996352562,0.0,0.0,0.23698261595358486,0.14559551896678344,-23684.107608387556,-37.73061987143981
86648449,80067.93801417753,8400.136787412166,15,5337.862534278502,4260.716095817352,0.015991193944388072,0.0,0.0,0.0,0.0,0.0,0.0,0.7196033031009484,0.0,0.0,0.2644055029546636,0.0,-75807.22191836017,-17.792131701236418
86681039,15053.846614902273,6808.07077361607,3,5017.948871634091,0.0,0.0,0.0,0.0,0.0,0.0,0.0,0.0,1.0,0.0,0.0,0.0,0.0,-15053.846614902273,0.0
86693550,23657.418528660168,5388.4992342369205,10,2365.741852866017,4719.638467330045,0.0,0.0,0.0,0.0,0.0,0.0,0.0,0.49973491215886645,0.0,0.35151958571298414,0.14874550212814944,0.0,-18937.78006133012,-4.012548883229067
86836278,20901.742476633146,4370.227089229185,9,2322.415830737016,3236.6654509968384,0.0,0.0,0.0,0.0,0.0,0.0,0.0,0.7821713717721185,0.0,0.0,0.1610103465350814,0.05681828169280012,-17665.077025636307,-5.457801336927102
86861946,9231.22081434425,3320.2309179471686,4,2307.8052035860624,0.0,0.0,0.0,0.0,0.0,0.0,0.0,0.0,0.34058644069019484,0.0,0.0,0.6594135593098053,0.0,-9231.22081434425,0.0
86867184,5656.258693893289,3302.208263896651,2,2828.1293469466445,283.9597869572369,0.0,0.0,0.0,0.0,0.0,0.0,0.0,1.0,0.0,0.0,0.0,0.0,-5372.298906936052,-18.919224318706426
86869688,46553.781716594,6120.720193352538,12,3879.481809716167,0.0,0.03953217535521286,0.0,0.0,0.23258809847579115,0.0,0.0,0.0,0.3686534776611218,0.28659946282816123,0.0,0.072626785679713,0.0,-46553.781716594,0.0
86904988,7814.492210393776,3594.7909375977074,4,1953.623052598444,0.0,0.0,0.2001056725657279,0.0,0.0,0.0,0.0,0.0,0.6281752667986751,0.0,0.0,0.17171906063559692,0.0,-7814.492210393776,0.0
87006990,13012.433430860427,3377.486165631972,5,2602.4866861720852,0.0,0.0,0.0,0.0,0.0,0.20736073955300954,0.0,0.0,0.18834726853973643,0.0,0.0,0.6042919919072541,0.0,-13012.433430860427,0.0
87068886,10117.097380162471,6657.8778595423455,2,5058.548690081236,195.5614284929957,0.0,0.0,0.0,0.0,0.0,0.0,0.0,0.6580818202459,0.0,0.0,0.0,0.34191817975409994,-9921.535951669475,-50.733603390634
87204562,17092.785048727772,4582.035887354755,6,2848.7975081212953,5407.011384666111,0.0,0.0,0.08065219354478144,0.0,0.0,0.0,0.0,0.38688555690626936,0.0,0.0,0.1852449201754668,0.34721732937348254,-11685.773664061664,-2.1612260142824304
87212667,10952.356252115038,4203.678850573513,4,2738.0890630287595,6613.776177695226,0.0,0.0,0.0,0.0,0.0,0.0,0.0,0.6161849784824404,0.0,0.3838150215175597,0.0,0.0,-4338.580074419813,-0.6559913667855215
87216998,2426.0899347142126,2426.0899347142126,1,2426.0899347142126,428.9976941839724,0.0,0.0,0.0,0.0,0.0,0.0,0.0,0.0,0.0,0.0,1.0,0.0,-1997.0922405302401,-4.655251689240554
87265114,14969.764714755482,5707.415730663228,5,2993.9529429510962,3316.578353041071,0.0,0.0,0.0,0.0,0.0,0.0,0.0,0.4772873824498609,0.0,0.0,0.522712617550139,0.0,-11653.186361714412,-3.513617084013484
87290747,31146.501152061508,8971.38298771002,9,3460.7223502290567,0.0,0.04738588266442971,0.4463682964291519,0.0,0.0,0.09517083333815209,0.0,0.0,0.0,0.0,0.0,0.28140229723740245,0.12967269033086384,-31146.501152061508,0.0
87298354,76413.54914669889,7444.810069063288,17,4494.91465568817,240.4186959068944,0.0,0.0,0.0,0.0,0.0,0.0,0.0,0.6264944123780886,0.0,0.10972372194439993,0.2637818656775116,0.0,-76173.13045079198,-316.8353033588167
87317026,61421.35540092827,5137.737802691823,19,3232.70291583833,1973.0272980133423,0.0,0.0,0.0,0.03481157452157144,0.19296946363956788,0.0,0.07955374655679821,0.31504533530811846,0.046830648386389236,0.0,0.33078923158755486,0.0,-59448.32810291493,-30.13051474897177
87359118,12701.71730070343,4864.490939041185,6,2116.952883450572,75.64008173917459,0.0,0.0,0.0,0.0,0.0,0.0,0.0,0.9044738160780058,0.0,0.0,0.09552618392199415,0.0,-12626.077218964256,-166.9231038446262
87362404,44175.06497447099,6899.226335791906,10,4417.506497447098,338.1513504599051,0.0,0.0,0.05777357925043837,0.0,0.0,0.0,0.0,0.5225363394200656,0.0,0.0,0.4196900813294959,0.0,-43836.91362401108,-129.63696156880752
87386918,5104.027945296843,2709.408496863932,3,1701.3426484322813,1193.7834517983897,0.0,0.0,0.0,0.0,0.0,0.0,0.0,0.0,0.0,0.0,1.0,0.0,-3910.244493498454,-3.2755056937737064
87418439,3102.8283703408206,3102.8283703408206,1,3102.8283703408206,3330.417611891136,1.0,0.0,0.0,0.0,0.0,0.0,0.0,0.0,0.0,0.0,0.0,0.0,227.5892415503158,0.06833654756620208
87465726,865.1434918700236,865.1434918700236,1,865.1434918700236,2318.1344799392778,0.0,0.0,0.0,0.0,0.0,0.0,0.0,1.0,0.0,0.0,0.0,0.0,1452.9909880692542,0.626793225605839
87526478,7945.696721755722,5308.4411150004835,3,2648.565573918574,18277.637547413102,0.0,0.6680900745262152,0.0,0.0,0.0,0.0,0.0,0.07470945253435969,0.0,0.0,0.2572004729394252,0.0,10331.940825657382,0.5652776951537535
87529922,10452.177955960286,5163.131045132458,4,2613.0444889900714,0.0,0.0,0.0,0.0,0.0,0.0,0.0,0.0,0.0,0.0,0.49397657281449325,0.5060234271855067,0.0,-10452.177955960286,0.0
87554499,7997.737994248354,2099.23241419151,5,1599.5475988496707,2763.03382252739,0.0,0.0,0.0,0.0,0.0,0.0,0.0,1.0,0.0,0.0,0.0,0.0,-5234.704171720963,-1.8945494365800772
87625632,9241.837853048679,4666.246058639711,2,4620.918926524339,1877.279212067041,0.0,0.0,0.0,0.0,0.0,0.0,0.0,1.0,0.0,0.0,0.0,0.0,-7364.558640981638,-3.9229958940804788
87637809,54425.861607674226,6456.2769105524185,13,4186.604739051864,0.0,0.0,0.06490614585575871,0.0,0.0,0.0,0.0,0.0,0.654270697895877,0.0,0.0,0.2808231562483643,0.0,-54425.861607674226,0.0
87681310,5292.593238490295,5292.593238490295,1,5292.593238490295,517.8015463987136,0.0,0.0,0.0,0.0,0.0,0.0,0.0,1.0,0.0,0.0,0.0,0.0,-4774.791692091582,-9.221277389571434
87709903,16248.429642122794,4960.543381738243,5,3249.685928424559,0.0,0.0,0.5830456604908825,0.1657872065797532,0.0,0.0,0.0,0.10794942959950024,0.14321770332986408,0.0,0.0,0.0,0.0,-16248.429642122794,0.0
87718304,4887.689392945865,2852.7094443268106,3,1629.2297976486216,0.0,0.0,0.0,0.0,0.0,0.0,0.0,0.0,0.41634805017602583,0.0,0.0,0.5836519498239742,0.0,-4887.689392945865,0.0
87771125,19524.294820667878,4864.962043564428,6,3254.0491367779796,3512.8579593380036,0.0,0.0,0.0,0.24917478906405957,0.0,0.0,0.0,0.2509901641503234,0.0,0.0,0.499835046785617,0.0,-16011.436861329874,-4.5579516868217524
87780960,29663.439223930734,10000.0,9,3295.9376915478592,1369.258174833676,0.0999758189575027,0.0,0.0,0.0,0.08527972876388976,0.0,0.0,0.12432410131835155,0.0,0.0,0.690420350960256,0.0,-28294.18104909706,-20.663875935985523
87783687,16285.160164347659,4324.928122169735,9,1809.4622404830732,0.0,0.14666206998561354,0.0,0.0,0.0,0.0,0.0,0.0,0.3020755237476209,0.0,0.4261712911749783,0.12509111509178722,0.0,-16285.160164347659,0.0
87792104,44993.107216706805,4478.086960099306,13,3461.008247438985,629.7904846679589,0.0,0.0,0.005341946205791681,0.0,0.0,0.0,0.0715760464509979,0.2788736006402614,0.0,0.0,0.6442084067029491,0.0,-44363.316732038846,-70.44138933827855
87839933,36700.66394808899,8624.957791388197,8,4587.582993511124,0.0,0.0,0.0,0.0,0.0,0.0,0.0,0.0,1.0,0.0,0.0,0.0,0.0,-36700.66394808899,0.0
87844268,12097.084451274619,3257.348130190245,4,3024.2711128186547,0.0,0.0,0.0,0.0,0.20498771529350512,0.2574982293880375,0.0,0.0,0.26926720593795905,0.0,0.0,0.2682468493804984,0.0,-12097.084451274619,0.0
87992636,26416.789049850046,5687.967145309778,7,3773.827007121435,0.0,0.1262795604215759,0.0,0.0,0.0,0.08946771869166668,0.0,0.0,0.6913332728420738,0.0,0.0,0.0,0.09291944804468362,-26416.789049850046,0.0
88007520,24207.026191176752,5251.461802458341,7,3458.146598739536,0.0,0.0,0.0,0.0,0.0988352224739462,0.0,0.0,0.0,0.6550008996774349,0.0,0.12257986028608911,0.12358401756252985,0.0,-24207.026191176752,0.0
88141626,20443.296276111236,4636.905658679291,6,3407.2160460185396,0.0,0.0,0.0,0.0,0.0,0.0,0.0,0.07429057857488004,0.18321457925257978,0.0,0.0,0.7424948421725401,0.0,-20443.296276111236,0.0
88149040,14198.31024134965,6124.949379296566,3,4732.770080449884,787.0339603663296,0.0,0.0,0.0,0.0,0.0,0.0,0.0,0.43138579698441254,0.0,0.0,0.19850155227998773,0.37011265073559974,-13411.27628098332,-17.040276476431796
88152331,13817.392793247169,5584.923442868779,5,2763.478558649434,767.7741938733918,0.0,0.0,0.0,0.0,0.0,0.0,0.0,0.5958048289979683,0.0,0.0,0.4041951710020316,0.0,-13049.618599373778,-16.996688223576445
88221973,1920.324871233236,1081.712143384271,2,960.162435616618,0.0,0.0,0.0,0.0,0.0,0.563296429467996,0.0,0.0,0.0,0.0,0.0,0.436703570532004,0.0,-1920.324871233236,0.0
88301554,10493.547502257812,4615.008905135722,3,3497.8491674192705,0.0,0.43979492198827397,0.0,0.0,0.0,0.0,0.0,0.0,0.14776460361682592,0.0,0.0,0.4124404743949,0.0,-10493.547502257812,0.0
88363970,5523.751845113622,3982.634719456077,2,2761.875922556811,0.0,0.0,0.0,0.0,0.0,0.0,0.0,0.0,1.0,0.0,0.0,0.0,0.0,-5523.751845113622,0.0
88369751,33611.83406727905,5729.736204815639,12,2800.986172273254,0.0,0.0,0.17269844293754655,0.15330150983484256,0.0,0.35445682964950126,0.0,0.0,0.22580471401525837,0.0,0.0,0.0937385035628513,0.0,-33611.83406727905,0.0
88370070,10184.780214369073,3618.04482414835,4,2546.1950535922683,542.7503186010085,0.25374635575676174,0.3383625980786983,0.0,0.0,0.0,0.0,0.0,0.05265070243636842,0.0,0.0,0.3552403437281715,0.0,-9642.029895768064,-17.76512986785771
88490215,21858.40906120265,5886.510758638015,8,2732.301132650331,0.0,0.0,0.2693018847874988,0.0,0.0,0.0,0.0,0.0,0.4578283657924664,0.0,0.0,0.2728697494200349,0.0,-21858.40906120265,0.0
88529024,50483.48450678945,7528.407734718762,15,3365.565633785963,0.0,0.0,0.0,0.0,0.0,0.0,0.0,0.0,0.642472008700889,0.0,0.0,0.21936174979253523,0.1381662415065758,-50483.48450678945,0.0
88532431,20646.14857632568,5478.041508132295,8,2580.76857204071,588.0201776483765,0.0,0.0,0.0,0.0,0.0,0.0,0.0,0.5193638549847819,0.0,0.0,0.4806361450152182,0.0,-20058.1283986773,-34.11129270919617
88534564,5027.664186237096,5027.664186237096,1,5027.664186237096,8640.516914265138,0.0,0.0,0.0,0.0,0.0,0.0,0.0,1.0,0.0,0.0,0.0,0.0,3612.8527280280414,0.4181292350765925
88564256,11974.666573487591,5263.726891352068,3,3991.5555244958637,0.0,0.0,0.0,0.0,0.0,0.0,0.0,0.0,0.5604281038600124,0.0,0.0,0.4395718961399877,0.0,-11974.666573487591,0.0
88580126,28041.777498319745,7301.020249507818,8,3505.222187289968,39.6792473851378,0.12310075256675652,0.0,0.0,0.0,0.0,0.0,0.0,0.7207825829539942,0.0,0.0,0.15611666447924935,0.0,-28002.098250934607,-705.7114259032804
88587456,24713.11481241905,5588.096633335816,10,2471.311481241905,108.17980783469169,0.0,0.0,0.0,0.0,0.0,0.0,0.0,0.6422813124327054,0.0,0.10329123135715712,0.25442745621013757,0.0,-24604.93500458436,-227.4448022886385
88649828,13956.505015880737,3649.776645130144,4,3489.1262539701843,0.0,0.0,0.0,0.0,0.0,0.0,0.0,0.0,0.0,0.0,0.0,1.0,0.0,-13956.505015880737,0.0
88654691,10934.85687707625,5321.606456696685,3,3644.95229235875,0.0,0.0,0.0,0.0,0.0,0.0,0.0,0.48666448189668216,0.13984485805521152,0.0,0.0,0.3734906600481063,0.0,-10934.85687707625,0.0
88655995,92548.29677091104,10000.0,20,4627.414838545552,4594.1935847554305,0.0,0.04964666322672745,0.030300594387923145,0.04680182230113477,0.0,0.0,0.0,0.7876850631984743,0.0,0.0,0.08556585688574034,0.0,-87954.10318615561,-19.144622786033036
88672906,20144.658890218656,5358.1778146970555,6,3357.4431483697763,0.0,0.0,0.0,0.0,0.0,0.0,0.0,0.0,0.704856985234089,0.0,0.0,0.29514301476591087,0.0,-20144.658890218656,0.0
88695127,7307.540939822843,3391.541219239484,3,2435.8469799409477,0.0,0.0,0.4224012738107037,0.0,0.0,0.0,0.0,0.0,0.46411525397785924,0.0,0.0,0.11348347221143697,0.0,-7307.540939822843,0.0
88709564,312.75549257339605,312.75549257339605,1,312.75549257339605,539.6737022308674,0.0,0.0,0.0,0.0,0.0,0.0,0.0,1.0,0.0,0.0,0.0,0.0,226.91820965747132,0.42047297972729053
88766615,22231.504194462133,6013.200024125447,5,4446.300838892426,0.0,0.0,0.0,0.0,0.0,0.0,0.0,0.0,0.0,0.0,0.21099219107969033,0.7890078089203096,0.0,-22231.504194462133,0.0
88824113,39403.07004193242,5939.599509121662,11,3582.097276539311,0.0,0.1487781597335742,0.10344840895477221,0.0,0.07465443768192014,0.10391331199627624,0.0,0.0,0.5320624265659685,0.0,0.0,0.03714325506748866,0.0,-39403.07004193242,0.0
88834180,9183.018855191556,4669.606148254727,2,4591.509427595778,0.0,0.5085044713389429,0.0,0.0,0.0,0.0,0.0,0.0,0.491495528661057,0.0,0.0,0.0,0.0,-9183.018855191556,0.0
88944927,130315.42268282763,10000.0,37,3522.038450887233,30563.193987040475,0.005165710527614395,0.025370460286357713,0.0241533168726451,0.0,0.0437445837884712,0.0,0.12163881482189147,0.6522917471567162,0.0,0.0,0.127635366546304,0.0,-99752.22869578715,-3.263802491915095
88948335,20247.239201833927,3617.4486338204442,11,1840.6581092576298,0.0,0.0,0.0,0.0,0.10223869777806854,0.0,0.0,0.08396039737946909,0.5010875174768132,0.0,0.0,0.13404959040251616,0.178663796963133,-20247.239201833927,0.0
88952686,15557.069421818185,5534.356860880196,4,3889.2673554545463,0.0,0.0,0.0,0.0,0.35574546277452973,0.0,0.0,0.0,0.14704103857045622,0.0,0.0,0.497213498655014,0.0,-15557.069421818185,0.0
88988754,117395.86441518021,8706.317528219468,29,4048.1332556958696,2637.2275611804957,0.0,0.0,0.0,0.16556447492763746,0.0,0.0,0.014783046385008703,0.6759972853500044,0.0,0.0014316747315683135,0.13370505288369608,0.008518465722085089,-114758.63685399972,-43.51487848194283
89096832,9786.932230139617,6449.056790101966,3,3262.3107433798727,0.0,0.0,0.0,0.0,0.0,0.0,0.0,0.0,0.6678507370502151,0.0,0.0,0.3321492629497849,0.0,-9786.932230139617,0.0
89135873,78953.81008404763,6905.36919655667,20,3947.690504202382,1214.5277495848554,0.021814124294259673,0.0,0.0,0.0,0.0,0.0,0.0,0.7160144280351888,0.0,0.0,0.2312810203241784,0.030890427346373116,-77739.28233446277,-64.00782720776472
89161677,9311.004973274872,3246.233967442038,5,1862.2009946549745,2710.9425332888222,0.0,0.0,0.0,0.0,0.148075564039824,0.0,0.280243988760626,0.03900342030607841,0.0,0.0,0.5326770268934716,0.0,-6600.062439986051,-2.434600644956897
89182518,12988.91550621408,4500.914587716904,4,3247.22887655352,0.0,0.0,0.0,0.0,0.0,0.0,0.0,0.0,0.46633595347176676,0.0,0.0,0.5336640465282333,0.0,-12988.91550621408,0.0
89213167,4046.500212446795,2492.214759144937,2,2023.2501062233976,0.0,0.0,0.0,0.0,0.0,0.0,0.0,0.0,0.6158938905968747,0.0,0.0,0.38410610940312523,0.0,-4046.500212446795,0.0
89227921,59936.459811403256,6785.32388357128,18,3329.8033228557365,3462.3947491525228,0.11701743480232635,0.20788538889094915,0.08048844295167043,0.1480687746941902,0.0,0.0,0.0,0.3397598490680036,0.0,0.07880140531304865,0.02797870427981163,0.0,-56474.06506225073,-16.31069509797335
89264104,12303.008035165407,5708.452117754174,3,4101.00267838847,0.0,0.0,0.0,0.0,0.0,0.0,0.0,0.0,0.7316280826335243,0.0,0.0,0.26837191736647575,0.0,-12303.008035165407,0.0
89331591,65329.379865266244,10000.0,16,4083.0862415791403,891.3493181375438,0.0,0.0,0.0,0.09920739745664454,0.0,0.0,0.0,0.78830826145401,0.0,0.0,0.11248434108934535,0.0,-64438.03054712871,-72.2926794646241
89362859,60379.489610715595,6809.34580911193,15,4025.2993073810394,2248.475315588899,0.0,0.0,0.0,0.09264657078829477,0.0,0.0,0.14955814858105562,0.055658803648158624,0.0,0.22095242425148437,0.4312560107814722,0.04992804194953444,-58131.0142951267,-25.853525672307228
89405671,70215.42315760399,7459.41840666906,21,3343.591578933523,150.87592367207182,0.0,0.0,0.0,0.06883810402779517,0.022275905820900357,0.0,0.0,0.5596279816236229,0.0,0.0,0.2779622940175301,0.07129571451015151,-70064.54723393192,-464.3852082471218
89413381,7981.477984096436,4901.220518863704,3,2660.4926613654784,5164.6026994366475,0.0,0.0,0.0,0.0,0.0,0.0,0.23469756463747227,0.15122813375702637,0.0,0.0,0.6140743016055014,0.0,-2816.8752846597877,-0.5454195508527793
89413573,36471.24414288146,6118.55038962131,8,4558.905517860183,4540.166024599372,0.0,0.0,0.0,0.0,0.0,0.0,0.0,0.8301681521656712,0.0,0.0,0.13298541267525843,0.0368464351590703,-31931.078118282094,-7.033019925983813
89435779,11165.656313145182,4476.102612635619,4,2791.4140782862955,0.0,0.0,0.0,0.0,0.0,0.0,0.0,0.0,0.8275346178054539,0.0,0.0,0.17246538219454613,0.0,-11165.656313145182,0.0
89436043,10643.642039207607,6141.2309084224435,2,5321.8210196038035,1665.9228555217321,0.0,0.0,0.0,0.0,0.0,0.0,0.0,1.0,0.0,0.0,0.0,0.0,-8977.719183685876,-5.389036565486247
89486805,17551.14045511926,10000.0,5,3510.2280910238524,1558.0981992451345,0.0,0.5697635447435117,0.0,0.0,0.0,0.0,0.0,0.1782139217185145,0.0,0.0,0.010280123443896842,0.24174241009407701,-15993.042255874125,-10.264463602886142
89491433,10667.010387604425,5249.963314157247,4,2666.7525969011062,0.0,0.0,0.0,0.0,0.0,0.0,0.0,0.0,0.7563813801176376,0.0,0.0,0.0,0.24361861988236244,-10667.010387604425,0.0
89524110,6448.103935790973,4554.738459189191,2,3224.0519678954865,0.0,0.0,0.0,0.0,0.0,0.0,0.0,0.0,0.0,0.0,0.0,1.0,0.0,-6448.103935790973,0.0
89530267,10148.075428256963,4425.726049005938,4,2537.018857064241,0.0,0.0,0.0,0.0,0.05892477282416776,0.0,0.0,0.0,0.0,0.0,0.43611481608450187,0.5049604110913304,0.0,-10148.075428256963,0.0
89590969,21666.60679007865,6905.615006754166,6,3611.101131679775,0.0,0.0,0.0873653325895451,0.0,0.0,0.20986508993243397,0.0,0.0,0.5130025639281441,0.0,0.0,0.18976701354987685,0.0,-21666.60679007865,0.0
89663682,50679.52335523543,6505.432801033104,16,3167.4702097022146,0.0,0.16663820726770714,0.11528160908737052,0.0,0.05406742341914626,0.0,0.0,0.0,0.34884175735818307,0.0,0.0,0.3151710028675929,0.0,-50679.52335523543,0.0
89680102,7041.542752365876,2703.880825207537,4,1760.385688091469,14484.784675824827,0.0,0.0,0.0,0.0,0.23611307402379064,0.0,0.0,0.5746572930232096,0.0,0.0,0.18922963295299983,0.0,7443.241923458951,0.5138662458601649
89691432,35224.016744073095,6132.635078845076,14,2516.001196005221,0.0,0.001869649766517691,0.0,0.0,0.0,0.0752301814330249,0.0,0.0,0.5869097402375509,0.0,0.0,0.3359904285629065,0.0,-35224.016744073095,0.0
89701100,30705.731451530635,4164.040088060436,14,2193.266532252188,2458.3384998928677,0.09354520471690786,0.0,0.0,0.0,0.0,0.0,0.0,0.18226688743868283,0.0,0.0,0.397531335947753,0.32665657189665637,-28247.39295163777,-11.49044078057955
89710819,17008.282415252845,4526.990603153739,7,2429.7546307504062,249.4447176349551,0.2661638896055714,0.0,0.0,0.0,0.0,0.0,0.0,0.6500398543718886,0.0,0.0,0.08379625602254008,0.0,-16758.837697617888,-67.18457643245537
89742177,30891.163830446163,5212.4897210668805,14,2206.511702174726,0.0,0.0,0.0,0.0,0.0,0.0,0.0,0.0,0.4328901299208753,0.0,0.0,0.5671098700791247,0.0,-30891.163830446163,0.0
89744567,43740.79424453991,6448.94772103516,11,3976.4358404127192,0.0,0.24167816801274655,0.0,0.0,0.0,0.0,0.0,0.0,0.44800815462480903,0.11477941961763855,0.09127360554718557,0.10426065219762036,0.0,-43740.79424453991,0.0
89756715,5268.10267780377,4646.21223925577,2,2634.051338901885,1241.9538730511556,0.0,0.0,0.0,0.0,0.0,0.0,0.0,0.8819517240679027,0.0,0.0,0.11804827593209735,0.0,-4026.148804752615,-3.2417861018150544
89777932,33108.36575762882,6442.264451886163,8,4138.545719703602,0.0,0.0,0.0,0.0,0.2652895884043023,0.0,0.0,0.0,0.1342641547747556,0.0,0.0,0.6004462568209421,0.0,-33108.36575762882,0.0
89799075,3004.567833658137,2188.622333411145,2,1502.2839168290684,0.0,0.0,0.0,0.0,0.0,0.0,0.0,0.0,0.0,0.0,0.7284316595862781,0.2715683404137219,0.0,-3004.567833658137,0.0
89854049,8518.198001739838,4330.932312120449,2,4259.099000869919,0.0,0.0,0.0,0.0,0.0,0.0,0.0,0.0,0.49156707660049015,0.0,0.0,0.5084329233995099,0.0,-8518.198001739838,0.0
89855000,21091.209809993958,10000.0,5,4218.241961998791,249.1878464912497,0.0,0.13714866136615078,0.0,0.0,0.0,0.0,0.0,0.8628513386338492,0.0,0.0,0.0,0.0,-20842.02196350271,-83.6398012863544
89918692,46032.61154832847,6904.538904441439,14,3288.043682023462,4396.480723109465,0.0,0.0,0.0,0.0,0.050038791981328795,0.0,0.0,0.9033486433545782,0.0,0.0,0.04661256466409294,0.0,-41636.13082521901,-9.470331714720075
