user_id,socdem_cluster,region
1228,17.0,37.0
2329,5.0,11.0
14445,9.0,59.0
16466,12.0,38.0
23408,12.0,88.0
25727,9.0,56.0
26370,21.0,2.0
33729,21.0,81.0
36396,20.0,31.0
42711,21.0,2.0
49935,0.0,25.0
64418,9.0,63.0
72420,4.0,59.0
79986,17.0,76.0
81361,7.0,63.0
85783,20.0,2.0
85968,9.0,2.0
86238,9.0,18.0
101854,17.0,9.0
106434,0.0,72.0
110056,0.0,43.0
113323,9.0,2.0
116284,5.0,86.0
122466,4.0,90.0
124295,5.0,35.0
130873,17.0,25.0
133375,4.0,82.0
141421,19.0,54.0
146298,4.0,18.0
147116,4.0,51.0
150723,5.0,61.0
156315,12.0,2.0
156529,9.0,15.0
161444,21.0,84.0
162814,19.0,28.0
164867,4.0,71.0
168742,21.0,37.0
172522,17.0,37.0
173536,4.0,51.0
177449,5.0,24.0
177686,20.0,11.0
193194,20.0,2.0
194902,0.0,11.0
198147,9.0,21.0
205584,20.0,84.0
209880,10.0,60.0
211670,9.0,2.0
219738,21.0,17.0
221475,7.0,64.0
237569,21.0,41.0
239939,17.0,59.0
242379,19.0,60.0
246517,12.0,54.0
272179,12.0,60.0
279511,12.0,2.0
281039,12.0,48.0
281408,21.0,61.0
284193,0.0,46.0
287061,21.0,54.0
290788,7.0,51.0
292344,20.0,27.0
294573,7.0,60.0
294581,4.0,2.0
295405,12.0,13.0
307443,19.0,61.0
308127,19.0,14.0
314544,10.0,2.0
321323,9.0,59.0
333814,5.0,90.0
334170,20.0,55.0
339396,20.0,2.0
340160,21.0,28.0
350414,19.0,77.0
354548,21.0,25.0
358189,21.0,61.0
371858,12.0,2.0
375355,21.0,59.0
377507,21.0,24.0
377867,20.0,35.0
378160,9.0,84.0
378929,19.0,2.0
394383,21.0,40.0
398429,10.0,36.0
400112,10.0,2.0
406142,5.0,25.0
407736,21.0,1.0
419074,5.0,56.0
431872,17.0,90.0
436424,20.0,17.0
439018,5.0,24.0
441184,7.0,66.0
445020,12.0,2.0
453137,12.0,82.0
459908,9.0,77.0
463848,12.0,88.0
465539,9.0,11.0
480088,21.0,2.0
480698,21.0,2.0
482224,9.0,2.0
489700,17.0,59.0
495610,21.0,56.0
505024,9.0,87.0
506343,12.0,21.0
514168,20.0,49.0
548875,10.0,36.0
550886,9.0,24.0
560868,17.0,2.0
562180,0.0,15.0
566400,12.0,14.0
566799,20.0,46.0
568006,20.0,67.0
580762,10.0,27.0
582633,12.0,71.0
583113,17.0,86.0
583192,12.0,24.0
587370,9.0,56.0
589070,20.0,53.0
590728,19.0,35.0
593170,9.0,11.0
594188,17.0,36.0
595043,17.0,90.0
598200,12.0,59.0
601394,9.0,2.0
607655,17.0,39.0
616808,12.0,2.0
619496,21.0,67.0
627605,12.0,88.0
627781,12.0,2.0
648370,21.0,48.0
650285,12.0,37.0
655222,21.0,46.0
676721,20.0,59.0
689522,17.0,2.0
695571,17.0,54.0
695887,4.0,2.0
698869,5.0,90.0
703772,20.0,60.0
708344,19.0,71.0
709637,20.0,59.0
712960,7.0,27.0
714938,10.0,13.0
715451,20.0,52.0
729134,5.0,32.0
730943,12.0,2.0
731442,12.0,2.0
731736,20.0,24.0
734393,20.0,0.0
735351,17.0,17.0
737199,10.0,18.0
740146,9.0,46.0
741103,12.0,61.0
751626,12.0,2.0
752387,21.0,84.0
753461,9.0,24.0
757226,21.0,38.0
762518,12.0,56.0
765327,12.0,2.0
768999,5.0,37.0
776988,4.0,18.0
781476,17.0,29.0
787726,17.0,59.0
790228,21.0,67.0
792455,10.0,59.0
793020,19.0,71.0
794922,5.0,84.0
798399,21.0,67.0
801116,17.0,19.0
805309,20.0,1.0
805949,20.0,59.0
819328,17.0,2.0
824653,20.0,33.0
828142,9.0,73.0
832093,12.0,82.0
835615,21.0,2.0
836666,17.0,2.0
842164,21.0,2.0
845177,10.0,90.0
860590,19.0,2.0
863386,21.0,2.0
863441,19.0,60.0
865013,0.0,36.0
870655,9.0,0.0
871239,19.0,46.0
875264,9.0,67.0
882794,21.0,87.0
884845,12.0,2.0
886626,12.0,2.0
890080,4.0,56.0
892546,5.0,29.0
895141,21.0,2.0
896682,21.0,2.0
897591,10.0,0.0
908670,9.0,61.0
913170,21.0,85.0
916046,20.0,55.0
920351,12.0,24.0
920476,12.0,81.0
922099,20.0,82.0
928230,21.0,32.0
933635,12.0,2.0
944058,21.0,76.0
952840,12.0,74.0
956097,19.0,2.0
957256,19.0,25.0
959060,17.0,2.0
963595,20.0,73.0
964818,20.0,2.0
965252,20.0,83.0
969009,12.0,28.0
972014,0.0,18.0
981664,21.0,25.0
989829,9.0,70.0
991621,12.0,2.0
996821,12.0,63.0
1005643,20.0,36.0
1005817,19.0,17.0
1010500,21.0,2.0
1012246,20.0,31.0
1013461,19.0,88.0
1024123,10.0,2.0
1026710,19.0,2.0
1027448,21.0,60.0
1031627,7.0,18.0
1034267,21.0,11.0
1035735,12.0,17.0
1035986,17.0,60.0
1039562,9.0,72.0
1041888,18.0,5.0
1043621,17.0,2.0
1044033,19.0,60.0
1048863,17.0,70.0
1050887,9.0,29.0
1060416,10.0,25.0
1063867,19.0,2.0
1079609,7.0,2.0
1079882,20.0,22.0
1088503,21.0,23.0
1089257,9.0,2.0
1089864,20.0,25.0
1093125,12.0,41.0
1098078,17.0,90.0
1098165,12.0,37.0
1098888,0.0,72.0
1098975,12.0,21.0
1101651,12.0,11.0
1111537,20.0,90.0
1117389,21.0,2.0
1122070,10.0,36.0
1134093,5.0,44.0
1142332,4.0,2.0
1142514,21.0,2.0
1148563,7.0,90.0
1162314,12.0,90.0
1162761,10.0,24.0
1164504,20.0,24.0
1166861,12.0,60.0
1167168,21.0,2.0
1171082,21.0,85.0
1171854,10.0,81.0
1172667,17.0,2.0
1173282,21.0,75.0
1177426,12.0,60.0
1182614,9.0,77.0
1187545,5.0,84.0
1188174,21.0,15.0
1199624,12.0,11.0
1201480,9.0,16.0
1211074,18.0,56.0
1215485,12.0,18.0
1217467,21.0,4.0
1227984,20.0,18.0
1228491,21.0,2.0
1230213,5.0,18.0
1231072,9.0,15.0
1234894,4.0,2.0
1243199,21.0,15.0
1245962,20.0,2.0
1249599,7.0,84.0
1259887,21.0,64.0
1268618,20.0,60.0
1270094,12.0,25.0
1271901,12.0,2.0
1275111,0.0,67.0
1275340,17.0,23.0
1276443,21.0,50.0
1276873,12.0,60.0
1278197,17.0,2.0
1285687,4.0,2.0
1288175,21.0,82.0
1296678,7.0,29.0
1303903,11.0,2.0
1310072,12.0,2.0
1310461,7.0,2.0
1314899,12.0,71.0
1317012,17.0,15.0
1318152,21.0,2.0
1318637,21.0,2.0
1320656,10.0,40.0
1322222,17.0,11.0
1324740,12.0,60.0
1325082,17.0,90.0
1326027,10.0,55.0
1326156,17.0,3.0
1327430,9.0,60.0
1327542,12.0,2.0
1334221,21.0,60.0
1336187,12.0,90.0
1342692,17.0,60.0
1343705,19.0,31.0
1344603,12.0,76.0
1347389,17.0,2.0
1349779,21.0,11.0
1351926,19.0,29.0
1353459,17.0,90.0
1358115,12.0,60.0
1371305,12.0,24.0
1379234,9.0,11.0
1380722,10.0,86.0
1381465,12.0,31.0
1383960,21.0,2.0
1387426,9.0,2.0
1389755,17.0,72.0
1390089,17.0,2.0
1394713,17.0,85.0
1396217,20.0,18.0
1400252,19.0,67.0
1401065,7.0,58.0
1403578,9.0,13.0
1405189,12.0,2.0
1413201,9.0,2.0
1414455,9.0,24.0
1415633,19.0,60.0
1421878,12.0,2.0
1422597,12.0,25.0
1434140,18.0,11.0
1434917,21.0,83.0
1435279,17.0,81.0
1437203,7.0,2.0
1447280,5.0,76.0
1453890,10.0,64.0
1462426,12.0,46.0
1466529,4.0,2.0
1468308,12.0,86.0
1471155,21.0,86.0
1481465,4.0,17.0
1482139,12.0,17.0
1485648,17.0,2.0
1489317,21.0,17.0
1494368,21.0,21.0
1501642,12.0,60.0
1502233,12.0,82.0
1502282,17.0,24.0
1502986,12.0,60.0
1518736,19.0,90.0
1529885,17.0,2.0
1531982,21.0,60.0
1544157,9.0,41.0
1552290,18.0,74.0
1564314,19.0,90.0
1565578,21.0,59.0
1582063,21.0,48.0
1597225,5.0,8.0
1605707,17.0,82.0
1608405,19.0,70.0
1615644,21.0,60.0
1616473,20.0,60.0
1623206,20.0,90.0
1624096,17.0,59.0
1625397,21.0,2.0
1629605,7.0,60.0
1630867,21.0,60.0
1630916,21.0,13.0
1637571,12.0,2.0
1642050,21.0,59.0
1642167,20.0,18.0
1648797,10.0,75.0
1653950,21.0,84.0
1655709,4.0,54.0
1657202,21.0,85.0
1665321,20.0,2.0
1671602,17.0,2.0
1675928,17.0,88.0
1679735,21.0,82.0
1685513,10.0,2.0
1686780,20.0,29.0
1691578,17.0,90.0
1694504,12.0,90.0
1701803,21.0,75.0
1704493,18.0,56.0
1704665,17.0,25.0
1705796,21.0,2.0
1714490,20.0,64.0
1715028,9.0,60.0
1716897,21.0,2.0
1723795,17.0,67.0
1727459,17.0,41.0
1731121,10.0,18.0
1732916,17.0,2.0
1740548,5.0,37.0
1740768,10.0,21.0
1743676,12.0,76.0
1768996,12.0,2.0
1773639,12.0,60.0
1774451,20.0,42.0
1775951,20.0,2.0
1778012,9.0,2.0
1790219,9.0,90.0
1790329,19.0,59.0
1796380,5.0,60.0
1808515,9.0,2.0
1814818,20.0,8.0
1831186,17.0,2.0
1834624,5.0,18.0
1841022,20.0,36.0
1844357,4.0,40.0
1851722,21.0,82.0
1852694,21.0,76.0
1853565,21.0,2.0
1857066,9.0,27.0
1857583,21.0,85.0
1861167,0.0,73.0
1862134,19.0,90.0
1865669,17.0,76.0
1871182,10.0,29.0
1878912,4.0,90.0
1910090,12.0,17.0
1910161,9.0,84.0
1923781,21.0,2.0
1924996,12.0,29.0
1926856,12.0,2.0
1929948,12.0,55.0
1940157,17.0,11.0
1945984,9.0,2.0
1954669,9.0,53.0
1961838,21.0,7.0
1968642,12.0,2.0
1969235,10.0,53.0
1972940,19.0,59.0
1973529,9.0,59.0
1983515,12.0,55.0
1984888,4.0,2.0
1992803,17.0,41.0
2002329,4.0,46.0
2004865,9.0,90.0
2012551,19.0,2.0
2012832,21.0,53.0
2013791,0.0,2.0
2016399,9.0,63.0
2017488,21.0,2.0
2018721,10.0,18.0
2021393,19.0,30.0
2024966,21.0,2.0
2025787,17.0,90.0
2028539,17.0,60.0
2029480,7.0,75.0
2031729,10.0,67.0
2032034,12.0,21.0
2032713,21.0,2.0
2033057,17.0,11.0
2035032,12.0,24.0
2046170,12.0,60.0
2054902,0.0,2.0
2058665,9.0,2.0
2075107,19.0,29.0
2075271,12.0,63.0
2077862,17.0,2.0
2078201,12.0,2.0
2082328,9.0,63.0
2089000,17.0,46.0
2094696,20.0,90.0
2100452,12.0,46.0
2100895,17.0,12.0
2106294,9.0,60.0
2107473,21.0,2.0
2116910,10.0,49.0
2128775,10.0,90.0
2131317,17.0,29.0
2132220,19.0,64.0
2132767,12.0,50.0
2139049,4.0,33.0
2142923,21.0,56.0
2147564,20.0,0.0
2149009,20.0,12.0
2154760,12.0,2.0
2155662,20.0,11.0
2162530,21.0,59.0
2174255,21.0,44.0
2174783,5.0,56.0
2176527,20.0,2.0
2177331,12.0,36.0
2191623,12.0,34.0
2193863,21.0,2.0
2194395,12.0,2.0
2197872,17.0,2.0
2198068,12.0,25.0
2200044,21.0,2.0
2209074,0.0,25.0
2218468,12.0,2.0
2219376,12.0,85.0
2229372,9.0,53.0
2230852,12.0,29.0
2236220,17.0,64.0
2242790,9.0,76.0
2243839,17.0,2.0
2243999,21.0,2.0
2249061,21.0,2.0
2253381,17.0,16.0
2259350,9.0,18.0
2259807,4.0,28.0
2263781,18.0,23.0
2264494,20.0,90.0
2267169,19.0,77.0
2272198,19.0,24.0
2276493,19.0,60.0
2277587,0.0,90.0
2278243,9.0,56.0
2279630,17.0,24.0
2280007,21.0,28.0
2289754,21.0,84.0
2291146,12.0,51.0
2296863,17.0,24.0
2298579,21.0,18.0
2300625,20.0,18.0
2303038,20.0,2.0
2304829,12.0,51.0
2306840,10.0,17.0
2310319,21.0,66.0
2315887,12.0,2.0
2319526,4.0,53.0
2321710,12.0,2.0
2329464,21.0,10.0
2333151,5.0,8.0
2337230,21.0,2.0
2338713,10.0,40.0
2339176,12.0,2.0
2344789,0.0,38.0
2345543,21.0,44.0
2353846,20.0,24.0
2355377,12.0,55.0
2368461,17.0,18.0
2371274,9.0,49.0
2373734,17.0,2.0
2386155,20.0,74.0
2386893,9.0,90.0
2388332,12.0,33.0
2400190,20.0,18.0
2400682,5.0,2.0
2411423,19.0,42.0
2413939,9.0,24.0
2416329,5.0,2.0
2419341,17.0,37.0
2427733,12.0,2.0
2436886,21.0,27.0
2445537,0.0,2.0
2446867,12.0,2.0
2452975,10.0,72.0
2454612,20.0,88.0
2455360,17.0,0.0
2457757,12.0,2.0
2467437,9.0,86.0
2468246,9.0,72.0
2476326,12.0,90.0
2476481,20.0,4.0
2477193,4.0,72.0
2485482,19.0,61.0
2486254,20.0,15.0
2489824,17.0,60.0
2492587,21.0,24.0
2492844,10.0,2.0
2494502,17.0,29.0
2498409,19.0,2.0
2504858,12.0,2.0
2506840,10.0,24.0
2511599,19.0,25.0
2519029,17.0,71.0
2523556,21.0,2.0
2540906,4.0,66.0
2551242,12.0,2.0
2555197,21.0,90.0
2568566,17.0,1.0
2568804,12.0,82.0
2570136,5.0,24.0
2573203,21.0,9.0
2584921,4.0,2.0
2588586,21.0,67.0
2602082,20.0,29.0
2603737,12.0,2.0
2604900,4.0,2.0
2611536,20.0,56.0
2615248,21.0,23.0
2616662,19.0,72.0
2617026,19.0,17.0
2619847,21.0,71.0
2619883,21.0,60.0
2625462,20.0,36.0
2640736,10.0,25.0
2651095,10.0,90.0
2651868,9.0,61.0
2659159,21.0,29.0
2663845,9.0,67.0
2665801,20.0,76.0
2671327,10.0,25.0
2680756,0.0,28.0
2682247,5.0,54.0
2685841,12.0,37.0
2708606,4.0,71.0
2710312,18.0,84.0
2710456,17.0,59.0
2712104,7.0,60.0
2713166,12.0,28.0
2716059,12.0,2.0
2717749,12.0,37.0
2723493,21.0,60.0
2735059,19.0,60.0
2737592,21.0,82.0
2743763,8.0,2.0
2769019,12.0,2.0
2772469,17.0,2.0
2776938,1.0,60.0
2781335,17.0,48.0
2799763,12.0,51.0
2803891,0.0,18.0
2807646,17.0,2.0
2808853,10.0,18.0
2809801,18.0,18.0
2809889,21.0,2.0
2816284,12.0,51.0
2818563,12.0,60.0
2824550,12.0,60.0
2825079,21.0,90.0
2830471,18.0,5.0
2832645,21.0,2.0
2837631,4.0,2.0
2856047,17.0,2.0
2863426,20.0,2.0
2869079,5.0,61.0
2882129,17.0,11.0
2886831,17.0,45.0
2891693,21.0,53.0
2892363,12.0,2.0
2892497,5.0,24.0
2911469,21.0,25.0
2915260,12.0,2.0
2924327,9.0,84.0
2928106,5.0,84.0
2932142,4.0,82.0
2932341,18.0,18.0
2934367,21.0,24.0
2936517,21.0,2.0
2937368,5.0,72.0
2937856,21.0,24.0
2947677,12.0,78.0
2948599,10.0,29.0
2952717,17.0,29.0
2956798,10.0,2.0
2956936,9.0,25.0
2959085,17.0,2.0
2962076,20.0,2.0
2963148,20.0,2.0
2970296,17.0,23.0
2978228,0.0,53.0
2989819,12.0,60.0
2994166,12.0,2.0
2995203,17.0,2.0
3003914,17.0,60.0
3004749,4.0,17.0
3009004,12.0,2.0
3011226,17.0,0.0
3016348,17.0,67.0
3018835,9.0,36.0
3023118,12.0,2.0
3024832,12.0,58.0
3032005,12.0,60.0
3034003,17.0,2.0
3053797,9.0,2.0
3055263,17.0,2.0
3057186,20.0,17.0
3057654,17.0,2.0
3060207,19.0,30.0
3062970,21.0,41.0
3065567,9.0,18.0
3067094,12.0,17.0
3068114,4.0,90.0
3071597,9.0,59.0
3074135,21.0,2.0
3075786,21.0,59.0
3083134,17.0,24.0
3088311,5.0,2.0
3095073,21.0,60.0
3098929,21.0,64.0
3100220,21.0,90.0
3119256,4.0,2.0
3129184,21.0,48.0
3130401,21.0,25.0
3139538,9.0,82.0
3142154,19.0,67.0
3151223,4.0,2.0
3151591,12.0,31.0
3157326,17.0,63.0
3165381,12.0,2.0
3171534,7.0,36.0
3173101,12.0,45.0
3174326,21.0,90.0
3191893,12.0,76.0
3197291,4.0,90.0
3197466,19.0,59.0
3197758,20.0,68.0
3200107,12.0,8.0
3204414,12.0,21.0
3206290,12.0,90.0
3221193,5.0,56.0
3221594,21.0,29.0
3225714,5.0,85.0
3234145,12.0,86.0
3236667,12.0,85.0
3240076,20.0,18.0
3241209,21.0,24.0
3243846,20.0,85.0
3250139,12.0,59.0
3252851,0.0,4.0
3253052,9.0,11.0
3255117,9.0,36.0
3256524,17.0,17.0
3257740,9.0,2.0
3261967,21.0,6.0
3268443,20.0,60.0
3283287,9.0,2.0
3284420,19.0,13.0
3291939,21.0,72.0
3292521,12.0,90.0
3297524,9.0,89.0
3298770,17.0,24.0
3310599,21.0,71.0
3317050,17.0,2.0
3320406,17.0,31.0
3322884,4.0,35.0
3329903,4.0,19.0
3331949,0.0,29.0
3335131,17.0,12.0
3338674,12.0,1.0
3341344,12.0,18.0
3348304,9.0,60.0
3377513,1.0,0.0
3379468,10.0,18.0
3381263,12.0,44.0
3383837,9.0,3.0
3390736,7.0,41.0
3403488,10.0,67.0
3405684,19.0,60.0
3410628,12.0,9.0
3414390,5.0,85.0
3414857,9.0,60.0
3416648,19.0,60.0
3418332,9.0,67.0
3419260,20.0,90.0
3420496,0.0,42.0
3427120,9.0,60.0
3429167,12.0,2.0
3429656,9.0,60.0
3431368,20.0,13.0
3445598,17.0,2.0
3453414,17.0,60.0
3458976,21.0,19.0
3463126,9.0,42.0
3465550,9.0,67.0
3468540,10.0,25.0
3471280,12.0,5.0
3483493,5.0,59.0
3483771,21.0,9.0
3484843,21.0,42.0
3485017,17.0,2.0
3497364,0.0,25.0
3500187,12.0,61.0
3501157,10.0,9.0
3503760,12.0,54.0
3504139,17.0,48.0
3509895,12.0,53.0
3518633,0.0,25.0
3520122,12.0,63.0
3520199,4.0,15.0
3522769,4.0,27.0
3529332,9.0,2.0
3535339,17.0,29.0
3535520,17.0,11.0
3536172,10.0,33.0
3539620,0.0,2.0
3544181,5.0,85.0
3544790,17.0,60.0
3550397,12.0,32.0
3562566,21.0,84.0
3573292,4.0,10.0
3573846,20.0,12.0
3576002,5.0,15.0
3583002,19.0,5.0
3591474,17.0,2.0
3604493,20.0,2.0
3606941,17.0,81.0
3612640,4.0,60.0
3613632,21.0,60.0
3618158,0.0,36.0
3620337,12.0,60.0
3623307,21.0,31.0
3625175,18.0,56.0
3636938,17.0,2.0
3647191,0.0,60.0
3652585,17.0,0.0
3654460,12.0,2.0
3663949,21.0,35.0
3667225,10.0,36.0
3677125,4.0,2.0
3680425,21.0,60.0
3682051,12.0,57.0
3682249,5.0,67.0
3686621,17.0,73.0
3691983,12.0,37.0
3696627,9.0,75.0
3706455,21.0,60.0
3707979,5.0,61.0
3711374,17.0,67.0
3729403,9.0,2.0
3730562,12.0,17.0
3737587,17.0,67.0
3742909,20.0,58.0
3750769,12.0,90.0
3757241,21.0,25.0
3764303,20.0,37.0
3774283,9.0,60.0
3776707,12.0,7.0
3783924,12.0,64.0
3784641,19.0,24.0
3792527,21.0,18.0
3795457,9.0,18.0
3802405,2.0,60.0
3804669,21.0,25.0
3806885,12.0,2.0
3822252,10.0,64.0
3824047,17.0,11.0
3825734,12.0,18.0
3837859,20.0,87.0
3840072,7.0,0.0
3840408,17.0,21.0
3840471,12.0,3.0
3842607,19.0,2.0
3863323,9.0,55.0
3865997,19.0,18.0
3868173,4.0,11.0
3868856,9.0,2.0
3872144,12.0,60.0
3875559,20.0,24.0
3879104,21.0,18.0
3881255,12.0,31.0
3883990,12.0,60.0
3885137,17.0,60.0
3888010,9.0,15.0
3899838,17.0,2.0
3905230,17.0,2.0
3905996,21.0,17.0
3907040,4.0,10.0
3912393,10.0,82.0
3926006,20.0,37.0
3926957,21.0,36.0
3936280,4.0,2.0
3938763,12.0,37.0
3942586,12.0,72.0
3946282,21.0,81.0
3950229,4.0,17.0
3954163,17.0,24.0
3967761,0.0,33.0
3969407,0.0,2.0
3970105,21.0,38.0
3970586,19.0,11.0
3979465,12.0,86.0
3984220,4.0,5.0
3986432,12.0,17.0
3991933,0.0,12.0
3998532,17.0,29.0
4011611,10.0,2.0
4018768,9.0,28.0
4034289,12.0,2.0
4036964,12.0,29.0
4045497,17.0,29.0
4060454,4.0,12.0
4068461,18.0,2.0
4070772,17.0,11.0
4075321,5.0,17.0
4078216,19.0,60.0
4090643,17.0,29.0
4092922,19.0,2.0
4099867,19.0,61.0
4107643,17.0,11.0
4107702,21.0,84.0
4107896,17.0,90.0
4117529,21.0,79.0
4119705,21.0,10.0
4122837,12.0,42.0
4125079,20.0,42.0
4131456,19.0,77.0
4132361,12.0,29.0
4139848,9.0,2.0
4140166,17.0,84.0
4147569,17.0,2.0
4153060,17.0,17.0
4154175,7.0,42.0
4161903,19.0,85.0
4162422,19.0,15.0
4164294,12.0,2.0
4183153,20.0,15.0
4183167,17.0,37.0
4190224,17.0,6.0
4193320,17.0,85.0
4208675,5.0,67.0
4209251,21.0,48.0
4212487,12.0,2.0
4215978,20.0,12.0
4224779,9.0,2.0
4225355,12.0,2.0
4232406,10.0,72.0
4234418,9.0,60.0
4234729,19.0,12.0
4237353,12.0,85.0
4237628,21.0,11.0
4249431,9.0,67.0
4249645,20.0,55.0
4255968,21.0,71.0
4260865,17.0,2.0
4267484,17.0,90.0
4268177,19.0,60.0
4268632,4.0,2.0
4270696,17.0,90.0
4285732,20.0,2.0
4287477,19.0,17.0
4290795,21.0,53.0
4298423,20.0,55.0
4301065,20.0,2.0
4301586,17.0,29.0
4301820,0.0,2.0
4310428,17.0,33.0
4310569,12.0,47.0
4323345,21.0,72.0
4329896,21.0,2.0
4330513,18.0,63.0
4331341,17.0,2.0
4332076,20.0,11.0
4337195,7.0,62.0
4338003,4.0,88.0
4342758,0.0,85.0
4353172,12.0,29.0
4357822,20.0,54.0
4361834,12.0,2.0
4379926,12.0,2.0
4393974,20.0,49.0
4405559,0.0,50.0
4407838,4.0,2.0
4410581,9.0,59.0
4415541,17.0,46.0
4418391,12.0,9.0
4419497,21.0,60.0
4420462,0.0,2.0
4426532,17.0,82.0
4427133,19.0,53.0
4430927,12.0,60.0
4434691,0.0,90.0
4434843,21.0,60.0
4436155,20.0,46.0
4438997,9.0,81.0
4444155,5.0,2.0
4445168,0.0,2.0
4451057,9.0,90.0
4452141,21.0,73.0
4455669,21.0,18.0
4469646,17.0,67.0
4470673,20.0,75.0
4470726,9.0,2.0
4472955,4.0,11.0
4480645,17.0,60.0
4485906,9.0,2.0
4487730,20.0,60.0
4488743,21.0,90.0
4489666,9.0,88.0
4490325,0.0,81.0
4493126,21.0,84.0
4493140,17.0,2.0
4493422,9.0,25.0
4494705,17.0,28.0
4500138,21.0,60.0
4504465,12.0,17.0
4509471,10.0,82.0
4509928,4.0,0.0
4514458,17.0,40.0
4514630,17.0,2.0
4514866,17.0,4.0
4515160,10.0,46.0
4516416,17.0,64.0
4517557,21.0,76.0
4520719,18.0,84.0
4531128,5.0,90.0
4534245,20.0,72.0
4535291,17.0,24.0
4535709,0.0,18.0
4537842,12.0,85.0
4548390,7.0,36.0
4548828,9.0,2.0
4555910,12.0,76.0
4558831,17.0,2.0
4561194,12.0,41.0
4570416,12.0,68.0
4574304,21.0,25.0
4575314,4.0,18.0
4575480,4.0,2.0
4580297,17.0,60.0
4587757,0.0,3.0
4590851,19.0,3.0
4591245,17.0,90.0
4595346,4.0,2.0
4597908,0.0,36.0
4609728,17.0,13.0
4613758,12.0,60.0
4614498,9.0,90.0
4625655,12.0,24.0
4625907,9.0,2.0
4626002,12.0,2.0
4626994,19.0,81.0
4628364,12.0,60.0
4635664,0.0,28.0
4645030,7.0,17.0
4646437,9.0,71.0
4648723,4.0,63.0
4649995,17.0,51.0
4652452,21.0,2.0
4652523,19.0,2.0
4684086,21.0,9.0
4685293,9.0,88.0
4695899,0.0,54.0
4698706,20.0,37.0
4700819,19.0,59.0
4704456,21.0,90.0
4718985,20.0,12.0
4725570,17.0,18.0
4727664,0.0,2.0
4736377,9.0,18.0
4740719,17.0,61.0
4745414,19.0,52.0
4747704,0.0,67.0
4750403,5.0,2.0
4750557,12.0,55.0
4751513,5.0,90.0
4761335,12.0,31.0
4762088,17.0,2.0
4766382,17.0,2.0
4768680,7.0,36.0
4769535,21.0,60.0
4774012,9.0,76.0
4774676,21.0,59.0
4775416,12.0,2.0
4776578,19.0,59.0
4779563,21.0,85.0
4782830,4.0,37.0
4784303,4.0,18.0
4789200,21.0,83.0
4795275,21.0,59.0
4799313,21.0,2.0
4805456,19.0,19.0
4813579,20.0,56.0
4824475,9.0,8.0
4827640,0.0,13.0
4828696,17.0,61.0
4837703,17.0,36.0
4838685,12.0,11.0
4839885,19.0,2.0
4840288,12.0,2.0
4847078,18.0,66.0
4852354,5.0,37.0
4857099,12.0,61.0
4862416,12.0,90.0
4864610,0.0,37.0
4867550,21.0,2.0
4867842,17.0,29.0
4870749,19.0,2.0
4874230,10.0,0.0
4881984,12.0,60.0
4885291,20.0,12.0
4888013,12.0,61.0
4888111,9.0,2.0
4888408,12.0,2.0
4891104,19.0,84.0
4891711,12.0,2.0
4902265,20.0,2.0
4909497,12.0,90.0
4914845,17.0,17.0
4920813,9.0,90.0
4924139,17.0,60.0
4924688,12.0,2.0
4929346,21.0,56.0
4931906,20.0,59.0
4938148,9.0,54.0
4938995,17.0,71.0
4943522,20.0,2.0
4944619,12.0,42.0
4948798,0.0,73.0
4950903,12.0,56.0
4958887,21.0,17.0
4964173,9.0,90.0
4966279,17.0,60.0
4975101,17.0,63.0
4975210,12.0,29.0
4975221,12.0,18.0
4977523,20.0,60.0
4977745,21.0,2.0
4988346,19.0,2.0
4988826,20.0,59.0
4993655,21.0,2.0
4994912,17.0,75.0
4996572,12.0,2.0
4998457,9.0,2.0
5002006,12.0,17.0
5004395,17.0,14.0
5010981,17.0,2.0
5011231,12.0,28.0
5012951,9.0,2.0
5017641,0.0,33.0
5017784,10.0,46.0
5026022,5.0,53.0
5034493,12.0,2.0
5040621,2.0,90.0
5053782,20.0,11.0
5056297,9.0,61.0
5057506,20.0,85.0
5064876,12.0,46.0
5080934,21.0,71.0
5086440,9.0,54.0
5087553,20.0,71.0
5098417,20.0,41.0
5099222,12.0,8.0
5113708,17.0,59.0
5115633,12.0,59.0
5119591,12.0,17.0
5120587,10.0,60.0
5124811,12.0,2.0
5134301,17.0,2.0
5140690,20.0,90.0
5147842,17.0,29.0
5149028,17.0,45.0
5150531,12.0,17.0
5157097,20.0,28.0
5159486,12.0,63.0
5177134,9.0,31.0
5185439,21.0,60.0
5186298,12.0,59.0
5186454,17.0,2.0
5187792,12.0,2.0
5189205,12.0,11.0
5191939,12.0,25.0
5193742,20.0,17.0
5198137,12.0,2.0
5201470,19.0,28.0
5205964,9.0,86.0
5206667,21.0,82.0
5213878,9.0,53.0
5219859,21.0,59.0
5224079,17.0,61.0
5226510,19.0,29.0
5228593,9.0,24.0
5231327,9.0,60.0
5234239,12.0,88.0
5244765,12.0,2.0
5251470,7.0,82.0
5254581,4.0,90.0
5255165,2.0,67.0
5258366,19.0,66.0
5258853,0.0,72.0
5261707,12.0,17.0
5266081,5.0,59.0
5268157,20.0,2.0
5271984,9.0,59.0
5274195,12.0,60.0
5275814,20.0,59.0
5280603,7.0,38.0
5281495,20.0,84.0
5293059,9.0,18.0
5302635,20.0,59.0
5305335,17.0,90.0
5313058,0.0,24.0
5325804,17.0,60.0
5326148,9.0,61.0
5326881,9.0,2.0
5328317,21.0,6.0
5329530,17.0,2.0
5331341,17.0,2.0
5337288,17.0,61.0
5355390,21.0,85.0
5355669,4.0,28.0
5358577,21.0,55.0
5369955,9.0,12.0
5372921,19.0,60.0
5373801,17.0,66.0
5375900,12.0,51.0
5383644,20.0,54.0
5385396,10.0,2.0
5388687,12.0,18.0
5389453,12.0,44.0
5389884,19.0,25.0
5394563,17.0,2.0
5403512,18.0,81.0
5405003,17.0,85.0
5407337,17.0,2.0
5424515,17.0,6.0
5424821,5.0,59.0
5433259,17.0,2.0
5438959,21.0,90.0
5443854,17.0,2.0
5450516,21.0,58.0
5452847,12.0,90.0
5454893,12.0,82.0
5455355,21.0,2.0
5456915,21.0,60.0
5457765,4.0,70.0
5458036,12.0,60.0
5460778,21.0,18.0
5462461,0.0,58.0
5465497,5.0,14.0
5472985,19.0,67.0
5474930,21.0,36.0
5480755,20.0,50.0
5481998,20.0,90.0
5482726,0.0,60.0
5492211,5.0,61.0
5492284,17.0,40.0
5492882,9.0,47.0
5494466,20.0,71.0
5499182,21.0,54.0
5500678,12.0,48.0
5504305,12.0,60.0
5511449,12.0,27.0
5515847,9.0,83.0
5516876,17.0,2.0
5517863,18.0,2.0
5560588,4.0,88.0
5580170,20.0,2.0
5590950,17.0,59.0
5597673,17.0,2.0
5603354,20.0,18.0
5604904,17.0,29.0
5607722,10.0,55.0
5610266,17.0,2.0
5614873,12.0,24.0
5615605,21.0,90.0
5623223,17.0,67.0
5627684,21.0,24.0
5629328,12.0,2.0
5629492,21.0,60.0
5630190,12.0,2.0
5634710,18.0,25.0
5640414,12.0,2.0
5646206,0.0,71.0
5648062,10.0,10.0
5652509,17.0,56.0
5658038,12.0,59.0
5660810,9.0,35.0
5666732,20.0,78.0
5682615,12.0,2.0
5682647,10.0,61.0
5701876,17.0,2.0
5702420,12.0,67.0
5707606,12.0,64.0
5709788,19.0,61.0
5716508,5.0,24.0
5718850,9.0,35.0
5733620,12.0,21.0
5735842,21.0,2.0
5738328,10.0,37.0
5738509,5.0,18.0
5740687,18.0,82.0
5743830,12.0,2.0
5744475,10.0,60.0
5746765,4.0,24.0
5750043,20.0,90.0
5754230,21.0,2.0
5756842,7.0,2.0
5762421,21.0,2.0
5764363,21.0,2.0
5764961,17.0,67.0
5773244,4.0,2.0
5774390,21.0,60.0
5797025,21.0,17.0
5807282,9.0,37.0
5808026,21.0,87.0
5809634,20.0,90.0
5814042,19.0,18.0
5836518,21.0,63.0
5838396,19.0,84.0
5841266,17.0,2.0
5851562,12.0,84.0
5855860,12.0,2.0
5856761,17.0,2.0
5865912,20.0,9.0
5867151,17.0,17.0
5867293,19.0,24.0
5870246,17.0,76.0
5875582,5.0,86.0
5877027,5.0,89.0
5877502,9.0,37.0
5882398,21.0,90.0
5906835,17.0,18.0
5908893,9.0,60.0
5914003,19.0,17.0
5916002,9.0,52.0
5923067,9.0,90.0
5931274,5.0,56.0
5932976,9.0,74.0
5936781,19.0,60.0
5946539,21.0,2.0
5947929,9.0,48.0
5952836,18.0,71.0
5961257,19.0,2.0
5963160,18.0,11.0
5965122,19.0,24.0
5967979,10.0,42.0
5972131,0.0,33.0
5975510,10.0,90.0
5983583,9.0,22.0
5988737,17.0,24.0
5994640,19.0,25.0
6003518,0.0,72.0
6008139,19.0,11.0
6010320,19.0,18.0
6012317,21.0,45.0
6012604,17.0,85.0
6018778,12.0,2.0
6023897,12.0,41.0
6026405,9.0,2.0
6028321,18.0,42.0
6030424,17.0,61.0
6031413,0.0,54.0
6035662,17.0,37.0
6043711,20.0,60.0
6046638,21.0,2.0
6048720,9.0,60.0
6054033,12.0,88.0
6055170,19.0,60.0
6058911,12.0,28.0
6078355,12.0,90.0
6083192,12.0,2.0
6084320,19.0,60.0
6088316,17.0,2.0
6092894,7.0,25.0
6093139,17.0,29.0
6095490,17.0,36.0
6098004,10.0,36.0
6099849,9.0,28.0
6100710,21.0,60.0
6121064,21.0,2.0
6124839,4.0,2.0
6127367,4.0,88.0
6130468,21.0,90.0
6137250,4.0,2.0
6151640,12.0,36.0
6156185,0.0,36.0
6158417,9.0,85.0
6159362,18.0,60.0
6161729,4.0,2.0
6163326,17.0,72.0
6167418,12.0,59.0
6176421,19.0,2.0
6181033,12.0,90.0
6182724,4.0,22.0
6187489,12.0,36.0
6188817,9.0,28.0
6196387,4.0,90.0
6196921,21.0,59.0
6199036,9.0,90.0
6199705,17.0,28.0
6210049,21.0,59.0
6214245,9.0,49.0
6220604,12.0,61.0
6222504,12.0,55.0
6223107,12.0,67.0
6230229,17.0,51.0
6234617,17.0,2.0
6235317,17.0,18.0
6240111,12.0,60.0
6247897,12.0,44.0
6259185,17.0,81.0
6262146,21.0,18.0
6267136,12.0,51.0
6279943,19.0,2.0
6282964,0.0,42.0
6283246,9.0,77.0
6290973,9.0,2.0
6291408,17.0,54.0
6296479,21.0,2.0
6303327,7.0,53.0
6312330,17.0,48.0
6323557,12.0,29.0
6323982,9.0,90.0
6324453,19.0,18.0
6330004,17.0,2.0
6338826,17.0,29.0
6347084,12.0,64.0
6347349,0.0,18.0
6369198,0.0,53.0
6375276,21.0,2.0
6377605,9.0,60.0
6377733,21.0,60.0
6382182,10.0,36.0
6394311,5.0,2.0
6394910,19.0,25.0
6395069,21.0,2.0
6396220,20.0,2.0
6397763,9.0,18.0
6401763,17.0,35.0
6412709,21.0,18.0
6416000,4.0,35.0
6440073,4.0,18.0
6456745,10.0,2.0
6463321,12.0,2.0
6469498,12.0,60.0
6474407,4.0,90.0
6493107,4.0,59.0
6503710,21.0,60.0
6506821,19.0,54.0
6508215,21.0,59.0
6513713,17.0,59.0
6514147,9.0,88.0
6515579,20.0,67.0
6517307,9.0,18.0
6522507,21.0,25.0
6523299,12.0,60.0
6527907,17.0,76.0
6530218,21.0,37.0
6535007,21.0,63.0
6542320,21.0,61.0
6544299,17.0,53.0
6548775,19.0,82.0
6551069,20.0,36.0
6555500,4.0,2.0
6557535,5.0,24.0
6558493,21.0,90.0
6560587,17.0,2.0
6570041,19.0,42.0
6572440,20.0,37.0
6579157,19.0,60.0
6582372,4.0,11.0
6585366,21.0,42.0
6587696,17.0,29.0
6591986,12.0,75.0
6593686,17.0,60.0
6595753,20.0,81.0
6595802,20.0,64.0
6601511,19.0,76.0
6602036,12.0,24.0
6603247,5.0,59.0
6613538,0.0,2.0
6615888,21.0,60.0
6621479,5.0,24.0
6625307,12.0,2.0
6630796,17.0,70.0
6631568,12.0,23.0
6638968,20.0,84.0
6639650,21.0,22.0
6643959,9.0,45.0
6650651,21.0,23.0
6653670,9.0,19.0
6657556,17.0,12.0
6657646,21.0,2.0
6663915,12.0,71.0
6665188,17.0,85.0
6667494,4.0,67.0
6668354,9.0,17.0
6673795,5.0,24.0
6677667,21.0,31.0
6693638,17.0,2.0
6709874,17.0,84.0
6728398,12.0,61.0
6744049,17.0,70.0
6745862,9.0,2.0
6754639,4.0,32.0
6758145,10.0,2.0
6759365,5.0,84.0
6765729,9.0,88.0
6772202,0.0,25.0
6773849,12.0,90.0
6779678,21.0,46.0
6783225,21.0,54.0
6784829,21.0,32.0
6792058,20.0,24.0
6795538,7.0,67.0
6797572,12.0,55.0
6797840,9.0,81.0
6800052,17.0,41.0
6809825,12.0,81.0
6818127,12.0,2.0
6822289,20.0,23.0
6822779,12.0,18.0
6827974,17.0,22.0
6834016,21.0,2.0
6839250,4.0,47.0
6847381,9.0,2.0
6850533,20.0,40.0
6859010,19.0,25.0
6860279,21.0,71.0
6861021,20.0,8.0
6861455,12.0,2.0
6862386,21.0,75.0
6863563,12.0,25.0
6865396,17.0,83.0
6873381,20.0,2.0
6874874,21.0,2.0
6875293,21.0,41.0
6881796,21.0,59.0
6888582,19.0,9.0
6891950,20.0,63.0
6892575,17.0,90.0
6894345,12.0,90.0
6896707,9.0,17.0
6906809,17.0,17.0
6921961,7.0,13.0
6922257,19.0,77.0
6931270,20.0,60.0
6934201,9.0,60.0
6934435,19.0,61.0
6937214,12.0,2.0
6942762,20.0,18.0
6948552,17.0,15.0
6950177,0.0,10.0
6962001,0.0,72.0
6966098,9.0,82.0
6968221,12.0,90.0
6973575,21.0,63.0
6975948,12.0,11.0
6977272,20.0,48.0
6986206,12.0,2.0
6986718,20.0,67.0
6989011,9.0,59.0
6990576,12.0,54.0
7002370,5.0,2.0
7007904,12.0,2.0
7012966,12.0,90.0
7018057,17.0,2.0
7019438,9.0,19.0
7037166,20.0,2.0
7037192,21.0,7.0
7039240,12.0,85.0
7041634,10.0,18.0
7069499,0.0,33.0
7070378,21.0,73.0
7074762,17.0,41.0
7075793,17.0,2.0
7076554,4.0,60.0
7078256,21.0,51.0
7079853,17.0,23.0
7083918,17.0,17.0
7087767,20.0,2.0
7094065,12.0,65.0
7094571,0.0,59.0
7097301,19.0,2.0
7097909,17.0,84.0
7103232,4.0,82.0
7107063,19.0,29.0
7108792,9.0,60.0
7109310,5.0,60.0
7115466,21.0,2.0
7119213,12.0,84.0
7132244,21.0,55.0
7133312,21.0,32.0
7134224,2.0,60.0
7137240,12.0,52.0
7142937,9.0,81.0
7146775,17.0,2.0
7149457,17.0,53.0
7154641,17.0,29.0
7161426,17.0,18.0
7165985,12.0,2.0
7185983,21.0,17.0
7199973,17.0,71.0
7200057,17.0,88.0
7209105,5.0,11.0
7209681,12.0,90.0
7225414,17.0,85.0
7230484,10.0,25.0
7235861,12.0,44.0
7237827,12.0,2.0
7240174,21.0,11.0
7240402,21.0,2.0
7263426,19.0,60.0
7263527,10.0,18.0
7270180,9.0,60.0
7270983,12.0,25.0
7276017,12.0,2.0
7277168,21.0,76.0
7277442,20.0,60.0
7286460,9.0,82.0
7295388,5.0,13.0
7300881,0.0,21.0
7301423,10.0,36.0
7302288,5.0,18.0
7303372,17.0,18.0
7303903,5.0,64.0
7305907,17.0,2.0
7307349,20.0,2.0
7314047,19.0,37.0
7318353,12.0,2.0
7323115,4.0,2.0
7342467,0.0,86.0
7352508,17.0,17.0
7353936,12.0,35.0
7355735,12.0,60.0
7359384,17.0,25.0
7378349,12.0,25.0
7384160,12.0,82.0
7385890,17.0,18.0
7389116,4.0,63.0
7399832,4.0,60.0
7405383,7.0,41.0
7407803,5.0,90.0
7408912,10.0,33.0
7411947,12.0,61.0
7417953,21.0,2.0
7422309,17.0,2.0
7425935,4.0,2.0
7429428,12.0,1.0
7431631,21.0,90.0
7433622,19.0,85.0
7442208,21.0,67.0
7444228,19.0,61.0
7460615,21.0,2.0
7471445,12.0,0.0
7472637,20.0,25.0
7472797,21.0,27.0
7478106,0.0,72.0
7479614,20.0,2.0
7489272,21.0,17.0
7491509,20.0,85.0
7492356,12.0,2.0
7499960,12.0,85.0
7512920,0.0,60.0
7526882,5.0,90.0
7532461,17.0,6.0
7547067,17.0,68.0
7554651,17.0,88.0
7558889,21.0,61.0
7558959,5.0,15.0
7562083,12.0,2.0
7567284,10.0,2.0
7568575,21.0,11.0
7569001,20.0,42.0
7578339,9.0,60.0
7578845,21.0,11.0
7579022,4.0,42.0
7587480,12.0,60.0
7589782,20.0,17.0
7591043,12.0,2.0
7592681,4.0,90.0
7600325,21.0,63.0
7601221,10.0,36.0
7605658,21.0,75.0
7615279,12.0,59.0
7622932,17.0,31.0
7626537,12.0,2.0
7632037,21.0,70.0
7637053,21.0,18.0
7644380,20.0,17.0
7648483,10.0,36.0
7653046,21.0,37.0
7653451,21.0,76.0
7659545,9.0,2.0
7668791,21.0,38.0
7670219,12.0,64.0
7671815,4.0,2.0
7676298,17.0,2.0
7677265,12.0,67.0
7679944,12.0,35.0
7680790,5.0,22.0
7681258,17.0,53.0
7684905,12.0,50.0
7698854,12.0,60.0
7714254,21.0,60.0
7716766,21.0,25.0
7719182,20.0,86.0
7722000,9.0,2.0
7725200,17.0,11.0
7725264,21.0,24.0
7728043,12.0,71.0
7728681,7.0,82.0
7730076,17.0,2.0
7739866,21.0,71.0
7751810,20.0,56.0
7754813,9.0,59.0
7763352,12.0,2.0
7779264,19.0,37.0
7786293,12.0,61.0
7789493,21.0,37.0
7792457,21.0,33.0
7795928,12.0,57.0
7796697,17.0,2.0
7803298,20.0,88.0
7803814,9.0,58.0
7804333,12.0,2.0
7805031,9.0,53.0
7807545,9.0,60.0
7808884,12.0,17.0
7815535,12.0,90.0
7817310,12.0,87.0
7817527,17.0,2.0
7824247,12.0,29.0
7827682,20.0,42.0
7842701,21.0,37.0
7843687,12.0,13.0
7845013,21.0,90.0
7847332,12.0,51.0
7857003,9.0,36.0
7857722,20.0,2.0
7873508,18.0,60.0
7879915,12.0,86.0
7884770,12.0,29.0
7886802,10.0,38.0
7894817,21.0,24.0
7898135,12.0,75.0
7914306,12.0,87.0
7918087,20.0,25.0
7922932,18.0,46.0
7926632,19.0,2.0
7928153,19.0,61.0
7929044,20.0,57.0
7932229,20.0,17.0
7934006,0.0,42.0
7940249,20.0,60.0
7941150,18.0,60.0
7954203,19.0,51.0
7965175,17.0,37.0
7980030,10.0,63.0
7988320,12.0,15.0
7989669,10.0,2.0
7990879,20.0,11.0
8007288,1.0,90.0
8018902,21.0,90.0
8024537,12.0,44.0
8026450,4.0,60.0
8026584,20.0,50.0
8030019,17.0,41.0
8030057,21.0,15.0
8030168,21.0,67.0
8033566,12.0,25.0
8034478,19.0,60.0
8037278,9.0,85.0
8043790,20.0,67.0
8056402,20.0,60.0
8064312,12.0,2.0
8064927,9.0,2.0
8066336,17.0,82.0
8066390,9.0,22.0
8074430,9.0,29.0
8075613,19.0,18.0
8101791,5.0,64.0
8116806,9.0,23.0
8125556,21.0,43.0
8126409,9.0,88.0
8133486,20.0,2.0
8135187,12.0,2.0
8135534,21.0,48.0
8142709,0.0,41.0
8152515,12.0,25.0
8164596,5.0,13.0
8170603,17.0,9.0
8172483,12.0,59.0
8174287,21.0,2.0
8174860,19.0,84.0
8176024,21.0,63.0
8177565,19.0,36.0
8178277,5.0,60.0
8180342,12.0,25.0
8185626,12.0,29.0
8205166,12.0,17.0
8210880,4.0,1.0
8218960,21.0,2.0
8219721,12.0,2.0
8228525,21.0,59.0
8229978,21.0,2.0
8235733,20.0,60.0
8238909,9.0,37.0
8240183,12.0,2.0
8243369,12.0,88.0
8249307,9.0,15.0
8252445,12.0,90.0
8256700,4.0,2.0
8261180,9.0,76.0
8261236,9.0,67.0
8269555,20.0,37.0
8270276,17.0,4.0
8305087,5.0,37.0
8309508,9.0,42.0
8313104,12.0,84.0
8317295,5.0,90.0
8319359,10.0,2.0
8321358,18.0,50.0
8325168,12.0,46.0
8327358,12.0,60.0
8339255,17.0,84.0
8348324,7.0,19.0
8351171,12.0,90.0
8357573,17.0,18.0
8371246,19.0,17.0
8377146,12.0,29.0
8377896,17.0,24.0
8379431,20.0,61.0
8379908,12.0,0.0
8380615,17.0,11.0
8384983,21.0,71.0
8393158,2.0,46.0
8394529,17.0,90.0
8396459,5.0,8.0
8403091,7.0,67.0
8406330,9.0,73.0
8427317,21.0,28.0
8431917,0.0,90.0
8436543,12.0,82.0
8438700,21.0,84.0
8441924,4.0,7.0
8446288,21.0,22.0
8446569,12.0,28.0
8447513,10.0,2.0
8462727,4.0,2.0
8463203,12.0,85.0
8468588,10.0,54.0
8472769,10.0,86.0
8479600,7.0,85.0
8489939,12.0,60.0
8492513,5.0,70.0
8494580,21.0,2.0
8496227,21.0,53.0
8496299,12.0,2.0
8523628,12.0,25.0
8523769,17.0,2.0
8540520,9.0,86.0
8541923,17.0,4.0
8544428,17.0,55.0
8552524,10.0,63.0
8553029,17.0,85.0
8556766,10.0,50.0
8565561,0.0,84.0
8589846,4.0,60.0
8592680,12.0,90.0
8598183,9.0,81.0
8599427,12.0,2.0
8601216,7.0,2.0
8607650,12.0,2.0
8607776,17.0,15.0
8608613,12.0,15.0
8616112,5.0,59.0
8616556,20.0,90.0
8618932,21.0,25.0
8621851,17.0,84.0
8622290,9.0,60.0
8626300,20.0,66.0
8626763,5.0,44.0
8632417,20.0,2.0
8633687,20.0,2.0
8646471,20.0,15.0
8651275,10.0,15.0
8651897,12.0,44.0
8659886,21.0,18.0
8672180,21.0,85.0
8673960,17.0,88.0
8677409,21.0,9.0
8690424,9.0,2.0
8695153,12.0,72.0
8700791,21.0,2.0
8716462,17.0,2.0
8721479,12.0,61.0
8724200,17.0,60.0
8726978,12.0,17.0
8729639,9.0,70.0
8730998,17.0,15.0
8737060,10.0,7.0
8739755,20.0,86.0
8742486,20.0,82.0
8745818,17.0,24.0
8746233,17.0,2.0
8766305,12.0,90.0
8769725,21.0,61.0
8785121,21.0,85.0
8789003,4.0,2.0
8790990,17.0,66.0
8791048,12.0,46.0
8793793,12.0,60.0
8795039,4.0,2.0
8796859,17.0,90.0
8797003,21.0,61.0
8798374,17.0,2.0
8800223,12.0,81.0
8802711,7.0,2.0
8809624,10.0,84.0
8812956,21.0,18.0
8813814,4.0,18.0
8820477,21.0,66.0
8823751,21.0,55.0
8824706,12.0,18.0
8825760,18.0,22.0
8835332,5.0,29.0
8844603,10.0,1.0
8848989,19.0,1.0
8869397,12.0,2.0
8870193,12.0,85.0
8873166,20.0,90.0
8874913,10.0,60.0
8877068,17.0,52.0
8887874,9.0,2.0
8894505,10.0,18.0
8900294,20.0,2.0
8905199,21.0,53.0
8907905,20.0,2.0
8910318,19.0,2.0
8914835,20.0,2.0
8917628,4.0,90.0
8919821,12.0,2.0
8920577,17.0,2.0
8932888,21.0,86.0
8938900,9.0,2.0
8945966,12.0,82.0
8946175,4.0,24.0
8948878,9.0,60.0
8951799,17.0,84.0
8954078,10.0,18.0
8956094,12.0,15.0
8961859,12.0,21.0
8963734,0.0,15.0
8965974,21.0,37.0
8966080,10.0,29.0
8970068,19.0,85.0
8975965,17.0,2.0
8977661,0.0,53.0
8978395,4.0,2.0
8987937,12.0,9.0
8988035,12.0,32.0
8997909,17.0,71.0
8999996,17.0,67.0
9009043,18.0,60.0
9027600,0.0,72.0
9028776,17.0,37.0
9029512,12.0,2.0
9033346,12.0,25.0
9034468,17.0,2.0
9034606,20.0,21.0
9037863,12.0,3.0
9041644,19.0,60.0
9049362,4.0,36.0
9054180,20.0,29.0
9058154,19.0,2.0
9063113,21.0,2.0
9065019,12.0,2.0
9069682,9.0,18.0
9075294,20.0,18.0
9076923,21.0,53.0
9080705,17.0,90.0
9092534,21.0,85.0
9098699,19.0,9.0
9100858,5.0,35.0
9117572,12.0,72.0
9119346,12.0,63.0
9120762,4.0,51.0
9123449,19.0,90.0
9129480,20.0,67.0
9137847,21.0,85.0
9142225,9.0,2.0
9147624,19.0,2.0
9148003,12.0,2.0
9155463,17.0,18.0
9157063,12.0,71.0
9173268,12.0,2.0
9178598,10.0,88.0
9184220,17.0,1.0
9212638,20.0,63.0
9219736,9.0,2.0
9222720,21.0,24.0
9224769,4.0,90.0
9226112,17.0,90.0
9228695,20.0,15.0
9234132,21.0,36.0
9234317,21.0,51.0
9236201,17.0,60.0
9236373,12.0,72.0
9240852,17.0,2.0
9243603,20.0,18.0
9254696,17.0,8.0
9256428,0.0,72.0
9258716,21.0,2.0
9261450,4.0,59.0
9273588,17.0,61.0
9274522,18.0,53.0
9279953,5.0,86.0
9292321,19.0,2.0
9299613,21.0,2.0
9301599,19.0,2.0
9303277,0.0,15.0
9304268,10.0,32.0
9316635,12.0,18.0
9321239,9.0,75.0
9322116,17.0,2.0
9326144,17.0,2.0
9329139,20.0,54.0
9358154,5.0,81.0
9361334,17.0,67.0
9363076,12.0,2.0
9367276,9.0,76.0
9375743,17.0,18.0
9376284,21.0,2.0
9377974,12.0,72.0
9379207,20.0,17.0
9381192,9.0,45.0
9381468,21.0,17.0
9388409,4.0,9.0
9392559,17.0,46.0
9400240,21.0,53.0
9404198,4.0,59.0
9405767,21.0,18.0
9411935,7.0,37.0
9412623,10.0,46.0
9418741,4.0,21.0
9418989,9.0,90.0
9440432,17.0,25.0
9445347,10.0,29.0
9446062,10.0,2.0
9448839,21.0,17.0
9450815,19.0,82.0
9465207,21.0,59.0
9468171,4.0,15.0
9473165,21.0,2.0
9482469,19.0,46.0
9489921,21.0,2.0
9503861,9.0,73.0
9511595,17.0,85.0
9512771,21.0,2.0
9514187,17.0,60.0
9524392,10.0,38.0
9524616,17.0,2.0
9530877,12.0,2.0
9533068,20.0,8.0
9535293,12.0,16.0
9536136,21.0,38.0
9536690,10.0,49.0
9540931,17.0,17.0
9542446,21.0,71.0
9547824,20.0,47.0
9548402,5.0,60.0
9561680,0.0,6.0
9566136,17.0,60.0
9566808,12.0,2.0
9569002,17.0,11.0
9570984,21.0,45.0
9572970,12.0,2.0
9574848,12.0,71.0
9575181,21.0,67.0
9577939,21.0,53.0
9583631,9.0,60.0
9586676,17.0,17.0
9588730,17.0,60.0
9593893,5.0,25.0
9593992,17.0,90.0
9599397,17.0,31.0
9607521,5.0,60.0
9608061,21.0,24.0
9608339,21.0,60.0
9610743,21.0,61.0
9612785,12.0,25.0
9623433,21.0,11.0
9625815,17.0,2.0
9631503,12.0,2.0
9633735,4.0,82.0
9634274,5.0,12.0
9644742,21.0,2.0
9649222,4.0,23.0
9651496,12.0,17.0
9655919,12.0,2.0
9659806,20.0,53.0
9665654,12.0,48.0
9670996,9.0,2.0
9674844,21.0,2.0
9675336,4.0,90.0
9676719,4.0,51.0
9686686,21.0,61.0
9688593,17.0,17.0
9689413,21.0,2.0
9696013,17.0,18.0
9697601,12.0,2.0
9698062,17.0,85.0
9705623,4.0,18.0
9705645,21.0,60.0
9711523,12.0,60.0
9711939,17.0,2.0
9714089,4.0,60.0
9715228,19.0,38.0
9721353,10.0,28.0
9726082,19.0,60.0
9728021,21.0,60.0
9729529,21.0,59.0
9732391,17.0,15.0
9733903,17.0,5.0
9740965,17.0,2.0
9745833,10.0,75.0
9746425,21.0,51.0
9755662,12.0,25.0
9760874,5.0,55.0
9767770,21.0,90.0
9774027,12.0,40.0
9774698,9.0,64.0
9775127,9.0,75.0
9779573,19.0,90.0
9785359,20.0,74.0
9786821,17.0,60.0
9793152,19.0,12.0
9793353,9.0,24.0
9801841,4.0,18.0
9808937,17.0,2.0
9810842,4.0,24.0
9811330,20.0,67.0
9812432,21.0,90.0
9823162,21.0,90.0
9826217,9.0,60.0
9831889,0.0,82.0
9834910,17.0,18.0
9845794,17.0,25.0
9848422,12.0,2.0
9848532,21.0,36.0
9849286,21.0,2.0
9853742,17.0,67.0
9854022,17.0,60.0
9857920,19.0,18.0
9859086,21.0,2.0
9863345,17.0,2.0
9865439,21.0,54.0
9867037,12.0,37.0
9869753,20.0,18.0
9869826,17.0,2.0
9872989,12.0,25.0
9873312,4.0,29.0
9874282,21.0,60.0
9874486,9.0,71.0
9880982,19.0,2.0
9882018,21.0,2.0
9890141,19.0,85.0
9892837,5.0,78.0
9900732,12.0,15.0
9901296,17.0,2.0
9903082,21.0,64.0
9905477,10.0,2.0
9906150,10.0,24.0
9906373,17.0,59.0
9906737,17.0,2.0
9913457,4.0,36.0
9919679,21.0,2.0
9928282,0.0,61.0
9935916,9.0,18.0
9936979,20.0,18.0
9942130,17.0,2.0
9945603,9.0,63.0
9954169,9.0,29.0
9965403,9.0,29.0
9966956,4.0,4.0
9967076,21.0,18.0
9967866,5.0,11.0
9974934,17.0,2.0
9979041,12.0,46.0
9992063,9.0,36.0
10001910,17.0,84.0
10001986,12.0,36.0
10007296,4.0,50.0
10013695,17.0,18.0
10018139,17.0,2.0
10023713,4.0,2.0
10024204,17.0,90.0
10025605,12.0,60.0
10030979,9.0,60.0
10040202,12.0,84.0
10043534,20.0,25.0
10043810,10.0,35.0
10052773,19.0,60.0
10055464,17.0,2.0
10074792,21.0,60.0
10076333,4.0,43.0
10086682,17.0,17.0
10090119,12.0,59.0
10090164,20.0,2.0
10090184,7.0,90.0
10090568,10.0,56.0
10094125,0.0,67.0
10103926,21.0,85.0
10104381,21.0,2.0
10106042,20.0,60.0
10117068,20.0,90.0
10118002,5.0,72.0
10121079,4.0,82.0
10125577,17.0,90.0
10128044,17.0,2.0
10131831,17.0,2.0
10135327,12.0,60.0
10142792,5.0,75.0
10146517,12.0,60.0
10151904,17.0,37.0
10153043,12.0,72.0
10160093,9.0,16.0
10162384,0.0,18.0
10201138,12.0,54.0
10206798,19.0,90.0
10207573,12.0,60.0
10207877,12.0,41.0
10216463,9.0,66.0
10228981,10.0,42.0
10232946,0.0,25.0
10233238,17.0,85.0
10244889,12.0,67.0
10245710,12.0,59.0
10246968,21.0,2.0
10249514,12.0,23.0
10260312,17.0,82.0
10261890,9.0,85.0
10270795,20.0,2.0
10281167,18.0,2.0
10282828,21.0,84.0
10285991,12.0,60.0
10302721,21.0,2.0
10306644,20.0,59.0
10306735,12.0,2.0
10307047,19.0,71.0
10332434,0.0,18.0
10334973,21.0,24.0
10355393,4.0,60.0
10355537,10.0,36.0
10357881,7.0,2.0
10360512,12.0,17.0
10364314,4.0,85.0
10364670,12.0,60.0
10368846,17.0,85.0
10375923,21.0,82.0
10378325,21.0,2.0
10378572,5.0,29.0
10385738,4.0,51.0
10389750,1.0,2.0
10399050,4.0,84.0
10400680,5.0,10.0
10402700,21.0,2.0
10405658,9.0,82.0
10407516,17.0,29.0
10423455,17.0,2.0
10428008,20.0,90.0
10428681,12.0,2.0
10435004,9.0,25.0
10435078,17.0,39.0
10445785,19.0,2.0
10447295,7.0,64.0
10450652,9.0,16.0
10452325,0.0,42.0
10454064,20.0,82.0
10463365,17.0,45.0
10473039,19.0,90.0
10478107,21.0,13.0
10478987,0.0,82.0
10481780,17.0,60.0
10489689,9.0,57.0
10517879,17.0,82.0
10518822,5.0,11.0
10533995,12.0,11.0
10539582,12.0,51.0
10544842,12.0,17.0
10548668,17.0,75.0
10550394,21.0,72.0
10553033,4.0,88.0
10556967,9.0,85.0
10559241,9.0,37.0
10573512,9.0,4.0
10576375,5.0,28.0
10577582,21.0,50.0
10582811,21.0,60.0
10583269,20.0,37.0
10589308,4.0,82.0
10595341,7.0,61.0
10598868,9.0,15.0
10599512,17.0,11.0
10602567,21.0,61.0
10603381,7.0,90.0
10607346,21.0,60.0
10612309,20.0,45.0
10614509,4.0,2.0
10623264,20.0,2.0
10626083,21.0,27.0
10630883,12.0,45.0
10643212,21.0,83.0
10650448,10.0,63.0
10653267,9.0,2.0
10659143,4.0,84.0
10667472,18.0,2.0
10668043,20.0,2.0
10668657,0.0,59.0
10673051,17.0,2.0
10675404,17.0,60.0
10678190,7.0,60.0
10680373,19.0,41.0
10690803,21.0,27.0
10693325,17.0,59.0
10694925,20.0,63.0
10703877,12.0,15.0
10706332,12.0,90.0
10711888,19.0,67.0
10716468,20.0,14.0
10729226,20.0,49.0
10731409,21.0,2.0
10736843,20.0,10.0
10738175,21.0,18.0
10739225,12.0,17.0
10740324,21.0,41.0
10743428,17.0,9.0
10745590,0.0,18.0
10745932,21.0,2.0
10747678,20.0,90.0
10750317,20.0,34.0
10756807,5.0,18.0
10761237,17.0,19.0
10766840,9.0,60.0
10775555,12.0,36.0
10780651,9.0,70.0
10796941,21.0,39.0
10804414,17.0,86.0
10811287,20.0,37.0
10815561,17.0,2.0
10817540,17.0,18.0
10818775,21.0,2.0
10824311,12.0,32.0
10828281,9.0,17.0
10833278,19.0,60.0
10836056,9.0,55.0
10841545,21.0,2.0
10846225,19.0,82.0
10846602,12.0,2.0
10852881,19.0,15.0
10852963,21.0,82.0
10853762,9.0,37.0
10859610,12.0,9.0
10860682,9.0,33.0
10866237,19.0,41.0
10870129,12.0,90.0
10878386,9.0,60.0
10884579,21.0,18.0
10893915,10.0,15.0
10894682,19.0,2.0
10905432,12.0,2.0
10908097,21.0,84.0
10913293,7.0,46.0
10914157,12.0,17.0
10920709,4.0,36.0
10925436,21.0,2.0
10928896,12.0,8.0
10929055,21.0,29.0
10942427,12.0,2.0
10944815,21.0,61.0
10946983,17.0,18.0
10948992,10.0,29.0
10956773,12.0,82.0
10970990,20.0,81.0
10975508,12.0,61.0
10977582,9.0,81.0
10982148,17.0,2.0
10982189,12.0,83.0
10982873,21.0,2.0
10983739,19.0,71.0
11004137,17.0,56.0
11004377,20.0,60.0
11004506,12.0,81.0
11011956,21.0,29.0
11016414,4.0,83.0
11024120,0.0,81.0
11034429,17.0,36.0
11038494,21.0,2.0
11046192,21.0,60.0
11056518,5.0,2.0
11070637,21.0,60.0
11075548,4.0,60.0
11076257,17.0,29.0
11076629,5.0,90.0
11083120,12.0,75.0
11087116,18.0,77.0
11087513,12.0,45.0
11088531,10.0,64.0
11095449,17.0,2.0
11101563,12.0,2.0
11104177,21.0,24.0
11109428,0.0,25.0
11111516,21.0,73.0
11111796,21.0,35.0
11112877,9.0,60.0
11116797,0.0,84.0
11120700,20.0,2.0
11123421,4.0,75.0
11124737,17.0,67.0
11130105,12.0,90.0
11135696,18.0,59.0
11136874,12.0,24.0
11137997,19.0,2.0
11138160,12.0,2.0
11143778,19.0,31.0
11143957,21.0,44.0
11149628,9.0,2.0
11153290,12.0,24.0
11163103,12.0,17.0
11171529,19.0,61.0
11174305,17.0,17.0
11179280,12.0,60.0
11180766,17.0,90.0
11184033,12.0,60.0
11184221,20.0,36.0
11187184,17.0,59.0
11187222,17.0,2.0
11192093,19.0,37.0
11193712,12.0,2.0
11195919,20.0,2.0
11196056,0.0,46.0
11200604,9.0,22.0
11203738,20.0,70.0
11204788,12.0,17.0
11205926,4.0,60.0
11210864,20.0,60.0
11213435,20.0,45.0
11217990,19.0,2.0
11223660,21.0,32.0
11230250,19.0,25.0
11231794,21.0,11.0
11234590,20.0,2.0
11243058,12.0,2.0
11245038,21.0,48.0
11245665,21.0,29.0
11253323,12.0,2.0
11254500,17.0,56.0
11255157,0.0,2.0
11257328,17.0,15.0
11258180,21.0,60.0
11262454,9.0,56.0
11262954,12.0,51.0
11266365,17.0,2.0
11272234,12.0,28.0
11274574,20.0,60.0
11281870,0.0,84.0
11283998,12.0,37.0
11286284,12.0,64.0
11288792,21.0,47.0
11290150,4.0,2.0
11291872,12.0,2.0
11296059,17.0,73.0
11297073,10.0,75.0
11302305,19.0,59.0
11313186,17.0,11.0
11313553,0.0,37.0
11318848,20.0,90.0
11332408,19.0,17.0
11344225,9.0,29.0
11348181,20.0,60.0
11356439,9.0,37.0
11360267,0.0,60.0
11365043,21.0,17.0
11367127,17.0,11.0
11373487,19.0,2.0
11373821,0.0,25.0
11382093,12.0,64.0
11383492,9.0,60.0
11384016,21.0,90.0
11389980,9.0,29.0
11391573,12.0,2.0
11397880,9.0,61.0
11403921,7.0,2.0
11404386,9.0,70.0
11409209,7.0,90.0
11421294,20.0,24.0
11427089,17.0,33.0
11432130,20.0,18.0
11443890,17.0,60.0
11449917,12.0,88.0
11450897,5.0,70.0
11453712,20.0,36.0
11453831,4.0,61.0
11458890,12.0,2.0
11460769,20.0,60.0
11461384,5.0,2.0
11464981,12.0,60.0
11467878,5.0,53.0
11470278,7.0,11.0
11483999,20.0,56.0
11484837,5.0,63.0
11490387,19.0,24.0
11492805,21.0,73.0
11495830,20.0,11.0
11497057,21.0,2.0
11508254,12.0,2.0
11517558,10.0,29.0
11525142,21.0,60.0
11526397,5.0,56.0
11526757,12.0,60.0
11530208,17.0,2.0
11539445,9.0,24.0
11541109,9.0,61.0
11543845,21.0,72.0
11544209,17.0,2.0
11550339,19.0,60.0
11554960,7.0,36.0
11566632,5.0,24.0
11578334,17.0,25.0
11593040,0.0,36.0
11593990,5.0,60.0
11597583,12.0,24.0
11609028,21.0,63.0
11610777,9.0,3.0
11615205,19.0,2.0
11617265,10.0,2.0
11632153,4.0,61.0
11636417,20.0,90.0
11642660,9.0,58.0
11643432,17.0,84.0
11644948,20.0,54.0
11657570,17.0,53.0
11664925,20.0,41.0
11673863,20.0,41.0
11676767,21.0,66.0
11686549,17.0,2.0
11696105,21.0,11.0
11696942,0.0,2.0
11702606,12.0,61.0
11709218,17.0,59.0
11725570,12.0,82.0
11727374,12.0,60.0
11730402,4.0,70.0
11735647,21.0,90.0
11752704,10.0,19.0
11760786,17.0,53.0
11763364,20.0,60.0
11768084,21.0,10.0
11788933,12.0,2.0
11797133,17.0,2.0
11799022,0.0,53.0
11803590,21.0,67.0
11803627,17.0,90.0
11804791,4.0,2.0
11810832,19.0,36.0
11815787,9.0,60.0
11820234,21.0,3.0
11824007,21.0,21.0
11824287,21.0,83.0
11827445,21.0,2.0
11830865,0.0,41.0
11831563,19.0,53.0
11831991,9.0,18.0
11836206,17.0,21.0
11848316,21.0,59.0
11850110,12.0,88.0
11850801,17.0,60.0
11855868,0.0,17.0
11857312,21.0,2.0
11861840,17.0,2.0
11862287,10.0,63.0
11862869,9.0,9.0
11878221,17.0,15.0
11880102,5.0,41.0
11885851,10.0,36.0
11892703,21.0,2.0
11897010,19.0,2.0
11897382,12.0,17.0
11898629,20.0,88.0
11900843,17.0,2.0
11902412,0.0,59.0
11908453,17.0,2.0
11914939,12.0,2.0
11920219,12.0,2.0
11923361,4.0,36.0
11928996,17.0,2.0
11932517,12.0,59.0
11950593,12.0,2.0
11951752,12.0,18.0
11961103,17.0,88.0
11968969,12.0,2.0
11972446,20.0,60.0
11978664,9.0,33.0
11979529,21.0,81.0
11998656,17.0,29.0
11999455,4.0,12.0
12000763,9.0,18.0
12003802,21.0,88.0
12004164,21.0,90.0
12018481,12.0,2.0
12020600,20.0,7.0
12024107,10.0,42.0
12028424,9.0,60.0
12036883,9.0,84.0
12038666,20.0,2.0
12043315,21.0,2.0
12045672,7.0,90.0
12052851,5.0,60.0
12057816,17.0,2.0
12061522,19.0,24.0
12067218,21.0,90.0
12067510,20.0,60.0
12069180,17.0,90.0
12073283,21.0,46.0
12076806,9.0,9.0
12080422,21.0,84.0
12091504,9.0,2.0
12094039,21.0,72.0
12096628,21.0,60.0
12104111,20.0,29.0
12113180,0.0,77.0
12113972,21.0,2.0
12131497,12.0,71.0
12136736,19.0,50.0
12138051,12.0,18.0
12139782,9.0,59.0
12140801,20.0,84.0
12142197,17.0,56.0
12143002,21.0,21.0
12165541,12.0,2.0
12167795,4.0,17.0
12170164,5.0,24.0
12174486,21.0,36.0
12179130,20.0,90.0
12188130,21.0,2.0
12188632,12.0,2.0
12195600,9.0,60.0
12196095,12.0,60.0
12206546,10.0,60.0
12211135,12.0,18.0
12222435,19.0,29.0
12224084,12.0,83.0
12229610,9.0,29.0
12233841,19.0,60.0
12234913,17.0,81.0
12247702,0.0,72.0
12261869,18.0,63.0
12263400,4.0,11.0
12268853,9.0,2.0
12269599,21.0,2.0
12272240,9.0,15.0
12278114,21.0,35.0
12287300,17.0,72.0
12292666,12.0,51.0
12294235,17.0,24.0
12297154,17.0,60.0
12297607,21.0,36.0
12297680,19.0,60.0
12305439,21.0,18.0
12306832,19.0,60.0
12313507,21.0,60.0
12320955,17.0,15.0
12326306,4.0,90.0
12335649,21.0,24.0
12336907,21.0,82.0
12343757,21.0,2.0
12344240,12.0,17.0
12348258,21.0,76.0
12370776,17.0,90.0
12389586,20.0,88.0
12389599,12.0,25.0
12404998,12.0,22.0
12405747,10.0,2.0
12411920,17.0,60.0
12415890,21.0,7.0
12420192,0.0,33.0
12422457,20.0,60.0
12431844,17.0,17.0
12437532,12.0,32.0
12448798,12.0,68.0
12451326,20.0,2.0
12452633,12.0,60.0
12463975,21.0,67.0
12465976,9.0,34.0
12472586,21.0,1.0
12473954,9.0,59.0
12479020,9.0,2.0
12479523,17.0,67.0
12480820,17.0,2.0
12483583,7.0,36.0
12489713,20.0,24.0
12490319,10.0,60.0
12491637,19.0,11.0
12502389,12.0,70.0
12506452,12.0,2.0
12512600,20.0,2.0
12522546,20.0,33.0
12523055,9.0,36.0
12530515,0.0,18.0
12531926,9.0,59.0
12533759,21.0,48.0
12539995,12.0,64.0
12542420,12.0,88.0
12543936,20.0,8.0
12543972,12.0,2.0
12547130,12.0,2.0
12554550,17.0,3.0
12556287,10.0,81.0
12563087,12.0,2.0
12566764,5.0,59.0
12566984,5.0,2.0
12567886,17.0,2.0
12568799,21.0,2.0
12576861,20.0,59.0
12589025,4.0,2.0
12596637,19.0,9.0
12598133,17.0,2.0
12610793,4.0,85.0
12613997,9.0,53.0
12617524,10.0,2.0
12619911,19.0,90.0
12622166,21.0,2.0
12627616,21.0,24.0
12633126,20.0,2.0
12636727,5.0,46.0
12643487,12.0,28.0
12643558,21.0,75.0
12649090,21.0,47.0
12658103,17.0,36.0
12661146,21.0,63.0
12665208,12.0,2.0
12665272,10.0,61.0
12670727,21.0,67.0
12670749,9.0,56.0
12681639,12.0,18.0
12685481,17.0,42.0
12698919,19.0,18.0
12699708,21.0,83.0
12701805,9.0,74.0
12702986,12.0,24.0
12715758,9.0,2.0
12718320,12.0,67.0
12719587,10.0,15.0
12721586,20.0,81.0
12721992,17.0,2.0
12729969,5.0,13.0
12732930,10.0,24.0
12734704,5.0,59.0
12735246,4.0,17.0
12737790,20.0,18.0
12738569,12.0,60.0
12751964,4.0,36.0
12754565,9.0,51.0
12760509,21.0,56.0
12762758,21.0,61.0
12763559,21.0,84.0
12765858,10.0,23.0
12766454,20.0,18.0
12775669,18.0,11.0
12775844,20.0,72.0
12781208,12.0,2.0
12783816,0.0,2.0
12785518,20.0,48.0
12786424,21.0,17.0
12790251,17.0,88.0
12793674,5.0,90.0
12797316,17.0,7.0
12798843,9.0,35.0
12802763,9.0,82.0
12814027,19.0,24.0
12817865,12.0,27.0
12819289,9.0,60.0
12819693,12.0,67.0
12822693,21.0,70.0
12827789,9.0,37.0
12833966,20.0,18.0
12844203,12.0,45.0
12845812,21.0,82.0
12847095,0.0,2.0
12847400,20.0,36.0
12848750,12.0,2.0
12855894,20.0,15.0
12872439,19.0,56.0
12880814,12.0,2.0
12896058,0.0,29.0
12897109,5.0,31.0
12897347,18.0,59.0
12906982,21.0,88.0
12907074,17.0,73.0
12913998,17.0,53.0
12915788,21.0,59.0
12916457,12.0,81.0
12917956,19.0,31.0
12919019,21.0,2.0
12923157,12.0,63.0
12932619,0.0,18.0
12933526,21.0,2.0
12938407,19.0,18.0
12939971,21.0,2.0
12945821,5.0,41.0
12954114,19.0,2.0
12957547,5.0,2.0
12958147,12.0,24.0
12968646,17.0,70.0
12968979,21.0,15.0
12973270,12.0,0.0
12975367,21.0,2.0
12980075,19.0,13.0
12988236,9.0,18.0
12988674,5.0,28.0
12989042,17.0,2.0
12994892,21.0,2.0
12996609,21.0,60.0
12999156,12.0,46.0
13005141,5.0,60.0
13007972,12.0,60.0
13021133,17.0,33.0
13026116,12.0,85.0
13028256,17.0,15.0
13029073,12.0,0.0
13045411,12.0,2.0
13047287,17.0,2.0
13048064,5.0,2.0
13048871,21.0,83.0
13063313,19.0,85.0
13067533,9.0,17.0
13069590,4.0,37.0
13071171,17.0,60.0
13072761,17.0,51.0
13082887,12.0,60.0
13087155,5.0,14.0
13099119,12.0,24.0
13102067,20.0,66.0
13104792,19.0,17.0
13108414,18.0,78.0
13109041,20.0,42.0
13110179,9.0,2.0
13111423,20.0,2.0
13112358,21.0,84.0
13115445,20.0,60.0
13116675,12.0,9.0
13118023,12.0,60.0
13123077,12.0,38.0
13126865,4.0,90.0
13133476,10.0,21.0
13136220,5.0,35.0
13139602,21.0,84.0
13146733,12.0,2.0
13148663,21.0,63.0
13152393,20.0,9.0
13152929,20.0,53.0
13157592,12.0,2.0
13159881,21.0,51.0
13160880,10.0,3.0
13162344,12.0,87.0
13164479,12.0,2.0
13180906,17.0,25.0
13181392,17.0,21.0
13192293,21.0,28.0
13192470,12.0,2.0
13195993,19.0,82.0
13198611,20.0,61.0
13202135,21.0,49.0
13207359,0.0,42.0
13207496,12.0,37.0
13208586,7.0,90.0
13214282,0.0,82.0
13219626,9.0,41.0
13221982,18.0,15.0
13238584,12.0,2.0
13238606,12.0,61.0
13242737,9.0,52.0
13244185,17.0,2.0
13247850,17.0,11.0
13254766,17.0,18.0
13260632,7.0,90.0
13264645,10.0,61.0
13272241,12.0,2.0
13272387,17.0,73.0
13278505,21.0,23.0
13285416,17.0,66.0
13296623,19.0,70.0
13296778,21.0,90.0
13298866,0.0,90.0
13299117,17.0,9.0
13300758,17.0,81.0
13302642,4.0,18.0
13306295,21.0,28.0
13307504,17.0,60.0
13319752,21.0,41.0
13323626,10.0,2.0
13327648,9.0,90.0
13338546,21.0,38.0
13343074,10.0,60.0
13352938,12.0,2.0
13373695,12.0,73.0
13377759,4.0,81.0
13382075,9.0,84.0
13393652,7.0,61.0
13394240,17.0,2.0
13412973,21.0,38.0
13415066,12.0,51.0
13416202,17.0,2.0
13419469,21.0,24.0
13422183,19.0,83.0
13426807,17.0,18.0
13428744,20.0,7.0
13429029,20.0,59.0
13430272,9.0,82.0
13430474,17.0,2.0
13431020,9.0,24.0
13441243,17.0,59.0
13442172,17.0,2.0
13458880,21.0,2.0
13458887,5.0,2.0
13459907,21.0,84.0
13465357,10.0,67.0
13471534,20.0,9.0
13473070,9.0,88.0
13473586,4.0,29.0
13483513,21.0,60.0
13486826,17.0,24.0
13495561,21.0,24.0
13498002,21.0,60.0
13500371,20.0,90.0
13507912,10.0,60.0
13509344,21.0,2.0
13509401,4.0,53.0
13510196,19.0,56.0
13510808,17.0,67.0
13518781,12.0,61.0
13520023,12.0,64.0
13523324,17.0,17.0
13524034,0.0,71.0
13526370,10.0,13.0
13529199,21.0,23.0
13529517,17.0,25.0
13536807,17.0,2.0
13546670,0.0,2.0
13570453,12.0,55.0
13572124,5.0,90.0
13580892,10.0,11.0
13582481,12.0,37.0
13589864,20.0,25.0
13592072,19.0,28.0
13598422,20.0,84.0
13599011,9.0,11.0
13602700,17.0,61.0
13604994,21.0,29.0
13609443,9.0,23.0
13612693,4.0,18.0
13616781,20.0,23.0
13625454,4.0,36.0
13627933,17.0,82.0
13628762,21.0,64.0
13639888,0.0,36.0
13644879,9.0,24.0
13647365,9.0,3.0
13647775,17.0,2.0
13651571,12.0,60.0
13667204,0.0,12.0
13668356,12.0,2.0
13668596,17.0,51.0
13671073,20.0,85.0
13673911,12.0,90.0
13674141,20.0,24.0
13675278,21.0,11.0
13680907,12.0,10.0
13682225,20.0,2.0
13688284,17.0,2.0
13690113,12.0,2.0
13690723,17.0,2.0
13698812,19.0,64.0
13699407,9.0,2.0
13700336,18.0,8.0
13708125,10.0,10.0
13711937,17.0,60.0
13716832,19.0,47.0
13726867,17.0,59.0
13728418,4.0,2.0
13734174,18.0,2.0
13735945,17.0,85.0
13736393,12.0,2.0
13737580,17.0,2.0
13738436,21.0,85.0
13742083,10.0,53.0
13742128,19.0,18.0
13743700,17.0,2.0
13755593,0.0,64.0
13757094,21.0,44.0
13760421,12.0,85.0
13764125,12.0,17.0
13765154,12.0,60.0
13769109,12.0,2.0
13773583,17.0,71.0
13773783,9.0,90.0
13788256,17.0,60.0
13791898,12.0,90.0
13794114,12.0,57.0
13796711,17.0,2.0
13810164,5.0,63.0
13815077,7.0,36.0
13815745,17.0,81.0
13816461,4.0,2.0
13823197,9.0,18.0
13824397,20.0,2.0
13828548,5.0,58.0
13829912,4.0,76.0
13832707,12.0,2.0
13835566,21.0,2.0
13842038,10.0,76.0
13845521,12.0,38.0
13857551,9.0,59.0
13867681,9.0,60.0
13874734,17.0,82.0
13891553,5.0,64.0
13893964,9.0,74.0
13895974,17.0,2.0
13909000,4.0,11.0
13909764,20.0,53.0
13924577,20.0,2.0
13924893,12.0,2.0
13925985,9.0,2.0
13931564,12.0,25.0
13936350,20.0,71.0
13939870,12.0,23.0
13943196,4.0,2.0
13959216,5.0,2.0
13962051,9.0,66.0
13969358,21.0,2.0
13975597,12.0,29.0
13979903,12.0,2.0
13986150,9.0,90.0
13987193,9.0,60.0
13988450,17.0,22.0
13997010,5.0,61.0
13998029,12.0,37.0
14003046,4.0,52.0
14003952,21.0,90.0
14009623,17.0,60.0
14013611,17.0,2.0
14020844,5.0,27.0
14026331,21.0,28.0
14030103,12.0,18.0
14031172,17.0,2.0
14039252,12.0,2.0
14045583,21.0,2.0
14049766,12.0,60.0
14052252,9.0,2.0
14056554,4.0,18.0
14058608,19.0,17.0
14064684,12.0,60.0
14065353,18.0,40.0
14067341,17.0,29.0
14070155,21.0,84.0
14071237,21.0,81.0
14073716,7.0,90.0
14079398,12.0,60.0
14081421,10.0,76.0
14088522,20.0,84.0
14090030,20.0,29.0
14095264,20.0,84.0
14102194,20.0,78.0
14104395,12.0,2.0
14106041,21.0,2.0
14107311,21.0,84.0
14114175,17.0,71.0
14131879,7.0,13.0
14137017,17.0,2.0
14137438,17.0,2.0
14147975,10.0,36.0
14159986,9.0,90.0
14162519,20.0,31.0
14168663,12.0,61.0
14168762,5.0,29.0
14171547,17.0,2.0
14177903,7.0,60.0
14178113,20.0,59.0
14187131,9.0,81.0
14187952,12.0,2.0
14191425,12.0,79.0
14195804,17.0,84.0
14200907,12.0,84.0
14204956,7.0,29.0
14208410,20.0,84.0
14211142,9.0,0.0
14215924,17.0,5.0
14233115,12.0,49.0
14234338,4.0,11.0
14238215,20.0,60.0
14249392,17.0,60.0
14251209,21.0,0.0
14258102,9.0,64.0
14268380,5.0,17.0
14268894,21.0,29.0
14269118,21.0,23.0
14269518,19.0,5.0
14271885,3.0,37.0
14278709,12.0,2.0
14280495,12.0,67.0
14280788,12.0,90.0
14281145,17.0,42.0
14281795,4.0,3.0
14284658,7.0,1.0
14285582,20.0,36.0
14291627,21.0,60.0
14292876,12.0,2.0
14299180,19.0,41.0
14305236,17.0,2.0
14306033,20.0,17.0
14306057,17.0,2.0
14311971,21.0,32.0
14312109,9.0,24.0
14316939,17.0,36.0
14318267,21.0,60.0
14319949,12.0,60.0
14329053,21.0,2.0
14333088,21.0,88.0
14346999,19.0,25.0
14352394,20.0,2.0
14356419,21.0,85.0
14359421,21.0,60.0
14364192,20.0,67.0
14369481,17.0,60.0
14375092,9.0,17.0
14376048,21.0,21.0
14384365,21.0,34.0
14386510,21.0,7.0
14386543,12.0,90.0
14396456,5.0,37.0
14402297,5.0,55.0
14405518,18.0,2.0
14406454,12.0,2.0
14407993,17.0,29.0
14408289,12.0,2.0
14408638,7.0,17.0
14412013,17.0,2.0
14416347,12.0,2.0
14420093,17.0,60.0
14427618,21.0,60.0
14432078,17.0,2.0
14435591,17.0,19.0
14448653,10.0,18.0
14450554,17.0,90.0
14451108,20.0,19.0
14455379,9.0,37.0
14456552,12.0,60.0
14457185,7.0,64.0
14464259,18.0,82.0
14470046,21.0,37.0
14473334,9.0,82.0
14477897,20.0,79.0
14479929,17.0,49.0
14486815,21.0,59.0
14487755,20.0,70.0
14506785,19.0,41.0
14516901,12.0,83.0
14521379,12.0,72.0
14521685,17.0,24.0
14524057,19.0,56.0
14524459,19.0,90.0
14529561,4.0,3.0
14532498,12.0,2.0
14534554,21.0,61.0
14535449,12.0,24.0
14537382,20.0,90.0
14551338,12.0,41.0
14551766,12.0,2.0
14552624,12.0,29.0
14557903,21.0,24.0
14560270,9.0,2.0
14560766,10.0,29.0
14562236,12.0,66.0
14566200,9.0,61.0
14571755,0.0,49.0
14578001,9.0,60.0
14580247,5.0,60.0
14583253,9.0,21.0
14583320,21.0,16.0
14583341,12.0,9.0
14587120,9.0,90.0
14592459,9.0,76.0
14607666,12.0,60.0
14611572,17.0,2.0
14615029,10.0,63.0
14616789,4.0,38.0
14621579,17.0,46.0
14625711,12.0,10.0
14634286,21.0,25.0
14636616,7.0,21.0
14639624,20.0,54.0
14640688,12.0,90.0
14648159,20.0,18.0
14649560,5.0,60.0
14650092,17.0,4.0
14657069,12.0,60.0
14657411,19.0,70.0
14657562,9.0,18.0
14660456,10.0,2.0
14662870,4.0,1.0
14665982,19.0,21.0
14666833,9.0,59.0
14672283,21.0,84.0
14675455,10.0,1.0
14686685,9.0,7.0
14688978,17.0,11.0
14690419,21.0,55.0
14699900,9.0,18.0
14708168,12.0,18.0
14709358,19.0,41.0
14711247,4.0,55.0
14715735,5.0,18.0
14720380,10.0,60.0
14722959,17.0,2.0
14726528,5.0,90.0
14740389,12.0,59.0
14741898,21.0,47.0
14744921,5.0,4.0
14755897,0.0,18.0
14755899,9.0,55.0
14768278,20.0,2.0
14770455,12.0,90.0
14771538,9.0,42.0
14775201,10.0,2.0
14777604,17.0,60.0
14786633,9.0,38.0
14790308,19.0,82.0
14791240,4.0,2.0
14792896,19.0,90.0
14797187,12.0,27.0
14797369,19.0,60.0
14800986,21.0,66.0
14801526,9.0,49.0
14804577,5.0,2.0
14804699,21.0,64.0
14805805,21.0,82.0
14806705,21.0,2.0
14807246,9.0,2.0
14826928,19.0,18.0
14832506,21.0,88.0
14832555,0.0,47.0
14835341,12.0,2.0
14846214,12.0,75.0
14848267,20.0,61.0
14848445,12.0,60.0
14850695,21.0,72.0
14862495,12.0,17.0
14864002,20.0,17.0
14868436,12.0,38.0
14869293,0.0,72.0
14875043,12.0,2.0
14882100,10.0,14.0
14886699,17.0,23.0
14889346,5.0,51.0
14890254,21.0,53.0
14898174,17.0,25.0
14901919,19.0,81.0
14902680,9.0,60.0
14905166,21.0,84.0
14935350,12.0,24.0
14943972,5.0,35.0
14946411,9.0,85.0
14949121,10.0,87.0
14949231,21.0,24.0
14963776,12.0,32.0
14969193,5.0,72.0
14972186,19.0,60.0
14972411,12.0,2.0
14982231,4.0,53.0
14983738,21.0,63.0
14991157,5.0,64.0
14992455,20.0,60.0
14998361,17.0,4.0
15000504,0.0,17.0
15014235,21.0,63.0
15018018,10.0,76.0
15023592,10.0,2.0
15030400,21.0,85.0
15030925,9.0,60.0
15031756,17.0,90.0
15033108,9.0,35.0
15033143,21.0,90.0
15039316,21.0,17.0
15039782,4.0,2.0
15043460,17.0,18.0
15043731,21.0,90.0
15044083,12.0,2.0
15062509,20.0,29.0
15065951,5.0,90.0
15067918,4.0,53.0
15069530,19.0,59.0
15090101,12.0,90.0
15097322,10.0,2.0
15102743,10.0,70.0
15103051,21.0,59.0
15103734,12.0,88.0
15105440,10.0,58.0
15107576,12.0,88.0
15111080,7.0,2.0
15113209,9.0,37.0
15115193,9.0,15.0
15115470,21.0,25.0
15115800,21.0,2.0
15116722,12.0,18.0
15118227,17.0,90.0
15119433,20.0,36.0
15121448,17.0,90.0
15121685,1.0,54.0
15124689,20.0,60.0
15137296,17.0,24.0
15139101,12.0,60.0
15140911,12.0,60.0
15146416,18.0,59.0
15147917,21.0,41.0
15158065,20.0,60.0
15158129,17.0,23.0
15163260,12.0,88.0
15165588,20.0,60.0
15167654,17.0,31.0
15167982,17.0,90.0
15169059,17.0,28.0
15169387,21.0,2.0
15169859,12.0,2.0
15178870,21.0,84.0
15197232,19.0,74.0
15198292,17.0,82.0
15201733,17.0,2.0
15202394,17.0,2.0
15208011,9.0,70.0
15211249,21.0,7.0
15211600,17.0,66.0
15218260,19.0,11.0
15228875,20.0,29.0
15238640,19.0,90.0
15245676,19.0,75.0
15248386,5.0,15.0
15253583,10.0,59.0
15254587,12.0,2.0
15255862,12.0,2.0
15260459,9.0,11.0
15265369,12.0,60.0
15265793,7.0,72.0
15269795,17.0,85.0
15272964,21.0,25.0
15275092,12.0,72.0
15277910,19.0,29.0
15281021,12.0,60.0
15283832,10.0,37.0
15284265,10.0,42.0
15291123,4.0,29.0
15293376,19.0,72.0
15298177,17.0,33.0
15299141,7.0,2.0
15306113,17.0,25.0
15311070,12.0,41.0
15313302,21.0,60.0
15322765,21.0,21.0
15323545,20.0,28.0
15325685,12.0,59.0
15332860,17.0,81.0
15337166,12.0,2.0
15341513,19.0,9.0
15347868,21.0,21.0
15351707,17.0,2.0
15355104,17.0,60.0
15358709,21.0,38.0
15360273,12.0,60.0
15368488,17.0,35.0
15370674,12.0,90.0
15375365,17.0,55.0
15384742,12.0,2.0
15398098,19.0,61.0
15408779,17.0,11.0
15414775,21.0,17.0
15419222,12.0,2.0
15419688,12.0,27.0
15427343,9.0,60.0
15433268,9.0,2.0
15441265,7.0,29.0
15446935,12.0,60.0
15448789,12.0,56.0
15457519,21.0,60.0
15462403,17.0,2.0
15474765,17.0,90.0
15476388,17.0,12.0
15483855,21.0,29.0
15484727,12.0,2.0
15488637,5.0,28.0
15499522,12.0,83.0
15504301,17.0,25.0
15504782,20.0,41.0
15507174,19.0,29.0
15509233,21.0,87.0
15510436,12.0,38.0
15516456,9.0,2.0
15531353,21.0,2.0
15531392,10.0,54.0
15533622,21.0,2.0
15547592,9.0,37.0
15550459,10.0,24.0
15554046,12.0,44.0
15556466,21.0,2.0
15557366,9.0,67.0
15561531,19.0,2.0
15565701,9.0,18.0
15576620,19.0,33.0
15586195,0.0,61.0
15588691,9.0,17.0
15590559,17.0,2.0
15592172,7.0,54.0
15599222,19.0,55.0
15605411,19.0,90.0
15605476,17.0,51.0
15617955,9.0,60.0
15618613,0.0,2.0
15621370,12.0,18.0
15630101,20.0,18.0
15637909,17.0,2.0
15646443,21.0,90.0
15656991,9.0,72.0
15658033,20.0,40.0
15658297,21.0,16.0
15660806,21.0,25.0
15661304,19.0,60.0
15667392,12.0,33.0
15672090,12.0,60.0
15678635,12.0,2.0
15679969,0.0,29.0
15681856,21.0,67.0
15685359,12.0,2.0
15694458,21.0,61.0
15701447,5.0,60.0
15701791,17.0,90.0
15706583,21.0,70.0
15715331,12.0,2.0
15718701,0.0,59.0
15722307,17.0,60.0
15731853,17.0,59.0
15738556,5.0,82.0
15743889,12.0,60.0
15746129,17.0,60.0
15753837,21.0,2.0
15755079,19.0,23.0
15755670,17.0,2.0
15757368,5.0,82.0
15761558,12.0,60.0
15768508,4.0,18.0
15773043,19.0,59.0
15775672,12.0,17.0
15789869,17.0,61.0
15793282,21.0,18.0
15794730,5.0,59.0
15809970,17.0,60.0
15819815,17.0,61.0
15824649,21.0,63.0
15832594,9.0,29.0
15833304,17.0,60.0
15844883,20.0,2.0
15846310,5.0,11.0
15848924,17.0,61.0
15855311,19.0,60.0
15858216,0.0,1.0
15866951,12.0,22.0
15868091,9.0,61.0
15870346,21.0,59.0
15874491,10.0,2.0
15877965,19.0,25.0
15882041,19.0,59.0
15886579,10.0,33.0
15893031,5.0,37.0
15899216,10.0,32.0
15904184,4.0,53.0
15904285,20.0,49.0
15913658,9.0,2.0
15915504,20.0,50.0
15929549,21.0,2.0
15937948,12.0,31.0
15941666,17.0,8.0
15951839,7.0,36.0
15958149,21.0,60.0
15961073,4.0,2.0
15961482,9.0,36.0
15966570,9.0,85.0
15967615,17.0,18.0
15975347,17.0,61.0
15979441,18.0,41.0
15979679,21.0,72.0
15983639,21.0,72.0
15992779,20.0,61.0
15993418,21.0,29.0
15998559,4.0,15.0
16009601,21.0,72.0
16019278,12.0,2.0
16024814,20.0,2.0
16025935,12.0,18.0
16029487,5.0,11.0
16033447,19.0,55.0
16038861,9.0,37.0
16039332,0.0,59.0
16039993,19.0,17.0
16040568,0.0,33.0
16045776,12.0,46.0
16046685,20.0,18.0
16046961,7.0,61.0
16055607,10.0,49.0
16056357,17.0,90.0
16065225,20.0,2.0
16073526,21.0,53.0
16078095,12.0,90.0
16088319,12.0,2.0
16101111,21.0,2.0
16101362,17.0,2.0
16105154,12.0,18.0
16111733,5.0,37.0
16113870,17.0,73.0
16117469,17.0,2.0
16118648,9.0,75.0
16123872,0.0,29.0
16134814,4.0,2.0
16138384,21.0,18.0
16144245,0.0,2.0
16144689,12.0,64.0
16145771,20.0,63.0
16151930,17.0,2.0
16155075,21.0,78.0
16155351,19.0,2.0
16156333,12.0,82.0
16157267,5.0,24.0
16157482,5.0,59.0
16159417,17.0,90.0
16159506,12.0,82.0
16162157,12.0,38.0
16167574,21.0,48.0
16171076,10.0,24.0
16179837,21.0,36.0
16180717,21.0,23.0
16180819,17.0,2.0
16197345,21.0,67.0
16201855,12.0,2.0
16204485,4.0,23.0
16206113,12.0,2.0
16209901,21.0,37.0
16213316,20.0,70.0
16217920,19.0,22.0
16223750,21.0,18.0
16224456,17.0,66.0
16225906,5.0,56.0
16227865,10.0,59.0
16229928,12.0,42.0
16236835,12.0,63.0
16243797,12.0,59.0
16247300,18.0,41.0
16247849,17.0,2.0
16251816,17.0,2.0
16259113,12.0,51.0
16263666,7.0,15.0
16268814,20.0,85.0
16274107,21.0,2.0
16275253,17.0,3.0
16276549,20.0,11.0
16280468,10.0,60.0
16294019,21.0,82.0
16295964,9.0,52.0
16300922,19.0,48.0
16303958,4.0,60.0
16308461,12.0,60.0
16314705,4.0,90.0
16317523,21.0,90.0
16323051,17.0,71.0
16331454,17.0,87.0
16334098,20.0,28.0
16337029,17.0,82.0
16344271,21.0,2.0
16347322,17.0,2.0
16348711,9.0,15.0
16349765,17.0,31.0
16350674,9.0,25.0
16363621,21.0,64.0
16363987,12.0,2.0
16364728,17.0,60.0
16368760,17.0,90.0
16368928,9.0,71.0
16370968,17.0,2.0
16374666,20.0,11.0
16380529,21.0,70.0
16382912,9.0,76.0
16388510,12.0,36.0
16392845,20.0,2.0
16400282,4.0,59.0
16406982,12.0,53.0
16435826,20.0,11.0
16438231,17.0,60.0
16452286,0.0,72.0
16453065,21.0,82.0
16453802,21.0,88.0
16456251,10.0,8.0
16462548,21.0,85.0
16465432,12.0,18.0
16467939,12.0,85.0
16471709,20.0,33.0
16475054,18.0,60.0
16477522,21.0,59.0
16484171,5.0,77.0
16485828,9.0,88.0
16486700,12.0,2.0
16493106,17.0,2.0
16494363,21.0,67.0
16503894,10.0,67.0
16514971,12.0,2.0
16517261,21.0,17.0
16519637,0.0,18.0
16525055,17.0,45.0
16527881,9.0,2.0
16531803,5.0,17.0
16534207,4.0,79.0
16537311,17.0,37.0
16538152,21.0,1.0
16539329,12.0,2.0
16542023,21.0,29.0
16544840,4.0,2.0
16548105,19.0,24.0
16549214,10.0,18.0
16552667,21.0,2.0
16552677,5.0,88.0
16553098,17.0,53.0
16557777,17.0,82.0
16559775,20.0,2.0
16566339,21.0,2.0
16579107,21.0,49.0
16583011,19.0,24.0
16585079,12.0,2.0
16592708,5.0,60.0
16596176,12.0,63.0
16596551,17.0,29.0
16606351,0.0,8.0
16609946,17.0,90.0
16610029,4.0,2.0
16617084,17.0,59.0
16618642,12.0,90.0
16620835,20.0,67.0
16625760,12.0,74.0
16631401,20.0,63.0
16639664,12.0,2.0
16644730,9.0,2.0
16647930,17.0,25.0
16652569,20.0,61.0
16656383,9.0,2.0
16659194,12.0,2.0
16661730,12.0,2.0
16664934,9.0,2.0
16665129,5.0,60.0
16665206,21.0,84.0
16665648,19.0,59.0
16675258,17.0,2.0
16680837,21.0,17.0
16687079,21.0,54.0
16687868,20.0,90.0
16706709,0.0,28.0
16710961,12.0,60.0
16713389,21.0,15.0
16722795,12.0,24.0
16732081,21.0,28.0
16734138,12.0,17.0
16735991,21.0,2.0
16736489,17.0,60.0
16746695,9.0,60.0
16751409,21.0,22.0
16758501,4.0,35.0
16759872,20.0,60.0
16762280,12.0,24.0
16763491,17.0,82.0
16768182,9.0,24.0
16772513,19.0,25.0
16775841,21.0,2.0
16778047,12.0,25.0
16783819,5.0,67.0
16787738,5.0,81.0
16790166,12.0,74.0
16801628,9.0,61.0
16804505,20.0,64.0
16804556,19.0,42.0
16811590,19.0,90.0
16811876,12.0,2.0
16819182,12.0,2.0
16826531,12.0,2.0
16829593,2.0,61.0
16833648,12.0,11.0
16834086,9.0,9.0
16839946,17.0,2.0
16843245,20.0,60.0
16845149,19.0,2.0
16845896,0.0,38.0
16846085,17.0,2.0
16850404,20.0,60.0
16857724,21.0,15.0
16862272,21.0,9.0
16864153,17.0,2.0
16871410,19.0,60.0
16874580,21.0,24.0
16882557,21.0,90.0
16884117,21.0,82.0
16895737,12.0,90.0
16896858,19.0,61.0
16909120,12.0,3.0
16923874,17.0,28.0
16925385,17.0,27.0
16929481,7.0,36.0
16929725,12.0,2.0
16932892,12.0,71.0
16935058,12.0,18.0
16935445,21.0,2.0
16946052,19.0,64.0
16954732,12.0,2.0
16962161,12.0,60.0
16978865,20.0,63.0
16979537,20.0,53.0
16983464,17.0,25.0
16983915,21.0,60.0
16987160,21.0,90.0
16995814,4.0,33.0
17000128,10.0,18.0
17005792,5.0,61.0
17007584,9.0,9.0
17009755,21.0,11.0
17010724,21.0,4.0
17012371,9.0,88.0
17022042,4.0,2.0
17025366,12.0,2.0
17035317,19.0,2.0
17036178,0.0,60.0
17044538,12.0,90.0
17045993,12.0,65.0
17050612,7.0,24.0
17069823,17.0,33.0
17073219,17.0,90.0
17074957,0.0,12.0
17077659,21.0,60.0
17077937,20.0,17.0
17083286,20.0,85.0
17090651,12.0,48.0
17103759,5.0,84.0
17104473,20.0,33.0
17105044,9.0,47.0
17107571,12.0,60.0
17108681,5.0,18.0
17117847,17.0,67.0
17127108,19.0,41.0
17127214,0.0,88.0
17130929,17.0,29.0
17131219,12.0,2.0
17135068,21.0,25.0
17136198,10.0,36.0
17140210,17.0,36.0
17142493,12.0,70.0
17142530,19.0,33.0
17144875,5.0,2.0
17152649,12.0,88.0
17160534,20.0,60.0
17166768,17.0,17.0
17166977,20.0,71.0
17172754,10.0,84.0
17175907,1.0,0.0
17191120,12.0,59.0
17192937,10.0,58.0
17205265,12.0,74.0
17222467,5.0,84.0
17224189,17.0,36.0
17224579,21.0,61.0
17226616,12.0,90.0
17228828,5.0,71.0
17231644,9.0,90.0
17244039,9.0,75.0
17245841,12.0,21.0
17260183,21.0,11.0
17267005,17.0,88.0
17267410,12.0,2.0
17272684,17.0,29.0
17273853,17.0,38.0
17287811,19.0,10.0
17288278,0.0,2.0
17289704,4.0,90.0
17298507,9.0,36.0
17309709,7.0,0.0
17311077,21.0,62.0
17315033,17.0,0.0
17323087,17.0,2.0
17324659,17.0,18.0
17330725,12.0,11.0
17331047,0.0,2.0
17339007,19.0,29.0
17342152,12.0,60.0
17350517,10.0,63.0
17352659,21.0,29.0
17354465,4.0,2.0
17359286,12.0,88.0
17364963,17.0,59.0
17368910,12.0,8.0
17370135,21.0,24.0
17374278,9.0,2.0
17384301,12.0,53.0
17394950,12.0,2.0
17396149,9.0,2.0
17403814,4.0,60.0
17408893,4.0,60.0
17411550,9.0,2.0
17412346,12.0,86.0
17416879,17.0,28.0
17417522,4.0,36.0
17434857,20.0,90.0
17439014,12.0,2.0
17445038,20.0,18.0
17446093,12.0,2.0
17450760,9.0,84.0
17453758,17.0,72.0
17460016,12.0,27.0
17467953,21.0,18.0
17470335,20.0,24.0
17479063,12.0,18.0
17480007,12.0,61.0
17483032,19.0,60.0
17484440,12.0,32.0
17484724,9.0,2.0
17486419,17.0,72.0
17496286,12.0,51.0
17500959,21.0,25.0
17504997,12.0,2.0
17509610,4.0,2.0
17516172,9.0,21.0
17518303,4.0,25.0
17518839,17.0,90.0
17520223,21.0,2.0
17530635,21.0,51.0
17532926,0.0,3.0
17544287,21.0,29.0
17544679,5.0,24.0
17558007,19.0,40.0
17559096,21.0,64.0
17559368,4.0,2.0
17560799,21.0,2.0
17561195,0.0,90.0
17568852,10.0,82.0
17577640,9.0,18.0
17579475,20.0,3.0
17582777,17.0,29.0
17582831,17.0,63.0
17583057,21.0,9.0
17583827,21.0,2.0
17590056,19.0,60.0
17590756,17.0,45.0
17590874,21.0,51.0
17592814,0.0,2.0
17593295,12.0,73.0
17599201,5.0,24.0
17604421,9.0,17.0
17607016,5.0,60.0
17612294,17.0,48.0
17625253,4.0,2.0
17630179,19.0,63.0
17635434,12.0,2.0
17638754,19.0,2.0
17642710,7.0,2.0
17644102,10.0,25.0
17656610,20.0,28.0
17660981,19.0,72.0
17662553,12.0,36.0
17667357,12.0,85.0
17667653,17.0,82.0
17668910,21.0,2.0
17670333,12.0,60.0
17670695,4.0,60.0
17686804,9.0,2.0
17689167,17.0,24.0
17689272,21.0,51.0
17695959,19.0,88.0
17696063,19.0,60.0
17710771,5.0,54.0
17711179,17.0,60.0
17725103,10.0,72.0
17731310,12.0,82.0
17731655,21.0,21.0
17734737,17.0,14.0
17739579,21.0,2.0
17743651,9.0,84.0
17752363,19.0,4.0
17753113,4.0,23.0
17753154,19.0,60.0
17762828,4.0,24.0
17763502,17.0,2.0
17764008,17.0,36.0
17765106,19.0,60.0
17766681,9.0,33.0
17767053,19.0,11.0
17777646,21.0,60.0
17779007,9.0,74.0
17801055,9.0,60.0
17803196,9.0,23.0
17803508,10.0,2.0
17804062,21.0,2.0
17814145,9.0,61.0
17815798,9.0,2.0
17823841,9.0,18.0
17828705,21.0,2.0
17832963,9.0,21.0
17836311,9.0,84.0
17837404,21.0,47.0
17838068,10.0,2.0
17842802,12.0,29.0
17846319,19.0,60.0
17846380,21.0,66.0
17849519,17.0,40.0
17854047,21.0,61.0
17857321,20.0,2.0
17858442,0.0,2.0
17858660,7.0,90.0
17861696,17.0,54.0
17872180,20.0,18.0
17874794,21.0,18.0
17882340,0.0,57.0
17883722,17.0,2.0
17884148,12.0,2.0
17885319,12.0,21.0
17891692,21.0,59.0
17893200,21.0,2.0
17903201,5.0,2.0
17904652,17.0,24.0
17914420,0.0,2.0
17917774,21.0,50.0
17918814,5.0,2.0
17919682,20.0,82.0
17922569,12.0,67.0
17930381,9.0,2.0
17935904,12.0,57.0
17939174,12.0,2.0
17947062,12.0,49.0
17951493,21.0,15.0
17954436,20.0,18.0
17956477,17.0,25.0
17958886,21.0,18.0
17959322,12.0,90.0
17959448,20.0,84.0
17961554,7.0,32.0
17963373,12.0,0.0
17966024,9.0,2.0
17966568,17.0,17.0
17969115,10.0,82.0
17971365,17.0,2.0
17973073,12.0,61.0
17977921,17.0,2.0
17983359,7.0,29.0
17991559,12.0,18.0
17991968,9.0,60.0
18002286,17.0,36.0
18007846,12.0,2.0
18012372,21.0,75.0
18033687,9.0,11.0
18051236,17.0,17.0
18056900,10.0,90.0
18064874,20.0,60.0
18073505,9.0,67.0
18073799,5.0,11.0
18074445,12.0,60.0
18080634,20.0,24.0
18081786,17.0,67.0
18084625,9.0,2.0
18093565,12.0,24.0
18095384,21.0,60.0
18096516,5.0,2.0
18098999,19.0,60.0
18101422,19.0,90.0
18104930,20.0,76.0
18106886,20.0,73.0
18113303,19.0,35.0
18118211,4.0,73.0
18123975,17.0,67.0
18129716,20.0,17.0
18136751,19.0,60.0
18136984,12.0,55.0
18150675,12.0,18.0
18155094,21.0,2.0
18162513,19.0,2.0
18163480,21.0,59.0
18164385,4.0,60.0
18172194,9.0,15.0
18177146,17.0,90.0
18187508,5.0,21.0
18188665,19.0,17.0
18189257,4.0,71.0
18191106,9.0,4.0
18197758,19.0,90.0
18199787,9.0,90.0
18203134,19.0,24.0
18204332,20.0,11.0
18209874,17.0,90.0
18211099,20.0,17.0
18214339,12.0,61.0
18220060,21.0,2.0
18223500,12.0,51.0
18227196,10.0,17.0
18229651,10.0,25.0
18234852,21.0,35.0
18236213,4.0,2.0
18251422,21.0,60.0
18252689,17.0,46.0
18254141,21.0,2.0
18258030,9.0,72.0
18258758,12.0,18.0
18259079,9.0,18.0
18268726,21.0,2.0
18292081,21.0,18.0
18296418,17.0,37.0
18299239,7.0,11.0
18299456,20.0,90.0
18304296,21.0,2.0
18309488,17.0,52.0
18327166,12.0,54.0
18332333,12.0,72.0
18333147,0.0,60.0
18333283,12.0,29.0
18341353,21.0,46.0
18342254,21.0,46.0
18344863,21.0,17.0
18353817,12.0,64.0
18363849,12.0,72.0
18372672,17.0,2.0
18373003,20.0,2.0
18374373,17.0,61.0
18377647,21.0,79.0
18382198,17.0,12.0
18382458,20.0,18.0
18382910,20.0,41.0
18388892,10.0,2.0
18391874,4.0,2.0
18394863,21.0,73.0
18395192,9.0,2.0
18395581,20.0,18.0
18406759,12.0,90.0
18407377,19.0,2.0
18410151,21.0,2.0
18411220,12.0,60.0
18411406,10.0,32.0
18422758,10.0,32.0
18429157,17.0,60.0
18436346,21.0,67.0
18437969,12.0,63.0
18442740,20.0,15.0
18462554,20.0,63.0
18463526,21.0,2.0
18468712,17.0,2.0
18469078,20.0,60.0
18469941,21.0,24.0
18470192,4.0,71.0
18470957,20.0,84.0
18481438,21.0,18.0
18487410,21.0,90.0
18498292,12.0,38.0
18505153,12.0,60.0
18506345,21.0,60.0
18518248,12.0,11.0
18522943,17.0,61.0
18557750,19.0,45.0
18560126,0.0,2.0
18560982,12.0,31.0
18561612,5.0,24.0
18562639,12.0,76.0
18569690,19.0,60.0
18570932,12.0,15.0
18576972,12.0,17.0
18578770,17.0,60.0
18586197,19.0,90.0
18591890,19.0,60.0
18592885,19.0,88.0
18595529,9.0,17.0
18599264,12.0,90.0
18600672,12.0,88.0
18600788,12.0,18.0
18615621,21.0,24.0
18616775,20.0,29.0
18633464,17.0,24.0
18637935,20.0,47.0
18639926,4.0,2.0
18643342,5.0,76.0
18643383,21.0,2.0
18644184,12.0,72.0
18649346,0.0,17.0
18650431,12.0,2.0
18655596,17.0,2.0
18664029,21.0,90.0
18687607,12.0,29.0
18688401,20.0,2.0
18705165,19.0,25.0
18706230,0.0,76.0
18706487,21.0,25.0
18712574,17.0,2.0
18720229,5.0,82.0
18724087,21.0,21.0
18732756,9.0,2.0
18745735,17.0,2.0
18750664,17.0,90.0
18750787,12.0,2.0
18754770,12.0,2.0
18757459,4.0,2.0
18761450,12.0,90.0
18765906,20.0,17.0
18769237,12.0,90.0
18772611,9.0,59.0
18774604,17.0,42.0
18777547,21.0,2.0
18779401,21.0,2.0
18779486,19.0,2.0
18795642,10.0,72.0
18802412,17.0,88.0
18804044,12.0,83.0
18806517,9.0,60.0
18806808,12.0,60.0
18807381,21.0,27.0
18812505,10.0,66.0
18813601,12.0,63.0
18813971,12.0,84.0
18814674,20.0,85.0
18817905,17.0,90.0
18819145,12.0,21.0
18821359,7.0,2.0
18822823,9.0,70.0
18827726,19.0,2.0
18830476,21.0,1.0
18835432,12.0,2.0
18843152,12.0,60.0
18845351,19.0,21.0
18845964,17.0,63.0
18853702,12.0,87.0
18858459,21.0,15.0
18858517,9.0,17.0
18859087,17.0,56.0
18870437,4.0,50.0
18873129,20.0,84.0
18877566,5.0,2.0
18880569,9.0,2.0
18884750,21.0,37.0
18891038,19.0,41.0
18897711,0.0,53.0
18899875,21.0,24.0
18900275,12.0,18.0
18920320,10.0,18.0
18941066,5.0,11.0
18942225,5.0,60.0
18948619,7.0,70.0
18948917,17.0,67.0
18950194,17.0,2.0
18950196,19.0,2.0
18951737,9.0,72.0
18953085,19.0,71.0
18954848,12.0,60.0
18959835,12.0,17.0
18961836,17.0,7.0
18963568,17.0,51.0
18978061,5.0,56.0
18982274,9.0,82.0
18982902,12.0,72.0
18983324,9.0,38.0
18983941,12.0,2.0
18989299,19.0,18.0
18989576,12.0,38.0
18991741,9.0,21.0
18997797,21.0,35.0
19002442,10.0,60.0
19005136,21.0,63.0
19005878,12.0,87.0
19019073,18.0,17.0
19020164,18.0,63.0
19025168,21.0,53.0
19028049,21.0,2.0
19028369,17.0,32.0
19050531,7.0,72.0
19055362,20.0,24.0
19056300,10.0,84.0
19058116,9.0,43.0
19058472,12.0,60.0
19058475,21.0,2.0
19059737,12.0,84.0
19062607,17.0,81.0
19063239,10.0,60.0
19066208,18.0,41.0
19075773,9.0,53.0
19078858,21.0,38.0
19079894,9.0,17.0
19085573,9.0,22.0
19088005,5.0,11.0
19090159,19.0,60.0
19093935,12.0,60.0
19094335,0.0,36.0
19113868,17.0,90.0
19115172,17.0,18.0
19128388,12.0,36.0
19134569,5.0,60.0
19138904,9.0,29.0
19144251,17.0,29.0
19145875,12.0,18.0
19161928,4.0,53.0
19165564,21.0,18.0
19169471,17.0,17.0
19175883,17.0,36.0
19177785,20.0,2.0
19184087,12.0,2.0
19185868,12.0,56.0
19186779,9.0,90.0
19192798,17.0,21.0
19198343,12.0,1.0
19203333,10.0,60.0
19204094,17.0,85.0
19215611,21.0,34.0
19231374,17.0,2.0
19232100,20.0,18.0
19250326,4.0,33.0
19252340,21.0,60.0
19259651,12.0,2.0
19263145,0.0,36.0
19267829,21.0,29.0
19268568,17.0,59.0
19269543,12.0,86.0
19272768,12.0,2.0
19276140,9.0,61.0
19284097,20.0,41.0
19284392,17.0,60.0
19289073,12.0,1.0
19295743,21.0,59.0
19296128,19.0,37.0
19298581,12.0,2.0
19305555,12.0,32.0
19315035,20.0,82.0
19317571,5.0,60.0
19318730,21.0,55.0
19318926,17.0,28.0
19324959,21.0,61.0
19325926,21.0,21.0
19329325,21.0,56.0
19329434,17.0,53.0
19329831,21.0,90.0
19331663,17.0,2.0
19335918,0.0,43.0
19336224,12.0,2.0
19346082,12.0,90.0
19347418,19.0,63.0
19355804,12.0,2.0
19358031,21.0,85.0
19359211,19.0,32.0
19363042,19.0,2.0
19365049,12.0,67.0
19374186,12.0,38.0
19398963,20.0,2.0
19400725,0.0,2.0
19403693,18.0,59.0
19412243,0.0,27.0
19412761,17.0,90.0
19415571,21.0,24.0
19417327,20.0,11.0
19422099,9.0,60.0
19431700,4.0,2.0
19433938,19.0,61.0
19437729,12.0,60.0
19441279,18.0,37.0
19443510,12.0,2.0
19446482,9.0,2.0
19451971,10.0,18.0
19453104,12.0,35.0
19456791,12.0,2.0
19462288,12.0,2.0
19462341,21.0,38.0
19462367,9.0,11.0
19474532,9.0,17.0
19486678,10.0,67.0
19495287,21.0,13.0
19499456,9.0,90.0
19500745,17.0,76.0
19519062,17.0,17.0
19526317,4.0,60.0
19532692,17.0,51.0
19538946,18.0,53.0
19540438,17.0,58.0
19541632,7.0,72.0
19542706,17.0,29.0
19543564,21.0,2.0
19551316,12.0,0.0
19554107,4.0,29.0
19560028,17.0,2.0
19563150,9.0,2.0
19575462,17.0,10.0
19580518,12.0,60.0
19583262,17.0,18.0
19583547,4.0,42.0
19591991,12.0,2.0
19594436,12.0,2.0
19596217,17.0,90.0
19596384,0.0,2.0
19601547,17.0,2.0
19606908,17.0,37.0
19607667,12.0,67.0
19611222,17.0,71.0
19614802,17.0,56.0
19617678,5.0,6.0
19620400,19.0,82.0
19624704,17.0,60.0
19629645,8.0,2.0
19635363,20.0,41.0
19637349,5.0,67.0
19647049,19.0,78.0
19647070,10.0,21.0
19650606,19.0,29.0
19651779,17.0,2.0
19654184,21.0,71.0
19655003,21.0,2.0
19656740,12.0,29.0
19659333,12.0,44.0
19666860,9.0,2.0
19667853,9.0,24.0
19670326,20.0,23.0
19675718,12.0,76.0
19679607,17.0,2.0
19687260,12.0,37.0
19690762,20.0,42.0
19694855,17.0,90.0
19703016,21.0,24.0
19705306,19.0,82.0
19708170,4.0,60.0
19712899,21.0,90.0
19719757,20.0,2.0
19733513,0.0,66.0
19736566,21.0,90.0
19740219,12.0,60.0
19744395,12.0,60.0
19744726,19.0,37.0
19745803,4.0,75.0
19747310,12.0,85.0
19749956,19.0,2.0
19753260,4.0,36.0
19754769,9.0,2.0
19763523,21.0,2.0
19766113,12.0,25.0
19777728,17.0,19.0
19780024,0.0,11.0
19780275,9.0,84.0
19783627,5.0,77.0
19790478,12.0,61.0
19796225,9.0,2.0
19796392,21.0,48.0
19796526,21.0,10.0
19798397,21.0,60.0
19799335,20.0,29.0
19811366,17.0,36.0
19819626,19.0,24.0
19819660,9.0,71.0
19821218,12.0,62.0
19823581,19.0,24.0
19831169,12.0,2.0
19833904,0.0,90.0
19837078,21.0,67.0
19840511,0.0,36.0
19840677,17.0,48.0
19847071,17.0,2.0
19848124,21.0,70.0
19859805,21.0,90.0
19863335,12.0,2.0
19872949,10.0,2.0
19873567,17.0,90.0
19877391,21.0,41.0
19882838,9.0,78.0
19889603,21.0,70.0
19889944,9.0,1.0
19897595,12.0,32.0
19905003,21.0,10.0
19907214,9.0,15.0
19923857,21.0,84.0
19925306,12.0,59.0
19926733,21.0,9.0
19928291,12.0,90.0
19929387,12.0,60.0
19943701,19.0,41.0
19951454,9.0,60.0
19951997,4.0,73.0
19981223,0.0,36.0
19981865,9.0,2.0
19986189,5.0,2.0
19991831,12.0,54.0
19997086,17.0,46.0
19997368,4.0,71.0
19998579,17.0,2.0
20001716,7.0,29.0
20002410,17.0,84.0
20031837,21.0,60.0
20034451,17.0,54.0
20035658,19.0,2.0
20042780,21.0,2.0
20044699,20.0,12.0
20045738,12.0,2.0
20048360,21.0,88.0
20057320,10.0,37.0
20062215,17.0,51.0
20062411,19.0,73.0
20074127,10.0,71.0
20088751,17.0,25.0
20092252,17.0,7.0
20096468,0.0,66.0
20101693,20.0,82.0
20102150,17.0,2.0
20110023,9.0,18.0
20120520,9.0,60.0
20124781,20.0,25.0
20124964,17.0,11.0
20127288,5.0,60.0
20129879,17.0,67.0
20130823,20.0,21.0
20130831,17.0,90.0
20136560,12.0,60.0
20137599,21.0,9.0
20139830,17.0,2.0
20145568,21.0,25.0
20154599,12.0,18.0
20158598,17.0,25.0
20165966,1.0,17.0
20166771,9.0,84.0
20171347,19.0,63.0
20176714,12.0,36.0
20181847,20.0,15.0
20186791,18.0,2.0
20195719,12.0,81.0
20203823,20.0,17.0
20209645,21.0,73.0
20212292,5.0,60.0
20219496,21.0,2.0
20221046,21.0,2.0
20226882,12.0,63.0
20237436,20.0,60.0
20238238,10.0,0.0
20239074,21.0,2.0
20242140,21.0,29.0
20245012,21.0,73.0
20246097,12.0,75.0
20258509,17.0,2.0
20266733,9.0,59.0
20275309,17.0,88.0
20277477,19.0,18.0
20277579,17.0,50.0
20281930,4.0,56.0
20285197,12.0,29.0
20285687,21.0,33.0
20288256,12.0,27.0
20301359,19.0,10.0
20306306,12.0,60.0
20311773,12.0,82.0
20312692,0.0,72.0
20321706,21.0,31.0
20324493,9.0,70.0
20327337,21.0,41.0
20330940,17.0,82.0
20336333,0.0,5.0
20338337,17.0,2.0
20338681,12.0,36.0
20343828,21.0,2.0
20352054,9.0,11.0
20358013,20.0,2.0
20358111,4.0,2.0
20359461,9.0,86.0
20373710,7.0,77.0
20378724,4.0,59.0
20379969,9.0,9.0
20381000,9.0,60.0
20387242,17.0,60.0
20390616,12.0,81.0
20391134,19.0,2.0
20393695,5.0,29.0
20397861,19.0,11.0
20398841,9.0,28.0
20402674,5.0,59.0
20404571,12.0,2.0
20404959,21.0,60.0
20407463,17.0,2.0
20407465,9.0,2.0
20414772,9.0,17.0
20415207,21.0,2.0
20415368,20.0,82.0
20426281,12.0,78.0
20438924,7.0,18.0
20443243,7.0,2.0
20444457,4.0,76.0
20444806,9.0,17.0
20447871,12.0,51.0
20447878,20.0,18.0
20464764,17.0,27.0
20473700,17.0,90.0
20477950,12.0,85.0
20479535,7.0,2.0
20481217,4.0,7.0
20488192,17.0,81.0
20489750,19.0,33.0
20492079,12.0,24.0
20492821,20.0,56.0
20497987,0.0,23.0
20508039,0.0,21.0
20530273,12.0,18.0
20532630,9.0,63.0
20536149,4.0,38.0
20539966,20.0,1.0
20546564,9.0,2.0
20551038,9.0,60.0
20563729,12.0,42.0
20569985,21.0,1.0
20571638,5.0,77.0
20572183,0.0,36.0
20575703,12.0,2.0
20578534,4.0,24.0
20579739,9.0,59.0
20590053,19.0,72.0
20599244,20.0,9.0
20604264,19.0,37.0
20612428,17.0,2.0
20613804,20.0,18.0
20616074,21.0,60.0
20627403,12.0,2.0
20639027,12.0,90.0
20641827,17.0,31.0
20642445,21.0,4.0
20645218,21.0,73.0
20651987,5.0,89.0
20652774,20.0,24.0
20658371,5.0,18.0
20661367,7.0,18.0
20662490,7.0,25.0
20662543,12.0,2.0
20672249,9.0,24.0
20673937,20.0,90.0
20685854,20.0,59.0
20689358,21.0,10.0
20692877,21.0,54.0
20698262,17.0,21.0
20698488,12.0,18.0
20701931,9.0,38.0
20703209,4.0,2.0
20703731,5.0,90.0
20705075,9.0,64.0
20716010,21.0,60.0
20717611,21.0,29.0
20720918,4.0,28.0
20722038,10.0,15.0
20730214,20.0,46.0
20730940,12.0,60.0
20732964,12.0,2.0
20745716,9.0,28.0
20756740,5.0,24.0
20766931,9.0,23.0
20770732,17.0,18.0
20800013,17.0,18.0
20814083,19.0,47.0
20815599,12.0,17.0
20815706,4.0,24.0
20816624,9.0,17.0
20817185,21.0,24.0
20818571,21.0,29.0
20819711,20.0,70.0
20820335,7.0,0.0
20820743,21.0,2.0
20822449,12.0,18.0
20822584,21.0,67.0
20824910,4.0,36.0
20832415,17.0,36.0
20837569,17.0,37.0
20839765,17.0,59.0
20843609,20.0,66.0
20847190,21.0,2.0
20851376,10.0,37.0
20851847,12.0,52.0
20851999,4.0,2.0
20853201,9.0,52.0
20858328,17.0,61.0
20860183,21.0,17.0
20865236,4.0,23.0
20871411,9.0,46.0
20878833,10.0,90.0
20879365,18.0,55.0
20885292,12.0,60.0
20889174,21.0,27.0
20889215,5.0,90.0
20897420,17.0,11.0
20898640,5.0,24.0
20898716,4.0,86.0
20901400,17.0,90.0
20903126,20.0,2.0
20917379,5.0,90.0
20917519,20.0,61.0
20927919,21.0,18.0
20931291,4.0,36.0
20940309,10.0,2.0
20946187,21.0,31.0
20947290,12.0,35.0
20949058,21.0,47.0
20950584,9.0,2.0
20956191,21.0,15.0
20961670,9.0,60.0
20961858,0.0,17.0
20962590,4.0,18.0
20969905,9.0,67.0
20971460,17.0,59.0
20973436,21.0,2.0
20983472,5.0,2.0
20985847,19.0,75.0
20988684,19.0,54.0
20990128,4.0,46.0
20991148,12.0,2.0
20991786,17.0,18.0
21009750,12.0,38.0
21016536,20.0,82.0
21020014,17.0,2.0
21023793,9.0,81.0
21025015,9.0,84.0
21028019,21.0,32.0
21032946,21.0,56.0
21043614,9.0,2.0
21044716,17.0,11.0
21054550,17.0,38.0
21063946,19.0,90.0
21068640,17.0,17.0
21073461,21.0,16.0
21084315,12.0,2.0
21087361,19.0,18.0
21088517,21.0,84.0
21089117,12.0,11.0
21093217,10.0,4.0
21094026,21.0,25.0
21097168,21.0,2.0
21103609,12.0,50.0
21107663,9.0,55.0
21109712,19.0,59.0
21109870,12.0,2.0
21111767,9.0,90.0
21114118,17.0,2.0
21120074,7.0,90.0
21121661,12.0,18.0
21129799,17.0,2.0
21136216,17.0,29.0
21140649,5.0,2.0
21148489,12.0,76.0
21163208,0.0,90.0
21176494,21.0,81.0
21178927,9.0,11.0
21182393,12.0,9.0
21182848,21.0,85.0
21186995,0.0,37.0
21189684,21.0,82.0
21194514,10.0,11.0
21194828,21.0,2.0
21196589,5.0,29.0
21197362,5.0,25.0
21197654,17.0,90.0
21198590,12.0,23.0
21216249,21.0,2.0
21218527,17.0,2.0
21219146,19.0,17.0
21220064,9.0,2.0
21225459,0.0,46.0
21226550,21.0,11.0
21230701,5.0,56.0
21231518,20.0,90.0
21235311,4.0,36.0
21239970,20.0,55.0
21241915,12.0,90.0
21257899,17.0,24.0
21260800,12.0,51.0
21264281,20.0,4.0
21267117,12.0,42.0
21269658,12.0,2.0
21276876,9.0,60.0
21278390,21.0,90.0
21281235,10.0,72.0
21301901,10.0,17.0
21304301,5.0,59.0
21308235,12.0,2.0
21310146,17.0,34.0
21314826,12.0,90.0
21324812,9.0,60.0
21327089,12.0,60.0
21327173,10.0,28.0
21330041,18.0,81.0
21331715,12.0,5.0
21338908,20.0,29.0
21340663,9.0,60.0
21342423,17.0,85.0
21345187,12.0,60.0
21348319,9.0,71.0
21351661,5.0,82.0
21352650,5.0,35.0
21356595,10.0,54.0
21358347,21.0,60.0
21358508,17.0,47.0
21365875,9.0,29.0
21369679,12.0,29.0
21374712,21.0,60.0
21379235,9.0,70.0
21381468,12.0,15.0
21402778,12.0,60.0
21402856,4.0,36.0
21414147,19.0,89.0
21418506,20.0,2.0
21422611,5.0,60.0
21427164,7.0,2.0
21427658,12.0,2.0
21428972,9.0,90.0
21439554,9.0,24.0
21440663,12.0,41.0
21445154,12.0,88.0
21445806,4.0,60.0
21454733,17.0,55.0
21455135,17.0,70.0
21459935,10.0,2.0
21462486,12.0,67.0
21464865,12.0,2.0
21466761,20.0,2.0
21468703,21.0,4.0
21480739,17.0,71.0
21484158,21.0,2.0
21486614,20.0,89.0
21488377,12.0,51.0
21492665,9.0,41.0
21493649,9.0,90.0
21495850,4.0,29.0
21497113,12.0,21.0
21505115,21.0,90.0
21508755,12.0,4.0
21511862,17.0,62.0
21524742,19.0,48.0
21537122,12.0,60.0
21539734,17.0,58.0
21546250,21.0,24.0
21546390,19.0,36.0
21555941,10.0,2.0
21557289,21.0,51.0
21558237,12.0,60.0
21561384,21.0,59.0
21563015,0.0,88.0
21567345,12.0,72.0
21567666,5.0,29.0
21573257,12.0,27.0
21577635,17.0,90.0
21584842,19.0,36.0
21585073,12.0,2.0
21587942,7.0,2.0
21596358,17.0,18.0
21596965,0.0,42.0
21602168,12.0,18.0
21606234,9.0,18.0
21608117,10.0,84.0
21609513,21.0,67.0
21610936,12.0,34.0
21631441,21.0,60.0
21633892,17.0,59.0
21641608,19.0,2.0
21641717,17.0,25.0
21646724,10.0,67.0
21653338,20.0,90.0
21655013,21.0,2.0
21670759,20.0,2.0
21670925,12.0,60.0
21671699,4.0,61.0
21680543,17.0,61.0
21683290,21.0,13.0
21699152,12.0,75.0
21701857,17.0,59.0
21706047,9.0,82.0
21710073,9.0,2.0
21711582,20.0,36.0
21713533,4.0,2.0
21722184,7.0,1.0
21726243,12.0,29.0
21727816,0.0,70.0
21729643,21.0,85.0
21732217,9.0,17.0
21736584,5.0,90.0
21736964,12.0,2.0
21739947,12.0,29.0
21745746,17.0,82.0
21746757,12.0,90.0
21753221,10.0,18.0
21762312,17.0,2.0
21768792,21.0,24.0
21771812,20.0,81.0
21779633,21.0,24.0
21789255,12.0,21.0
21792480,12.0,67.0
21795551,21.0,2.0
21797575,20.0,25.0
21801020,20.0,5.0
21803432,17.0,11.0
21806954,21.0,60.0
21808448,17.0,2.0
21815976,12.0,31.0
21820271,17.0,82.0
21823716,21.0,2.0
21831365,12.0,2.0
21832047,12.0,90.0
21841869,21.0,90.0
21848029,12.0,4.0
21849073,21.0,60.0
21853947,21.0,63.0
21854753,20.0,90.0
21864400,9.0,11.0
21867045,17.0,81.0
21879991,19.0,21.0
21881597,4.0,86.0
21883406,9.0,81.0
21887146,20.0,2.0
21889808,17.0,2.0
21893514,17.0,60.0
21898404,12.0,15.0
21909349,9.0,48.0
21909402,12.0,2.0
21910402,17.0,49.0
21911342,9.0,3.0
21913131,21.0,15.0
21915404,21.0,2.0
21921953,17.0,18.0
21923898,17.0,18.0
21936884,12.0,67.0
21953582,21.0,18.0
21971871,19.0,21.0
21973818,10.0,3.0
21978528,19.0,2.0
21979254,9.0,2.0
21982879,4.0,18.0
21992532,9.0,67.0
21997995,21.0,24.0
21999018,21.0,21.0
22018393,17.0,90.0
22023631,12.0,28.0
22026086,1.0,2.0
22026257,19.0,41.0
22033555,19.0,2.0
22033896,21.0,61.0
22039735,19.0,83.0
22042601,21.0,66.0
22045495,17.0,2.0
22053985,21.0,38.0
22075253,21.0,60.0
22083743,20.0,29.0
22087680,9.0,72.0
22092225,9.0,60.0
22092701,20.0,60.0
22093078,20.0,41.0
22094506,12.0,67.0
22097231,0.0,17.0
22098644,9.0,67.0
22103209,12.0,2.0
22109472,17.0,84.0
22114458,21.0,2.0
22120897,5.0,28.0
22123001,12.0,75.0
22133777,9.0,2.0
22143146,17.0,81.0
22143321,19.0,2.0
22143605,12.0,54.0
22155622,12.0,76.0
22161826,17.0,63.0
22166700,4.0,69.0
22169238,5.0,90.0
22172658,17.0,90.0
22175362,17.0,2.0
22175448,10.0,35.0
22176550,20.0,2.0
22177277,9.0,55.0
22185643,21.0,90.0
22188015,21.0,67.0
22191681,17.0,84.0
22199828,19.0,2.0
22201322,21.0,90.0
22216965,19.0,14.0
22217992,17.0,8.0
22219453,19.0,2.0
22227528,21.0,17.0
22230902,12.0,85.0
22243200,21.0,66.0
22244398,12.0,61.0
22246732,17.0,90.0
22254522,12.0,38.0
22276244,20.0,15.0
22289737,17.0,82.0
22305700,17.0,90.0
22321929,21.0,76.0
22325054,20.0,18.0
22328200,21.0,41.0
22333594,17.0,2.0
22339868,20.0,17.0
22340038,21.0,2.0
22345808,20.0,18.0
22345844,19.0,29.0
22347010,12.0,2.0
22347525,9.0,2.0
22350131,4.0,46.0
22361386,17.0,2.0
22377354,17.0,73.0
22384935,21.0,90.0
22387529,17.0,24.0
22387689,20.0,60.0
22388599,10.0,0.0
22392157,9.0,60.0
22397042,21.0,2.0
22399715,12.0,63.0
22401152,21.0,85.0
22404031,9.0,29.0
22404716,9.0,15.0
22405364,20.0,17.0
22406189,17.0,82.0
22415442,10.0,2.0
22416027,0.0,90.0
22426406,19.0,70.0
22433477,12.0,2.0
22433721,19.0,24.0
22435117,12.0,90.0
22451985,9.0,84.0
22464687,0.0,12.0
22468210,17.0,67.0
22469184,12.0,88.0
22473205,12.0,18.0
22474640,21.0,86.0
22474697,20.0,82.0
22480559,5.0,0.0
22482238,9.0,54.0
22482601,20.0,24.0
22487234,17.0,88.0
22497390,5.0,90.0
22502623,7.0,42.0
22504974,12.0,51.0
22508916,12.0,2.0
22509710,12.0,2.0
22515431,17.0,86.0
22517446,4.0,2.0
22521475,9.0,25.0
22521683,17.0,50.0
22522500,20.0,56.0
22527134,4.0,18.0
22527983,12.0,60.0
22532973,7.0,36.0
22534210,12.0,43.0
22536089,17.0,89.0
22538513,9.0,37.0
22542061,12.0,60.0
22543440,19.0,36.0
22544196,12.0,24.0
22546723,12.0,36.0
22547857,12.0,2.0
22566620,21.0,60.0
22570944,10.0,6.0
22573808,12.0,2.0
22575959,10.0,2.0
22576141,12.0,54.0
22576628,5.0,18.0
22580785,12.0,71.0
22581619,10.0,70.0
22588543,9.0,5.0
22590558,17.0,17.0
22591194,10.0,85.0
22599136,9.0,2.0
22602223,12.0,36.0
22603200,12.0,2.0
22606641,12.0,81.0
22611458,12.0,2.0
22616813,5.0,42.0
22617565,12.0,61.0
22619382,17.0,84.0
22620391,19.0,24.0
22627556,21.0,63.0
22642056,12.0,63.0
22643703,21.0,2.0
22664132,20.0,2.0
22665586,19.0,7.0
22668665,9.0,60.0
22680983,21.0,90.0
22688326,17.0,81.0
22690067,20.0,61.0
22690716,21.0,64.0
22690921,20.0,2.0
22691900,4.0,2.0
22703106,20.0,70.0
22704804,17.0,2.0
22705566,12.0,59.0
22706940,9.0,2.0
22709474,19.0,50.0
22715838,17.0,63.0
22719703,17.0,9.0
22724247,21.0,60.0
22736242,21.0,24.0
22738382,21.0,31.0
22739070,17.0,60.0
22746057,12.0,60.0
22748279,20.0,29.0
22751666,5.0,90.0
22759342,12.0,2.0
22763427,17.0,22.0
22763701,21.0,17.0
22767584,12.0,2.0
22768045,19.0,71.0
22770965,21.0,25.0
22772767,17.0,60.0
22782239,9.0,61.0
22783582,17.0,2.0
22793541,9.0,2.0
22799779,17.0,2.0
22806205,7.0,2.0
22806898,21.0,60.0
22816184,0.0,49.0
22818628,12.0,17.0
22821344,12.0,15.0
22826882,21.0,2.0
22830200,21.0,15.0
22831029,0.0,45.0
22835258,12.0,2.0
22839705,5.0,24.0
22842561,12.0,60.0
22842950,17.0,32.0
22846284,12.0,50.0
22849738,21.0,88.0
22853517,21.0,59.0
22855577,21.0,2.0
22859559,17.0,2.0
22861175,21.0,2.0
22865637,20.0,18.0
22867012,20.0,2.0
22871036,0.0,2.0
22877042,0.0,73.0
22880082,12.0,37.0
22885394,12.0,61.0
22889859,21.0,89.0
22894205,19.0,59.0
22894322,17.0,2.0
22899517,9.0,81.0
22899572,12.0,25.0
22899854,20.0,89.0
22903201,12.0,18.0
22907721,12.0,31.0
22908521,21.0,64.0
22911963,21.0,41.0
22912657,9.0,11.0
22922162,20.0,36.0
22925842,12.0,28.0
22926648,21.0,24.0
22929731,12.0,84.0
22935967,10.0,18.0
22941481,20.0,41.0
22951715,9.0,24.0
22951881,9.0,90.0
22954212,10.0,29.0
22965239,9.0,81.0
22973065,21.0,23.0
22979228,17.0,60.0
22985152,0.0,48.0
22986811,21.0,29.0
22988910,21.0,2.0
22991573,12.0,24.0
22992014,21.0,2.0
22992099,21.0,2.0
22995941,10.0,73.0
22997320,21.0,56.0
23002622,12.0,90.0
23003436,9.0,60.0
23007101,19.0,18.0
23008864,17.0,59.0
23013048,21.0,25.0
23014585,1.0,60.0
23025395,9.0,24.0
23028954,21.0,61.0
23037014,9.0,2.0
23045383,18.0,38.0
23048298,12.0,41.0
23050682,12.0,18.0
23068890,9.0,2.0
23079021,19.0,59.0
23079925,20.0,24.0
23081871,4.0,29.0
23084330,20.0,3.0
23085263,9.0,2.0
23089863,19.0,9.0
23090618,18.0,49.0
23099412,21.0,60.0
23100520,9.0,2.0
23100878,19.0,35.0
23112399,5.0,41.0
23113147,21.0,2.0
23115431,19.0,60.0
23118891,12.0,85.0
23122665,20.0,50.0
23124134,12.0,31.0
23135956,17.0,11.0
23140184,21.0,61.0
23140778,19.0,18.0
23140850,12.0,60.0
23144619,17.0,60.0
23144707,12.0,36.0
23150221,12.0,63.0
23150874,17.0,76.0
23156610,12.0,35.0
23157657,21.0,59.0
23157848,4.0,2.0
23171186,9.0,36.0
23172239,17.0,2.0
23176511,9.0,60.0
23179913,19.0,10.0
23183851,21.0,24.0
23185279,0.0,18.0
23185725,7.0,78.0
23188488,20.0,2.0
23191938,20.0,37.0
23198629,12.0,76.0
23205646,10.0,60.0
23210388,21.0,60.0
23214225,5.0,15.0
23222444,17.0,28.0
23223098,21.0,18.0
23239252,5.0,86.0
23242102,12.0,2.0
23249664,4.0,2.0
23260516,20.0,18.0
23263705,21.0,31.0
23273433,12.0,18.0
23275663,17.0,2.0
23279135,12.0,2.0
23296873,7.0,36.0
23301154,12.0,86.0
23305159,17.0,90.0
23307699,10.0,45.0
23313233,17.0,2.0
23315956,21.0,2.0
23324990,12.0,72.0
23327789,20.0,7.0
23331671,12.0,17.0
23337358,12.0,18.0
23350281,21.0,9.0
23350657,4.0,37.0
23359008,12.0,53.0
23376744,9.0,53.0
23383844,10.0,13.0
23384213,19.0,17.0
23386996,12.0,72.0
23387054,20.0,2.0
23389265,17.0,47.0
23390770,19.0,47.0
23399298,21.0,2.0
23405656,21.0,60.0
23407900,10.0,2.0
23413437,9.0,60.0
23413590,19.0,35.0
23428305,19.0,29.0
23431775,17.0,60.0
23436139,20.0,33.0
23447643,21.0,84.0
23467445,19.0,5.0
23479477,12.0,24.0
23483143,21.0,15.0
23485697,4.0,36.0
23493368,21.0,53.0
23501557,4.0,41.0
23503041,5.0,60.0
23503425,21.0,2.0
23504179,20.0,29.0
23507270,4.0,74.0
23515670,21.0,2.0
23519877,10.0,54.0
23525332,10.0,2.0
23526477,21.0,67.0
23531642,12.0,60.0
23541878,0.0,36.0
23546515,5.0,54.0
23547510,19.0,55.0
23550880,12.0,60.0
23552054,7.0,11.0
23552250,9.0,24.0
23554088,17.0,71.0
23554959,12.0,90.0
23555503,21.0,55.0
23557518,17.0,61.0
23557695,20.0,86.0
23558638,21.0,18.0
23568393,17.0,18.0
23568556,12.0,2.0
23568683,17.0,90.0
23578627,20.0,67.0
23581562,12.0,63.0
23588786,7.0,29.0
23590503,12.0,22.0
23592165,21.0,24.0
23601356,21.0,85.0
23606996,17.0,24.0
23620585,12.0,2.0
23623533,9.0,56.0
23625046,0.0,18.0
23629100,21.0,60.0
23635433,9.0,81.0
23640994,9.0,22.0
23647720,21.0,11.0
23648903,12.0,90.0
23650436,9.0,73.0
23660593,0.0,42.0
23674909,19.0,47.0
23677405,0.0,2.0
23678708,10.0,42.0
23678863,12.0,17.0
23680494,21.0,2.0
23684043,0.0,53.0
23694010,19.0,17.0
23698318,19.0,2.0
23698637,0.0,21.0
23702804,21.0,83.0
23705247,18.0,71.0
23705632,0.0,11.0
23706584,20.0,37.0
23713668,17.0,82.0
23727005,12.0,24.0
23735371,19.0,60.0
23738309,20.0,2.0
23738900,17.0,19.0
23752597,17.0,60.0
23754353,4.0,28.0
23756608,20.0,29.0
23763386,19.0,90.0
23765978,17.0,70.0
23767351,19.0,2.0
23767468,21.0,55.0
23771704,4.0,2.0
23773057,21.0,60.0
23776454,17.0,63.0
23777238,17.0,41.0
23793051,17.0,2.0
23793406,12.0,59.0
23793488,4.0,72.0
23795896,10.0,15.0
23801235,19.0,25.0
23801688,21.0,59.0
23803442,9.0,64.0
23815034,12.0,2.0
23816416,0.0,53.0
23821696,9.0,17.0
23821746,4.0,60.0
23824053,12.0,11.0
23826120,17.0,2.0
23840017,12.0,60.0
23849874,19.0,2.0
23857739,17.0,2.0
23866906,21.0,56.0
23869717,21.0,2.0
23874543,12.0,41.0
23882583,12.0,2.0
23893122,20.0,50.0
23894378,20.0,21.0
23897719,21.0,2.0
23906422,0.0,36.0
23920856,20.0,49.0
23922024,10.0,18.0
23924695,9.0,29.0
23924957,12.0,60.0
23940278,9.0,60.0
23944359,5.0,66.0
23952780,17.0,59.0
23954393,5.0,9.0
23955113,21.0,2.0
23969618,21.0,24.0
23970023,21.0,90.0
23971265,17.0,2.0
23976322,12.0,18.0
23981017,21.0,2.0
23985050,17.0,60.0
23991046,10.0,2.0
23992214,4.0,2.0
23993209,21.0,60.0
23999610,20.0,10.0
24013345,17.0,60.0
24015110,17.0,60.0
24020380,12.0,81.0
24022328,21.0,2.0
24026279,4.0,59.0
24039145,21.0,59.0
24041378,21.0,42.0
24047882,21.0,60.0
24053817,9.0,60.0
24054364,19.0,13.0
24054587,19.0,64.0
24065724,12.0,67.0
24066817,21.0,60.0
24069904,12.0,60.0
24071054,10.0,36.0
24080470,21.0,15.0
24081067,12.0,71.0
24083740,4.0,60.0
24086215,12.0,2.0
24088152,5.0,60.0
24089848,12.0,7.0
24090523,21.0,22.0
24095831,17.0,79.0
24097458,2.0,2.0
24103000,17.0,47.0
24108832,17.0,33.0
24116488,20.0,1.0
24122817,20.0,4.0
24135144,18.0,55.0
24137891,12.0,18.0
24139048,17.0,18.0
24142929,19.0,29.0
24148352,9.0,2.0
24160118,17.0,24.0
24162462,20.0,17.0
24162931,9.0,2.0
24168135,12.0,24.0
24174926,9.0,84.0
24175062,17.0,21.0
24177211,17.0,61.0
24178078,9.0,37.0
24185095,9.0,6.0
24186268,12.0,59.0
24195564,21.0,2.0
24197674,17.0,7.0
24199493,9.0,0.0
24203115,17.0,2.0
24206738,0.0,58.0
24208166,12.0,4.0
24208452,18.0,2.0
24211744,21.0,61.0
24212976,12.0,59.0
24226878,9.0,2.0
24227859,21.0,59.0
24233165,10.0,2.0
24235073,20.0,18.0
24235161,5.0,11.0
24243030,5.0,82.0
24243654,17.0,37.0
24248592,12.0,17.0
24253957,9.0,21.0
24257383,17.0,2.0
24259276,0.0,60.0
24261299,0.0,63.0
24262772,18.0,5.0
24270870,21.0,66.0
24278526,12.0,90.0
24279722,9.0,2.0
24281518,21.0,66.0
24282096,7.0,60.0
24283930,20.0,58.0
24284749,4.0,72.0
24285331,21.0,42.0
24285595,9.0,2.0
24292581,4.0,2.0
24295380,10.0,2.0
24313869,4.0,63.0
24313957,19.0,18.0
24317301,21.0,2.0
24317838,12.0,60.0
24320865,20.0,2.0
24322213,17.0,37.0
24327384,21.0,42.0
24327990,19.0,90.0
24336682,12.0,33.0
24339157,17.0,38.0
24340127,17.0,18.0
24343255,18.0,60.0
24347886,21.0,59.0
24348816,12.0,75.0
24350028,12.0,71.0
24350273,17.0,17.0
24357046,5.0,66.0
24360520,10.0,33.0
24363282,12.0,60.0
24371273,17.0,2.0
24374859,20.0,81.0
24374879,9.0,87.0
24377866,21.0,90.0
24388193,21.0,66.0
24394964,0.0,33.0
24406489,17.0,46.0
24415407,12.0,11.0
24416295,21.0,2.0
24419662,9.0,85.0
24422598,17.0,18.0
24427908,21.0,53.0
24429004,21.0,4.0
24429851,9.0,17.0
24441397,4.0,21.0
24445131,21.0,2.0
24447060,10.0,17.0
24450778,12.0,2.0
24452690,20.0,37.0
24453225,21.0,2.0
24456168,12.0,64.0
24459039,12.0,18.0
24461399,19.0,55.0
24461812,12.0,84.0
24466785,19.0,9.0
24469034,12.0,29.0
24469527,17.0,42.0
24470200,4.0,13.0
24475531,17.0,12.0
24476868,12.0,67.0
24477889,21.0,60.0
24478228,19.0,54.0
24478363,12.0,2.0
24478639,17.0,61.0
24480636,21.0,18.0
24481068,4.0,24.0
24481076,7.0,25.0
24488190,1.0,18.0
24492219,12.0,90.0
24502298,19.0,11.0
24504577,5.0,28.0
24507980,12.0,76.0
24512808,9.0,24.0
24513875,17.0,67.0
24516780,12.0,17.0
24519996,21.0,60.0
24523599,20.0,17.0
24528052,12.0,46.0
24531479,17.0,2.0
24537191,5.0,24.0
24542909,9.0,2.0
24542959,5.0,29.0
24543129,17.0,37.0
24546474,21.0,61.0
24554378,21.0,67.0
24558947,17.0,75.0
24561648,4.0,29.0
24565793,20.0,64.0
24567157,0.0,45.0
24572449,17.0,35.0
24577583,20.0,35.0
24582959,17.0,65.0
24585430,21.0,35.0
24593071,12.0,60.0
24598497,12.0,67.0
24601002,19.0,71.0
24605843,12.0,0.0
24608930,21.0,48.0
24610743,19.0,53.0
24612951,17.0,70.0
24613899,12.0,38.0
24613996,12.0,18.0
24617612,4.0,36.0
24619577,9.0,21.0
24620349,20.0,90.0
24622850,21.0,22.0
24636200,20.0,2.0
24647913,17.0,81.0
24649296,5.0,25.0
24654483,21.0,11.0
24664668,9.0,15.0
24677314,17.0,1.0
24680467,17.0,61.0
24687225,9.0,37.0
24690559,12.0,2.0
24690823,19.0,24.0
24691072,9.0,85.0
24695149,9.0,11.0
24695881,12.0,29.0
24697818,17.0,90.0
24698082,12.0,73.0
24700187,17.0,88.0
24709344,20.0,56.0
24712764,12.0,2.0
24725533,21.0,2.0
24727306,21.0,24.0
24732563,12.0,81.0
24737126,21.0,11.0
24743127,19.0,25.0
24757503,12.0,90.0
24760534,12.0,1.0
24773748,0.0,90.0
24776899,20.0,2.0
24778187,19.0,2.0
24783030,10.0,24.0
24797857,21.0,24.0
24803043,17.0,54.0
24807622,12.0,60.0
24808674,9.0,17.0
24822851,12.0,15.0
24824904,10.0,2.0
24827115,21.0,67.0
24827539,12.0,2.0
24832200,17.0,2.0
24833929,10.0,53.0
24835780,12.0,65.0
24842301,12.0,46.0
24845010,20.0,64.0
24848813,9.0,60.0
24852951,20.0,71.0
24853742,19.0,81.0
24854550,17.0,60.0
24865232,0.0,36.0
24870119,20.0,2.0
24873655,12.0,46.0
24875534,9.0,89.0
24876059,20.0,56.0
24877671,21.0,2.0
24878253,19.0,51.0
24878793,17.0,31.0
24880496,17.0,2.0
24886122,12.0,90.0
24886943,10.0,63.0
24888828,21.0,37.0
24901942,19.0,35.0
24908378,20.0,59.0
24916815,0.0,33.0
24933987,19.0,90.0
24936579,20.0,2.0
24944387,20.0,72.0
24946418,4.0,79.0
24947743,10.0,18.0
24949109,21.0,25.0
24950844,10.0,54.0
24953888,19.0,60.0
24966033,4.0,60.0
24974202,17.0,31.0
24976555,20.0,2.0
24981971,12.0,59.0
24985763,21.0,2.0
24988531,17.0,22.0
24992642,17.0,18.0
24992890,17.0,24.0
24993521,12.0,2.0
24999229,12.0,84.0
25002302,9.0,37.0
25021561,12.0,59.0
25022579,17.0,59.0
25025946,21.0,24.0
25027668,21.0,67.0
25035923,9.0,11.0
25038881,21.0,2.0
25043202,12.0,85.0
25049703,19.0,90.0
25054608,17.0,60.0
25055586,9.0,10.0
25055980,0.0,29.0
25056382,0.0,12.0
25065943,19.0,2.0
25070551,17.0,61.0
25071084,0.0,37.0
25080010,20.0,90.0
25080193,9.0,60.0
25083636,18.0,14.0
25087698,12.0,2.0
25088409,10.0,61.0
25092615,9.0,2.0
25098430,20.0,90.0
25104009,1.0,2.0
25108763,19.0,6.0
25111012,18.0,37.0
25115018,17.0,13.0
25116500,20.0,2.0
25116812,12.0,18.0
25117211,17.0,90.0
25120326,9.0,67.0
25120601,12.0,33.0
25129607,21.0,24.0
25133613,9.0,2.0
25140062,12.0,53.0
25144902,17.0,31.0
25149832,12.0,2.0
25150105,12.0,2.0
25157805,20.0,59.0
25160022,17.0,88.0
25161146,17.0,44.0
25164071,10.0,88.0
25166246,12.0,60.0
25174913,12.0,90.0
25180408,12.0,2.0
25184566,19.0,2.0
25187017,21.0,13.0
25191714,9.0,82.0
25193016,21.0,67.0
25197380,19.0,88.0
25200270,9.0,75.0
25214281,19.0,60.0
25218581,0.0,42.0
25221237,9.0,66.0
25230690,17.0,90.0
25236754,12.0,2.0
25237811,19.0,2.0
25244452,21.0,11.0
25249209,7.0,36.0
25252215,9.0,2.0
25256001,17.0,2.0
25261356,17.0,60.0
25264061,21.0,41.0
25265049,7.0,2.0
25268759,20.0,2.0
25274652,10.0,63.0
25275204,0.0,49.0
25275835,12.0,60.0
25287899,20.0,85.0
25291493,12.0,2.0
25296626,17.0,37.0
25300295,21.0,2.0
25307833,21.0,18.0
25313937,19.0,17.0
25314748,21.0,17.0
25319330,17.0,60.0
25322586,9.0,60.0
25328251,12.0,2.0
25330133,12.0,29.0
25334335,12.0,59.0
25338044,9.0,36.0
25338291,12.0,71.0
25358618,20.0,82.0
25359855,12.0,2.0
25361191,21.0,17.0
25370685,21.0,2.0
25371002,12.0,86.0
25372880,21.0,81.0
25377067,12.0,10.0
25385764,19.0,60.0
25385965,9.0,18.0
25397655,9.0,18.0
25403617,17.0,33.0
25404020,12.0,90.0
25407796,20.0,25.0
25417397,21.0,25.0
25423720,12.0,17.0
25429081,9.0,68.0
25430486,21.0,75.0
25431066,17.0,36.0
25437453,17.0,70.0
25443389,17.0,90.0
25444598,12.0,73.0
25449588,21.0,1.0
25459011,12.0,81.0
25463555,19.0,2.0
25463701,12.0,41.0
25467100,12.0,90.0
25471628,12.0,2.0
25478878,21.0,27.0
25485071,12.0,36.0
25485787,21.0,59.0
25494177,12.0,24.0
25494532,9.0,12.0
25501363,21.0,57.0
25507630,17.0,2.0
25519842,20.0,88.0
25528247,9.0,90.0
25530886,4.0,83.0
25537924,0.0,2.0
25539869,20.0,84.0
25542156,17.0,2.0
25543786,19.0,81.0
25545853,20.0,81.0
25555374,21.0,59.0
25556204,17.0,59.0
25560560,17.0,90.0
25562763,4.0,17.0
25572330,21.0,53.0
25587806,12.0,72.0
25589369,20.0,85.0
25589918,12.0,2.0
25590851,17.0,2.0
25594173,9.0,71.0
25595560,9.0,29.0
25602664,17.0,64.0
25607400,10.0,2.0
25607807,20.0,88.0
25609877,5.0,84.0
25609974,9.0,25.0
25617834,19.0,15.0
25621384,9.0,55.0
25622471,19.0,60.0
25623915,12.0,81.0
25628157,17.0,36.0
25630667,20.0,67.0
25631820,0.0,2.0
25649436,12.0,60.0
25652691,9.0,88.0
25656305,12.0,28.0
25660365,17.0,85.0
25660564,12.0,17.0
25663762,17.0,83.0
25667421,17.0,2.0
25669614,17.0,75.0
25674937,12.0,37.0
25681741,12.0,2.0
25682839,17.0,88.0
25682888,4.0,64.0
25682893,21.0,2.0
25688844,0.0,18.0
25689457,12.0,60.0
25694377,5.0,72.0
25702167,9.0,2.0
25702302,20.0,17.0
25703651,21.0,71.0
25706141,0.0,36.0
25707070,17.0,60.0
25707112,19.0,2.0
25717010,17.0,13.0
25718627,12.0,32.0
25721073,21.0,32.0
25724123,12.0,2.0
25728298,20.0,2.0
25731674,12.0,86.0
25739222,21.0,37.0
25741883,12.0,2.0
25743753,17.0,15.0
25748792,19.0,72.0
25750036,21.0,2.0
25750303,12.0,2.0
25754828,17.0,90.0
25754845,17.0,35.0
25759687,17.0,60.0
25765842,20.0,73.0
25771267,12.0,72.0
25772661,7.0,17.0
25776948,17.0,24.0
25782675,10.0,85.0
25788874,5.0,2.0
25792734,12.0,59.0
25797197,21.0,36.0
25809793,17.0,2.0
25812484,9.0,24.0
25817842,10.0,90.0
25827961,7.0,63.0
25831200,9.0,73.0
25834349,0.0,25.0
25839832,19.0,25.0
25842092,20.0,36.0
25848413,19.0,9.0
25849615,20.0,82.0
25864668,17.0,89.0
25865556,20.0,31.0
25870556,9.0,63.0
25870783,12.0,61.0
25875891,18.0,54.0
25876349,0.0,88.0
25882052,12.0,5.0
25883605,17.0,85.0
25889116,21.0,2.0
25890288,12.0,27.0
25898723,21.0,9.0
25921079,12.0,1.0
25929420,9.0,17.0
25930383,19.0,29.0
25940497,12.0,2.0
25956990,9.0,76.0
25958745,17.0,39.0
25962419,10.0,13.0
25983724,21.0,33.0
25989321,4.0,88.0
25992040,21.0,2.0
25992095,20.0,25.0
25996119,12.0,60.0
26009537,19.0,25.0
26015661,10.0,3.0
26041004,12.0,2.0
26044523,19.0,13.0
26045558,17.0,2.0
26046510,21.0,9.0
26058849,0.0,18.0
26065294,5.0,59.0
26065864,17.0,74.0
26071876,19.0,21.0
26072972,12.0,2.0
26073721,21.0,21.0
26085968,19.0,12.0
26094654,9.0,15.0
26098985,12.0,56.0
26102536,12.0,64.0
26105880,12.0,90.0
26108905,12.0,85.0
26111499,12.0,60.0
26114681,19.0,2.0
26118767,21.0,2.0
26121447,20.0,60.0
26124581,9.0,18.0
26125497,17.0,2.0
26129749,17.0,71.0
26135875,17.0,24.0
26137124,9.0,2.0
26141122,19.0,2.0
26144150,21.0,28.0
26144983,9.0,2.0
26155786,12.0,81.0
26157102,12.0,60.0
26163690,19.0,63.0
26165596,7.0,67.0
26174825,12.0,61.0
26181785,17.0,45.0
26186950,5.0,14.0
26190684,21.0,2.0
26205126,18.0,23.0
26209464,9.0,60.0
26213394,9.0,2.0
26214974,7.0,61.0
26232433,9.0,2.0
26242723,9.0,2.0
26258173,12.0,2.0
26258251,19.0,36.0
26264633,9.0,2.0
26267480,12.0,61.0
26277135,21.0,61.0
26296808,21.0,11.0
26299237,17.0,27.0
26299340,12.0,90.0
26306248,5.0,85.0
26311776,17.0,67.0
26319328,7.0,18.0
26321562,21.0,24.0
26330311,21.0,29.0
26336013,0.0,29.0
26339091,12.0,2.0
26352909,12.0,2.0
26353344,21.0,55.0
26354464,21.0,60.0
26356245,21.0,60.0
26356445,7.0,90.0
26367662,20.0,18.0
26378060,12.0,36.0
26378807,12.0,60.0
26381882,18.0,54.0
26382239,21.0,87.0
26384344,21.0,63.0
26385164,12.0,72.0
26388399,10.0,3.0
26391458,4.0,42.0
26392260,17.0,50.0
26392710,9.0,2.0
26394431,12.0,11.0
26402378,19.0,18.0
26407960,5.0,72.0
26427409,19.0,2.0
26431083,21.0,2.0
26432431,20.0,72.0
26434993,5.0,23.0
26444130,9.0,81.0
26445005,21.0,37.0
26456220,20.0,4.0
26459917,21.0,61.0
26463669,20.0,84.0
26467150,9.0,17.0
26470061,12.0,2.0
26477569,20.0,54.0
26485251,10.0,10.0
26489608,21.0,67.0
26492306,5.0,86.0
26507993,10.0,59.0
26518479,12.0,29.0
26521010,20.0,60.0
26541472,12.0,85.0
26542939,20.0,18.0
26545144,10.0,75.0
26550344,12.0,9.0
26552760,17.0,53.0
26554223,21.0,82.0
26557933,20.0,67.0
26558546,21.0,2.0
26560419,7.0,2.0
26567988,12.0,60.0
26572961,12.0,60.0
26573783,21.0,90.0
26574297,21.0,70.0
26575999,12.0,63.0
26580712,20.0,82.0
26582952,20.0,17.0
26584957,20.0,61.0
26590701,12.0,2.0
26593307,20.0,2.0
26593710,4.0,74.0
26596030,17.0,2.0
26603248,9.0,84.0
26605067,17.0,18.0
26606736,12.0,37.0
26607125,19.0,90.0
26609629,21.0,18.0
26617442,17.0,15.0
26618096,0.0,19.0
26620308,17.0,2.0
26623062,21.0,88.0
26635252,18.0,55.0
26635984,17.0,18.0
26637224,4.0,11.0
26638551,12.0,2.0
26638932,12.0,2.0
26639454,20.0,2.0
26644834,9.0,37.0
26648815,9.0,2.0
26653008,20.0,2.0
26654787,21.0,2.0
26656228,9.0,2.0
26660039,20.0,60.0
26662511,12.0,60.0
26664746,9.0,60.0
26665872,12.0,61.0
26667572,5.0,17.0
26678685,21.0,59.0
26681467,9.0,85.0
26684838,12.0,60.0
26689084,12.0,24.0
26691969,9.0,59.0
26693094,12.0,59.0
26695170,12.0,85.0
26696532,9.0,59.0
26697822,12.0,82.0
26703003,9.0,35.0
26710273,12.0,84.0
26719162,9.0,2.0
26723747,7.0,84.0
26725961,21.0,59.0
26729160,12.0,37.0
26729930,12.0,2.0
26738051,20.0,29.0
26738295,21.0,49.0
26744741,17.0,23.0
26748512,17.0,60.0
26754565,9.0,90.0
26757000,12.0,24.0
26760545,20.0,76.0
26768344,21.0,60.0
26774427,17.0,75.0
26777307,21.0,90.0
26785172,17.0,2.0
26792426,20.0,82.0
26799087,4.0,38.0
26800605,19.0,51.0
26814227,9.0,2.0
26823945,21.0,82.0
26827369,12.0,2.0
26831755,19.0,2.0
26837948,20.0,90.0
26838957,21.0,76.0
26845655,20.0,60.0
26854894,4.0,71.0
26856869,17.0,47.0
26857742,12.0,60.0
26864460,20.0,2.0
26865121,7.0,13.0
26866404,17.0,2.0
26867186,17.0,2.0
26867963,12.0,30.0
26870866,17.0,37.0
26877029,9.0,60.0
26880164,17.0,57.0
26887309,20.0,24.0
26889299,19.0,67.0
26894502,12.0,18.0
26903070,21.0,18.0
26911490,12.0,64.0
26914934,9.0,2.0
26918599,12.0,25.0
26918946,17.0,2.0
26933101,0.0,36.0
26933640,21.0,2.0
26938911,20.0,63.0
26942762,12.0,29.0
26949130,21.0,60.0
26963275,9.0,29.0
26966054,4.0,90.0
26976004,17.0,59.0
26982904,17.0,2.0
26989473,7.0,2.0
26996417,12.0,84.0
27001784,4.0,38.0
27007128,0.0,63.0
27014944,9.0,11.0
27020156,21.0,90.0
27024323,17.0,2.0
27047019,5.0,43.0
27051969,12.0,48.0
27058625,20.0,60.0
27061001,4.0,25.0
27069477,17.0,10.0
27069623,19.0,3.0
27072498,12.0,59.0
27082771,21.0,49.0
27095683,20.0,15.0
27098513,19.0,0.0
27099050,19.0,17.0
27100453,12.0,61.0
27102206,12.0,2.0
27105040,17.0,60.0
27109983,21.0,17.0
27112546,9.0,17.0
27115223,9.0,55.0
27118046,17.0,33.0
27128298,17.0,2.0
27129291,12.0,73.0
27135121,9.0,24.0
27138649,21.0,60.0
27139123,12.0,18.0
27143993,21.0,29.0
27146579,20.0,21.0
27148337,12.0,2.0
27158542,12.0,50.0
27158913,4.0,11.0
27160242,9.0,60.0
27161114,21.0,59.0
27169618,4.0,61.0
27176551,4.0,70.0
27177155,20.0,63.0
27179989,20.0,18.0
27180812,17.0,61.0
27184899,12.0,2.0
27197244,4.0,2.0
27206544,12.0,25.0
27210256,12.0,90.0
27213959,21.0,60.0
27217611,12.0,2.0
27224348,12.0,90.0
27224890,10.0,3.0
27229170,12.0,24.0
27229583,4.0,17.0
27238730,21.0,2.0
27238797,21.0,38.0
27239694,0.0,66.0
27247980,19.0,2.0
27255421,10.0,36.0
27262410,12.0,36.0
27263751,21.0,82.0
27267148,10.0,21.0
27271319,7.0,90.0
27271355,20.0,84.0
27271415,12.0,2.0
27273502,21.0,34.0
27297782,20.0,84.0
27299374,21.0,29.0
27310340,12.0,33.0
27312733,0.0,11.0
27315956,12.0,2.0
27319212,12.0,2.0
27322385,12.0,21.0
27325084,12.0,29.0
27330729,18.0,33.0
27331108,17.0,37.0
27335597,21.0,24.0
27338433,17.0,59.0
27342610,20.0,75.0
27347507,20.0,2.0
27348204,12.0,59.0
27351338,17.0,60.0
27351750,17.0,15.0
27353224,7.0,24.0
27358355,5.0,60.0
27364114,9.0,37.0
27367616,9.0,2.0
27380421,5.0,18.0
27381227,19.0,53.0
27388398,19.0,2.0
27389138,21.0,29.0
27389744,17.0,84.0
27389916,17.0,2.0
27390435,17.0,22.0
27392165,0.0,21.0
27396474,17.0,2.0
27398464,17.0,81.0
27398758,21.0,60.0
27398992,21.0,18.0
27401945,12.0,18.0
27402163,10.0,11.0
27409172,21.0,10.0
27412067,12.0,17.0
27420218,21.0,58.0
27421998,20.0,18.0
27426927,20.0,2.0
27427048,21.0,2.0
27427743,0.0,18.0
27432314,21.0,2.0
27433339,12.0,2.0
27436582,4.0,60.0
27443983,10.0,36.0
27444090,12.0,85.0
27444552,17.0,81.0
27447253,9.0,60.0
27451857,17.0,2.0
27452477,10.0,90.0
27458881,4.0,64.0
27468531,12.0,27.0
27478481,12.0,60.0
27486464,17.0,29.0
27486568,5.0,18.0
27489201,17.0,59.0
27504588,17.0,2.0
27505179,4.0,90.0
27508619,21.0,58.0
27516386,21.0,82.0
27520720,17.0,51.0
27522095,12.0,24.0
27525140,0.0,72.0
27532158,12.0,60.0
27533948,0.0,2.0
27538356,12.0,81.0
27541490,20.0,25.0
27549898,12.0,2.0
27553510,17.0,29.0
27555606,9.0,18.0
27560479,0.0,11.0
27567409,17.0,36.0
27570382,12.0,2.0
27577010,12.0,24.0
27583131,10.0,17.0
27593525,10.0,18.0
27613468,17.0,90.0
27626838,10.0,33.0
27635172,12.0,2.0
27647565,19.0,59.0
27667238,4.0,66.0
27670253,21.0,42.0
27679905,12.0,60.0
27681237,21.0,18.0
27682648,21.0,2.0
27690136,20.0,53.0
27690740,12.0,25.0
27695795,17.0,21.0
27709079,4.0,67.0
27709918,17.0,60.0
27714631,12.0,90.0
27715235,0.0,17.0
27715413,12.0,64.0
27719135,17.0,60.0
27722051,5.0,2.0
27730113,21.0,2.0
27738548,17.0,78.0
27739301,20.0,90.0
27739808,10.0,66.0
27741174,21.0,18.0
27750158,12.0,60.0
27756976,12.0,90.0
27767107,17.0,60.0
27769403,21.0,76.0
27770073,20.0,5.0
27786987,12.0,47.0
27788030,21.0,28.0
27789372,5.0,15.0
27793551,5.0,2.0
27794893,12.0,2.0
27797144,21.0,90.0
27806420,21.0,90.0
27807788,17.0,2.0
27820786,10.0,17.0
27823470,12.0,9.0
27829310,4.0,2.0
27835738,12.0,75.0
27837636,17.0,17.0
27842108,19.0,25.0
27863734,10.0,59.0
27869892,12.0,72.0
27871699,5.0,60.0
27876853,9.0,56.0
27880373,9.0,81.0
27882307,12.0,77.0
27883960,21.0,60.0
27884646,7.0,60.0
27887920,17.0,8.0
27888683,21.0,29.0
27889117,19.0,2.0
27889416,12.0,81.0
27893339,19.0,18.0
27898704,9.0,17.0
27904566,20.0,2.0
27905950,9.0,81.0
27906816,17.0,9.0
27921275,21.0,59.0
27926033,20.0,66.0
27930545,12.0,63.0
27935209,20.0,59.0
27941362,20.0,24.0
27947204,9.0,70.0
27947217,12.0,29.0
27950430,21.0,85.0
27951789,12.0,35.0
27951985,12.0,37.0
27959788,12.0,59.0
27961933,12.0,90.0
27963521,21.0,67.0
27971413,10.0,2.0
27975129,21.0,59.0
27976718,21.0,2.0
27977682,17.0,43.0
27980128,17.0,31.0
27981470,19.0,53.0
27983026,17.0,75.0
27985539,10.0,42.0
27985958,12.0,29.0
27996591,19.0,15.0
27997652,10.0,18.0
27997835,21.0,2.0
27998799,12.0,2.0
28007923,4.0,74.0
28008737,20.0,21.0
28009937,20.0,18.0
28013192,19.0,52.0
28014961,9.0,85.0
28024231,12.0,67.0
28025260,9.0,2.0
28025873,17.0,2.0
28027695,20.0,60.0
28036125,17.0,24.0
28040962,21.0,41.0
28042040,4.0,60.0
28043646,10.0,2.0
28048262,17.0,90.0
28048646,21.0,60.0
28052476,19.0,2.0
28054395,21.0,28.0
28054918,19.0,46.0
28067927,21.0,2.0
28081012,12.0,2.0
28085282,5.0,0.0
28085306,19.0,9.0
28086421,9.0,23.0
28088359,21.0,2.0
28090207,12.0,60.0
28090669,20.0,72.0
28091018,9.0,60.0
28095509,19.0,8.0
28096520,12.0,21.0
28105170,21.0,18.0
28108138,17.0,81.0
28112646,20.0,24.0
28117878,12.0,18.0
28119523,19.0,53.0
28143068,21.0,60.0
28143961,9.0,67.0
28146320,19.0,86.0
28148056,21.0,18.0
28151593,5.0,29.0
28152608,12.0,54.0
28153436,19.0,1.0
28153841,17.0,2.0
28155543,12.0,60.0
28156945,20.0,17.0
28158902,12.0,2.0
28195942,21.0,2.0
28201201,17.0,2.0
28202376,20.0,37.0
28206405,12.0,76.0
28208707,4.0,66.0
28214765,9.0,54.0
28215936,18.0,2.0
28216848,0.0,36.0
28222080,17.0,81.0
28239436,17.0,45.0
28242651,19.0,17.0
28258577,21.0,90.0
28260259,0.0,29.0
28262425,5.0,81.0
28264232,17.0,24.0
28289802,4.0,2.0
28304268,5.0,12.0
28308045,12.0,54.0
28312262,17.0,72.0
28331069,17.0,90.0
28340589,17.0,2.0
28341547,20.0,70.0
28341577,12.0,2.0
28353960,21.0,3.0
28355233,7.0,81.0
28358108,20.0,2.0
28359390,9.0,90.0
28370846,21.0,84.0
28372343,12.0,76.0
28377984,12.0,59.0
28382127,21.0,90.0
28391544,17.0,2.0
28392472,9.0,17.0
28393515,20.0,60.0
28394245,12.0,2.0
28397053,17.0,36.0
28401924,9.0,60.0
28404429,21.0,18.0
28408078,21.0,76.0
28411307,9.0,24.0
28411671,19.0,2.0
28414074,9.0,2.0
28416379,12.0,18.0
28425850,12.0,67.0
28441243,12.0,63.0
28444980,21.0,64.0
28446005,10.0,45.0
28447719,4.0,75.0
28452113,12.0,60.0
28455145,12.0,2.0
28461459,2.0,2.0
28465431,17.0,60.0
28468082,12.0,2.0
28474190,9.0,18.0
28479868,17.0,11.0
28487554,20.0,17.0
28491395,5.0,81.0
28496426,20.0,60.0
28497116,17.0,85.0
28498644,20.0,59.0
28498707,12.0,55.0
28500337,12.0,2.0
28503742,12.0,2.0
28505478,21.0,2.0
28510173,21.0,4.0
28511117,9.0,2.0
28512801,4.0,11.0
28518019,20.0,2.0
28518569,20.0,21.0
28518945,17.0,82.0
28521966,12.0,31.0
28532027,4.0,90.0
28542158,19.0,60.0
28555858,17.0,2.0
28561926,12.0,43.0
28562368,20.0,60.0
28564266,12.0,60.0
28568074,17.0,59.0
28576946,20.0,56.0
28583625,9.0,29.0
28587200,21.0,2.0
28587303,19.0,15.0
28598267,20.0,82.0
28607201,10.0,2.0
28609101,17.0,2.0
28609325,5.0,58.0
28614528,21.0,2.0
28632667,4.0,81.0
28637101,17.0,15.0
28641328,20.0,15.0
28646516,12.0,36.0
28647876,9.0,82.0
28652129,10.0,36.0
28665284,10.0,55.0
28669349,21.0,41.0
28677519,19.0,90.0
28678018,21.0,10.0
28683131,7.0,85.0
28690777,12.0,81.0
28693289,4.0,18.0
28695189,9.0,23.0
28698872,17.0,85.0
28700003,17.0,42.0
28700928,21.0,2.0
28707612,21.0,2.0
28708152,12.0,90.0
28713785,20.0,36.0
28720153,12.0,82.0
28720268,12.0,63.0
28720405,19.0,2.0
28728737,9.0,38.0
28734398,4.0,60.0
28737743,12.0,71.0
28741981,9.0,6.0
28766577,12.0,64.0
28768196,10.0,2.0
28779590,10.0,60.0
28783418,21.0,60.0
28791179,19.0,24.0
28795058,17.0,31.0
28796337,9.0,24.0
28798057,0.0,36.0
28810400,12.0,29.0
28812850,21.0,68.0
28815207,21.0,2.0
28817791,21.0,90.0
28820640,10.0,24.0
28825151,17.0,23.0
28830775,12.0,2.0
28835085,4.0,85.0
28836505,12.0,54.0
28840346,12.0,60.0
28841248,21.0,2.0
28855931,10.0,60.0
28864838,20.0,2.0
28877310,12.0,2.0
28892305,21.0,2.0
28894489,21.0,54.0
28901091,4.0,2.0
28904845,12.0,61.0
28906815,21.0,84.0
28907433,20.0,29.0
28912923,5.0,60.0
28919580,10.0,51.0
28931786,9.0,75.0
28942093,20.0,59.0
28949924,21.0,31.0
28955043,21.0,51.0
28956676,18.0,90.0
28958001,21.0,48.0
28967818,17.0,44.0
28967902,19.0,71.0
28971025,9.0,17.0
28976799,20.0,90.0
28977627,12.0,75.0
28979332,4.0,70.0
28980964,20.0,71.0
28985196,20.0,64.0
28988242,21.0,81.0
28989814,9.0,60.0
28989907,4.0,88.0
28994141,21.0,11.0
28997185,9.0,84.0
29007191,21.0,41.0
29008566,18.0,24.0
29012009,12.0,2.0
29016203,12.0,89.0
29025981,5.0,36.0
29029470,12.0,2.0
29038389,12.0,72.0
29038561,5.0,15.0
29043959,7.0,56.0
29058203,21.0,64.0
29062335,21.0,2.0
29064606,21.0,9.0
29074855,21.0,60.0
29075101,12.0,48.0
29080168,4.0,25.0
29085521,17.0,85.0
29094094,0.0,2.0
29102181,7.0,58.0
29108424,9.0,38.0
29110562,17.0,51.0
29114199,21.0,2.0
29114722,17.0,42.0
29126534,17.0,90.0
29132360,17.0,2.0
29144695,21.0,71.0
29147900,21.0,76.0
29150890,21.0,34.0
29152400,12.0,31.0
29153176,12.0,2.0
29155277,7.0,2.0
29157783,17.0,38.0
29160261,12.0,64.0
29161238,12.0,18.0
29165696,10.0,72.0
29167780,21.0,60.0
29171239,20.0,2.0
29173060,21.0,66.0
29173441,4.0,60.0
29174430,21.0,38.0
29182699,12.0,2.0
29185486,21.0,29.0
29188486,20.0,29.0
29192279,17.0,46.0
29208480,17.0,18.0
29209344,20.0,24.0
29210391,21.0,17.0
29214504,12.0,67.0
29214781,9.0,49.0
29215430,12.0,2.0
29218078,10.0,2.0
29233381,19.0,29.0
29233973,17.0,90.0
29240488,17.0,38.0
29243769,9.0,10.0
29248619,19.0,41.0
29266752,17.0,2.0
29268721,12.0,85.0
29284703,17.0,90.0
29298928,12.0,2.0
29300271,17.0,64.0
29306312,10.0,24.0
29308836,17.0,67.0
29315123,12.0,90.0
29316650,20.0,39.0
29325087,5.0,24.0
29326642,5.0,18.0
29332177,17.0,24.0
29333325,9.0,38.0
29333871,20.0,13.0
29334134,4.0,85.0
29340459,17.0,17.0
29342708,17.0,17.0
29354554,17.0,18.0
29366002,20.0,29.0
29374346,4.0,2.0
29376749,12.0,17.0
29380844,5.0,18.0
29398405,12.0,2.0
29399355,21.0,2.0
29404512,17.0,2.0
29406690,10.0,2.0
29409088,21.0,15.0
29410702,10.0,59.0
29415749,9.0,60.0
29418201,12.0,55.0
29418505,9.0,17.0
29418597,9.0,18.0
29423268,21.0,71.0
29424459,20.0,36.0
29436421,9.0,59.0
29437998,12.0,83.0
29438619,21.0,37.0
29438746,9.0,88.0
29438769,17.0,2.0
29444118,19.0,29.0
29446334,10.0,3.0
29454405,19.0,2.0
29454850,20.0,84.0
29459684,12.0,18.0
29466774,12.0,25.0
29467643,4.0,54.0
29469952,10.0,2.0
29470092,17.0,18.0
29475603,19.0,60.0
29486024,21.0,2.0
29496451,0.0,59.0
29498005,21.0,60.0
29499684,17.0,84.0
29509971,10.0,55.0
29510023,0.0,90.0
29510186,12.0,2.0
29516040,17.0,90.0
29517051,7.0,2.0
29517544,10.0,63.0
29521336,17.0,73.0
29526447,12.0,11.0
29528437,21.0,61.0
29533725,17.0,88.0
29542592,9.0,2.0
29546092,21.0,60.0
29550784,20.0,23.0
29551025,17.0,22.0
29553699,9.0,2.0
29560936,17.0,90.0
29567266,12.0,2.0
29571918,21.0,2.0
29574794,20.0,18.0
29575941,17.0,28.0
29582870,19.0,53.0
29594250,0.0,18.0
29601895,4.0,59.0
29605465,21.0,60.0
29610564,20.0,88.0
29632077,21.0,15.0
29642270,12.0,2.0
29642411,21.0,17.0
29642458,12.0,2.0
29649358,20.0,83.0
29654550,20.0,53.0
29654992,12.0,36.0
29655557,12.0,15.0
29655818,12.0,63.0
29656550,17.0,2.0
29659050,19.0,72.0
29670288,21.0,67.0
29670299,12.0,41.0
29670442,10.0,19.0
29672718,19.0,17.0
29674083,12.0,61.0
29674284,17.0,66.0
29676161,4.0,53.0
29680669,9.0,90.0
29681187,12.0,90.0
29682775,20.0,60.0
29696154,12.0,74.0
29709126,17.0,2.0
29709631,7.0,18.0
29711624,10.0,72.0
29712989,9.0,61.0
29718183,20.0,59.0
29722305,4.0,60.0
29724226,12.0,2.0
29728223,9.0,2.0
29728308,9.0,59.0
29729189,12.0,56.0
29734998,17.0,83.0
29744918,20.0,33.0
29746896,9.0,24.0
29747583,21.0,37.0
29755049,9.0,2.0
29756442,12.0,31.0
29756553,21.0,2.0
29756612,19.0,17.0
29757507,12.0,90.0
29761666,12.0,60.0
29764427,17.0,23.0
29765384,12.0,47.0
29766045,4.0,18.0
29770714,10.0,90.0
29795638,4.0,23.0
29801539,12.0,72.0
29802107,17.0,55.0
29802815,17.0,43.0
29804012,12.0,2.0
29806272,4.0,2.0
29807188,12.0,29.0
29810055,20.0,43.0
29811650,1.0,60.0
29812722,17.0,90.0
29815421,19.0,2.0
29823605,21.0,24.0
29823925,20.0,88.0
29824795,19.0,64.0
29836025,9.0,10.0
29842681,17.0,13.0
29844927,9.0,60.0
29848659,5.0,18.0
29865999,4.0,60.0
29874162,17.0,2.0
29874677,12.0,2.0
29875665,19.0,84.0
29881416,12.0,21.0
29892535,4.0,40.0
29898431,21.0,63.0
29907255,12.0,29.0
29913503,12.0,18.0
29915380,12.0,2.0
29919831,21.0,11.0
29925585,20.0,18.0
29929312,12.0,53.0
29929709,4.0,2.0
29931141,17.0,8.0
29940737,5.0,11.0
29952661,21.0,18.0
29971347,12.0,24.0
29978460,12.0,63.0
29990164,17.0,13.0
29993425,20.0,45.0
29995211,21.0,2.0
29997008,21.0,60.0
29998730,19.0,81.0
30003424,12.0,64.0
30011576,12.0,85.0
30017888,4.0,11.0
30019869,4.0,88.0
30023665,12.0,2.0
30025152,9.0,37.0
30025836,21.0,60.0
30029163,5.0,53.0
30033182,17.0,2.0
30034696,0.0,72.0
30039806,20.0,2.0
30045853,21.0,29.0
30046764,21.0,18.0
30048442,21.0,46.0
30051670,10.0,2.0
30054390,17.0,90.0
30068643,0.0,42.0
30071845,12.0,52.0
30075399,19.0,25.0
30079976,20.0,0.0
30084092,12.0,2.0
30086818,17.0,60.0
30093677,12.0,59.0
30094695,12.0,70.0
30097563,9.0,56.0
30100314,17.0,2.0
30100439,1.0,24.0
30102093,5.0,59.0
30104451,5.0,2.0
30107482,20.0,25.0
30118613,19.0,2.0
30119590,0.0,40.0
30122872,20.0,2.0
30126439,12.0,60.0
30136271,12.0,37.0
30141215,12.0,18.0
30143703,20.0,2.0
30146796,17.0,2.0
30150744,17.0,67.0
30151956,9.0,72.0
30153259,17.0,82.0
30153883,21.0,61.0
30158912,17.0,2.0
30163589,12.0,60.0
30164969,21.0,2.0
30165124,17.0,17.0
30165862,12.0,82.0
30169358,0.0,36.0
30170395,17.0,22.0
30171736,7.0,17.0
30189827,20.0,2.0
30191558,12.0,90.0
30192316,12.0,2.0
30192955,5.0,2.0
30197789,12.0,59.0
30200121,17.0,1.0
30206292,17.0,60.0
30207331,12.0,1.0
30210251,21.0,11.0
30219680,12.0,60.0
30223603,17.0,54.0
30227551,9.0,60.0
30229607,17.0,90.0
30233291,20.0,63.0
30237043,17.0,11.0
30239155,5.0,18.0
30245553,9.0,63.0
30250985,10.0,36.0
30252709,19.0,18.0
30254885,9.0,2.0
30265716,4.0,76.0
30269197,21.0,2.0
30270389,19.0,2.0
30271266,5.0,55.0
30277892,4.0,13.0
30283836,20.0,59.0
30290494,12.0,23.0
30290799,17.0,0.0
30296841,9.0,85.0
30299547,0.0,2.0
30300581,21.0,90.0
30307044,4.0,2.0
30320943,12.0,61.0
30321979,19.0,56.0
30322800,4.0,61.0
30324735,12.0,2.0
30328871,4.0,52.0
30358375,17.0,25.0
30369257,10.0,2.0
30369284,10.0,64.0
30374422,21.0,2.0
30375663,7.0,46.0
30378945,5.0,36.0
30380278,21.0,50.0
30393896,10.0,60.0
30399182,20.0,90.0
30417082,4.0,2.0
30419476,17.0,35.0
30426925,17.0,67.0
30432347,21.0,38.0
30433377,5.0,56.0
30433398,0.0,1.0
30434645,21.0,32.0
30446205,19.0,53.0
30448233,17.0,31.0
30450621,21.0,90.0
30453940,21.0,85.0
30459942,19.0,2.0
30467104,17.0,17.0
30469112,4.0,82.0
30479089,5.0,1.0
30482435,21.0,29.0
30495687,9.0,90.0
30495689,10.0,18.0
30501790,21.0,85.0
30509980,21.0,83.0
30510897,9.0,2.0
30514412,12.0,31.0
30517042,21.0,61.0
30517905,20.0,90.0
30518440,20.0,2.0
30519705,20.0,81.0
30526435,4.0,2.0
30531736,21.0,2.0
30531978,10.0,1.0
30534137,21.0,11.0
30534247,17.0,11.0
30542583,9.0,43.0
30543140,0.0,61.0
30544159,19.0,61.0
30547902,5.0,17.0
30550208,12.0,90.0
30551351,21.0,2.0
30552546,20.0,2.0
30558961,9.0,53.0
30560421,4.0,9.0
30564777,0.0,61.0
30564997,12.0,90.0
30566212,5.0,64.0
30566501,4.0,29.0
30573742,10.0,17.0
30574063,19.0,36.0
30581466,10.0,90.0
30586120,17.0,53.0
30586359,9.0,59.0
30586434,9.0,60.0
30587548,9.0,23.0
30596173,20.0,15.0
30596704,12.0,2.0
30600729,9.0,31.0
30607382,21.0,31.0
30608295,4.0,61.0
30608582,9.0,67.0
30610923,0.0,42.0
30613213,0.0,36.0
30616200,19.0,63.0
30626987,7.0,37.0
30633635,10.0,60.0
30638933,20.0,9.0
30640445,20.0,75.0
30644413,9.0,2.0
30649587,20.0,2.0
30660705,20.0,67.0
30692386,17.0,82.0
30694763,9.0,60.0
30697539,19.0,63.0
30711273,17.0,60.0
30711288,19.0,2.0
30736563,21.0,90.0
30738355,9.0,90.0
30744611,18.0,28.0
30745047,12.0,2.0
30748863,17.0,82.0
30755046,4.0,59.0
30755838,21.0,45.0
30764065,12.0,90.0
30764321,21.0,41.0
30764347,4.0,90.0
30766622,21.0,2.0
30766859,0.0,16.0
30771927,9.0,75.0
30772094,20.0,2.0
30780995,12.0,2.0
30786516,9.0,27.0
30788618,17.0,67.0
30790001,12.0,24.0
30793040,12.0,64.0
30796205,21.0,51.0
30798104,9.0,29.0
30804374,20.0,54.0
30813406,12.0,2.0
30813657,12.0,41.0
30817918,21.0,2.0
30822618,21.0,60.0
30824088,9.0,53.0
30825739,12.0,84.0
30836981,9.0,21.0
30839270,17.0,3.0
30841292,17.0,2.0
30864507,7.0,1.0
30869333,21.0,17.0
30871833,19.0,83.0
30876179,21.0,13.0
30878629,20.0,24.0
30887714,9.0,90.0
30889719,9.0,9.0
30902026,12.0,90.0
30914422,9.0,90.0
30926254,20.0,2.0
30926823,21.0,60.0
30933411,4.0,84.0
30933494,17.0,25.0
30938757,17.0,15.0
30940428,21.0,10.0
30941067,9.0,40.0
30943569,12.0,2.0
30946239,17.0,2.0
30952076,0.0,46.0
30953410,17.0,63.0
30957036,4.0,51.0
30957971,12.0,1.0
30963622,21.0,2.0
30972317,19.0,59.0
30977056,4.0,2.0
30994707,4.0,2.0
30995683,17.0,67.0
30999311,12.0,41.0
30999500,17.0,0.0
31000971,12.0,13.0
31002606,17.0,24.0
31002841,12.0,90.0
31009411,20.0,24.0
31009627,21.0,37.0
31010531,17.0,37.0
31014209,12.0,2.0
31017688,4.0,29.0
31018880,19.0,17.0
31034714,21.0,70.0
31037826,12.0,71.0
31049512,17.0,2.0
31051862,12.0,2.0
31061258,7.0,90.0
31066988,20.0,24.0
31067122,10.0,6.0
31070880,17.0,2.0
31074682,21.0,15.0
31075295,12.0,2.0
31075316,12.0,1.0
31075327,19.0,83.0
31080399,20.0,84.0
31086709,12.0,60.0
31089097,20.0,2.0
31094390,0.0,84.0
31104247,20.0,61.0
31108824,12.0,2.0
31111150,9.0,59.0
31115520,12.0,18.0
31116727,12.0,60.0
31117000,19.0,59.0
31126169,4.0,36.0
31128485,12.0,2.0
31129187,5.0,60.0
31131077,21.0,2.0
31132012,17.0,60.0
31133002,12.0,90.0
31133501,20.0,2.0
31136359,21.0,60.0
31143311,21.0,72.0
31145108,10.0,47.0
31146380,10.0,2.0
31149531,4.0,23.0
31152954,12.0,81.0
31165805,12.0,90.0
31166909,9.0,37.0
31175115,9.0,34.0
31176838,4.0,41.0
31187126,12.0,72.0
31187994,18.0,90.0
31198548,9.0,11.0
31202272,21.0,83.0
31203725,7.0,54.0
31210331,17.0,63.0
31213821,5.0,60.0
31218635,9.0,2.0
31222813,5.0,18.0
31227622,21.0,46.0
31227792,0.0,63.0
31235942,9.0,60.0
31254427,7.0,54.0
31256178,21.0,2.0
31257116,17.0,2.0
31260351,12.0,84.0
31275422,9.0,15.0
31278860,19.0,74.0
31283299,17.0,81.0
31292465,4.0,22.0
31294083,21.0,6.0
31301438,21.0,60.0
31301726,9.0,52.0
31305656,12.0,54.0
31312456,0.0,53.0
31317644,10.0,11.0
31321070,18.0,31.0
31321944,12.0,2.0
31323599,20.0,59.0
31329933,0.0,36.0
31330015,12.0,2.0
31332105,12.0,2.0
31346523,20.0,36.0
31347697,17.0,1.0
31355893,4.0,17.0
31356360,21.0,24.0
31356959,20.0,25.0
31368740,17.0,67.0
31377706,17.0,60.0
31384123,12.0,54.0
31387923,12.0,2.0
31389454,21.0,2.0
31413291,21.0,44.0
31419489,17.0,77.0
31423471,4.0,2.0
31423963,0.0,85.0
31429121,17.0,90.0
31430474,10.0,61.0
31430807,7.0,45.0
31433206,0.0,72.0
31435049,20.0,22.0
31436733,21.0,29.0
31449003,20.0,56.0
31449187,17.0,2.0
31454579,21.0,53.0
31458746,18.0,90.0
31459697,9.0,53.0
31462477,12.0,59.0
31479414,0.0,59.0
31492862,21.0,2.0
31496108,9.0,23.0
31501662,19.0,22.0
31502444,19.0,64.0
31511039,9.0,8.0
31520223,17.0,18.0
31522111,19.0,29.0
31528027,20.0,18.0
31528947,9.0,60.0
31539450,9.0,31.0
31544133,17.0,2.0
31554449,17.0,17.0
31562813,21.0,84.0
31563865,12.0,2.0
31564140,21.0,90.0
31565122,17.0,67.0
31574486,21.0,2.0
31575114,20.0,60.0
31577188,10.0,73.0
31581837,21.0,2.0
31585943,12.0,60.0
31603084,9.0,2.0
31612266,12.0,60.0
31612821,21.0,18.0
31623701,18.0,81.0
31625279,4.0,29.0
31629637,4.0,2.0
31629863,20.0,18.0
31635294,17.0,32.0
31642363,9.0,72.0
31644078,20.0,11.0
31645319,20.0,2.0
31648294,12.0,2.0
31653177,21.0,60.0
31654846,12.0,29.0
31655311,0.0,17.0
31656615,21.0,2.0
31658012,5.0,84.0
31660731,12.0,2.0
31662593,12.0,53.0
31664989,12.0,60.0
31669151,12.0,2.0
31677098,12.0,2.0
31679580,17.0,18.0
31681070,9.0,59.0
31690073,12.0,90.0
31701084,21.0,1.0
31704790,20.0,61.0
31705358,9.0,37.0
31713253,12.0,22.0
31717367,21.0,2.0
31718234,10.0,81.0
31718818,21.0,2.0
31719581,9.0,90.0
31720685,12.0,2.0
31731727,21.0,18.0
31732637,19.0,2.0
31737100,20.0,2.0
31738613,12.0,36.0
31745450,12.0,60.0
31759036,21.0,24.0
31762974,20.0,6.0
31763662,20.0,67.0
31765739,20.0,2.0
31770530,12.0,48.0
31773806,5.0,60.0
31777029,17.0,15.0
31778826,12.0,82.0
31789557,17.0,60.0
31800012,21.0,2.0
31801431,20.0,60.0
31802437,19.0,21.0
31816158,9.0,56.0
31822007,9.0,53.0
31822323,12.0,17.0
31824905,5.0,6.0
31825899,9.0,28.0
31833826,19.0,25.0
31838863,12.0,2.0
31848069,21.0,53.0
31851376,17.0,60.0
31855169,21.0,18.0
31862322,10.0,1.0
31863306,12.0,90.0
31868094,0.0,60.0
31870373,21.0,84.0
31896135,9.0,2.0
31897804,21.0,18.0
31899497,17.0,2.0
31918383,12.0,2.0
31919534,4.0,28.0
31919621,9.0,2.0
31927573,12.0,90.0
31934917,4.0,17.0
31935773,9.0,24.0
31940092,20.0,60.0
31945023,21.0,2.0
31957709,5.0,59.0
31957974,4.0,2.0
31960466,20.0,89.0
31971491,12.0,82.0
31974654,20.0,24.0
31975933,9.0,60.0
31975958,4.0,17.0
31976251,17.0,53.0
31986260,17.0,67.0
31988501,21.0,60.0
31999718,17.0,18.0
32000872,20.0,60.0
32004171,9.0,82.0
32005674,20.0,62.0
32015048,21.0,11.0
32017533,17.0,11.0
32023230,5.0,84.0
32029061,9.0,59.0
32037468,21.0,4.0
32039268,17.0,67.0
32048167,19.0,24.0
32052624,20.0,29.0
32054659,5.0,2.0
32056274,12.0,60.0
32059493,12.0,38.0
32065856,18.0,82.0
32068872,12.0,63.0
32073319,12.0,2.0
32085001,17.0,59.0
32085227,0.0,41.0
32085870,17.0,2.0
32088635,21.0,60.0
32096192,21.0,15.0
32099654,17.0,38.0
32113999,21.0,29.0
32116619,17.0,18.0
32119567,12.0,2.0
32121414,9.0,8.0
32128578,10.0,53.0
32131905,17.0,11.0
32138809,12.0,2.0
32143558,19.0,36.0
32145858,12.0,83.0
32145987,19.0,29.0
32146679,12.0,2.0
32149168,10.0,18.0
32155500,20.0,61.0
32164589,20.0,23.0
32169815,12.0,2.0
32170254,12.0,84.0
32179290,12.0,60.0
32179440,20.0,36.0
32180029,21.0,90.0
32183009,19.0,60.0
32183218,17.0,18.0
32183462,12.0,21.0
32185122,12.0,2.0
32185954,20.0,85.0
32190208,12.0,21.0
32201222,4.0,2.0
32206305,18.0,82.0
32208427,17.0,2.0
32218803,17.0,2.0
32219565,21.0,24.0
32226658,12.0,61.0
32228230,9.0,58.0
32236606,17.0,2.0
32245857,5.0,60.0
32250802,7.0,2.0
32254168,17.0,24.0
32256326,4.0,90.0
32260456,20.0,54.0
32263585,9.0,70.0
32271845,19.0,18.0
32274442,17.0,70.0
32276511,7.0,24.0
32276666,20.0,36.0
32277339,20.0,4.0
32280321,12.0,36.0
32280597,21.0,2.0
32283786,19.0,82.0
32289833,4.0,2.0
32290192,20.0,61.0
32291411,21.0,2.0
32292550,12.0,15.0
32300426,5.0,42.0
32302630,21.0,42.0
32306674,20.0,41.0
32307698,21.0,24.0
32309580,21.0,11.0
32320187,9.0,46.0
32329047,17.0,75.0
32330041,12.0,42.0
32344346,5.0,61.0
32350333,20.0,41.0
32354010,21.0,67.0
32355632,4.0,21.0
32357774,12.0,2.0
32361261,7.0,2.0
32361548,12.0,17.0
32362492,20.0,66.0
32366503,5.0,49.0
32369746,19.0,33.0
32379623,5.0,81.0
32381828,21.0,82.0
32382894,4.0,2.0
32398234,5.0,24.0
32402204,4.0,60.0
32405525,17.0,60.0
32411769,12.0,63.0
32413644,20.0,75.0
32421939,21.0,2.0
32424852,17.0,71.0
32429952,12.0,2.0
32430584,12.0,18.0
32438650,10.0,61.0
32445297,10.0,2.0
32445518,20.0,57.0
32450205,17.0,24.0
32453847,17.0,82.0
32455143,10.0,17.0
32459086,19.0,23.0
32462132,5.0,2.0
32462769,19.0,22.0
32464542,5.0,24.0
32473718,21.0,90.0
32476066,17.0,36.0
32482023,17.0,43.0
32486917,12.0,2.0
32487772,10.0,90.0
32492497,0.0,36.0
32492873,12.0,25.0
32493592,19.0,24.0
32502490,10.0,3.0
32504152,12.0,46.0
32504204,20.0,60.0
32506554,21.0,24.0
32507356,19.0,55.0
32509620,19.0,61.0
32512961,17.0,2.0
32523780,12.0,30.0
32524079,17.0,41.0
32529476,21.0,11.0
32530204,17.0,2.0
32530862,12.0,60.0
32539175,9.0,2.0
32541262,17.0,60.0
32541825,19.0,82.0
32544774,12.0,41.0
32547523,9.0,23.0
32554110,12.0,25.0
32558234,9.0,2.0
32576635,21.0,2.0
32579680,12.0,81.0
32586512,21.0,2.0
32592496,12.0,16.0
32598578,19.0,55.0
32601751,12.0,72.0
32604612,5.0,15.0
32605273,17.0,42.0
32605760,19.0,29.0
32607219,12.0,60.0
32611607,5.0,29.0
32611984,12.0,29.0
32616295,19.0,47.0
32620036,20.0,53.0
32623779,17.0,60.0
32625330,5.0,48.0
32633920,4.0,60.0
32635367,21.0,2.0
32636746,4.0,59.0
32648301,9.0,35.0
32653483,9.0,3.0
32669089,17.0,2.0
32672156,9.0,40.0
32678364,10.0,33.0
32680846,12.0,2.0
32683966,20.0,21.0
32686376,5.0,10.0
32694002,12.0,2.0
32695904,19.0,27.0
32707373,9.0,85.0
32708375,21.0,11.0
32708462,12.0,60.0
32717510,21.0,46.0
32719005,7.0,83.0
32720720,5.0,59.0
32725328,21.0,11.0
32727072,17.0,18.0
32729978,12.0,2.0
32732960,12.0,7.0
32734090,20.0,58.0
32734127,21.0,67.0
32738866,12.0,2.0
32739747,12.0,90.0
32756913,9.0,87.0
32759182,17.0,71.0
32764041,18.0,24.0
32766719,21.0,25.0
32771590,10.0,18.0
32775998,9.0,60.0
32776270,21.0,2.0
32779404,19.0,2.0
32784703,5.0,33.0
32785480,21.0,61.0
32788295,12.0,88.0
32789891,17.0,4.0
32793372,9.0,81.0
32805368,9.0,54.0
32811901,17.0,88.0
32821595,20.0,38.0
32822898,10.0,90.0
32835051,5.0,60.0
32840268,5.0,18.0
32842645,12.0,2.0
32846244,9.0,88.0
32854431,5.0,90.0
32854751,4.0,2.0
32862421,12.0,71.0
32863740,0.0,18.0
32868675,4.0,6.0
32873046,7.0,2.0
32874030,20.0,61.0
32895710,12.0,25.0
32900290,17.0,67.0
32907676,21.0,49.0
32918234,20.0,2.0
32918333,21.0,0.0
32918402,12.0,42.0
32924186,7.0,1.0
32927838,12.0,2.0
32933367,12.0,24.0
32937911,12.0,88.0
32959994,21.0,24.0
32960133,10.0,31.0
32965759,5.0,25.0
32968869,21.0,60.0
32975175,12.0,85.0
32981333,20.0,18.0
32989042,21.0,59.0
32991101,18.0,23.0
33006158,12.0,71.0
33009211,12.0,51.0
33010769,12.0,24.0
33019823,12.0,37.0
33020674,19.0,17.0
33023716,17.0,2.0
33028871,8.0,2.0
33029513,21.0,90.0
33032880,20.0,18.0
33052070,21.0,2.0
33056332,4.0,2.0
33059491,21.0,63.0
33059749,17.0,31.0
33059906,19.0,60.0
33062981,17.0,46.0
33063006,7.0,59.0
33065564,17.0,59.0
33066131,2.0,2.0
33077968,9.0,33.0
33078235,17.0,29.0
33079148,21.0,51.0
33085137,21.0,2.0
33088841,21.0,2.0
33092675,19.0,36.0
33100392,9.0,85.0
33103444,9.0,67.0
33113393,17.0,60.0
33122006,12.0,0.0
33124106,4.0,63.0
33129861,9.0,2.0
33139852,21.0,15.0
33140746,10.0,36.0
33141729,20.0,37.0
33143376,17.0,11.0
33150573,21.0,55.0
33154234,21.0,2.0
33155451,21.0,15.0
33158185,9.0,41.0
33160625,17.0,2.0
33162871,5.0,32.0
33165602,5.0,32.0
33182000,21.0,53.0
33182251,20.0,29.0
33190730,19.0,37.0
33200410,5.0,2.0
33205173,10.0,2.0
33212982,21.0,2.0
33218957,17.0,2.0
33238187,21.0,60.0
33238715,20.0,2.0
33239326,18.0,60.0
33243779,9.0,84.0
33254064,18.0,2.0
33259631,19.0,7.0
33261969,7.0,72.0
33266256,17.0,81.0
33268979,17.0,2.0
33270691,9.0,42.0
33277449,4.0,9.0
33293992,9.0,15.0
33296168,12.0,90.0
33297779,20.0,25.0
33303814,4.0,72.0
33307434,12.0,60.0
33311261,20.0,68.0
33311656,17.0,11.0
33313763,21.0,2.0
33325717,10.0,1.0
33334995,21.0,2.0
33348638,20.0,41.0
33350245,12.0,72.0
33352631,20.0,53.0
33355117,10.0,7.0
33361962,10.0,18.0
33365123,21.0,2.0
33375283,17.0,2.0
33378357,9.0,67.0
33389346,9.0,35.0
33390475,17.0,59.0
33402245,12.0,52.0
33408364,10.0,60.0
33409446,17.0,2.0
33413775,21.0,24.0
33415473,9.0,2.0
33417908,9.0,18.0
33418556,17.0,2.0
33423040,0.0,12.0
33423409,12.0,52.0
33424907,20.0,61.0
33429708,21.0,1.0
33432119,21.0,59.0
33440827,21.0,31.0
33449032,4.0,79.0
33449564,17.0,90.0
33449867,9.0,29.0
33451759,4.0,18.0
33467518,19.0,2.0
33469087,0.0,63.0
33469420,20.0,79.0
33474374,12.0,9.0
33477921,20.0,51.0
33478665,19.0,42.0
33480694,9.0,2.0
33482703,18.0,83.0
33483432,9.0,31.0
33483661,12.0,29.0
33490406,21.0,89.0
33492089,9.0,36.0
33496260,9.0,24.0
33501114,10.0,36.0
33512633,20.0,0.0
33513890,17.0,2.0
33513959,12.0,11.0
33517168,21.0,84.0
33523664,19.0,2.0
33530176,12.0,86.0
33531137,12.0,37.0
33542224,5.0,60.0
33547778,17.0,2.0
33553043,17.0,81.0
33553990,0.0,48.0
33555515,9.0,67.0
33558696,12.0,60.0
33563509,12.0,60.0
33564238,12.0,75.0
33567849,12.0,60.0
33578151,21.0,56.0
33578590,21.0,88.0
33580694,20.0,17.0
33582914,21.0,27.0
33586617,9.0,60.0
33591261,5.0,90.0
33596496,20.0,86.0
33596597,17.0,33.0
33599365,21.0,37.0
33613335,17.0,72.0
33620323,17.0,59.0
33625158,17.0,37.0
33634823,5.0,89.0
33636655,17.0,82.0
33637891,4.0,2.0
33649137,17.0,8.0
33663260,19.0,82.0
33665073,19.0,2.0
33665482,5.0,90.0
33665665,20.0,25.0
33666454,17.0,2.0
33670763,9.0,28.0
33679794,20.0,36.0
33680269,17.0,82.0
33680988,7.0,60.0
33682478,19.0,24.0
33682631,12.0,25.0
33684413,21.0,18.0
33688417,4.0,54.0
33690569,9.0,2.0
33698946,17.0,88.0
33703576,21.0,24.0
33714053,10.0,90.0
33717824,7.0,18.0
33726468,17.0,85.0
33726683,21.0,60.0
33731015,12.0,28.0
33733700,17.0,0.0
33737156,20.0,17.0
33737194,21.0,82.0
33743155,17.0,41.0
33749359,9.0,36.0
33749735,21.0,60.0
33750961,17.0,2.0
33764930,12.0,90.0
33765575,17.0,2.0
33766613,19.0,90.0
33767084,7.0,60.0
33770052,10.0,90.0
33772526,10.0,37.0
33778026,20.0,17.0
33781761,12.0,59.0
33783425,17.0,2.0
33799516,0.0,3.0
33800164,21.0,90.0
33800802,21.0,66.0
33802501,4.0,76.0
33809549,18.0,11.0
33809632,17.0,2.0
33809783,12.0,11.0
33816930,19.0,59.0
33818692,19.0,82.0
33819774,19.0,15.0
33819939,21.0,13.0
33836396,4.0,2.0
33838803,12.0,18.0
33841724,12.0,17.0
33850303,12.0,2.0
33850561,19.0,90.0
33856377,12.0,2.0
33860795,21.0,63.0
33866967,17.0,85.0
33870009,21.0,60.0
33875783,21.0,81.0
33875867,17.0,60.0
33880617,9.0,7.0
33883188,12.0,2.0
33883688,12.0,24.0
33887711,12.0,44.0
33897958,4.0,60.0
33898209,17.0,36.0
33901997,9.0,27.0
33902290,7.0,84.0
33905122,17.0,88.0
33907405,18.0,90.0
33914613,4.0,2.0
33934154,21.0,2.0
33936283,21.0,72.0
33938887,17.0,59.0
33941706,12.0,38.0
33945754,0.0,33.0
33950403,17.0,2.0
33954828,9.0,2.0
33956052,20.0,60.0
33957317,17.0,2.0
33965221,0.0,2.0
33967247,21.0,18.0
33968269,19.0,0.0
33970444,17.0,59.0
33973553,12.0,11.0
33977673,9.0,2.0
33982524,20.0,2.0
33988799,17.0,60.0
33998743,18.0,71.0
34004669,9.0,21.0
34007480,12.0,2.0
34011502,21.0,18.0
34012301,10.0,2.0
34014781,12.0,76.0
34020975,9.0,60.0
34023963,21.0,90.0
34029026,20.0,2.0
34031214,20.0,18.0
34032903,17.0,75.0
34042891,21.0,4.0
34044125,12.0,73.0
34049281,10.0,2.0
34051454,12.0,36.0
34057197,7.0,12.0
34065343,17.0,2.0
34072421,17.0,25.0
34079615,19.0,60.0
34082546,12.0,60.0
34082746,19.0,46.0
34089296,12.0,70.0
34104688,5.0,61.0
34125544,12.0,12.0
34127690,17.0,49.0
34133510,19.0,90.0
34136899,20.0,16.0
34138414,9.0,60.0
34148118,17.0,2.0
34151647,20.0,29.0
34160896,21.0,18.0
34164666,9.0,61.0
34168595,4.0,67.0
34177004,9.0,24.0
34182737,0.0,59.0
34183609,21.0,76.0
34185273,5.0,24.0
34193300,12.0,36.0
34194548,0.0,11.0
34194589,12.0,59.0
34205248,10.0,33.0
34205256,5.0,17.0
34206978,9.0,18.0
34211916,9.0,2.0
34215078,20.0,2.0
34220144,0.0,73.0
34241326,7.0,56.0
34243989,4.0,2.0
34263941,4.0,2.0
34277085,12.0,71.0
34277277,12.0,60.0
34279579,12.0,17.0
34284491,17.0,54.0
34286351,10.0,71.0
34290308,17.0,21.0
34293867,9.0,11.0
34295186,10.0,2.0
34296370,17.0,2.0
34308161,21.0,90.0
34313779,17.0,60.0
34316102,12.0,60.0
34327717,21.0,59.0
34328471,21.0,75.0
34329553,19.0,85.0
34331169,12.0,15.0
34337907,21.0,2.0
34339784,12.0,2.0
34342293,0.0,60.0
34342850,20.0,17.0
34343451,21.0,13.0
34357400,5.0,11.0
34363611,10.0,60.0
34364715,9.0,38.0
34365157,19.0,18.0
34369023,7.0,36.0
34370558,17.0,63.0
34370615,21.0,61.0
34371530,17.0,85.0
34372770,5.0,28.0
34379226,20.0,81.0
34391952,21.0,28.0
34393356,17.0,2.0
34394256,9.0,90.0
34398958,17.0,2.0
34402108,19.0,12.0
34409133,10.0,60.0
34412643,17.0,82.0
34425348,5.0,17.0
34430592,17.0,21.0
34432108,19.0,18.0
34439083,21.0,59.0
34451347,9.0,90.0
34452128,20.0,41.0
34458498,0.0,90.0
34460037,21.0,37.0
34461455,17.0,2.0
34466402,5.0,17.0
34469302,21.0,53.0
34469339,21.0,61.0
34469695,12.0,15.0
34478399,21.0,67.0
34490618,4.0,2.0
34493231,9.0,17.0
34495366,9.0,24.0
34501579,17.0,2.0
34505255,17.0,90.0
34505406,12.0,60.0
34512170,12.0,67.0
34512316,12.0,60.0
34520668,4.0,90.0
34531957,12.0,84.0
34532157,12.0,2.0
34538962,20.0,90.0
34540043,20.0,3.0
34541577,12.0,11.0
34542605,17.0,25.0
34566505,0.0,18.0
34567244,9.0,2.0
34569929,21.0,24.0
34572443,12.0,2.0
34578162,12.0,16.0
34579579,21.0,59.0
34580714,20.0,71.0
34583157,12.0,47.0
34583699,12.0,16.0
34585079,12.0,2.0
34589193,21.0,60.0
34598868,20.0,24.0
34600482,0.0,36.0
34601462,4.0,2.0
34601659,20.0,81.0
34602850,20.0,18.0
34602893,17.0,32.0
34607423,12.0,46.0
34609798,21.0,46.0
34615090,21.0,81.0
34616985,12.0,84.0
34617419,5.0,28.0
34618344,4.0,21.0
34619404,12.0,23.0
34622042,12.0,2.0
34631659,21.0,37.0
34637960,12.0,2.0
34638781,5.0,67.0
34640319,17.0,73.0
34647948,21.0,2.0
34648589,21.0,35.0
34651606,7.0,2.0
34651831,4.0,2.0
34656225,0.0,3.0
34661511,21.0,34.0
34667388,17.0,75.0
34672727,19.0,63.0
34672930,4.0,17.0
34681741,5.0,60.0
34682699,12.0,48.0
34684257,21.0,60.0
34693719,12.0,19.0
34698731,17.0,82.0
34700028,12.0,2.0
34709317,20.0,88.0
34722725,21.0,17.0
34724847,20.0,85.0
34727215,17.0,2.0
34740128,17.0,48.0
34740162,21.0,53.0
34752154,19.0,18.0
34752176,5.0,50.0
34759098,12.0,60.0
34773725,9.0,2.0
34774912,7.0,12.0
34776271,20.0,18.0
34792453,17.0,31.0
34793133,20.0,86.0
34794086,4.0,2.0
34795964,21.0,43.0
34801176,17.0,48.0
34804229,12.0,75.0
34812541,17.0,90.0
34821890,9.0,67.0
34826161,12.0,18.0
34828753,20.0,2.0
34831490,12.0,59.0
34844941,10.0,2.0
34845407,4.0,31.0
34850397,17.0,82.0
34851090,12.0,82.0
34851565,4.0,55.0
34851813,12.0,90.0
34852398,21.0,2.0
34854970,20.0,25.0
34856715,21.0,74.0
34862788,20.0,18.0
34868511,9.0,78.0
34873003,21.0,67.0
34874220,12.0,2.0
34875031,20.0,2.0
34877115,17.0,21.0
34882806,12.0,2.0
34885583,9.0,85.0
34891605,20.0,29.0
34892726,17.0,2.0
34893275,12.0,2.0
34893699,19.0,1.0
34901225,17.0,41.0
34902789,12.0,90.0
34906149,10.0,36.0
34911800,17.0,72.0
34917624,17.0,90.0
34921056,4.0,90.0
34924667,21.0,66.0
34947603,21.0,18.0
34949959,12.0,23.0
34956485,9.0,63.0
34961459,20.0,90.0
34963339,21.0,60.0
34969599,9.0,28.0
34970667,0.0,59.0
34971794,12.0,60.0
34985557,21.0,2.0
34988584,5.0,84.0
34989816,20.0,46.0
34990691,21.0,59.0
34993706,10.0,42.0
34997523,20.0,59.0
35000764,5.0,18.0
35014363,20.0,85.0
35021918,17.0,18.0
35022035,20.0,35.0
35026346,21.0,86.0
35026512,21.0,2.0
35027963,12.0,2.0
35029390,9.0,31.0
35029918,12.0,2.0
35030145,21.0,35.0
35035656,12.0,18.0
35075030,12.0,11.0
35081031,20.0,46.0
35084882,12.0,56.0
35085191,21.0,61.0
35085435,10.0,67.0
35089653,4.0,4.0
35092017,4.0,18.0
35109812,5.0,21.0
35117215,5.0,2.0
35120906,19.0,2.0
35132439,10.0,74.0
35136220,12.0,24.0
35137246,21.0,37.0
35148301,21.0,46.0
35154025,17.0,24.0
35159662,20.0,22.0
35173701,9.0,63.0
35173951,17.0,74.0
35185608,19.0,25.0
35188856,5.0,61.0
35191994,12.0,59.0
35201783,9.0,61.0
35211145,20.0,2.0
35216176,12.0,72.0
35223853,17.0,48.0
35224789,4.0,22.0
35228267,17.0,51.0
35229153,20.0,82.0
35233085,19.0,41.0
35234567,17.0,2.0
35235262,21.0,8.0
35236560,19.0,90.0
35239900,12.0,2.0
35254388,5.0,15.0
35256026,17.0,24.0
35256288,12.0,2.0
35259462,12.0,11.0
35268579,12.0,7.0
35270356,12.0,49.0
35270554,18.0,49.0
35276867,12.0,2.0
35277582,9.0,67.0
35286318,21.0,2.0
35297460,21.0,11.0
35300402,12.0,90.0
35301589,12.0,71.0
35302162,21.0,67.0
35308667,12.0,2.0
35315948,17.0,90.0
35328494,21.0,2.0
35329922,10.0,3.0
35333732,12.0,63.0
35337471,7.0,60.0
35341048,9.0,54.0
35342556,5.0,90.0
35348046,12.0,2.0
35350498,10.0,50.0
35352046,9.0,2.0
35354863,9.0,18.0
35359158,17.0,51.0
35372452,21.0,84.0
35380357,21.0,67.0
35391908,7.0,3.0
35395997,19.0,72.0
35397189,5.0,6.0
35399222,21.0,2.0
35399826,12.0,33.0
35400569,17.0,86.0
35405719,12.0,25.0
35409368,21.0,64.0
35411434,12.0,75.0
35414321,17.0,17.0
35415374,9.0,2.0
35418390,9.0,45.0
35421070,17.0,21.0
35423673,12.0,88.0
35427289,21.0,90.0
35434891,12.0,70.0
35436462,9.0,15.0
35439868,12.0,2.0
35441256,17.0,62.0
35460376,4.0,85.0
35468407,19.0,60.0
35476845,20.0,60.0
35480268,18.0,71.0
35489617,17.0,67.0
35490751,17.0,59.0
35507032,20.0,9.0
35514026,12.0,29.0
35522505,20.0,29.0
35523889,12.0,2.0
35525213,19.0,2.0
35529634,9.0,59.0
35529745,20.0,2.0
35534140,17.0,56.0
35535227,9.0,66.0
35536733,17.0,90.0
35541224,19.0,67.0
35548967,12.0,24.0
35551396,21.0,2.0
35551705,20.0,2.0
35559851,21.0,70.0
35566751,20.0,49.0
35572510,12.0,29.0
35575696,17.0,2.0
35579472,20.0,72.0
35582431,12.0,2.0
35585984,21.0,30.0
35589397,19.0,41.0
35594892,9.0,41.0
35603628,21.0,29.0
35604130,4.0,2.0
35604807,21.0,71.0
35609244,17.0,88.0
35625350,12.0,82.0
35627337,12.0,18.0
35628432,7.0,2.0
35628571,0.0,60.0
35637787,10.0,60.0
35639863,12.0,2.0
35644277,20.0,84.0
35647415,20.0,61.0
35648286,4.0,18.0
35649330,21.0,88.0
35653677,4.0,2.0
35656692,12.0,71.0
35658159,17.0,2.0
35663826,17.0,31.0
35665718,10.0,2.0
35666478,17.0,60.0
35668772,17.0,41.0
35672217,5.0,2.0
35683514,17.0,60.0
35685914,12.0,2.0
35696744,0.0,43.0
35697332,21.0,2.0
35699951,17.0,2.0
35702149,12.0,2.0
35704358,19.0,46.0
35710122,5.0,13.0
35717221,10.0,41.0
35728973,17.0,2.0
35741019,12.0,2.0
35742240,20.0,37.0
35747730,21.0,2.0
35748192,10.0,41.0
35753016,17.0,2.0
35753743,12.0,60.0
35758895,21.0,29.0
35764345,21.0,60.0
35766242,4.0,90.0
35781977,17.0,2.0
35790704,4.0,18.0
35804386,21.0,2.0
35808304,5.0,17.0
35822222,21.0,2.0
35822890,0.0,56.0
35829830,21.0,10.0
35829940,21.0,2.0
35839024,7.0,11.0
35842883,17.0,51.0
35845923,0.0,63.0
35853731,17.0,11.0
35858497,21.0,83.0
35858919,17.0,46.0
35861587,9.0,74.0
35863114,17.0,2.0
35863258,5.0,2.0
35884435,19.0,25.0
35886870,19.0,17.0
35889925,21.0,25.0
35890143,21.0,2.0
35890236,20.0,2.0
35892510,12.0,18.0
35901247,0.0,60.0
35901554,21.0,17.0
35904765,21.0,2.0
35912302,21.0,5.0
35916866,21.0,51.0
35918110,9.0,87.0
35920826,20.0,25.0
35927278,5.0,60.0
35927960,21.0,73.0
35937766,12.0,60.0
35937975,17.0,2.0
35954336,17.0,46.0
35956429,21.0,64.0
35960420,18.0,37.0
35965007,21.0,2.0
35980951,12.0,2.0
35984346,9.0,2.0
35986861,9.0,11.0
35994765,21.0,15.0
35999859,9.0,60.0
36000125,9.0,2.0
36003573,12.0,2.0
36005448,4.0,2.0
36014868,12.0,63.0
36014887,10.0,70.0
36021277,4.0,24.0
36022686,19.0,89.0
36023955,9.0,70.0
36025591,17.0,2.0
36025841,4.0,60.0
36040281,12.0,36.0
36042386,9.0,2.0
36044964,21.0,12.0
36048850,17.0,2.0
36049369,5.0,2.0
36052144,21.0,67.0
36064466,5.0,56.0
36065274,21.0,51.0
36066645,12.0,2.0
36077844,20.0,60.0
36080703,19.0,61.0
36083136,12.0,70.0
36087984,12.0,2.0
36090318,12.0,29.0
36096616,17.0,70.0
36098480,20.0,60.0
36118453,17.0,50.0
36122116,19.0,61.0
36129061,10.0,34.0
36129166,12.0,17.0
36141966,20.0,66.0
36144455,12.0,16.0
36144852,17.0,2.0
36149461,21.0,67.0
36153390,12.0,61.0
36160657,19.0,84.0
36162361,12.0,37.0
36176545,21.0,17.0
36184633,4.0,90.0
36185004,12.0,76.0
36185504,17.0,67.0
36186200,17.0,2.0
36187042,9.0,60.0
36194665,20.0,48.0
36196906,12.0,9.0
36197901,9.0,2.0
36200660,19.0,60.0
36206095,20.0,2.0
36206278,17.0,85.0
36207694,0.0,37.0
36210863,12.0,28.0
36216052,17.0,18.0
36226471,12.0,7.0
36230735,9.0,28.0
36230750,9.0,9.0
36238639,9.0,2.0
36250603,17.0,85.0
36256841,21.0,2.0
36260924,19.0,90.0
36261807,17.0,81.0
36262441,19.0,61.0
36269281,0.0,2.0
36269551,0.0,53.0
36272942,12.0,44.0
36275780,12.0,46.0
36278087,21.0,53.0
36280259,19.0,90.0
36295847,21.0,18.0
36297059,17.0,35.0
36306784,19.0,70.0
36312252,10.0,2.0
36319855,20.0,60.0
36325738,21.0,60.0
36330577,12.0,81.0
36336501,18.0,52.0
36338296,17.0,25.0
36338481,12.0,76.0
36345417,12.0,17.0
36377756,21.0,66.0
36379878,12.0,71.0
36382820,20.0,11.0
36387808,19.0,81.0
36388163,4.0,54.0
36402887,12.0,2.0
36404670,17.0,58.0
36420224,4.0,2.0
36422746,5.0,24.0
36427933,12.0,60.0
36429983,21.0,24.0
36430943,20.0,54.0
36442581,10.0,2.0
36447831,12.0,66.0
36452773,17.0,71.0
36459800,17.0,17.0
36461789,17.0,2.0
36470959,12.0,11.0
36476723,19.0,60.0
36477048,9.0,71.0
36489486,19.0,29.0
36489991,5.0,90.0
36500539,12.0,0.0
36500756,21.0,70.0
36501774,20.0,48.0
36508903,0.0,40.0
36511680,21.0,53.0
36513481,21.0,13.0
36513508,9.0,53.0
36517966,12.0,90.0
36522437,5.0,82.0
36526708,12.0,56.0
36532487,9.0,2.0
36538326,17.0,2.0
36540090,21.0,17.0
36544409,12.0,90.0
36544732,20.0,54.0
36546198,20.0,60.0
36547404,20.0,90.0
36552573,7.0,67.0
36557909,9.0,81.0
36558646,20.0,36.0
36571718,0.0,84.0
36595188,21.0,76.0
36596000,18.0,90.0
36605632,20.0,59.0
36607814,19.0,60.0
36615451,4.0,18.0
36616378,9.0,18.0
36618742,17.0,27.0
36621401,9.0,2.0
36621464,12.0,82.0
36625634,12.0,2.0
36634740,19.0,18.0
36638752,19.0,29.0
36649434,5.0,24.0
36649810,0.0,90.0
36653416,12.0,41.0
36656664,21.0,23.0
36658789,4.0,2.0
36659026,20.0,59.0
36673026,19.0,79.0
36673419,0.0,60.0
36676325,10.0,17.0
36680304,12.0,5.0
36684961,12.0,2.0
36686300,17.0,2.0
36691411,10.0,82.0
36692007,17.0,28.0
36696261,10.0,2.0
36702976,17.0,2.0
36704412,9.0,85.0
36705729,12.0,2.0
36706561,20.0,2.0
36710693,20.0,90.0
36723195,9.0,71.0
36726635,9.0,24.0
36728264,17.0,2.0
36732093,4.0,90.0
36736899,12.0,15.0
36739129,21.0,85.0
36740734,20.0,2.0
36741175,4.0,2.0
36747977,5.0,24.0
36749603,9.0,66.0
36751796,20.0,90.0
36762815,5.0,71.0
36774508,7.0,36.0
36781686,17.0,54.0
36782320,12.0,2.0
36783598,9.0,18.0
36784469,21.0,21.0
36791979,20.0,42.0
36793998,20.0,90.0
36795278,20.0,90.0
36798923,17.0,2.0
36801978,20.0,60.0
36809956,4.0,18.0
36817134,9.0,61.0
36818653,21.0,60.0
36827635,5.0,73.0
36833009,20.0,37.0
36835155,9.0,2.0
36837998,19.0,63.0
36842644,9.0,2.0
36842925,19.0,88.0
36846422,17.0,29.0
36846983,5.0,41.0
36851730,19.0,55.0
36852271,19.0,41.0
36852702,21.0,70.0
36861182,17.0,2.0
36863219,12.0,25.0
36863978,17.0,19.0
36868070,21.0,76.0
36868172,12.0,2.0
36876651,12.0,88.0
36894237,17.0,29.0
36899594,12.0,27.0
36899951,12.0,37.0
36902249,9.0,2.0
36921582,12.0,2.0
36921752,9.0,36.0
36923182,21.0,25.0
36923488,9.0,60.0
36937557,9.0,2.0
36945575,17.0,88.0
36951603,17.0,2.0
36952963,17.0,2.0
36961390,12.0,2.0
36963832,17.0,48.0
36964045,5.0,56.0
36978853,5.0,59.0
36984461,12.0,64.0
36986104,7.0,2.0
36986565,19.0,15.0
36989332,21.0,60.0
36994810,17.0,60.0
37002521,12.0,82.0
37006191,9.0,36.0
37007983,20.0,72.0
37013011,17.0,2.0
37013668,10.0,23.0
37020379,17.0,2.0
37023341,21.0,52.0
37029490,9.0,60.0
37038178,17.0,2.0
37038805,17.0,25.0
37040321,17.0,22.0
37040356,12.0,2.0
37043606,20.0,45.0
37044423,9.0,60.0
37044821,21.0,60.0
37045137,21.0,29.0
37051721,9.0,60.0
37058876,10.0,36.0
37071383,20.0,18.0
37072902,5.0,17.0
37074600,9.0,63.0
37077560,20.0,11.0
37081115,9.0,29.0
37081842,12.0,90.0
37082432,12.0,67.0
37083921,17.0,15.0
37089852,12.0,47.0
37091854,4.0,73.0
37094519,0.0,17.0
37101625,7.0,59.0
37102664,7.0,61.0
37102783,12.0,61.0
37103521,19.0,12.0
37114749,21.0,2.0
37115421,12.0,18.0
37118615,17.0,57.0
37120764,17.0,2.0
37122224,21.0,90.0
37123242,21.0,2.0
37123449,9.0,33.0
37123611,21.0,32.0
37124822,17.0,38.0
37136053,10.0,18.0
37138369,17.0,25.0
37143457,21.0,42.0
37150680,4.0,36.0
37172279,4.0,36.0
37173148,10.0,90.0
37178775,12.0,60.0
37181559,9.0,60.0
37184639,12.0,37.0
37187105,5.0,53.0
37204061,12.0,2.0
37204917,19.0,17.0
37206927,12.0,90.0
37208115,9.0,63.0
37208451,0.0,37.0
37209718,20.0,67.0
37218430,12.0,84.0
37219946,21.0,71.0
37222801,21.0,72.0
37227269,12.0,7.0
37232716,17.0,2.0
37236129,21.0,60.0
37236421,18.0,10.0
37243011,19.0,87.0
37258618,21.0,29.0
37261637,4.0,63.0
37265973,21.0,2.0
37267402,19.0,63.0
37272573,12.0,60.0
37275645,12.0,23.0
37285389,19.0,90.0
37287348,21.0,75.0
37288516,9.0,87.0
37288571,21.0,18.0
37288641,17.0,60.0
37289239,21.0,52.0
37296161,21.0,85.0
37296946,0.0,25.0
37299817,20.0,2.0
37306871,12.0,24.0
37313307,19.0,2.0
37319009,12.0,2.0
37319236,0.0,17.0
37324577,20.0,61.0
37329742,9.0,85.0
37332878,20.0,2.0
37338701,21.0,41.0
37338774,21.0,63.0
37341176,21.0,2.0
37346007,5.0,2.0
37347439,10.0,2.0
37351441,21.0,61.0
37355929,12.0,29.0
37360278,5.0,73.0
37363518,17.0,15.0
37364155,21.0,27.0
37364312,19.0,2.0
37365911,0.0,61.0
37372600,10.0,67.0
37375744,4.0,66.0
37379650,21.0,52.0
37398744,0.0,37.0
37403644,17.0,55.0
37418037,17.0,82.0
37419321,19.0,71.0
37426675,9.0,37.0
37431589,17.0,22.0
37436630,7.0,72.0
37440377,9.0,2.0
37444665,18.0,2.0
37449704,17.0,54.0
37454723,17.0,15.0
37460089,9.0,2.0
37485777,21.0,2.0
37488762,10.0,25.0
37496781,10.0,18.0
37504788,4.0,81.0
37509132,0.0,57.0
37511935,17.0,84.0
37514280,10.0,36.0
37517210,5.0,24.0
37524015,9.0,60.0
37524289,21.0,2.0
37529662,12.0,54.0
37530339,17.0,2.0
37530974,21.0,85.0
37531374,19.0,90.0
37533030,12.0,1.0
37534700,12.0,90.0
37537728,20.0,24.0
37543890,17.0,60.0
37559814,12.0,85.0
37560889,12.0,24.0
37568732,12.0,85.0
37569968,12.0,13.0
37585712,17.0,60.0
37585883,9.0,60.0
37608323,12.0,36.0
37614517,17.0,51.0
37614959,17.0,24.0
37621480,12.0,36.0
37624953,10.0,9.0
37629481,21.0,66.0
37634544,17.0,18.0
37662440,9.0,17.0
37664866,12.0,24.0
37668606,17.0,88.0
37674782,0.0,75.0
37676238,10.0,60.0
37678326,9.0,75.0
37682166,12.0,67.0
37683495,9.0,64.0
37687418,10.0,8.0
37696407,5.0,84.0
37703495,20.0,79.0
37707887,9.0,60.0
37711702,19.0,90.0
37716290,12.0,90.0
37722218,17.0,76.0
37722875,19.0,88.0
37732913,21.0,2.0
37739929,20.0,11.0
37747445,17.0,2.0
37748738,12.0,2.0
37749922,9.0,2.0
37754485,9.0,2.0
37757417,9.0,18.0
37763675,21.0,60.0
37791480,0.0,82.0
37796710,5.0,59.0
37798113,12.0,60.0
37799834,9.0,2.0
37800852,9.0,25.0
37805302,9.0,72.0
37805977,0.0,4.0
37806200,21.0,17.0
37811199,12.0,2.0
37831168,12.0,90.0
37832488,0.0,3.0
37840336,9.0,27.0
37840644,20.0,2.0
37849420,12.0,63.0
37851777,9.0,2.0
37853708,21.0,73.0
37870335,12.0,2.0
37873686,0.0,2.0
37883033,12.0,82.0
37889472,21.0,4.0
37890052,12.0,2.0
37890151,17.0,2.0
37894033,20.0,33.0
37895102,0.0,12.0
37897133,9.0,15.0
37900811,4.0,90.0
37903394,21.0,19.0
37917994,21.0,25.0
37919065,10.0,90.0
37924674,17.0,11.0
37928021,12.0,29.0
37931696,18.0,29.0
37938945,5.0,65.0
37945153,21.0,59.0
37946302,20.0,2.0
37947486,12.0,2.0
37948724,21.0,67.0
37949574,9.0,60.0
37950233,12.0,23.0
37952470,17.0,2.0
37956564,17.0,4.0
37963450,17.0,90.0
37967107,17.0,2.0
37969636,9.0,60.0
37973062,10.0,33.0
37973449,21.0,35.0
37973526,17.0,18.0
37982128,17.0,15.0
37990118,17.0,59.0
37990444,12.0,60.0
37990604,4.0,15.0
38002293,21.0,85.0
38011585,21.0,81.0
38015573,12.0,53.0
38020229,21.0,56.0
38025079,12.0,46.0
38029686,12.0,60.0
38030372,12.0,61.0
38032596,9.0,51.0
38034255,10.0,68.0
38042831,17.0,90.0
38047439,17.0,8.0
38058520,12.0,60.0
38061305,21.0,8.0
38061420,17.0,12.0
38068094,21.0,61.0
38070190,12.0,2.0
38076477,0.0,84.0
38086387,21.0,2.0
38087184,12.0,2.0
38091918,12.0,50.0
38104083,18.0,12.0
38109361,5.0,46.0
38112052,20.0,51.0
38113648,9.0,37.0
38115028,19.0,59.0
38124640,18.0,18.0
38127286,20.0,72.0
38127655,19.0,53.0
38130008,17.0,49.0
38130766,20.0,53.0
38137745,17.0,59.0
38140460,4.0,4.0
38143579,20.0,18.0
38149220,12.0,2.0
38151152,10.0,28.0
38159776,17.0,24.0
38160726,21.0,2.0
38164252,17.0,60.0
38171154,21.0,2.0
38173928,21.0,2.0
38175218,7.0,11.0
38177992,20.0,75.0
38189386,9.0,2.0
38190738,4.0,46.0
38193498,20.0,2.0
38196766,19.0,64.0
38198376,19.0,2.0
38201577,5.0,28.0
38202454,19.0,25.0
38214946,17.0,19.0
38214997,10.0,60.0
38226226,4.0,2.0
38254058,10.0,2.0
38258286,17.0,24.0
38261246,20.0,59.0
38263321,7.0,60.0
38266587,4.0,47.0
38276542,17.0,60.0
38278247,12.0,54.0
38278830,0.0,63.0
38290066,20.0,88.0
38290527,21.0,2.0
38296089,17.0,36.0
38297738,5.0,17.0
38303112,5.0,12.0
38304766,5.0,11.0
38310561,21.0,24.0
38311846,5.0,51.0
38318821,18.0,60.0
38330505,17.0,24.0
38334430,20.0,67.0
38335181,21.0,2.0
38337742,20.0,2.0
38340634,20.0,2.0
38342998,20.0,71.0
38345968,9.0,12.0
38346004,21.0,82.0
38350568,17.0,2.0
38355454,17.0,2.0
38362465,21.0,2.0
38367020,19.0,2.0
38374325,10.0,37.0
38377474,19.0,25.0
38377632,20.0,2.0
38385447,7.0,40.0
38389451,17.0,18.0
38390088,21.0,38.0
38390698,21.0,29.0
38391718,12.0,2.0
38395400,17.0,18.0
38396275,20.0,24.0
38396535,10.0,67.0
38400033,20.0,24.0
38402108,2.0,59.0
38409075,19.0,29.0
38414201,7.0,29.0
38414720,21.0,61.0
38421574,12.0,2.0
38421719,5.0,2.0
38429285,12.0,60.0
38434847,17.0,88.0
38435947,10.0,66.0
38451995,12.0,17.0
38460307,4.0,42.0
38463380,12.0,2.0
38465330,17.0,60.0
38465492,0.0,55.0
38466259,17.0,18.0
38467595,20.0,2.0
38470721,4.0,2.0
38472979,9.0,90.0
38475294,9.0,2.0
38479262,12.0,63.0
38486528,9.0,2.0
38491690,5.0,2.0
38493512,17.0,81.0
38495342,19.0,63.0
38500636,21.0,2.0
38501350,21.0,29.0
38509319,9.0,44.0
38510028,21.0,2.0
38513472,21.0,63.0
38514619,17.0,17.0
38518571,17.0,86.0
38526492,5.0,17.0
38531064,12.0,61.0
38536939,12.0,2.0
38537088,10.0,22.0
38538054,4.0,17.0
38542269,9.0,60.0
38548171,12.0,36.0
38550866,17.0,17.0
38556632,4.0,2.0
38561224,21.0,84.0
38563579,0.0,49.0
38564234,21.0,88.0
38566670,20.0,24.0
38591453,17.0,59.0
38597755,12.0,63.0
38609572,20.0,60.0
38611188,12.0,2.0
38615881,12.0,2.0
38618097,0.0,18.0
38618372,9.0,2.0
38622423,17.0,61.0
38624955,0.0,36.0
38628086,12.0,71.0
38628850,19.0,88.0
38633871,9.0,29.0
38637546,17.0,71.0
38642871,21.0,36.0
38643495,12.0,71.0
38653136,20.0,2.0
38653610,21.0,59.0
38655158,19.0,17.0
38662700,10.0,2.0
38663778,21.0,76.0
38683068,12.0,18.0
38687975,21.0,60.0
38692203,4.0,60.0
38694831,5.0,64.0
38695874,5.0,0.0
38696464,20.0,2.0
38698503,10.0,36.0
38701304,12.0,28.0
38701307,10.0,37.0
38702390,19.0,27.0
38703809,21.0,2.0
38703855,4.0,18.0
38706252,17.0,86.0
38707523,12.0,21.0
38714739,4.0,2.0
38716679,20.0,60.0
38720332,12.0,2.0
38724784,5.0,90.0
38739762,21.0,59.0
38741899,10.0,18.0
38752445,5.0,2.0
38765012,4.0,24.0
38773275,17.0,43.0
38774189,12.0,88.0
38787746,12.0,21.0
38811282,5.0,12.0
38815480,17.0,61.0
38817981,19.0,28.0
38818348,9.0,15.0
38832778,12.0,51.0
38833813,9.0,60.0
38837559,9.0,42.0
38842867,20.0,11.0
38853123,17.0,36.0
38856372,21.0,2.0
38857932,21.0,2.0
38870172,20.0,24.0
38870506,9.0,0.0
38876883,12.0,63.0
38879167,12.0,2.0
38879805,20.0,25.0
38885485,9.0,53.0
38885571,10.0,2.0
38898000,9.0,60.0
38898500,17.0,25.0
38902924,12.0,75.0
38906573,5.0,42.0
38913169,9.0,60.0
38913736,12.0,90.0
38916146,10.0,55.0
38919614,10.0,71.0
38920204,17.0,2.0
38920210,4.0,2.0
38920236,12.0,2.0
38921753,21.0,18.0
38921835,7.0,60.0
38939595,10.0,61.0
38945071,9.0,2.0
38947356,21.0,54.0
38952712,20.0,25.0
38955563,20.0,75.0
38958768,21.0,83.0
38964242,21.0,59.0
38966385,12.0,67.0
38968506,20.0,28.0
38969370,12.0,2.0
38983591,9.0,18.0
38983647,9.0,60.0
38984765,20.0,18.0
38992510,20.0,21.0
38994769,20.0,18.0
38996802,17.0,24.0
39001724,12.0,61.0
39007302,10.0,29.0
39018630,20.0,2.0
39033720,10.0,2.0
39033923,10.0,15.0
39038210,19.0,59.0
39038835,21.0,2.0
39042074,5.0,17.0
39056337,12.0,24.0
39061004,9.0,62.0
39070543,12.0,2.0
39071480,12.0,2.0
39073517,0.0,16.0
39075694,17.0,2.0
39082738,12.0,60.0
39085343,0.0,36.0
39089080,0.0,48.0
39090258,12.0,2.0
39091778,21.0,60.0
39097749,7.0,55.0
39103247,4.0,90.0
39111118,17.0,2.0
39112857,20.0,2.0
39116215,19.0,36.0
39124841,19.0,2.0
39138469,9.0,86.0
39138979,12.0,60.0
39146115,20.0,15.0
39147490,17.0,2.0
39148210,20.0,63.0
39152292,21.0,2.0
39156085,5.0,21.0
39156414,21.0,16.0
39158750,12.0,16.0
39173970,17.0,2.0
39174637,17.0,84.0
39174675,12.0,60.0
39175927,21.0,66.0
39176188,19.0,59.0
39179967,9.0,88.0
39180796,4.0,2.0
39181376,9.0,2.0
39182847,20.0,87.0
39186105,0.0,17.0
39189870,9.0,37.0
39193123,12.0,72.0
39193645,0.0,2.0
39195144,12.0,60.0
39206094,10.0,24.0
39206106,17.0,2.0
39207514,4.0,29.0
39207981,20.0,2.0
39220544,20.0,36.0
39221844,20.0,59.0
39232912,9.0,81.0
39233297,9.0,23.0
39234924,21.0,1.0
39235726,17.0,61.0
39240485,4.0,40.0
39246843,5.0,2.0
39248584,19.0,61.0
39252508,19.0,60.0
39257733,0.0,37.0
39273779,21.0,2.0
39282389,12.0,2.0
39282842,9.0,2.0
39290940,5.0,18.0
39291927,21.0,55.0
39292600,4.0,2.0
39296978,10.0,18.0
39299957,20.0,2.0
39302117,20.0,25.0
39305744,12.0,2.0
39306785,21.0,9.0
39309912,10.0,29.0
39318959,17.0,2.0
39320266,9.0,2.0
39323145,12.0,2.0
39324309,12.0,35.0
39327173,17.0,60.0
39327982,9.0,59.0
39331997,9.0,48.0
39332638,12.0,85.0
39334128,18.0,76.0
39347018,21.0,37.0
39354505,20.0,36.0
39359852,20.0,24.0
39363511,17.0,2.0
39365778,0.0,33.0
39368191,12.0,60.0
39369166,21.0,61.0
39370767,21.0,11.0
39377093,4.0,90.0
39378411,19.0,32.0
39379835,12.0,63.0
39386151,9.0,60.0
39393392,12.0,2.0
39397368,10.0,17.0
39406513,12.0,2.0
39411015,21.0,61.0
39417027,10.0,59.0
39421288,9.0,2.0
39423858,9.0,25.0
39429392,12.0,2.0
39429452,12.0,90.0
39443580,17.0,2.0
39444537,20.0,36.0
39445458,21.0,18.0
39450913,7.0,12.0
39454369,12.0,60.0
39459219,21.0,60.0
39460022,12.0,13.0
39471864,20.0,84.0
39471978,10.0,36.0
39473241,17.0,90.0
39475263,12.0,2.0
39479689,19.0,28.0
39486611,17.0,41.0
39488683,19.0,60.0
39493619,17.0,78.0
39503762,21.0,31.0
39504629,20.0,88.0
39505504,9.0,15.0
39507466,17.0,60.0
39511287,21.0,24.0
39511418,12.0,15.0
39528690,7.0,29.0
39534922,12.0,59.0
39537455,17.0,60.0
39539645,17.0,67.0
39551928,10.0,2.0
39553122,5.0,11.0
39553460,18.0,18.0
39556496,20.0,70.0
39558485,21.0,60.0
39559629,10.0,2.0
39575552,21.0,29.0
39575625,21.0,11.0
39578107,21.0,63.0
39578733,12.0,17.0
39579038,12.0,60.0
39581401,21.0,60.0
39584781,7.0,60.0
39584899,12.0,14.0
39587823,12.0,51.0
39588445,12.0,31.0
39591776,21.0,2.0
39596839,19.0,76.0
39602121,12.0,2.0
39611273,12.0,2.0
39611810,4.0,37.0
39615979,21.0,11.0
39618209,0.0,36.0
39620549,21.0,2.0
39622739,21.0,17.0
39625397,17.0,49.0
39627919,21.0,36.0
39634247,10.0,89.0
39641905,5.0,2.0
39644512,9.0,11.0
39648449,21.0,23.0
39656357,12.0,60.0
39670026,12.0,81.0
39671134,12.0,25.0
39672703,12.0,2.0
39673031,4.0,29.0
39678646,12.0,8.0
39680467,20.0,90.0
39686156,5.0,2.0
39687823,4.0,90.0
39689327,21.0,24.0
39694643,12.0,88.0
39696884,9.0,23.0
39697931,21.0,46.0
39698969,19.0,35.0
39701708,20.0,2.0
39728636,5.0,28.0
39729492,10.0,60.0
39729902,5.0,60.0
39732213,17.0,78.0
39732467,21.0,11.0
39733811,19.0,1.0
39735167,20.0,60.0
39735463,12.0,53.0
39743966,4.0,46.0
39745012,5.0,90.0
39751018,20.0,2.0
39754143,12.0,0.0
39754472,4.0,60.0
39759300,19.0,63.0
39761679,21.0,2.0
39762864,4.0,2.0
39766495,12.0,59.0
39774487,19.0,21.0
39777756,5.0,67.0
39780515,0.0,18.0
39782182,20.0,17.0
39782841,9.0,11.0
39784566,12.0,60.0
39797584,12.0,2.0
39798340,12.0,2.0
39806197,17.0,2.0
39807997,5.0,18.0
39815728,17.0,29.0
39818385,21.0,36.0
39835065,5.0,24.0
39836722,17.0,60.0
39840347,4.0,11.0
39840370,0.0,90.0
39841738,19.0,60.0
39841984,21.0,2.0
39844224,12.0,23.0
39847833,7.0,12.0
39848244,19.0,60.0
39858566,17.0,86.0
39867374,12.0,11.0
39867443,12.0,82.0
39872511,17.0,18.0
39872606,9.0,53.0
39877575,20.0,2.0
39877996,21.0,2.0
39878495,12.0,54.0
39880134,19.0,2.0
39880736,0.0,7.0
39884237,7.0,89.0
39885263,20.0,35.0
39887314,10.0,57.0
39894854,17.0,84.0
39904848,12.0,18.0
39910803,12.0,2.0
39917638,12.0,2.0
39919013,19.0,18.0
39919111,17.0,62.0
39919299,10.0,90.0
39923783,17.0,60.0
39928482,17.0,60.0
39929308,4.0,11.0
39938805,17.0,2.0
39957896,19.0,11.0
39958502,9.0,90.0
39970580,17.0,2.0
39983626,21.0,29.0
39985182,10.0,2.0
39986973,4.0,4.0
39991564,12.0,22.0
39991845,21.0,18.0
39996457,21.0,71.0
40000463,21.0,82.0
40000749,21.0,18.0
40007792,12.0,29.0
40009067,18.0,24.0
40010710,5.0,76.0
40010711,19.0,61.0
40018882,9.0,51.0
40021351,21.0,67.0
40035980,12.0,37.0
40038263,12.0,90.0
40038838,18.0,81.0
40039086,17.0,67.0
40040438,20.0,76.0
40058437,21.0,18.0
40058557,9.0,61.0
40067084,18.0,15.0
40069727,21.0,82.0
40071029,0.0,2.0
40073898,4.0,42.0
40079510,21.0,71.0
40092049,10.0,90.0
40096982,20.0,59.0
40100006,5.0,60.0
40108877,7.0,75.0
40109786,4.0,82.0
40110350,21.0,29.0
40111938,12.0,60.0
40118412,10.0,60.0
40118742,9.0,24.0
40119497,17.0,27.0
40134118,9.0,2.0
40135862,9.0,28.0
40137492,9.0,7.0
40142562,20.0,56.0
40145562,19.0,83.0
40150617,4.0,2.0
40154644,19.0,87.0
40166546,12.0,36.0
40169051,21.0,2.0
40169486,21.0,81.0
40172740,12.0,2.0
40176080,19.0,18.0
40177174,21.0,60.0
40179694,10.0,64.0
40179987,12.0,62.0
40181112,17.0,60.0
40184799,0.0,90.0
40185408,9.0,90.0
40185860,19.0,59.0
40187379,12.0,60.0
40187579,21.0,17.0
40192566,21.0,59.0
40194895,4.0,75.0
40207936,17.0,12.0
40217465,0.0,18.0
40219044,12.0,2.0
40228137,19.0,73.0
40233248,10.0,2.0
40234572,12.0,74.0
40238577,17.0,2.0
40242050,9.0,82.0
40245026,21.0,2.0
40249603,10.0,2.0
40251500,12.0,2.0
40255371,9.0,60.0
40255469,21.0,60.0
40256201,20.0,90.0
40264150,17.0,2.0
40267662,17.0,12.0
40273035,12.0,2.0
40280779,12.0,60.0
40295927,21.0,90.0
40296051,21.0,25.0
40296168,10.0,18.0
40303406,19.0,61.0
40306353,9.0,23.0
40307109,17.0,18.0
40309550,17.0,60.0
40316460,4.0,61.0
40317287,12.0,25.0
40322253,5.0,25.0
40322715,12.0,36.0
40329909,17.0,2.0
40331182,20.0,28.0
40335640,0.0,61.0
40345568,17.0,15.0
40351362,7.0,51.0
40353395,12.0,90.0
40365120,21.0,53.0
40368785,12.0,59.0
40379748,7.0,2.0
40386956,12.0,90.0
40389554,9.0,70.0
40389673,4.0,2.0
40389699,12.0,90.0
40397872,4.0,2.0
40398429,17.0,2.0
40400600,12.0,63.0
40401778,17.0,60.0
40402505,12.0,2.0
40408100,10.0,23.0
40411037,21.0,2.0
40423011,19.0,18.0
40429476,12.0,18.0
40436752,21.0,37.0
40439093,12.0,60.0
40442520,17.0,2.0
40442983,19.0,14.0
40456557,20.0,2.0
40457511,19.0,60.0
40458865,0.0,38.0
40462282,21.0,85.0
40467195,19.0,50.0
40473908,17.0,36.0
40475317,0.0,11.0
40484539,9.0,2.0
40484867,21.0,60.0
40487637,21.0,31.0
40488073,9.0,23.0
40488341,12.0,28.0
40489246,17.0,11.0
40489303,20.0,29.0
40491739,0.0,42.0
40493093,12.0,60.0
40494974,19.0,2.0
40495742,12.0,46.0
40496403,21.0,29.0
40500981,21.0,60.0
40502204,17.0,2.0
40505037,4.0,90.0
40515044,21.0,17.0
40521257,17.0,66.0
40522161,7.0,57.0
40523242,12.0,2.0
40525383,17.0,2.0
40525831,20.0,64.0
40530240,12.0,90.0
40535178,12.0,72.0
40535434,10.0,2.0
40535722,21.0,82.0
40541184,21.0,60.0
40544134,0.0,2.0
40556828,12.0,42.0
40569418,20.0,84.0
40573722,4.0,2.0
40575732,21.0,86.0
40575899,12.0,90.0
40579132,9.0,63.0
40589935,17.0,2.0
40590548,12.0,60.0
40594990,21.0,86.0
40601077,20.0,90.0
40601842,19.0,33.0
40602914,4.0,2.0
40607373,19.0,21.0
40611240,12.0,2.0
40612188,12.0,17.0
40613212,12.0,49.0
40614371,12.0,76.0
40618673,20.0,0.0
40625240,17.0,59.0
40629997,21.0,66.0
40634622,12.0,2.0
40639379,4.0,90.0
40639636,20.0,41.0
40643614,4.0,29.0
40643770,20.0,31.0
40644362,12.0,60.0
40647688,0.0,11.0
40650497,18.0,76.0
40661207,10.0,36.0
40665088,20.0,60.0
40668169,21.0,70.0
40672799,19.0,52.0
40680676,21.0,11.0
40685229,0.0,59.0
40694500,12.0,59.0
40699016,20.0,90.0
40706430,9.0,60.0
40706775,21.0,60.0
40708187,17.0,60.0
40708805,21.0,53.0
40729987,9.0,64.0
40732769,17.0,75.0
40733158,21.0,18.0
40733921,17.0,53.0
40744663,12.0,18.0
40744908,12.0,2.0
40747255,21.0,76.0
40749405,12.0,41.0
40757099,0.0,2.0
40757250,19.0,82.0
40758843,17.0,53.0
40761728,10.0,90.0
40764269,5.0,59.0
40769744,4.0,2.0
40783096,19.0,25.0
40785417,21.0,2.0
40805924,7.0,84.0
40817307,21.0,82.0
40820810,17.0,29.0
40822277,0.0,8.0
40828518,17.0,37.0
40830450,21.0,2.0
40832336,7.0,11.0
40833211,20.0,56.0
40844091,20.0,46.0
40847004,5.0,73.0
40849579,17.0,2.0
40851717,21.0,60.0
40853174,0.0,25.0
40854957,4.0,61.0
40859206,5.0,27.0
40866982,5.0,2.0
40867370,12.0,46.0
40870555,21.0,63.0
40876196,21.0,60.0
40884042,17.0,46.0
40892962,19.0,2.0
40894671,0.0,11.0
40894952,12.0,71.0
40896840,12.0,2.0
40901660,9.0,81.0
40907146,17.0,25.0
40907536,0.0,60.0
40907939,19.0,63.0
40913151,5.0,90.0
40913301,12.0,7.0
40919114,21.0,29.0
40919985,5.0,55.0
40922376,17.0,85.0
40923234,19.0,24.0
40924660,19.0,2.0
40929739,0.0,55.0
40932763,21.0,60.0
40934559,12.0,60.0
40940727,19.0,2.0
40941288,20.0,11.0
40955371,12.0,67.0
40957421,21.0,11.0
40957521,9.0,11.0
40960386,4.0,17.0
40964363,17.0,31.0
40990772,9.0,61.0
40993724,20.0,2.0
40998119,18.0,57.0
41004361,17.0,18.0
41006927,19.0,2.0
41011694,10.0,59.0
41013575,21.0,61.0
41019552,12.0,72.0
41022363,21.0,38.0
41022388,21.0,71.0
41022879,12.0,67.0
41033777,5.0,0.0
41038083,10.0,2.0
41039679,12.0,51.0
41050843,12.0,84.0
41055404,0.0,18.0
41056351,9.0,2.0
41058036,5.0,60.0
41064066,9.0,82.0
41076848,12.0,54.0
41085460,12.0,11.0
41085848,9.0,37.0
41088354,17.0,68.0
41095715,12.0,36.0
41096013,0.0,60.0
41096182,4.0,44.0
41103368,12.0,25.0
41105644,12.0,60.0
41109124,9.0,60.0
41116777,21.0,2.0
41139186,17.0,2.0
41140530,0.0,59.0
41150010,20.0,34.0
41151479,20.0,2.0
41154332,21.0,41.0
41158553,19.0,76.0
41161655,21.0,37.0
41166400,5.0,9.0
41168314,19.0,41.0
41175086,17.0,83.0
41176735,21.0,52.0
41179416,20.0,11.0
41180120,5.0,18.0
41181711,21.0,17.0
41200970,17.0,67.0
41201373,0.0,49.0
41202891,12.0,2.0
41206959,19.0,24.0
41208160,19.0,90.0
41209287,20.0,51.0
41210647,21.0,90.0
41213060,9.0,15.0
41214684,9.0,85.0
41219030,17.0,88.0
41229734,12.0,60.0
41238425,17.0,11.0
41239514,12.0,2.0
41248613,4.0,90.0
41252550,18.0,56.0
41256755,4.0,2.0
41268589,21.0,12.0
41306446,12.0,18.0
41306502,17.0,60.0
41311343,9.0,90.0
41312985,7.0,24.0
41316842,21.0,82.0
41323756,21.0,26.0
41324180,21.0,21.0
41324203,21.0,51.0
41331901,19.0,2.0
41336128,0.0,2.0
41336716,9.0,82.0
41344124,21.0,7.0
41354404,4.0,84.0
41372702,10.0,72.0
41373116,9.0,90.0
41380164,12.0,18.0
41391401,21.0,59.0
41391606,19.0,60.0
41394646,19.0,82.0
41394855,20.0,25.0
41396111,7.0,18.0
41398197,20.0,59.0
41403458,21.0,72.0
41405499,17.0,90.0
41406041,4.0,29.0
41415124,5.0,31.0
41419089,19.0,2.0
41420414,12.0,82.0
41422332,17.0,60.0
41422865,17.0,60.0
41425111,4.0,18.0
41427042,9.0,90.0
41432383,21.0,90.0
41441281,5.0,60.0
41444150,9.0,54.0
41448480,20.0,60.0
41450017,9.0,17.0
41451230,20.0,25.0
41451978,21.0,13.0
41452240,5.0,25.0
41454064,12.0,24.0
41467412,5.0,21.0
41470911,0.0,36.0
41474034,9.0,17.0
41486054,9.0,60.0
41487413,12.0,76.0
41491602,19.0,33.0
41493232,0.0,36.0
41500308,5.0,90.0
41510748,0.0,18.0
41513362,21.0,22.0
41513411,9.0,2.0
41515062,9.0,18.0
41515293,17.0,6.0
41524393,17.0,60.0
41526198,21.0,86.0
41530091,5.0,41.0
41535200,17.0,13.0
41536687,19.0,17.0
41536919,12.0,60.0
41540164,10.0,63.0
41541592,20.0,2.0
41552136,21.0,88.0
41561441,5.0,18.0
41562765,12.0,2.0
41564873,20.0,59.0
41572750,12.0,76.0
41575424,0.0,36.0
41577072,0.0,7.0
41580349,17.0,2.0
41599361,7.0,2.0
41600650,12.0,67.0
41602678,20.0,85.0
41604641,9.0,46.0
41605878,18.0,28.0
41608464,21.0,23.0
41608892,9.0,73.0
41610565,9.0,72.0
41611735,12.0,75.0
41613027,17.0,29.0
41614555,7.0,17.0
41615407,12.0,2.0
41617363,9.0,2.0
41628015,0.0,2.0
41630918,17.0,2.0
41633990,12.0,0.0
41635299,17.0,15.0
41636921,21.0,37.0
41637403,17.0,82.0
41653758,20.0,60.0
41661902,21.0,29.0
41667851,19.0,61.0
41669094,4.0,31.0
41670611,5.0,72.0
41678556,20.0,2.0
41681096,19.0,32.0
41681384,9.0,15.0
41687151,19.0,60.0
41694008,21.0,2.0
41703718,0.0,50.0
41705838,21.0,2.0
41713411,10.0,18.0
41713502,9.0,73.0
41717893,20.0,70.0
41719135,17.0,24.0
41720278,9.0,84.0
41729713,20.0,41.0
41733739,12.0,18.0
41734018,20.0,67.0
41741111,21.0,90.0
41743655,4.0,0.0
41746828,12.0,62.0
41754150,12.0,15.0
41759972,12.0,72.0
41771742,19.0,2.0
41778091,19.0,67.0
41780417,0.0,42.0
41787800,12.0,58.0
41790268,17.0,85.0
41795137,12.0,1.0
41796795,21.0,2.0
41799290,21.0,22.0
41800886,20.0,59.0
41804268,5.0,90.0
41810134,4.0,18.0
41814981,9.0,25.0
41821797,20.0,2.0
41821865,7.0,81.0
41829814,12.0,2.0
41831489,21.0,59.0
41832500,20.0,7.0
41832913,12.0,66.0
41834346,20.0,17.0
41834814,19.0,59.0
41838466,0.0,74.0
41841951,18.0,14.0
41844282,17.0,2.0
41846925,5.0,66.0
41853598,17.0,66.0
41865288,17.0,61.0
41867829,21.0,66.0
41868599,18.0,9.0
41871845,9.0,70.0
41882432,5.0,47.0
41882732,21.0,8.0
41886771,20.0,90.0
41887578,1.0,59.0
41895972,17.0,61.0
41901685,19.0,61.0
41902027,19.0,70.0
41918213,20.0,0.0
41922445,10.0,2.0
41924753,21.0,83.0
41930846,20.0,24.0
41932701,21.0,48.0
41932982,18.0,88.0
41938118,9.0,2.0
41938737,12.0,11.0
41940839,17.0,2.0
41941964,4.0,37.0
41953653,12.0,49.0
41955325,12.0,90.0
41960979,4.0,2.0
41962745,17.0,2.0
41973332,19.0,60.0
41978613,12.0,60.0
41985114,20.0,41.0
41986491,12.0,22.0
41999448,19.0,59.0
41999517,9.0,31.0
42003679,9.0,85.0
42004703,4.0,71.0
42005325,12.0,28.0
42008465,0.0,27.0
42011121,17.0,2.0
42011775,12.0,2.0
42015030,12.0,60.0
42028847,17.0,18.0
42029930,19.0,22.0
42032368,9.0,2.0
42032452,19.0,61.0
42034020,12.0,66.0
42035653,21.0,2.0
42046110,20.0,24.0
42050624,17.0,81.0
42052313,17.0,17.0
42061227,4.0,2.0
42063452,9.0,90.0
42065633,9.0,59.0
42065712,12.0,23.0
42072063,9.0,2.0
42072597,17.0,29.0
42089474,7.0,90.0
42090556,21.0,17.0
42093103,17.0,18.0
42094355,17.0,56.0
42097637,21.0,18.0
42100639,20.0,9.0
42105030,10.0,72.0
42112371,20.0,90.0
42112899,19.0,60.0
42122442,10.0,25.0
42132254,2.0,76.0
42135385,12.0,29.0
42136340,9.0,12.0
42140026,21.0,59.0
42140597,17.0,90.0
42151009,12.0,2.0
42162123,19.0,25.0
42165357,19.0,53.0
42169326,7.0,81.0
42178262,5.0,31.0
42178365,17.0,17.0
42186245,17.0,36.0
42187518,19.0,2.0
42191055,20.0,66.0
42194040,21.0,31.0
42203714,17.0,15.0
42204384,18.0,12.0
42207822,4.0,90.0
42208236,4.0,90.0
42208243,9.0,90.0
42209667,20.0,86.0
42209935,12.0,60.0
42220049,2.0,2.0
42223881,7.0,84.0
42224150,17.0,37.0
42226965,12.0,4.0
42228043,7.0,11.0
42230934,21.0,11.0
42231014,19.0,2.0
42246936,20.0,46.0
42248364,9.0,60.0
42249329,20.0,61.0
42251735,20.0,0.0
42253701,21.0,16.0
42256970,4.0,2.0
42257048,10.0,15.0
42257655,12.0,2.0
42261109,21.0,2.0
42266245,12.0,72.0
42273450,19.0,66.0
42273903,19.0,42.0
42279402,21.0,53.0
42285240,1.0,3.0
42286322,19.0,10.0
42287770,21.0,24.0
42292494,20.0,85.0
42294989,21.0,23.0
42299616,12.0,59.0
42303986,10.0,35.0
42304322,4.0,51.0
42315728,5.0,55.0
42326079,9.0,2.0
42326122,5.0,35.0
42330909,9.0,60.0
42337920,20.0,60.0
42343206,9.0,53.0
42343524,10.0,90.0
42348871,17.0,8.0
42356296,17.0,2.0
42360186,10.0,81.0
42367290,12.0,18.0
42372954,20.0,2.0
42376537,4.0,54.0
42378078,4.0,89.0
42379218,19.0,29.0
42384864,20.0,0.0
42393081,0.0,2.0
42395747,12.0,63.0
42398334,12.0,17.0
42405522,12.0,53.0
42409570,21.0,24.0
42410628,17.0,2.0
42417806,20.0,75.0
42426598,19.0,84.0
42428105,9.0,2.0
42444557,20.0,17.0
42447659,12.0,17.0
42448788,19.0,46.0
42449158,12.0,2.0
42455077,12.0,60.0
42458593,12.0,85.0
42461973,12.0,37.0
42471777,21.0,81.0
42474027,4.0,24.0
42481595,19.0,12.0
42487184,12.0,82.0
42503337,21.0,66.0
42511846,17.0,2.0
42512377,17.0,18.0
42519111,4.0,2.0
42525894,9.0,24.0
42529017,17.0,15.0
42535569,9.0,37.0
42539767,4.0,54.0
42544643,21.0,2.0
42547245,21.0,24.0
42552056,19.0,21.0
42562467,19.0,59.0
42564651,17.0,41.0
42567017,17.0,67.0
42570584,19.0,17.0
42576244,0.0,72.0
42577525,12.0,25.0
42581788,12.0,29.0
42597813,19.0,63.0
42610731,17.0,11.0
42610833,4.0,25.0
42611079,19.0,59.0
42620208,21.0,60.0
42621452,4.0,60.0
42622037,12.0,54.0
42622395,12.0,60.0
42622734,17.0,76.0
42636006,9.0,64.0
42639198,4.0,34.0
42652058,7.0,29.0
42653833,21.0,71.0
42655915,21.0,2.0
42657634,10.0,2.0
42663913,12.0,2.0
42667671,9.0,18.0
42674244,21.0,9.0
42677779,20.0,17.0
42680341,20.0,0.0
42680821,21.0,18.0
42681325,21.0,24.0
42687534,18.0,2.0
42695369,17.0,60.0
42702063,9.0,64.0
42707694,9.0,29.0
42711722,21.0,59.0
42712049,12.0,5.0
42715891,18.0,17.0
42718920,21.0,86.0
42719930,20.0,2.0
42722697,0.0,36.0
42723733,0.0,42.0
42725639,4.0,68.0
42725874,4.0,40.0
42727623,21.0,29.0
42729150,19.0,60.0
42729543,12.0,2.0
42732729,17.0,46.0
42734412,19.0,11.0
42735034,18.0,0.0
42741647,20.0,67.0
42742561,21.0,59.0
42750002,21.0,2.0
42753330,19.0,71.0
42753554,12.0,27.0
42757779,21.0,60.0
42766024,9.0,78.0
42777669,5.0,85.0
42786072,17.0,2.0
42794242,12.0,88.0
42796041,19.0,53.0
42796536,4.0,60.0
42796794,0.0,90.0
42800561,19.0,60.0
42808500,5.0,81.0
42814850,20.0,90.0
42822620,17.0,55.0
42823239,0.0,57.0
42824973,12.0,90.0
42836024,21.0,25.0
42846279,17.0,18.0
42848118,9.0,64.0
42856150,9.0,79.0
42856969,9.0,10.0
42862403,20.0,42.0
42864117,4.0,25.0
42864506,20.0,64.0
42865737,9.0,61.0
42880219,17.0,33.0
42883014,20.0,2.0
42885083,17.0,67.0
42889223,12.0,16.0
42890766,12.0,1.0
42893664,12.0,72.0
42896442,21.0,2.0
42906896,4.0,24.0
42912468,20.0,61.0
42912663,21.0,4.0
42921223,12.0,25.0
42923425,21.0,55.0
42923824,17.0,85.0
42927144,5.0,88.0
42940804,0.0,2.0
42946546,10.0,59.0
42948904,21.0,16.0
42959818,17.0,7.0
42960428,20.0,60.0
42968849,12.0,60.0
42977970,12.0,2.0
42984923,19.0,53.0
42988088,9.0,62.0
42988438,1.0,77.0
42989066,7.0,33.0
42993171,17.0,2.0
42995616,20.0,61.0
42999384,17.0,12.0
43003517,5.0,22.0
43003876,12.0,76.0
43008989,20.0,2.0
43011410,0.0,33.0
43013355,20.0,90.0
43020983,21.0,90.0
43022053,19.0,2.0
43028632,12.0,67.0
43036060,17.0,90.0
43039620,20.0,73.0
43046032,9.0,33.0
43046159,0.0,60.0
43048903,20.0,51.0
43050953,9.0,17.0
43056509,9.0,90.0
43059551,17.0,23.0
43071843,4.0,60.0
43078480,12.0,2.0
43079314,21.0,36.0
43096957,4.0,2.0
43104777,21.0,1.0
43105095,9.0,84.0
43120885,17.0,60.0
43125084,19.0,59.0
43125779,12.0,17.0
43126812,12.0,60.0
43130982,19.0,2.0
43134328,12.0,2.0
43143516,17.0,60.0
43149560,10.0,46.0
43153482,10.0,60.0
43159870,7.0,85.0
43164188,5.0,13.0
43170116,4.0,2.0
43171265,19.0,18.0
43171884,12.0,60.0
43173392,17.0,76.0
43176914,9.0,61.0
43184099,10.0,14.0
43193217,12.0,70.0
43198437,17.0,24.0
43207355,9.0,18.0
43211069,20.0,63.0
43211901,4.0,68.0
43212715,12.0,60.0
43212817,12.0,60.0
43221388,4.0,90.0
43224868,9.0,2.0
43229638,17.0,67.0
43241732,18.0,86.0
43260890,9.0,60.0
43263027,17.0,60.0
43264346,17.0,60.0
43268027,20.0,63.0
43271645,19.0,2.0
43273606,12.0,17.0
43298018,21.0,2.0
43304214,19.0,29.0
43305460,12.0,11.0
43307318,12.0,2.0
43313949,20.0,2.0
43316156,20.0,41.0
43327166,17.0,60.0
43330377,20.0,56.0
43332143,9.0,61.0
43332897,17.0,2.0
43333801,5.0,25.0
43341194,20.0,2.0
43345333,4.0,67.0
43363294,21.0,36.0
43364087,21.0,60.0
43364759,4.0,2.0
43371659,21.0,53.0
43375009,17.0,2.0
43377207,19.0,2.0
43378156,12.0,15.0
43379097,9.0,11.0
43381582,21.0,11.0
43381751,10.0,60.0
43388639,12.0,60.0
43392309,10.0,42.0
43399244,21.0,15.0
43402240,17.0,60.0
43415764,17.0,67.0
43417646,12.0,76.0
43427996,20.0,73.0
43429677,21.0,2.0
43431070,19.0,63.0
43433121,10.0,59.0
43434641,9.0,24.0
43442027,9.0,2.0
43445546,5.0,90.0
43446600,10.0,2.0
43460033,10.0,81.0
43462955,20.0,60.0
43465166,21.0,29.0
43469755,19.0,63.0
43474347,21.0,60.0
43474561,19.0,81.0
43476738,0.0,37.0
43478244,20.0,59.0
43484111,21.0,60.0
43494232,17.0,90.0
43508043,21.0,60.0
43510011,12.0,18.0
43510423,21.0,60.0
43511074,12.0,24.0
43518252,20.0,70.0
43528082,19.0,54.0
43531572,19.0,59.0
43540378,19.0,2.0
43552556,21.0,81.0
43559522,9.0,18.0
43573726,21.0,37.0
43577208,17.0,18.0
43578422,21.0,61.0
43580660,20.0,88.0
43582892,19.0,15.0
43583631,9.0,2.0
43586549,21.0,24.0
43587261,19.0,73.0
43595210,9.0,2.0
43597950,19.0,2.0
43601880,9.0,18.0
43602282,19.0,90.0
43602445,20.0,76.0
43602814,17.0,2.0
43609867,12.0,2.0
43615685,5.0,24.0
43616177,9.0,60.0
43621087,17.0,2.0
43624802,12.0,32.0
43627805,21.0,37.0
43633304,19.0,17.0
43639966,4.0,60.0
43642919,12.0,2.0
43676531,12.0,41.0
43679877,20.0,17.0
43681975,12.0,2.0
43683720,12.0,2.0
43685307,21.0,59.0
43686595,12.0,90.0
43692131,19.0,17.0
43699381,19.0,2.0
43701583,12.0,37.0
43715275,7.0,9.0
43730351,19.0,9.0
43732704,12.0,29.0
43732728,21.0,21.0
43734576,21.0,82.0
43737114,7.0,61.0
43737412,7.0,35.0
43740952,19.0,25.0
43741220,19.0,59.0
43742984,20.0,2.0
43746296,12.0,2.0
43753123,4.0,18.0
43754039,18.0,84.0
43763680,9.0,2.0
43764192,20.0,85.0
43765636,21.0,78.0
43772676,18.0,29.0
43776203,19.0,24.0
43785466,20.0,13.0
43794666,9.0,2.0
43807193,12.0,54.0
43808837,12.0,84.0
43822334,12.0,24.0
43827187,19.0,2.0
43827937,17.0,2.0
43828030,12.0,86.0
43828834,12.0,2.0
43832189,9.0,30.0
43837006,10.0,36.0
43837584,12.0,84.0
43840267,17.0,32.0
43840526,12.0,36.0
43846910,12.0,2.0
43847926,17.0,60.0
43854249,19.0,2.0
43857242,9.0,82.0
43861684,17.0,72.0
43861955,19.0,35.0
43866703,4.0,31.0
43869584,20.0,60.0
43871158,12.0,2.0
43871379,4.0,2.0
43872401,9.0,75.0
43872727,17.0,2.0
43883936,17.0,11.0
43885756,17.0,72.0
43892198,12.0,84.0
43894294,0.0,2.0
43897233,21.0,2.0
43897821,17.0,53.0
43901104,17.0,2.0
43908837,5.0,18.0
43911070,12.0,90.0
43913836,17.0,2.0
43914504,0.0,17.0
43915639,9.0,2.0
43916729,20.0,61.0
43917034,9.0,60.0
43919713,19.0,60.0
43922194,21.0,19.0
43934701,12.0,54.0
43940697,9.0,63.0
43949530,20.0,2.0
43952487,17.0,2.0
43965476,7.0,56.0
43966136,9.0,60.0
43967597,12.0,6.0
43967719,21.0,84.0
43969908,12.0,2.0
43969944,17.0,31.0
43976175,12.0,71.0
43977555,19.0,79.0
43980493,20.0,8.0
43982775,5.0,2.0
43996453,12.0,29.0
43996880,17.0,36.0
44000793,9.0,29.0
44001001,21.0,2.0
44002761,0.0,42.0
44002957,4.0,67.0
44003582,5.0,37.0
44013271,17.0,17.0
44019631,19.0,2.0
44020532,20.0,29.0
44021201,20.0,2.0
44024106,12.0,18.0
44025365,4.0,67.0
44028942,5.0,59.0
44029317,17.0,90.0
44037261,0.0,63.0
44043085,17.0,2.0
44050085,21.0,36.0
44050223,7.0,33.0
44050859,21.0,2.0
44053702,10.0,90.0
44056224,9.0,2.0
44059591,9.0,2.0
44061872,9.0,2.0
44062555,19.0,2.0
44074173,17.0,41.0
44074892,17.0,63.0
44081307,5.0,17.0
44082307,21.0,61.0
44083185,17.0,37.0
44086893,21.0,29.0
44088912,9.0,76.0
44093872,17.0,2.0
44094111,9.0,60.0
44095213,12.0,90.0
44101806,9.0,18.0
44105283,21.0,60.0
44107240,17.0,15.0
44113143,17.0,11.0
44117298,9.0,29.0
44124988,12.0,2.0
44125088,0.0,76.0
44125955,19.0,64.0
44129340,9.0,76.0
44129736,17.0,60.0
44133410,19.0,2.0
44138699,21.0,60.0
44139991,19.0,85.0
44147161,10.0,61.0
44148779,12.0,85.0
44168072,19.0,60.0
44174964,21.0,84.0
44178886,12.0,17.0
44187783,12.0,2.0
44188114,4.0,29.0
44188146,19.0,63.0
44189487,12.0,2.0
44199014,10.0,41.0
44204478,9.0,84.0
44210761,9.0,53.0
44216421,20.0,11.0
44219745,19.0,24.0
44222985,19.0,60.0
44225375,9.0,60.0
44227105,21.0,27.0
44227173,20.0,82.0
44230984,19.0,2.0
44234168,7.0,2.0
44236753,9.0,90.0
44242629,12.0,53.0
44251692,20.0,17.0
44260869,9.0,90.0
44262479,0.0,63.0
44266665,10.0,88.0
44267274,19.0,2.0
44270163,9.0,84.0
44272836,20.0,71.0
44290245,12.0,14.0
44297668,21.0,11.0
44302682,17.0,88.0
44303878,7.0,2.0
44310872,17.0,2.0
44329085,12.0,59.0
44329114,18.0,58.0
44331353,17.0,32.0
44335295,19.0,29.0
44335924,5.0,37.0
44341668,5.0,21.0
44343671,9.0,61.0
44345490,21.0,90.0
44356135,12.0,2.0
44357058,20.0,2.0
44359376,12.0,2.0
44362287,12.0,52.0
44363773,12.0,90.0
44365032,21.0,2.0
44367361,12.0,2.0
44370957,12.0,13.0
44371917,5.0,90.0
44374768,12.0,2.0
44377718,21.0,2.0
44384459,9.0,56.0
44392144,9.0,11.0
44394038,0.0,2.0
44405214,9.0,15.0
44414008,19.0,60.0
44416043,17.0,5.0
44416690,12.0,37.0
44423781,17.0,90.0
44427552,9.0,32.0
44431599,21.0,2.0
44433274,12.0,64.0
44436782,9.0,8.0
44450095,17.0,85.0
44454066,20.0,77.0
44475645,0.0,72.0
44482958,12.0,51.0
44498458,7.0,2.0
44502530,4.0,2.0
44505411,19.0,2.0
44517446,12.0,18.0
44537204,4.0,23.0
44545124,21.0,25.0
44550156,17.0,85.0
44551743,21.0,67.0
44552298,17.0,66.0
44566099,17.0,2.0
44566153,7.0,36.0
44569006,20.0,23.0
44576145,19.0,63.0
44576354,17.0,61.0
44580802,21.0,86.0
44580872,21.0,71.0
44581274,20.0,2.0
44582665,21.0,18.0
44586698,17.0,60.0
44588237,12.0,84.0
44604855,17.0,90.0
44608507,12.0,28.0
44609204,20.0,44.0
44611822,12.0,52.0
44612576,17.0,55.0
44615537,21.0,15.0
44623535,9.0,2.0
44626776,20.0,51.0
44637569,19.0,88.0
44637825,9.0,90.0
44640334,9.0,59.0
44646232,17.0,27.0
44650285,12.0,2.0
44667782,12.0,2.0
44668928,20.0,53.0
44671951,9.0,52.0
44679529,19.0,64.0
44683456,9.0,61.0
44687789,21.0,25.0
44693524,12.0,29.0
44701095,10.0,2.0
44712824,12.0,60.0
44714618,7.0,59.0
44719405,12.0,90.0
44719993,9.0,61.0
44721199,12.0,2.0
44727123,12.0,60.0
44742769,12.0,2.0
44743066,20.0,88.0
44753208,20.0,84.0
44754382,17.0,19.0
44762089,17.0,52.0
44764858,4.0,71.0
44765486,9.0,76.0
44765541,10.0,12.0
44768835,17.0,2.0
44769466,17.0,85.0
44769472,20.0,85.0
44770746,10.0,28.0
44771597,12.0,67.0
44785316,4.0,50.0
44800076,17.0,25.0
44805708,4.0,60.0
44805713,17.0,82.0
44809321,17.0,2.0
44810469,21.0,2.0
44812977,20.0,2.0
44813679,20.0,23.0
44813813,5.0,2.0
44814246,5.0,85.0
44820808,17.0,18.0
44825901,20.0,17.0
44831220,21.0,18.0
44840015,20.0,82.0
44841621,12.0,59.0
44847219,12.0,61.0
44853011,21.0,25.0
44860656,19.0,59.0
44861426,5.0,35.0
44862897,21.0,50.0
44863754,21.0,84.0
44864134,21.0,35.0
44870208,19.0,2.0
44870704,21.0,2.0
44879472,21.0,2.0
44882699,21.0,32.0
44883026,12.0,16.0
44884696,9.0,2.0
44893847,12.0,90.0
44896399,12.0,38.0
44902595,12.0,90.0
44903972,12.0,2.0
44904163,12.0,60.0
44908556,17.0,60.0
44912294,21.0,17.0
44916717,4.0,29.0
44919391,17.0,29.0
44928160,21.0,43.0
44940711,20.0,36.0
44952829,9.0,29.0
44953564,1.0,2.0
44961425,9.0,53.0
44963676,21.0,2.0
44969474,10.0,81.0
44970819,10.0,15.0
44971299,0.0,3.0
44972395,9.0,9.0
44974809,4.0,90.0
44981677,7.0,2.0
44984717,12.0,2.0
44988770,20.0,24.0
44994307,19.0,24.0
44998860,20.0,18.0
45002499,19.0,29.0
45004220,17.0,29.0
45006393,12.0,74.0
45007037,17.0,2.0
45007159,17.0,2.0
45014973,17.0,34.0
45017808,9.0,7.0
45020481,17.0,61.0
45025612,4.0,2.0
45029577,10.0,2.0
45030308,21.0,4.0
45031126,21.0,2.0
45044478,10.0,40.0
45049089,21.0,14.0
45053488,12.0,2.0
45060352,17.0,29.0
45062482,9.0,18.0
45065947,20.0,3.0
45074284,17.0,18.0
45077453,12.0,54.0
45078765,21.0,36.0
45086119,12.0,2.0
45094055,17.0,0.0
45101527,20.0,18.0
45108518,4.0,11.0
45114129,21.0,22.0
45119585,4.0,22.0
45120020,19.0,29.0
45122827,12.0,29.0
45125611,21.0,23.0
45136480,12.0,82.0
45136513,9.0,60.0
45137756,12.0,24.0
45137774,10.0,60.0
45142089,21.0,38.0
45143643,17.0,63.0
45150288,9.0,24.0
45167493,21.0,63.0
45168388,12.0,25.0
45168845,12.0,70.0
45173375,20.0,2.0
45179774,12.0,67.0
45183977,19.0,37.0
45187573,20.0,88.0
45187946,12.0,2.0
45194584,12.0,60.0
45199515,19.0,25.0
45204230,19.0,55.0
45226027,21.0,2.0
45229025,10.0,85.0
45235079,12.0,2.0
45247753,1.0,25.0
45249167,17.0,15.0
45252056,12.0,60.0
45252534,5.0,2.0
45254047,9.0,82.0
45255320,9.0,60.0
45259924,12.0,53.0
45268607,20.0,12.0
45269720,21.0,56.0
45269868,17.0,2.0
45270225,17.0,2.0
45277327,21.0,2.0
45279768,21.0,2.0
45287619,17.0,2.0
45289518,12.0,2.0
45291956,20.0,81.0
45293475,9.0,29.0
45293878,21.0,15.0
45299317,12.0,2.0
45302997,5.0,90.0
45307819,9.0,17.0
45313562,9.0,2.0
45316582,20.0,41.0
45327506,0.0,2.0
45327906,12.0,51.0
45330779,7.0,2.0
45343527,12.0,61.0
45358496,5.0,54.0
45361007,12.0,70.0
45363687,21.0,15.0
45364020,12.0,51.0
45364861,12.0,33.0
45374675,17.0,70.0
45374801,0.0,81.0
45381498,17.0,7.0
45390629,9.0,29.0
45395602,5.0,25.0
45396444,17.0,8.0
45418569,19.0,32.0
45427514,20.0,18.0
45428832,19.0,2.0
45433251,10.0,2.0
45443634,7.0,2.0
45445031,10.0,2.0
45446509,17.0,11.0
45447838,17.0,55.0
45449031,10.0,59.0
45464275,21.0,2.0
45466219,9.0,86.0
45468102,9.0,59.0
45473651,17.0,2.0
45480357,17.0,2.0
45492860,20.0,2.0
45495539,17.0,60.0
45501270,4.0,44.0
45506785,0.0,2.0
45509299,7.0,16.0
45515723,21.0,24.0
45518240,5.0,2.0
45519650,10.0,2.0
45521018,4.0,59.0
45525426,20.0,17.0
45531396,20.0,2.0
45534022,10.0,4.0
45538426,17.0,56.0
45543782,21.0,2.0
45552672,20.0,45.0
45553696,17.0,60.0
45554681,10.0,18.0
45557964,21.0,29.0
45563489,12.0,72.0
45564426,20.0,22.0
45570507,0.0,61.0
45571771,17.0,2.0
45572715,12.0,2.0
45575548,21.0,2.0
45591645,12.0,59.0
45592069,5.0,61.0
45602547,20.0,84.0
45614953,12.0,2.0
45616261,12.0,57.0
45619465,12.0,67.0
45623304,0.0,2.0
45632550,9.0,24.0
45634820,19.0,17.0
45638927,10.0,17.0
45646734,19.0,60.0
45647709,0.0,29.0
45651807,20.0,37.0
45655530,10.0,11.0
45655950,20.0,3.0
45663650,21.0,85.0
45664334,17.0,85.0
45664680,21.0,60.0
45671509,17.0,59.0
45674289,19.0,57.0
45675243,21.0,2.0
45680434,20.0,85.0
45685534,19.0,37.0
45687558,19.0,2.0
45691175,17.0,54.0
45691453,9.0,89.0
45691896,21.0,5.0
45693573,17.0,49.0
45697554,12.0,7.0
45698062,21.0,56.0
45704695,12.0,27.0
45704876,17.0,18.0
45706955,5.0,60.0
45707535,21.0,67.0
45710949,21.0,53.0
45715094,9.0,90.0
45718849,9.0,70.0
45722103,12.0,38.0
45725717,12.0,2.0
45730367,19.0,60.0
45735490,17.0,82.0
45746093,21.0,60.0
45757125,9.0,21.0
45761707,20.0,6.0
45763601,21.0,85.0
45767080,21.0,61.0
45768968,12.0,70.0
45768994,21.0,60.0
45771785,19.0,73.0
45771990,12.0,2.0
45775612,12.0,59.0
45780529,7.0,2.0
45785514,19.0,37.0
45790481,18.0,73.0
45798540,4.0,60.0
45806125,17.0,3.0
45812345,17.0,60.0
45818693,4.0,18.0
45820753,0.0,3.0
45831744,9.0,5.0
45833262,21.0,50.0
45834044,9.0,47.0
45837061,17.0,56.0
45838883,12.0,8.0
45846606,12.0,71.0
45849872,5.0,59.0
45856718,4.0,55.0
45858627,21.0,18.0
45860396,4.0,60.0
45860568,12.0,9.0
45873187,7.0,41.0
45879299,21.0,24.0
45882463,17.0,29.0
45882858,21.0,2.0
45883129,4.0,60.0
45883866,17.0,29.0
45888763,12.0,90.0
45898204,4.0,72.0
45899556,21.0,2.0
45900981,12.0,29.0
45907794,10.0,60.0
45909748,9.0,2.0
45911241,7.0,36.0
45918963,12.0,17.0
45920708,9.0,2.0
45924213,21.0,29.0
45939361,17.0,2.0
45941168,21.0,18.0
45958810,21.0,21.0
45958946,17.0,61.0
45959109,12.0,2.0
45963108,19.0,2.0
45970572,4.0,18.0
45974983,4.0,22.0
45976396,20.0,2.0
45984320,21.0,14.0
45991770,9.0,21.0
45993726,20.0,1.0
46004439,5.0,67.0
46011051,21.0,29.0
46012378,21.0,90.0
46013861,5.0,21.0
46014495,9.0,18.0
46018218,20.0,83.0
46018790,12.0,36.0
46024343,0.0,60.0
46024912,20.0,48.0
46027736,7.0,27.0
46028386,9.0,2.0
46028791,21.0,85.0
46029607,12.0,25.0
46038666,4.0,19.0
46045879,4.0,60.0
46046363,17.0,60.0
46046910,9.0,59.0
46054211,17.0,17.0
46054423,4.0,72.0
46056815,17.0,59.0
46063308,12.0,11.0
46065956,10.0,64.0
46068122,5.0,35.0
46073562,12.0,2.0
46075615,21.0,60.0
46088605,19.0,60.0
46089567,21.0,0.0
46091755,20.0,61.0
46101065,0.0,61.0
46103890,21.0,54.0
46113620,10.0,42.0
46116727,10.0,36.0
46117185,19.0,29.0
46117583,5.0,2.0
46128948,20.0,23.0
46131051,12.0,88.0
46135382,12.0,2.0
46140971,20.0,73.0
46149634,17.0,60.0
46158224,20.0,70.0
46158855,17.0,59.0
46158863,10.0,70.0
46159542,21.0,67.0
46159941,0.0,50.0
46165633,21.0,35.0
46166943,21.0,59.0
46168119,21.0,60.0
46174998,20.0,61.0
46197780,21.0,87.0
46206175,9.0,90.0
46211308,21.0,2.0
46211512,17.0,2.0
46215284,5.0,38.0
46224345,20.0,23.0
46226075,17.0,60.0
46233393,12.0,2.0
46239285,0.0,60.0
46241145,20.0,2.0
46242457,20.0,60.0
46244352,12.0,60.0
46247073,9.0,2.0
46262758,19.0,18.0
46277029,4.0,60.0
46279914,21.0,55.0
46286307,5.0,46.0
46293834,5.0,29.0
46298277,9.0,2.0
46316946,21.0,2.0
46318037,12.0,25.0
46323523,21.0,2.0
46329044,20.0,67.0
46345124,4.0,24.0
46347763,20.0,90.0
46354196,20.0,90.0
46360297,21.0,90.0
46361856,10.0,33.0
46363750,21.0,85.0
46370223,4.0,0.0
46370521,9.0,2.0
46370971,21.0,64.0
46374387,21.0,18.0
46377802,19.0,53.0
46378330,18.0,60.0
46388115,20.0,90.0
46388735,0.0,85.0
46392766,12.0,25.0
46392913,21.0,60.0
46393864,17.0,90.0
46395254,12.0,2.0
46400529,5.0,82.0
46401172,20.0,60.0
46402850,17.0,18.0
46404755,12.0,2.0
46408894,17.0,38.0
46423422,17.0,25.0
46423840,10.0,2.0
46425765,21.0,36.0
46432276,12.0,17.0
46434567,12.0,2.0
46435840,12.0,85.0
46443026,0.0,46.0
46447667,17.0,2.0
46448973,17.0,53.0
46450608,10.0,2.0
46450984,10.0,36.0
46452657,20.0,17.0
46453037,9.0,41.0
46453816,12.0,42.0
46457502,10.0,81.0
46458070,19.0,88.0
46467939,21.0,2.0
46477133,20.0,31.0
46477850,7.0,60.0
46477864,21.0,71.0
46480804,17.0,12.0
46483441,19.0,67.0
46488341,21.0,24.0
46488789,21.0,81.0
46490174,0.0,12.0
46499881,19.0,15.0
46507133,12.0,2.0
46508383,9.0,77.0
46510558,17.0,90.0
46516805,17.0,2.0
46526810,21.0,63.0
46531845,20.0,60.0
46537221,17.0,2.0
46538074,4.0,2.0
46552402,9.0,54.0
46555376,17.0,24.0
46557209,21.0,61.0
46566753,9.0,11.0
46570179,9.0,88.0
46574359,12.0,2.0
46579872,21.0,59.0
46581944,12.0,76.0
46589431,12.0,67.0
46593149,19.0,12.0
46593401,20.0,60.0
46597082,21.0,47.0
46606815,21.0,19.0
46607493,9.0,75.0
46612555,4.0,18.0
46613257,17.0,17.0
46613661,12.0,59.0
46613996,4.0,90.0
46615585,17.0,90.0
46622913,17.0,25.0
46623793,5.0,2.0
46623911,21.0,25.0
46625638,21.0,85.0
46627386,12.0,44.0
46627735,12.0,17.0
46628042,17.0,60.0
46637279,12.0,2.0
46645577,21.0,60.0
46646541,12.0,2.0
46647302,9.0,79.0
46653034,12.0,28.0
46660037,12.0,62.0
46672018,10.0,49.0
46674161,12.0,2.0
46676799,20.0,67.0
46679238,17.0,79.0
46683062,17.0,2.0
46685680,9.0,18.0
46688434,5.0,84.0
46697152,21.0,24.0
46703678,21.0,18.0
46708496,19.0,37.0
46711388,12.0,60.0
46711758,17.0,29.0
46717852,12.0,2.0
46718694,4.0,59.0
46719140,12.0,1.0
46723718,9.0,38.0
46723729,17.0,60.0
46733801,9.0,90.0
46741734,17.0,2.0
46742242,4.0,60.0
46750454,9.0,1.0
46755849,9.0,36.0
46760311,19.0,63.0
46767338,10.0,36.0
46779836,17.0,60.0
46780639,9.0,2.0
46786123,21.0,60.0
46788181,19.0,25.0
46794152,12.0,60.0
46794411,17.0,18.0
46799296,12.0,60.0
46800174,12.0,17.0
46802675,10.0,85.0
46803518,21.0,38.0
46804977,19.0,2.0
46807314,17.0,81.0
46808047,17.0,84.0
46809774,20.0,12.0
46810027,21.0,67.0
46811129,21.0,90.0
46821444,12.0,2.0
46825009,12.0,53.0
46829434,12.0,2.0
46837050,17.0,41.0
46847160,21.0,18.0
46849824,19.0,61.0
46863369,17.0,2.0
46865355,12.0,2.0
46866341,19.0,23.0
46869581,20.0,63.0
46882711,20.0,36.0
46893405,9.0,12.0
46898141,12.0,3.0
46908663,9.0,81.0
46909820,0.0,25.0
46911884,17.0,2.0
46913306,17.0,61.0
46914912,5.0,25.0
46914974,21.0,90.0
46933445,21.0,17.0
46934452,4.0,2.0
46940474,20.0,60.0
46941187,9.0,2.0
46948930,17.0,90.0
46953929,5.0,60.0
46962275,21.0,67.0
46964645,12.0,54.0
46967705,12.0,72.0
46968971,12.0,2.0
46972976,17.0,82.0
46974488,21.0,2.0
46974798,21.0,44.0
46977013,19.0,24.0
46985592,12.0,81.0
46993520,18.0,2.0
47003442,21.0,11.0
47005143,17.0,90.0
47006309,21.0,2.0
47014601,21.0,90.0
47015959,12.0,66.0
47016117,5.0,37.0
47016460,12.0,32.0
47026656,20.0,59.0
47027117,9.0,2.0
47034312,21.0,21.0
47034898,10.0,41.0
47053329,12.0,18.0
47055767,12.0,2.0
47056150,4.0,59.0
47064035,9.0,2.0
47068702,20.0,25.0
47069204,21.0,13.0
47072149,19.0,29.0
47089199,12.0,2.0
47097444,21.0,90.0
47097795,12.0,59.0
47101727,20.0,90.0
47110282,21.0,2.0
47117004,17.0,11.0
47129670,12.0,25.0
47139088,20.0,53.0
47148243,12.0,56.0
47156776,20.0,18.0
47165511,17.0,63.0
47173140,17.0,18.0
47185496,12.0,11.0
47189963,4.0,2.0
47191351,17.0,86.0
47193638,5.0,25.0
47198671,9.0,2.0
47199843,17.0,2.0
47200459,4.0,38.0
47210968,20.0,38.0
47213854,12.0,82.0
47227535,21.0,15.0
47236654,9.0,2.0
47236844,4.0,90.0
47238509,12.0,2.0
47244377,19.0,1.0
47246980,12.0,2.0
47248382,21.0,2.0
47255843,19.0,67.0
47260771,9.0,60.0
47266688,21.0,2.0
47270880,9.0,21.0
47271598,4.0,83.0
47272142,21.0,60.0
47275464,9.0,2.0
47283485,7.0,90.0
47287446,21.0,24.0
47293384,17.0,82.0
47294187,4.0,2.0
47300836,9.0,88.0
47303033,12.0,90.0
47306364,4.0,11.0
47307578,21.0,60.0
47330284,21.0,2.0
47330511,12.0,81.0
47339501,21.0,61.0
47339651,5.0,18.0
47342003,21.0,2.0
47343395,19.0,2.0
47344859,4.0,36.0
47354749,17.0,86.0
47361839,20.0,42.0
47369585,19.0,28.0
47376722,17.0,2.0
47380808,17.0,2.0
47386659,21.0,25.0
47389327,4.0,11.0
47389937,17.0,46.0
47392161,9.0,60.0
47399336,20.0,67.0
47401068,21.0,37.0
47401345,20.0,17.0
47402354,4.0,85.0
47404255,10.0,84.0
47408261,12.0,51.0
47411576,20.0,36.0
47412237,12.0,47.0
47418820,19.0,72.0
47421155,12.0,50.0
47429312,12.0,24.0
47445564,4.0,35.0
47449862,17.0,7.0
47451958,19.0,4.0
47456584,12.0,24.0
47461057,21.0,82.0
47462058,20.0,17.0
47463219,17.0,63.0
47467279,0.0,21.0
47472513,5.0,63.0
47474460,21.0,28.0
47479667,12.0,2.0
47483593,19.0,47.0
47484953,20.0,52.0
47491835,4.0,11.0
47495819,17.0,8.0
47497102,18.0,2.0
47501080,21.0,2.0
47505566,4.0,2.0
47507356,19.0,90.0
47507992,21.0,24.0
47515500,19.0,22.0
47519941,9.0,90.0
47528957,21.0,17.0
47532924,12.0,2.0
47532978,19.0,17.0
47538343,12.0,2.0
47538411,17.0,90.0
47545211,12.0,85.0
47548469,17.0,17.0
47552558,20.0,36.0
47554460,19.0,2.0
47563526,21.0,71.0
47571263,12.0,81.0
47572597,17.0,2.0
47574309,17.0,2.0
47585361,9.0,60.0
47588208,20.0,90.0
47592960,19.0,24.0
47596250,4.0,28.0
47596526,21.0,18.0
47598993,21.0,8.0
47599562,12.0,60.0
47602400,21.0,18.0
47602827,10.0,12.0
47612429,17.0,60.0
47612503,17.0,49.0
47612636,5.0,55.0
47613086,21.0,1.0
47615275,9.0,17.0
47616676,5.0,18.0
47616860,12.0,2.0
47625736,20.0,71.0
47638218,12.0,60.0
47638513,21.0,22.0
47640204,1.0,2.0
47649107,20.0,57.0
47650409,20.0,2.0
47673019,21.0,3.0
47680052,0.0,60.0
47681659,21.0,70.0
47687449,21.0,37.0
47697032,9.0,67.0
47703199,21.0,2.0
47706446,18.0,54.0
47710767,20.0,25.0
47720041,4.0,81.0
47724145,20.0,24.0
47724306,12.0,77.0
47730782,21.0,2.0
47732523,4.0,2.0
47740625,17.0,25.0
47744436,17.0,24.0
47761614,12.0,60.0
47763102,12.0,90.0
47765382,12.0,59.0
47766015,21.0,54.0
47776970,18.0,59.0
47787499,20.0,64.0
47797968,20.0,17.0
47799189,1.0,75.0
47802079,17.0,66.0
47806405,20.0,90.0
47806896,17.0,90.0
47823239,4.0,29.0
47826461,18.0,85.0
47834674,18.0,2.0
47835842,17.0,60.0
47842941,12.0,18.0
47848588,12.0,82.0
47859404,9.0,60.0
47860349,17.0,72.0
47861838,10.0,2.0
47863296,4.0,90.0
47864181,21.0,90.0
47870835,12.0,60.0
47876356,19.0,2.0
47881752,12.0,2.0
47892947,20.0,7.0
47898849,9.0,17.0
47900454,12.0,25.0
47904064,20.0,17.0
47905615,18.0,12.0
47913586,21.0,67.0
47915720,17.0,2.0
47917962,12.0,82.0
47922134,20.0,2.0
47923993,21.0,2.0
47924198,12.0,60.0
47947695,21.0,3.0
47949656,9.0,2.0
47953182,21.0,2.0
47953854,12.0,2.0
47954683,9.0,2.0
47956863,20.0,89.0
47962660,9.0,70.0
47962839,9.0,2.0
47976079,9.0,60.0
47981078,19.0,70.0
47981539,0.0,12.0
47989419,20.0,37.0
47990806,4.0,24.0
47990907,21.0,2.0
47997043,12.0,85.0
47999305,12.0,41.0
48012529,17.0,2.0
48015832,21.0,90.0
48016708,17.0,60.0
48024223,20.0,23.0
48028453,7.0,2.0
48029672,20.0,47.0
48040777,0.0,42.0
48042240,12.0,35.0
48042798,20.0,71.0
48050415,7.0,90.0
48055393,17.0,10.0
48064572,20.0,58.0
48065847,20.0,2.0
48079959,19.0,90.0
48080215,12.0,2.0
48082016,20.0,25.0
48089291,20.0,41.0
48097730,9.0,2.0
48100570,21.0,84.0
48106511,10.0,22.0
48106798,21.0,13.0
48107770,12.0,90.0
48111777,12.0,29.0
48113506,17.0,17.0
48115147,9.0,2.0
48132852,20.0,2.0
48134393,12.0,28.0
48139480,12.0,2.0
48142436,10.0,63.0
48143010,20.0,90.0
48153833,21.0,60.0
48155346,9.0,71.0
48161293,12.0,70.0
48174645,12.0,86.0
48177669,12.0,24.0
48180745,10.0,51.0
48185758,21.0,2.0
48195126,5.0,71.0
48197598,9.0,55.0
48200213,7.0,2.0
48205125,12.0,84.0
48209097,20.0,87.0
48214120,4.0,67.0
48233685,21.0,43.0
48239524,4.0,2.0
48239947,9.0,82.0
48252586,21.0,18.0
48253424,9.0,18.0
48254827,9.0,90.0
48255925,17.0,90.0
48259557,0.0,2.0
48260092,17.0,2.0
48260629,17.0,24.0
48263558,9.0,90.0
48263756,17.0,55.0
48266528,12.0,18.0
48271138,19.0,84.0
48271673,21.0,2.0
48278671,9.0,2.0
48282976,17.0,79.0
48287162,0.0,57.0
48287210,19.0,28.0
48293248,0.0,35.0
48297312,17.0,60.0
48299325,12.0,2.0
48301050,21.0,32.0
48303499,17.0,60.0
48310129,9.0,68.0
48313468,17.0,2.0
48314962,17.0,17.0
48323508,12.0,0.0
48332274,18.0,23.0
48333437,20.0,13.0
48336759,4.0,2.0
48341436,21.0,2.0
48342672,5.0,7.0
48352357,12.0,2.0
48352794,10.0,48.0
48366196,9.0,82.0
48369087,5.0,17.0
48373173,9.0,79.0
48379699,20.0,60.0
48385481,21.0,81.0
48388430,7.0,12.0
48388751,19.0,90.0
48389612,20.0,46.0
48392749,12.0,2.0
48398978,12.0,84.0
48404105,21.0,72.0
48416125,20.0,57.0
48416886,19.0,84.0
48418175,12.0,60.0
48418799,20.0,14.0
48419165,21.0,60.0
48424317,4.0,21.0
48427685,12.0,60.0
48439351,17.0,59.0
48445171,21.0,24.0
48448204,17.0,67.0
48448351,4.0,37.0
48451651,4.0,64.0
48452665,12.0,25.0
48463801,21.0,90.0
48473287,20.0,18.0
48478505,21.0,2.0
48480560,17.0,23.0
48484506,12.0,36.0
48485478,17.0,18.0
48498277,12.0,85.0
48502226,21.0,88.0
48504855,19.0,46.0
48505148,21.0,86.0
48510419,21.0,85.0
48510876,20.0,74.0
48515901,12.0,7.0
48520622,21.0,29.0
48524091,21.0,83.0
48525718,21.0,2.0
48535695,12.0,29.0
48540115,12.0,2.0
48540668,12.0,10.0
48546495,17.0,73.0
48556508,10.0,61.0
48559312,12.0,81.0
48560997,5.0,11.0
48573796,9.0,86.0
48576595,12.0,85.0
48578098,21.0,33.0
48580854,17.0,41.0
48581008,21.0,90.0
48582840,12.0,67.0
48587908,12.0,2.0
48588200,17.0,18.0
48588409,12.0,41.0
48588829,17.0,2.0
48590083,8.0,60.0
48591484,21.0,2.0
48594133,20.0,41.0
48594545,12.0,64.0
48597596,20.0,24.0
48602398,5.0,60.0
48604877,17.0,60.0
48608423,21.0,2.0
48611239,12.0,60.0
48612169,20.0,22.0
48621270,12.0,67.0
48625850,21.0,41.0
48631738,17.0,21.0
48646427,12.0,67.0
48649220,10.0,18.0
48650549,4.0,59.0
48662674,21.0,2.0
48662843,7.0,72.0
48668181,12.0,2.0
48671906,5.0,90.0
48675359,10.0,84.0
48680000,21.0,61.0
48683543,17.0,18.0
48692318,20.0,59.0
48693858,5.0,59.0
48699853,21.0,2.0
48705158,12.0,37.0
48711460,12.0,51.0
48721635,17.0,90.0
48728733,12.0,59.0
48733792,12.0,76.0
48738460,4.0,60.0
48738868,17.0,2.0
48750328,21.0,2.0
48752643,9.0,82.0
48755272,21.0,2.0
48765307,17.0,60.0
48770152,17.0,90.0
48770684,9.0,31.0
48772239,4.0,33.0
48772392,17.0,18.0
48772779,7.0,37.0
48773829,12.0,59.0
48778353,17.0,2.0
48779147,19.0,85.0
48784973,10.0,84.0
48786316,10.0,48.0
48788097,19.0,82.0
48789057,9.0,25.0
48792292,17.0,18.0
48795472,5.0,81.0
48795608,17.0,74.0
48800655,21.0,90.0
48800848,12.0,2.0
48801235,12.0,2.0
48803346,12.0,2.0
48806481,7.0,28.0
48807948,10.0,81.0
48813178,12.0,88.0
48820101,10.0,2.0
48824045,17.0,18.0
48826212,20.0,23.0
48826266,12.0,2.0
48836191,19.0,11.0
48840255,12.0,29.0
48840942,4.0,18.0
48847728,21.0,60.0
48850993,18.0,59.0
48851157,17.0,3.0
48854353,18.0,11.0
48857604,21.0,37.0
48859312,4.0,2.0
48859841,12.0,59.0
48863426,4.0,53.0
48865203,21.0,60.0
48866109,12.0,2.0
48872580,5.0,25.0
48876330,20.0,2.0
48876581,21.0,29.0
48876642,19.0,24.0
48877250,9.0,2.0
48877797,10.0,46.0
48885418,17.0,64.0
48886727,21.0,15.0
48889326,21.0,60.0
48889675,19.0,51.0
48890363,19.0,34.0
48891967,12.0,51.0
48896840,19.0,2.0
48900540,12.0,61.0
48904862,12.0,59.0
48911650,21.0,35.0
48912455,9.0,2.0
48913014,17.0,2.0
48920488,5.0,11.0
48924329,17.0,2.0
48944990,21.0,83.0
48952603,12.0,29.0
48967130,19.0,2.0
48976136,7.0,2.0
48984814,17.0,23.0
48984929,12.0,2.0
48986473,18.0,77.0
48997982,17.0,2.0
49000958,17.0,76.0
49004716,0.0,60.0
49005253,17.0,38.0
49018423,17.0,90.0
49018956,17.0,9.0
49020189,20.0,36.0
49025417,12.0,63.0
49030708,20.0,55.0
49035680,4.0,2.0
49051428,20.0,15.0
49052072,19.0,54.0
49056015,17.0,27.0
49060970,19.0,15.0
49065125,9.0,18.0
49070134,20.0,60.0
49074091,17.0,58.0
49080501,20.0,2.0
49087774,21.0,60.0
49089300,12.0,60.0
49097741,7.0,59.0
49098932,12.0,13.0
49099164,12.0,59.0
49102213,20.0,2.0
49104311,7.0,72.0
49104321,20.0,18.0
49110636,17.0,55.0
49119330,7.0,24.0
49125289,20.0,2.0
49125466,21.0,2.0
49128981,12.0,67.0
49132778,21.0,15.0
49139852,20.0,2.0
49141409,10.0,36.0
49146416,21.0,46.0
49155125,7.0,2.0
49158979,9.0,67.0
49162397,9.0,60.0
49164541,17.0,33.0
49173965,9.0,21.0
49192932,21.0,2.0
49198360,10.0,28.0
49213443,9.0,18.0
49214768,21.0,17.0
49217602,10.0,11.0
49218378,9.0,56.0
49218937,9.0,17.0
49221066,12.0,88.0
49228053,12.0,25.0
49230182,19.0,2.0
49232562,12.0,2.0
49238973,10.0,36.0
49239042,17.0,18.0
49240667,9.0,52.0
49241277,0.0,2.0
49243480,12.0,73.0
49244681,17.0,17.0
49246473,17.0,63.0
49261072,21.0,66.0
49264961,17.0,1.0
49267267,12.0,25.0
49269917,21.0,37.0
49278137,19.0,2.0
49284329,18.0,82.0
49301160,5.0,67.0
49313511,19.0,18.0
49313687,21.0,53.0
49315733,21.0,84.0
49318300,19.0,63.0
49325745,21.0,2.0
49328421,9.0,88.0
49336050,12.0,2.0
49338386,9.0,2.0
49349074,17.0,49.0
49353325,21.0,63.0
49353720,12.0,60.0
49357086,21.0,24.0
49360512,4.0,60.0
49366804,12.0,2.0
49374160,12.0,60.0
49374911,9.0,90.0
49374950,19.0,83.0
49380748,21.0,29.0
49384948,12.0,2.0
49388107,4.0,11.0
49389265,9.0,53.0
49395476,17.0,29.0
49397704,19.0,50.0
49400882,10.0,90.0
49400905,17.0,24.0
49402759,12.0,60.0
49405441,21.0,18.0
49421948,17.0,75.0
49423761,21.0,49.0
49426208,17.0,18.0
49436371,12.0,2.0
49447924,5.0,2.0
49449489,5.0,53.0
49460218,12.0,52.0
49465169,20.0,63.0
49472793,4.0,12.0
49474833,12.0,60.0
49476358,9.0,2.0
49487347,10.0,24.0
49488538,17.0,61.0
49495599,9.0,2.0
49496780,12.0,2.0
49500603,17.0,2.0
49508725,20.0,88.0
49512675,19.0,2.0
49522085,10.0,11.0
49522550,9.0,17.0
49525132,20.0,2.0
49534396,0.0,2.0
49537816,4.0,42.0
49538659,17.0,60.0
49539103,21.0,2.0
49545528,4.0,28.0
49545877,4.0,64.0
49545921,4.0,60.0
49547058,7.0,88.0
49551047,9.0,30.0
49554729,17.0,60.0
49558635,18.0,81.0
49563347,21.0,31.0
49569450,19.0,29.0
49584804,17.0,2.0
49590819,21.0,2.0
49601516,5.0,90.0
49602681,12.0,82.0
49607038,12.0,17.0
49607816,21.0,2.0
49612809,20.0,56.0
49616642,9.0,60.0
49626601,5.0,61.0
49628606,12.0,76.0
49639643,12.0,64.0
49640370,19.0,25.0
49640391,17.0,15.0
49644071,21.0,17.0
49648425,17.0,24.0
49649793,5.0,18.0
49651827,18.0,21.0
49655230,4.0,12.0
49658533,19.0,85.0
49669166,12.0,90.0
49672177,17.0,2.0
49674802,17.0,59.0
49683004,17.0,67.0
49683308,4.0,81.0
49691907,12.0,84.0
49703073,12.0,88.0
49707999,12.0,4.0
49710678,19.0,60.0
49713033,5.0,2.0
49714405,17.0,90.0
49717563,20.0,63.0
49721639,20.0,38.0
49728202,12.0,2.0
49735791,21.0,83.0
49736806,19.0,61.0
49739663,20.0,25.0
49740611,21.0,2.0
49741527,12.0,72.0
49744870,17.0,55.0
49748815,9.0,22.0
49751943,5.0,90.0
49757685,5.0,36.0
49761016,21.0,90.0
49761689,17.0,66.0
49770486,17.0,2.0
49773564,12.0,2.0
49776760,17.0,2.0
49779113,12.0,90.0
49783084,17.0,82.0
49783487,12.0,18.0
49783585,9.0,7.0
49791339,17.0,90.0
49794796,12.0,83.0
49796532,18.0,46.0
49798930,20.0,9.0
49800787,9.0,41.0
49816519,12.0,85.0
49819543,19.0,75.0
49820331,4.0,90.0
49824346,5.0,90.0
49828555,21.0,86.0
49832774,12.0,17.0
49833624,10.0,25.0
49836803,9.0,17.0
49839871,19.0,15.0
49845594,17.0,59.0
49848642,17.0,2.0
49863676,7.0,41.0
49871300,20.0,11.0
49872461,21.0,40.0
49873799,17.0,24.0
49874373,9.0,88.0
49876722,20.0,40.0
49880061,9.0,21.0
49890190,20.0,2.0
49892479,10.0,85.0
49892762,12.0,90.0
49900707,17.0,2.0
49902757,20.0,17.0
49906044,4.0,29.0
49908714,12.0,60.0
49917639,4.0,70.0
49920346,12.0,90.0
49922328,21.0,53.0
49925173,5.0,19.0
49927358,21.0,2.0
49934578,9.0,64.0
49953038,0.0,2.0
49955887,10.0,85.0
49958001,17.0,2.0
49958342,20.0,33.0
49963629,5.0,90.0
49967702,9.0,60.0
49972988,9.0,2.0
49974394,20.0,90.0
49978087,21.0,86.0
49978499,12.0,50.0
49979286,19.0,25.0
49980877,20.0,59.0
49983918,21.0,2.0
49988521,9.0,37.0
49991120,21.0,25.0
49993457,20.0,38.0
49994986,21.0,24.0
49996155,19.0,84.0
50000099,21.0,2.0
50000922,17.0,17.0
50002389,12.0,60.0
50002701,4.0,25.0
50009078,12.0,18.0
50013045,12.0,72.0
50015795,21.0,60.0
50017163,12.0,52.0
50019101,20.0,63.0
50041806,21.0,85.0
50043031,12.0,2.0
50043842,17.0,60.0
50049353,12.0,36.0
50070296,17.0,25.0
50081285,17.0,60.0
50085820,12.0,31.0
50087226,17.0,49.0
50088418,7.0,11.0
50090060,17.0,90.0
50102914,21.0,31.0
50103720,17.0,59.0
50105260,19.0,42.0
50106131,9.0,25.0
50118695,21.0,51.0
50127069,12.0,66.0
50127612,12.0,60.0
50128132,9.0,11.0
50133212,20.0,2.0
50146291,17.0,15.0
50149855,9.0,61.0
50169366,4.0,2.0
50178711,12.0,64.0
50181079,21.0,2.0
50190081,9.0,43.0
50204104,20.0,25.0
50209126,17.0,59.0
50213405,20.0,36.0
50213824,17.0,32.0
50216572,8.0,2.0
50227842,9.0,72.0
50233030,17.0,60.0
50248351,17.0,8.0
50267364,18.0,59.0
50271841,20.0,2.0
50273672,19.0,2.0
50274337,9.0,2.0
50287266,20.0,67.0
50290173,17.0,24.0
50291656,21.0,41.0
50297314,17.0,60.0
50303009,19.0,17.0
50304014,20.0,12.0
50304189,12.0,86.0
50307302,17.0,67.0
50307971,10.0,17.0
50312581,4.0,29.0
50313418,12.0,18.0
50327166,19.0,60.0
50327526,12.0,60.0
50329756,21.0,63.0
50338944,12.0,2.0
50342694,17.0,61.0
50344668,17.0,11.0
50347043,17.0,85.0
50350431,17.0,59.0
50353238,19.0,23.0
50355338,17.0,17.0
50359106,19.0,63.0
50365753,12.0,2.0
50369155,12.0,4.0
50374498,4.0,84.0
50384089,20.0,51.0
50385692,21.0,44.0
50391409,12.0,15.0
50391437,21.0,2.0
50400174,10.0,36.0
50400722,12.0,56.0
50417060,20.0,60.0
50421082,9.0,66.0
50421112,12.0,2.0
50427294,21.0,2.0
50428605,5.0,25.0
50431867,21.0,2.0
50434632,20.0,29.0
50440487,20.0,60.0
50448866,17.0,37.0
50464561,9.0,63.0
50465332,21.0,24.0
50473164,21.0,84.0
50480222,12.0,60.0
50492296,21.0,2.0
50492495,7.0,84.0
50496063,9.0,11.0
50497446,12.0,60.0
50502189,20.0,2.0
50507437,9.0,4.0
50514741,20.0,2.0
50518783,17.0,59.0
50524334,9.0,2.0
50527854,21.0,60.0
50528928,20.0,2.0
50530751,19.0,2.0
50531292,4.0,85.0
50566364,4.0,2.0
50569337,19.0,37.0
50573848,9.0,40.0
50592268,19.0,76.0
50597527,20.0,29.0
50599089,12.0,2.0
50601229,21.0,17.0
50605709,21.0,56.0
50606971,9.0,18.0
50612500,9.0,17.0
50614690,21.0,61.0
50616254,17.0,90.0
50616535,9.0,60.0
50622768,12.0,37.0
50623171,12.0,79.0
50631696,21.0,2.0
50634444,19.0,59.0
50642532,20.0,29.0
50642540,19.0,18.0
50643836,10.0,15.0
50646007,21.0,18.0
50646212,17.0,2.0
50648925,7.0,90.0
50654279,21.0,61.0
50655022,12.0,73.0
50655095,12.0,2.0
50656272,12.0,36.0
50659433,17.0,52.0
50664016,20.0,18.0
50665974,17.0,18.0
50667836,17.0,2.0
50669816,17.0,2.0
50674028,0.0,3.0
50674241,21.0,71.0
50679597,20.0,37.0
50685229,0.0,53.0
50690762,20.0,2.0
50691243,9.0,18.0
50700536,4.0,2.0
50702147,9.0,2.0
50709193,17.0,84.0
50710197,5.0,82.0
50712413,9.0,2.0
50719515,9.0,2.0
50724817,17.0,2.0
50727886,21.0,2.0
50731501,4.0,51.0
50741114,17.0,5.0
50742450,17.0,59.0
50750789,21.0,2.0
50755522,12.0,21.0
50758977,20.0,37.0
50759181,20.0,23.0
50760181,19.0,84.0
50769816,17.0,18.0
50770593,12.0,60.0
50772265,12.0,60.0
50773294,12.0,60.0
50775624,9.0,21.0
50783954,17.0,2.0
50784043,19.0,15.0
50789470,17.0,2.0
50797372,19.0,25.0
50802436,9.0,8.0
50802925,12.0,23.0
50805861,4.0,2.0
50806385,17.0,90.0
50806412,18.0,54.0
50812476,12.0,29.0
50814362,21.0,56.0
50819741,21.0,61.0
50822248,17.0,24.0
50825168,17.0,22.0
50826300,12.0,70.0
50827316,12.0,88.0
50829172,9.0,11.0
50831678,12.0,51.0
50846948,21.0,82.0
50848696,17.0,2.0
50851769,19.0,2.0
50854299,17.0,60.0
50858153,9.0,36.0
50863346,21.0,2.0
50876597,18.0,84.0
50886313,17.0,60.0
50887581,21.0,64.0
50891668,9.0,76.0
50906832,9.0,84.0
50910446,21.0,18.0
50913307,17.0,2.0
50918549,12.0,24.0
50921203,12.0,24.0
50937866,17.0,28.0
50955095,18.0,40.0
50966132,19.0,41.0
50969067,10.0,2.0
50974853,12.0,60.0
50976205,9.0,18.0
50976645,21.0,90.0
50976938,17.0,36.0
50978494,0.0,72.0
50984708,4.0,2.0
50986530,17.0,2.0
50989360,5.0,59.0
50992186,9.0,12.0
50995584,21.0,2.0
50996018,12.0,2.0
50996778,12.0,2.0
50996910,19.0,31.0
51006493,19.0,2.0
51007307,9.0,38.0
51009179,20.0,90.0
51018818,10.0,72.0
51023839,9.0,11.0
51030848,4.0,11.0
51040758,20.0,2.0
51044448,20.0,79.0
51047132,9.0,67.0
51048572,9.0,2.0
51050458,17.0,44.0
51050698,21.0,24.0
51057274,10.0,27.0
51062356,5.0,88.0
51063900,17.0,90.0
51065517,5.0,2.0
51073647,9.0,2.0
51074729,17.0,11.0
51075157,10.0,82.0
51077997,17.0,37.0
51095422,21.0,44.0
51105336,20.0,2.0
51110147,20.0,41.0
51110431,12.0,60.0
51112185,17.0,54.0
51127062,12.0,66.0
51131562,12.0,2.0
51134286,12.0,61.0
51137318,12.0,59.0
51138898,19.0,17.0
51141472,12.0,24.0
51141486,12.0,74.0
51142871,0.0,37.0
51142939,5.0,90.0
51145568,12.0,2.0
51150967,17.0,40.0
51153674,17.0,50.0
51155687,17.0,60.0
51164696,12.0,2.0
51166726,7.0,2.0
51167634,12.0,2.0
51168130,4.0,2.0
51170726,12.0,90.0
51173773,19.0,2.0
51178112,21.0,60.0
51179567,12.0,37.0
51180223,12.0,48.0
51185719,5.0,28.0
51197358,12.0,2.0
51202015,17.0,90.0
51203108,20.0,82.0
51208302,19.0,84.0
51215328,20.0,2.0
51223898,12.0,67.0
51227757,12.0,29.0
51232850,9.0,84.0
51234196,20.0,18.0
51239664,20.0,61.0
51239689,20.0,63.0
51240562,20.0,46.0
51251888,12.0,1.0
51269340,21.0,2.0
51269537,17.0,2.0
51282565,21.0,2.0
51284936,17.0,40.0
51286455,5.0,2.0
51289384,12.0,13.0
51290772,17.0,82.0
51295420,4.0,15.0
51303067,10.0,85.0
51304467,10.0,28.0
51308534,19.0,2.0
51318122,12.0,17.0
51318321,4.0,31.0
51323445,0.0,29.0
51323645,10.0,54.0
51330809,2.0,2.0
51335917,12.0,60.0
51339995,20.0,2.0
51340463,0.0,29.0
51343585,10.0,2.0
51346791,0.0,35.0
51350256,21.0,38.0
51350682,17.0,90.0
51354471,17.0,2.0
51359766,21.0,60.0
51362012,21.0,29.0
51364887,12.0,2.0
51366365,5.0,21.0
51367310,0.0,82.0
51369521,20.0,2.0
51372433,9.0,10.0
51374038,17.0,82.0
51383768,5.0,2.0
51399795,21.0,2.0
51406854,4.0,3.0
51412833,17.0,2.0
51430219,21.0,24.0
51430891,21.0,60.0
51436505,12.0,60.0
51436655,19.0,88.0
51444515,17.0,7.0
51448226,9.0,2.0
51448558,10.0,64.0
51453534,9.0,36.0
51457271,12.0,59.0
51465773,21.0,24.0
51466559,12.0,2.0
51469852,21.0,88.0
51470705,5.0,29.0
51471469,5.0,84.0
51474504,9.0,7.0
51483024,17.0,9.0
51489767,19.0,2.0
51497248,17.0,2.0
51497683,21.0,2.0
51499922,5.0,41.0
51503575,17.0,67.0
51506123,12.0,67.0
51511746,19.0,47.0
51512214,19.0,9.0
51513052,18.0,1.0
51520989,17.0,17.0
51525810,20.0,56.0
51526056,12.0,2.0
51526876,5.0,78.0
51529736,21.0,12.0
51534925,4.0,2.0
51539659,1.0,48.0
51546225,21.0,24.0
51552821,19.0,9.0
51553446,12.0,2.0
51557929,19.0,2.0
51564596,20.0,85.0
51565758,21.0,63.0
51566208,12.0,2.0
51567990,17.0,47.0
51572308,17.0,59.0
51573844,19.0,2.0
51577179,9.0,1.0
51585097,12.0,60.0
51588809,18.0,18.0
51596057,21.0,2.0
51597005,12.0,17.0
51610024,12.0,61.0
51613785,17.0,2.0
51626058,10.0,84.0
51628232,4.0,15.0
51636017,4.0,7.0
51641913,4.0,72.0
51645045,4.0,2.0
51645687,18.0,59.0
51648556,21.0,90.0
51650484,12.0,2.0
51654297,21.0,2.0
51656257,21.0,54.0
51660229,4.0,90.0
51660241,5.0,90.0
51662239,21.0,2.0
51665409,4.0,59.0
51665531,10.0,2.0
51668832,21.0,2.0
51674432,17.0,90.0
51675431,12.0,59.0
51678894,17.0,66.0
51687254,21.0,2.0
51691133,12.0,71.0
51702466,12.0,2.0
51705082,7.0,18.0
51705805,12.0,81.0
51722495,12.0,29.0
51726709,5.0,50.0
51729676,4.0,12.0
51731291,12.0,36.0
51742495,12.0,83.0
51744690,12.0,60.0
51746949,17.0,2.0
51749088,18.0,41.0
51755654,12.0,61.0
51758015,17.0,53.0
51766639,20.0,59.0
51771463,5.0,24.0
51773794,12.0,17.0
51775698,9.0,83.0
51789140,21.0,4.0
51789856,21.0,60.0
51793034,19.0,41.0
51793786,12.0,18.0
51794895,0.0,2.0
51797442,5.0,2.0
51800213,10.0,67.0
51806491,12.0,2.0
51815951,19.0,25.0
51823076,21.0,60.0
51830400,17.0,0.0
51832839,17.0,22.0
51844061,19.0,61.0
51847827,12.0,2.0
51850582,0.0,6.0
51852112,4.0,33.0
51854082,7.0,25.0
51855367,19.0,22.0
51856688,21.0,81.0
51860284,12.0,2.0
51869918,21.0,61.0
51877057,17.0,36.0
51878873,7.0,59.0
51880335,4.0,82.0
51885232,20.0,71.0
51886358,0.0,18.0
51893512,12.0,24.0
51895416,12.0,2.0
51899220,17.0,29.0
51909715,4.0,85.0
51911403,9.0,28.0
51911415,12.0,36.0
51915512,17.0,46.0
51915801,12.0,2.0
51919974,9.0,2.0
51923621,9.0,59.0
51926012,10.0,55.0
51926371,17.0,2.0
51927669,12.0,2.0
51927910,20.0,85.0
51930681,12.0,38.0
51932034,10.0,5.0
51932307,12.0,59.0
51936231,9.0,76.0
51936697,21.0,37.0
51938627,20.0,2.0
51940093,17.0,37.0
51950778,7.0,11.0
51951217,17.0,2.0
51951935,12.0,29.0
51955127,5.0,24.0
51960184,12.0,29.0
51963401,19.0,61.0
51967866,20.0,24.0
51968877,9.0,60.0
51973517,20.0,84.0
51974124,12.0,59.0
51992215,12.0,60.0
52000355,21.0,54.0
52002117,20.0,60.0
52006693,12.0,28.0
52012345,19.0,24.0
52015865,17.0,28.0
52018966,4.0,47.0
52022266,7.0,36.0
52032617,12.0,2.0
52037426,21.0,25.0
52038457,21.0,82.0
52040723,5.0,60.0
52041867,17.0,60.0
52042467,10.0,36.0
52045352,20.0,63.0
52045436,7.0,60.0
52060010,12.0,90.0
52061830,9.0,18.0
52063022,12.0,90.0
52064665,12.0,36.0
52065850,12.0,2.0
52078913,17.0,17.0
52081629,5.0,18.0
52083755,20.0,82.0
52095921,10.0,53.0
52098550,21.0,90.0
52105914,9.0,2.0
52112371,9.0,17.0
52114014,12.0,90.0
52115890,20.0,54.0
52118126,18.0,59.0
52120489,5.0,2.0
52121179,10.0,8.0
52122758,12.0,33.0
52128846,18.0,54.0
52132552,9.0,13.0
52147249,12.0,60.0
52149176,10.0,53.0
52151120,12.0,2.0
52151754,12.0,38.0
52157764,0.0,90.0
52163552,21.0,26.0
52165716,9.0,48.0
52172182,12.0,37.0
52184768,17.0,53.0
52189474,4.0,79.0
52192573,20.0,17.0
52200585,4.0,0.0
52206626,12.0,60.0
52207279,12.0,18.0
52208092,0.0,18.0
52209117,19.0,2.0
52210235,9.0,36.0
52210818,17.0,3.0
52215874,21.0,2.0
52218468,10.0,36.0
52218875,20.0,60.0
52232509,17.0,2.0
52232923,19.0,90.0
52233713,5.0,47.0
52236091,21.0,7.0
52236505,17.0,2.0
52238046,20.0,2.0
52239600,17.0,85.0
52240143,19.0,2.0
52240892,10.0,41.0
52241333,5.0,24.0
52243317,12.0,2.0
52245882,21.0,60.0
52247152,10.0,75.0
52249617,20.0,15.0
52270785,17.0,81.0
52270811,10.0,60.0
52276072,0.0,33.0
52276730,12.0,76.0
52289035,19.0,25.0
52293156,19.0,1.0
52294097,18.0,78.0
52296160,12.0,60.0
52301353,17.0,35.0
52303838,21.0,41.0
52305057,21.0,2.0
52308854,7.0,36.0
52313274,21.0,11.0
52323877,19.0,84.0
52324193,20.0,15.0
52324785,20.0,6.0
52333268,10.0,10.0
52339866,0.0,2.0
52342105,19.0,17.0
52350041,17.0,2.0
52350700,4.0,2.0
52353455,20.0,2.0
52357585,18.0,18.0
52364618,7.0,22.0
52369651,21.0,47.0
52370237,21.0,60.0
52372563,17.0,33.0
52378557,19.0,59.0
52385148,12.0,37.0
52393811,17.0,7.0
52395294,20.0,2.0
52396586,21.0,60.0
52413659,17.0,47.0
52414001,12.0,2.0
52418342,17.0,2.0
52422681,4.0,60.0
52426043,7.0,82.0
52427762,7.0,18.0
52428705,17.0,62.0
52429217,17.0,61.0
52430329,17.0,2.0
52434088,17.0,29.0
52439315,4.0,2.0
52440953,21.0,22.0
52441465,17.0,64.0
52445068,12.0,90.0
52445305,9.0,84.0
52453822,20.0,24.0
52455392,21.0,17.0
52457477,9.0,83.0
52462206,18.0,10.0
52463589,21.0,72.0
52475937,10.0,37.0
52476808,21.0,61.0
52481046,12.0,60.0
52482950,21.0,75.0
52483481,20.0,36.0
52485763,12.0,47.0
52488190,20.0,73.0
52493134,21.0,81.0
52497755,17.0,2.0
52497903,17.0,72.0
52507188,12.0,60.0
52515025,12.0,2.0
52517999,21.0,76.0
52526784,4.0,2.0
52528981,21.0,60.0
52534397,21.0,2.0
52534801,9.0,88.0
52535590,12.0,2.0
52543578,9.0,2.0
52543827,20.0,60.0
52548180,21.0,2.0
52554593,12.0,52.0
52554619,17.0,67.0
52562402,19.0,17.0
52563772,9.0,2.0
52565064,9.0,32.0
52581298,4.0,72.0
52582013,10.0,84.0
52583691,17.0,84.0
52588190,19.0,36.0
52598459,9.0,64.0
52602089,21.0,2.0
52605099,9.0,21.0
52606046,10.0,2.0
52609521,21.0,37.0
52618167,20.0,2.0
52627203,20.0,11.0
52634811,0.0,60.0
52636906,20.0,9.0
52642912,19.0,28.0
52645634,19.0,18.0
52652657,19.0,59.0
52658865,21.0,2.0
52667946,9.0,11.0
52673001,17.0,72.0
52676300,10.0,82.0
52678779,19.0,15.0
52697951,20.0,60.0
52699581,12.0,90.0
52704530,21.0,31.0
52704947,12.0,36.0
52713115,9.0,63.0
52714163,12.0,61.0
52736677,19.0,25.0
52751198,17.0,85.0
52756410,21.0,21.0
52757880,21.0,58.0
52771479,4.0,2.0
52777929,21.0,90.0
52786722,20.0,88.0
52786997,19.0,60.0
52789141,21.0,2.0
52789451,9.0,53.0
52790375,5.0,18.0
52796280,21.0,53.0
52802628,0.0,60.0
52803880,20.0,36.0
52810916,18.0,24.0
52815882,17.0,2.0
52825115,21.0,24.0
52826400,17.0,60.0
52832422,20.0,81.0
52833595,0.0,82.0
52835050,21.0,2.0
52835553,17.0,60.0
52839715,17.0,85.0
52841039,12.0,15.0
52847770,12.0,61.0
52849277,18.0,24.0
52855498,19.0,90.0
52857450,21.0,18.0
52861359,10.0,2.0
52863351,19.0,2.0
52866238,21.0,81.0
52874434,21.0,42.0
52881607,20.0,49.0
52885062,4.0,85.0
52889685,19.0,2.0
52894693,17.0,47.0
52899089,12.0,63.0
52903427,4.0,2.0
52905070,19.0,75.0
52912938,21.0,82.0
52916560,21.0,24.0
52925431,12.0,2.0
52927173,20.0,41.0
52931931,19.0,2.0
52933217,17.0,24.0
52935511,9.0,31.0
52936862,0.0,11.0
52937242,17.0,64.0
52938670,21.0,90.0
52939473,0.0,82.0
52942584,12.0,10.0
52943014,21.0,2.0
52947175,21.0,2.0
52949651,0.0,12.0
52952749,20.0,38.0
52952980,21.0,60.0
52953246,12.0,67.0
52954064,17.0,90.0
52969514,17.0,24.0
52975071,10.0,2.0
52977756,21.0,60.0
52980438,12.0,2.0
52983866,12.0,2.0
52995822,19.0,25.0
52996058,21.0,2.0
53008207,17.0,11.0
53012272,9.0,71.0
53017874,5.0,9.0
53027898,10.0,38.0
53043534,12.0,60.0
53049032,21.0,42.0
53057495,17.0,76.0
53070188,19.0,82.0
53073170,9.0,2.0
53076916,4.0,11.0
53085643,17.0,25.0
53088917,21.0,88.0
53095471,12.0,2.0
53095539,4.0,2.0
53099585,20.0,83.0
53100683,21.0,47.0
53107821,10.0,18.0
53111611,21.0,17.0
53113464,19.0,4.0
53113729,17.0,59.0
53117631,12.0,2.0
53118107,4.0,11.0
53126554,12.0,23.0
53130009,4.0,64.0
53132374,0.0,2.0
53135246,17.0,67.0
53144202,12.0,60.0
53144948,17.0,24.0
53152147,19.0,81.0
53153130,10.0,55.0
53165453,17.0,27.0
53165926,4.0,90.0
53171711,20.0,84.0
53171864,17.0,72.0
53174994,17.0,38.0
53175694,10.0,67.0
53180882,12.0,2.0
53186623,5.0,2.0
53197231,12.0,84.0
53208566,19.0,60.0
53233394,10.0,76.0
53234159,9.0,2.0
53239138,9.0,81.0
53239781,21.0,46.0
53242429,12.0,2.0
53251829,17.0,90.0
53266750,20.0,16.0
53267657,5.0,28.0
53270746,12.0,90.0
53276222,7.0,36.0
53282770,17.0,46.0
53287208,0.0,2.0
53288693,21.0,83.0
53292842,9.0,17.0
53293552,17.0,2.0
53294813,21.0,67.0
53296756,0.0,55.0
53301952,4.0,53.0
53302416,4.0,90.0
53302793,4.0,85.0
53312247,20.0,81.0
53315506,12.0,18.0
53317161,21.0,18.0
53323542,17.0,84.0
53326175,20.0,2.0
53328174,17.0,2.0
53328350,21.0,46.0
53330646,21.0,17.0
53331239,12.0,2.0
53331515,20.0,24.0
53335049,17.0,60.0
53343102,12.0,90.0
53343372,9.0,12.0
53345980,17.0,2.0
53349506,21.0,10.0
53349810,9.0,2.0
53357119,9.0,63.0
53359593,12.0,70.0
53361428,21.0,60.0
53363197,9.0,67.0
53364241,12.0,2.0
53365880,4.0,75.0
53371095,0.0,2.0
53373222,21.0,19.0
53373988,9.0,60.0
53377375,17.0,56.0
53382227,10.0,2.0
53382788,18.0,28.0
53385520,21.0,11.0
53386423,17.0,60.0
53386865,21.0,17.0
53390598,17.0,81.0
53394282,21.0,13.0
53394559,12.0,54.0
53398926,19.0,60.0
53401464,10.0,74.0
53402765,17.0,10.0
53406266,20.0,24.0
53412472,9.0,57.0
53417130,21.0,66.0
53417402,12.0,60.0
53430486,17.0,44.0
53430708,12.0,31.0
53438747,12.0,53.0
53439183,12.0,29.0
53450910,20.0,2.0
53455233,4.0,90.0
53455402,17.0,85.0
53459072,12.0,79.0
53461530,0.0,32.0
53470355,9.0,61.0
53490473,12.0,2.0
53491536,0.0,42.0
53492089,9.0,46.0
53495595,12.0,29.0
53505078,12.0,11.0
53507423,17.0,59.0
53510174,21.0,2.0
53513105,17.0,60.0
53517457,21.0,59.0
53518332,9.0,2.0
53520400,17.0,2.0
53527935,0.0,54.0
53528735,12.0,2.0
53532069,12.0,90.0
53537708,0.0,76.0
53537787,20.0,2.0
53543004,12.0,60.0
53543421,17.0,2.0
53544163,21.0,90.0
53547461,9.0,22.0
53556860,21.0,84.0
53558095,19.0,18.0
53559760,12.0,2.0
53562770,9.0,61.0
53566593,20.0,17.0
53571339,12.0,25.0
53571405,21.0,31.0
53571885,12.0,11.0
53573402,17.0,11.0
53575995,21.0,2.0
53577127,20.0,2.0
53581965,17.0,54.0
53590572,4.0,81.0
53595731,20.0,16.0
53601516,21.0,36.0
53619771,21.0,2.0
53619957,12.0,60.0
53622252,5.0,36.0
53626192,20.0,2.0
53627358,21.0,90.0
53631704,19.0,60.0
53632242,0.0,17.0
53643868,21.0,60.0
53646664,21.0,55.0
53647099,17.0,2.0
53657214,0.0,1.0
53668275,17.0,31.0
53669702,12.0,89.0
53671719,17.0,17.0
53675850,19.0,36.0
53691129,4.0,2.0
53691151,12.0,2.0
53697388,20.0,2.0
53698275,17.0,60.0
53698832,20.0,81.0
53713473,4.0,67.0
53718106,0.0,37.0
53723068,12.0,2.0
53723400,12.0,61.0
53728559,4.0,90.0
53730945,10.0,2.0
53731706,21.0,84.0
53734251,0.0,8.0
53741419,21.0,82.0
53745599,20.0,59.0
53751943,17.0,59.0
53754287,12.0,59.0
53762452,9.0,15.0
53763986,12.0,1.0
53779393,9.0,2.0
53781690,9.0,85.0
53788940,17.0,60.0
53793658,12.0,63.0
53796463,19.0,73.0
53799408,17.0,2.0
53804431,17.0,21.0
53817125,4.0,24.0
53824589,9.0,38.0
53835448,9.0,2.0
53837602,9.0,28.0
53839365,17.0,44.0
53839439,0.0,2.0
53843361,12.0,50.0
53848115,17.0,2.0
53850752,10.0,18.0
53854888,17.0,25.0
53863738,17.0,82.0
53875893,12.0,2.0
53880682,12.0,60.0
53881975,21.0,60.0
53882182,17.0,12.0
53882497,12.0,60.0
53884417,12.0,46.0
53893061,20.0,37.0
53915871,19.0,18.0
53917265,21.0,90.0
53923263,20.0,2.0
53926541,4.0,60.0
53927391,9.0,53.0
53943586,20.0,2.0
53945113,20.0,84.0
53946345,5.0,51.0
53949753,19.0,2.0
53951119,12.0,18.0
53961851,12.0,36.0
53962554,21.0,48.0
53968470,12.0,2.0
53972158,21.0,60.0
53972407,9.0,72.0
53980035,20.0,84.0
53991062,17.0,2.0
53991607,21.0,61.0
53993144,21.0,43.0
53999572,17.0,90.0
54001277,17.0,33.0
54005675,21.0,60.0
54014470,19.0,8.0
54027414,21.0,17.0
54030061,0.0,42.0
54033852,12.0,60.0
54036032,17.0,25.0
54036053,12.0,17.0
54037328,1.0,60.0
54041532,12.0,2.0
54048076,12.0,15.0
54053376,19.0,2.0
54058610,20.0,17.0
54063210,0.0,18.0
54065701,9.0,2.0
54067078,20.0,15.0
54078449,12.0,46.0
54085164,5.0,15.0
54089579,12.0,17.0
54096420,21.0,90.0
54099143,4.0,61.0
54100743,9.0,47.0
54110520,12.0,2.0
54111106,9.0,24.0
54114988,17.0,29.0
54117758,17.0,53.0
54120218,7.0,60.0
54120316,12.0,60.0
54129221,18.0,56.0
54130691,20.0,85.0
54130770,9.0,33.0
54134918,4.0,33.0
54136641,5.0,85.0
54139027,4.0,67.0
54153197,12.0,2.0
54157160,21.0,36.0
54157508,10.0,72.0
54164712,12.0,82.0
54167001,0.0,18.0
54168377,9.0,87.0
54171236,9.0,2.0
54174363,12.0,18.0
54187048,9.0,25.0
54188561,0.0,57.0
54189433,2.0,2.0
54190118,17.0,11.0
54195714,9.0,17.0
54198713,17.0,82.0
54210897,18.0,28.0
54216124,17.0,29.0
54220112,0.0,2.0
54225635,17.0,71.0
54230818,12.0,76.0
54231325,9.0,89.0
54234511,19.0,90.0
54238779,12.0,82.0
54241139,19.0,61.0
54242011,12.0,24.0
54244637,12.0,2.0
54246464,19.0,31.0
54250096,21.0,88.0
54250439,19.0,60.0
54252109,20.0,2.0
54259925,21.0,81.0
54264275,17.0,55.0
54266883,9.0,2.0
54271534,21.0,43.0
54276698,17.0,67.0
54281368,10.0,2.0
54285823,12.0,62.0
54286205,19.0,9.0
54286973,12.0,67.0
54290490,12.0,2.0
54291099,5.0,2.0
54292982,5.0,12.0
54293958,18.0,53.0
54299324,9.0,74.0
54311426,9.0,60.0
54318287,0.0,47.0
54318846,17.0,60.0
54320005,17.0,18.0
54324015,1.0,60.0
54328941,20.0,17.0
54329093,20.0,40.0
54335667,20.0,60.0
54338555,12.0,60.0
54339593,12.0,2.0
54345129,12.0,2.0
54352121,17.0,60.0
54355051,12.0,2.0
54357508,5.0,15.0
54361337,0.0,29.0
54370659,17.0,5.0
54373627,17.0,37.0
54389570,10.0,17.0
54397045,17.0,64.0
54413589,9.0,2.0
54413656,21.0,71.0
54414405,9.0,24.0
54414694,19.0,89.0
54416751,20.0,64.0
54424312,21.0,10.0
54426347,12.0,53.0
54432139,17.0,11.0
54432963,21.0,27.0
54436461,9.0,70.0
54441420,12.0,60.0
54445176,21.0,2.0
54446232,12.0,50.0
54446385,17.0,29.0
54450789,21.0,59.0
54452568,21.0,71.0
54453390,21.0,67.0
54455461,21.0,2.0
54460740,12.0,18.0
54465959,21.0,47.0
54469095,9.0,17.0
54476539,12.0,2.0
54478230,19.0,67.0
54478950,21.0,2.0
54482436,19.0,90.0
54487007,9.0,68.0
54500720,21.0,54.0
54502417,12.0,2.0
54506611,20.0,78.0
54515382,17.0,55.0
54526461,0.0,84.0
54536041,17.0,11.0
54544061,21.0,38.0
54550162,21.0,2.0
54563987,17.0,17.0
54565196,9.0,63.0
54570992,17.0,86.0
54581536,17.0,2.0
54583025,17.0,2.0
54586890,9.0,79.0
54604208,12.0,90.0
54614913,12.0,61.0
54615937,12.0,2.0
54637985,12.0,46.0
54639231,10.0,90.0
54640183,9.0,37.0
54644308,12.0,60.0
54647410,21.0,25.0
54650343,19.0,81.0
54656456,12.0,2.0
54656950,21.0,24.0
54664642,21.0,61.0
54669308,4.0,2.0
54682998,12.0,9.0
54689979,17.0,15.0
54690105,9.0,60.0
54698189,17.0,60.0
54704567,12.0,90.0
54705333,20.0,11.0
54706066,21.0,59.0
54718036,17.0,60.0
54730856,4.0,2.0
54735440,20.0,46.0
54736518,20.0,2.0
54741213,4.0,90.0
54742327,12.0,60.0
54754680,9.0,2.0
54755659,20.0,2.0
54766590,19.0,60.0
54775178,21.0,90.0
54780686,12.0,5.0
54784375,5.0,18.0
54787760,9.0,45.0
54797741,12.0,60.0
54801828,9.0,29.0
54802060,19.0,11.0
54811501,20.0,76.0
54811824,17.0,59.0
54816381,21.0,10.0
54819035,10.0,53.0
54820315,19.0,84.0
54822583,9.0,88.0
54823701,12.0,59.0
54828657,9.0,3.0
54829483,21.0,60.0
54831169,12.0,82.0
54836074,10.0,71.0
54836629,20.0,15.0
54843725,21.0,17.0
54850157,0.0,2.0
54851297,12.0,2.0
54855807,12.0,2.0
54858832,9.0,2.0
54861036,12.0,2.0
54863720,9.0,82.0
54868689,12.0,38.0
54870567,21.0,72.0
54871561,9.0,11.0
54877436,20.0,67.0
54879853,17.0,24.0
54880644,9.0,60.0
54881687,20.0,75.0
54883461,21.0,86.0
54889642,12.0,2.0
54895151,17.0,29.0
54898485,19.0,90.0
54901191,4.0,71.0
54904045,21.0,67.0
54904868,10.0,56.0
54908682,4.0,67.0
54921174,12.0,67.0
54924320,19.0,9.0
54926773,12.0,2.0
54928546,10.0,11.0
54928709,21.0,90.0
54931406,21.0,66.0
54931880,12.0,60.0
54932779,20.0,24.0
54937267,21.0,89.0
54937677,12.0,2.0
54939485,12.0,2.0
54940153,21.0,63.0
54943542,21.0,60.0
54946265,7.0,2.0
54947149,20.0,73.0
54950013,12.0,60.0
54959220,17.0,60.0
54963474,4.0,12.0
54964908,9.0,2.0
54965580,21.0,64.0
54965843,12.0,2.0
54970151,12.0,23.0
54972162,21.0,67.0
54973541,9.0,28.0
54974820,9.0,84.0
54985120,20.0,84.0
54985994,10.0,53.0
54992508,17.0,2.0
55001873,9.0,29.0
55013749,9.0,61.0
55017569,17.0,82.0
55037334,5.0,37.0
55043100,17.0,90.0
55048173,17.0,23.0
55063589,12.0,29.0
55065747,20.0,81.0
55068323,21.0,78.0
55076468,21.0,61.0
55085771,12.0,59.0
55087608,12.0,72.0
55108186,12.0,72.0
55115069,19.0,61.0
55122013,9.0,56.0
55123665,20.0,18.0
55125393,10.0,18.0
55128733,12.0,15.0
55133680,12.0,24.0
55138771,17.0,2.0
55139959,20.0,59.0
55140966,10.0,43.0
55157420,12.0,23.0
55164775,12.0,9.0
55167544,21.0,17.0
55167610,17.0,75.0
55170889,19.0,36.0
55178704,20.0,2.0
55183069,12.0,75.0
55193974,21.0,33.0
55197072,19.0,29.0
55199521,21.0,86.0
55206021,21.0,59.0
55206176,20.0,2.0
55208050,12.0,70.0
55208718,9.0,21.0
55209444,21.0,75.0
55212378,19.0,66.0
55216509,12.0,25.0
55222261,21.0,35.0
55223133,9.0,2.0
55225579,21.0,2.0
55225811,12.0,2.0
55231059,21.0,28.0
55234398,17.0,38.0
55235225,17.0,2.0
55238936,18.0,23.0
55239687,19.0,60.0
55241733,21.0,2.0
55242646,12.0,2.0
55246857,20.0,37.0
55247312,4.0,15.0
55250321,19.0,22.0
55252518,5.0,35.0
55258004,20.0,11.0
55262939,9.0,55.0
55263511,12.0,84.0
55267563,17.0,2.0
55283744,20.0,90.0
55286275,21.0,59.0
55287204,17.0,18.0
55287313,9.0,50.0
55292612,9.0,15.0
55299402,21.0,60.0
55301084,17.0,24.0
55301360,17.0,2.0
55303970,17.0,78.0
55317549,18.0,15.0
55323934,7.0,18.0
55324495,21.0,17.0
55326048,17.0,36.0
55326094,18.0,88.0
55327975,9.0,72.0
55329801,18.0,2.0
55331626,12.0,2.0
55335722,9.0,64.0
55338792,9.0,72.0
55340356,21.0,59.0
55346700,21.0,24.0
55348572,20.0,29.0
55351898,17.0,12.0
55356898,12.0,85.0
55357877,19.0,55.0
55359078,21.0,24.0
55360935,21.0,86.0
55362375,19.0,25.0
55367011,4.0,35.0
55367466,21.0,87.0
55370299,4.0,36.0
55371887,0.0,2.0
55372311,17.0,67.0
55374990,17.0,12.0
55381863,12.0,2.0
55400891,17.0,24.0
55404580,17.0,51.0
55408717,5.0,72.0
55435750,12.0,61.0
55438277,12.0,6.0
55438845,12.0,87.0
55439197,20.0,11.0
55444384,5.0,59.0
55450534,21.0,60.0
55454451,21.0,38.0
55456571,12.0,2.0
55460305,19.0,5.0
55464409,12.0,82.0
55467034,17.0,17.0
55484406,9.0,53.0
55491191,21.0,28.0
55502250,21.0,38.0
55502495,19.0,60.0
55503565,9.0,26.0
55504968,17.0,75.0
55506050,19.0,24.0
55506187,4.0,24.0
55509343,21.0,9.0
55509964,21.0,44.0
55510772,17.0,2.0
55513800,19.0,2.0
55515874,10.0,15.0
55516731,20.0,18.0
55518054,17.0,29.0
55518598,21.0,82.0
55520019,12.0,2.0
55522360,21.0,28.0
55525717,0.0,4.0
55528381,21.0,17.0
55536985,9.0,17.0
55539355,12.0,60.0
55547576,21.0,35.0
55547627,21.0,2.0
55556357,5.0,82.0
55564205,20.0,90.0
55568331,4.0,8.0
55577185,17.0,82.0
55577312,17.0,2.0
55581960,19.0,48.0
55582009,12.0,2.0
55584324,20.0,29.0
55587170,21.0,60.0
55595096,21.0,60.0
55602599,18.0,18.0
55603718,12.0,21.0
55614066,8.0,2.0
55615237,17.0,2.0
55618097,20.0,7.0
55618669,0.0,53.0
55619759,20.0,18.0
55620051,12.0,90.0
55625746,21.0,84.0
55626765,21.0,60.0
55627805,12.0,24.0
55631824,12.0,24.0
55632490,21.0,60.0
55637704,9.0,24.0
55637774,12.0,82.0
55638421,4.0,29.0
55642589,20.0,67.0
55647446,12.0,11.0
55648364,1.0,2.0
55649436,12.0,54.0
55655224,19.0,90.0
55660762,17.0,60.0
55662129,12.0,72.0
55669205,21.0,41.0
55671040,17.0,59.0
55672746,12.0,2.0
55673255,10.0,0.0
55676770,9.0,2.0
55686888,5.0,17.0
55691475,9.0,35.0
55696759,0.0,72.0
55700321,21.0,38.0
55704320,21.0,75.0
55709780,19.0,64.0
55726726,7.0,56.0
55734943,17.0,15.0
55736282,4.0,2.0
55744371,17.0,56.0
55745727,17.0,37.0
55750474,12.0,2.0
55751642,12.0,60.0
55752953,4.0,15.0
55754842,21.0,29.0
55758121,12.0,2.0
55759016,12.0,82.0
55760071,19.0,82.0
55761363,10.0,2.0
55762340,12.0,67.0
55762676,21.0,2.0
55764050,12.0,60.0
55767095,17.0,9.0
55769861,17.0,46.0
55771188,12.0,70.0
55780458,12.0,25.0
55784753,12.0,2.0
55788304,21.0,2.0
55793131,5.0,2.0
55794208,21.0,17.0
55796958,4.0,74.0
55798315,12.0,24.0
55805372,9.0,41.0
55812946,12.0,2.0
55816406,20.0,81.0
55831727,21.0,51.0
55836326,17.0,73.0
55838190,19.0,60.0
55844071,20.0,2.0
55850003,12.0,29.0
55854722,21.0,2.0
55857246,9.0,2.0
55859658,5.0,29.0
55865559,17.0,2.0
55868145,19.0,17.0
55872242,19.0,24.0
55878742,21.0,43.0
55879278,9.0,2.0
55882148,9.0,18.0
55888503,9.0,76.0
55895104,9.0,21.0
55896159,4.0,67.0
55899972,12.0,15.0
55906542,12.0,67.0
55926110,12.0,2.0
55930194,21.0,90.0
55931852,9.0,2.0
55934418,12.0,90.0
55938399,12.0,24.0
55944256,17.0,2.0
55947808,12.0,3.0
55963125,12.0,60.0
55966057,9.0,60.0
55972195,20.0,60.0
55984327,20.0,85.0
55993900,20.0,2.0
56001541,9.0,60.0
56002507,19.0,35.0
56006586,4.0,24.0
56008511,20.0,18.0
56009148,17.0,82.0
56011839,17.0,11.0
56012671,17.0,60.0
56013973,12.0,23.0
56022506,12.0,2.0
56023964,21.0,72.0
56029521,12.0,37.0
56029595,19.0,2.0
56039039,7.0,63.0
56045069,12.0,36.0
56050129,17.0,58.0
56052358,9.0,2.0
56054470,17.0,2.0
56055644,17.0,64.0
56059076,17.0,37.0
56063743,5.0,53.0
56064194,17.0,17.0
56066840,9.0,67.0
56068320,5.0,35.0
56085615,12.0,18.0
56096124,12.0,15.0
56096917,21.0,2.0
56101935,21.0,59.0
56104000,17.0,29.0
56104207,21.0,17.0
56108577,5.0,10.0
56109517,17.0,90.0
56112393,20.0,60.0
56128405,17.0,24.0
56137742,21.0,29.0
56145365,0.0,36.0
56146735,20.0,2.0
56146939,17.0,2.0
56148402,19.0,64.0
56151893,21.0,90.0
56154250,9.0,4.0
56154554,0.0,44.0
56154782,9.0,18.0
56165503,17.0,2.0
56166433,19.0,53.0
56166902,20.0,88.0
56168711,4.0,2.0
56172204,18.0,18.0
56178232,17.0,2.0
56184592,11.0,2.0
56195323,7.0,36.0
56199603,12.0,25.0
56210035,12.0,60.0
56212993,17.0,2.0
56213696,9.0,28.0
56217864,21.0,48.0
56226907,4.0,2.0
56233255,19.0,73.0
56239636,17.0,53.0
56241342,17.0,2.0
56244375,17.0,60.0
56249992,19.0,37.0
56250261,4.0,69.0
56252263,21.0,64.0
56254851,19.0,48.0
56258822,12.0,90.0
56263136,9.0,85.0
56267818,19.0,59.0
56283415,10.0,37.0
56286831,21.0,60.0
56287046,4.0,15.0
56291686,9.0,82.0
56291746,10.0,28.0
56292253,12.0,66.0
56293860,12.0,88.0
56300924,12.0,87.0
56303013,17.0,67.0
56306995,20.0,72.0
56312462,9.0,29.0
56317688,12.0,11.0
56326346,17.0,60.0
56329792,21.0,17.0
56346996,17.0,36.0
56352052,20.0,82.0
56353659,12.0,18.0
56359458,9.0,21.0
56367306,12.0,64.0
56377035,20.0,22.0
56380253,17.0,2.0
56386240,17.0,59.0
56388918,18.0,59.0
56409901,20.0,2.0
56413569,0.0,90.0
56415442,17.0,85.0
56418179,20.0,8.0
56420963,12.0,38.0
56426480,9.0,36.0
56430879,19.0,25.0
56436166,12.0,2.0
56436955,20.0,2.0
56440517,10.0,85.0
56447411,21.0,2.0
56451577,17.0,2.0
56458975,19.0,60.0
56461922,10.0,18.0
56462827,12.0,60.0
56465122,0.0,90.0
56465601,12.0,60.0
56466210,9.0,60.0
56471663,20.0,2.0
56478933,0.0,2.0
56488009,17.0,2.0
56491833,7.0,24.0
56499633,12.0,60.0
56500870,19.0,60.0
56509277,17.0,90.0
56510421,12.0,61.0
56514453,10.0,63.0
56516410,17.0,60.0
56517357,0.0,60.0
56519981,9.0,82.0
56522891,17.0,67.0
56523033,17.0,84.0
56528404,12.0,63.0
56530654,20.0,25.0
56531281,18.0,41.0
56537274,7.0,8.0
56539227,5.0,56.0
56541008,17.0,67.0
56543494,12.0,24.0
56546631,9.0,84.0
56547692,17.0,24.0
56559247,17.0,2.0
56566870,9.0,2.0
56569256,4.0,86.0
56569804,17.0,89.0
56571289,10.0,18.0
56573661,20.0,61.0
56577165,5.0,56.0
56581624,12.0,18.0
56597934,9.0,24.0
56599449,10.0,36.0
56608051,18.0,18.0
56617387,12.0,67.0
56619423,9.0,36.0
56626332,4.0,66.0
56632853,21.0,79.0
56634287,19.0,90.0
56638290,21.0,88.0
56641277,17.0,17.0
56642630,17.0,15.0
56643696,19.0,17.0
56647790,12.0,2.0
56654923,9.0,64.0
56655625,9.0,2.0
56656789,9.0,49.0
56661075,20.0,36.0
56664130,5.0,37.0
56668625,21.0,10.0
56675232,4.0,2.0
56678892,9.0,2.0
56688431,4.0,2.0
56693328,10.0,2.0
56697086,19.0,24.0
56699771,12.0,35.0
56702012,7.0,2.0
56703546,7.0,2.0
56704419,21.0,42.0
56705631,19.0,76.0
56707330,17.0,2.0
56708713,17.0,60.0
56709486,10.0,4.0
56713076,4.0,62.0
56714398,19.0,63.0
56715999,10.0,18.0
56723220,21.0,2.0
56726449,20.0,49.0
56729618,9.0,2.0
56730938,17.0,72.0
56731083,21.0,24.0
56732180,17.0,40.0
56733833,17.0,90.0
56736393,12.0,47.0
56736400,21.0,77.0
56754735,12.0,2.0
56757940,17.0,85.0
56769827,7.0,90.0
56774775,4.0,36.0
56778494,21.0,60.0
56780093,19.0,90.0
56780258,20.0,68.0
56781418,21.0,29.0
56786381,12.0,88.0
56794430,21.0,2.0
56797500,9.0,61.0
56801194,20.0,17.0
56802142,19.0,18.0
56823533,12.0,61.0
56827117,12.0,60.0
56848289,21.0,41.0
56850121,20.0,11.0
56851088,21.0,56.0
56862402,10.0,90.0
56867625,17.0,60.0
56868807,9.0,2.0
56872810,21.0,72.0
56873836,21.0,2.0
56879528,17.0,59.0
56882855,20.0,24.0
56883245,4.0,41.0
56884805,21.0,2.0
56886540,12.0,61.0
56894673,12.0,51.0
56902795,17.0,60.0
56903181,20.0,42.0
56913425,17.0,2.0
56916045,10.0,11.0
56916644,9.0,64.0
56924575,21.0,18.0
56926012,12.0,78.0
56927142,12.0,2.0
56928790,21.0,17.0
56932244,12.0,90.0
56933614,21.0,61.0
56937723,12.0,17.0
56939619,20.0,23.0
56943990,17.0,66.0
56944865,17.0,90.0
56953229,4.0,61.0
56955447,17.0,55.0
56955658,20.0,66.0
56957999,12.0,60.0
56960805,12.0,84.0
56963794,20.0,60.0
56965269,17.0,60.0
56972681,4.0,11.0
56975975,20.0,85.0
56981131,12.0,2.0
56982352,9.0,90.0
57003524,12.0,82.0
57003859,17.0,67.0
57017896,4.0,42.0
57020455,7.0,90.0
57024338,12.0,2.0
57024757,12.0,2.0
57028691,21.0,60.0
57036414,9.0,2.0
57037259,0.0,2.0
57043492,4.0,29.0
57045222,21.0,29.0
57052038,21.0,8.0
57054064,12.0,22.0
57055094,9.0,2.0
57055639,19.0,18.0
57061174,19.0,55.0
57064934,20.0,2.0
57065472,20.0,18.0
57072215,12.0,18.0
57072602,17.0,25.0
57073878,19.0,2.0
57074544,21.0,2.0
57086503,12.0,2.0
57096392,20.0,81.0
57103656,12.0,82.0
57109082,17.0,18.0
57124795,18.0,60.0
57128045,5.0,35.0
57133776,21.0,8.0
57140755,19.0,60.0
57141286,5.0,23.0
57142197,17.0,72.0
57144528,17.0,59.0
57148209,20.0,67.0
57149444,12.0,67.0
57157943,17.0,2.0
57159613,0.0,29.0
57171943,21.0,29.0
57176120,12.0,25.0
57176477,21.0,13.0
57179581,21.0,63.0
57183648,4.0,51.0
57186490,12.0,60.0
57189335,17.0,90.0
57197391,21.0,18.0
57201599,17.0,11.0
57202236,17.0,0.0
57202766,7.0,82.0
57205031,21.0,90.0
57206594,12.0,67.0
57237647,12.0,36.0
57246473,12.0,2.0
57247441,20.0,2.0
57248656,12.0,56.0
57251546,21.0,81.0
57254518,19.0,60.0
57260308,12.0,90.0
57267972,17.0,29.0
57274837,9.0,2.0
57283146,0.0,83.0
57291949,12.0,60.0
57294993,17.0,5.0
57295405,19.0,17.0
57303509,17.0,17.0
57304769,18.0,60.0
57310015,21.0,2.0
57312412,9.0,61.0
57312466,20.0,60.0
57314987,20.0,24.0
57316778,17.0,2.0
57319508,17.0,18.0
57321159,0.0,0.0
57325228,17.0,2.0
57325991,5.0,36.0
57334237,10.0,11.0
57335667,20.0,41.0
57340789,9.0,25.0
57354988,17.0,76.0
57367016,17.0,24.0
57370468,19.0,2.0
57373180,17.0,82.0
57375008,12.0,16.0
57375424,9.0,10.0
57379304,19.0,17.0
57387176,17.0,36.0
57387663,20.0,84.0
57391084,12.0,37.0
57401836,17.0,70.0
57404570,20.0,18.0
57411281,17.0,2.0
57422814,5.0,53.0
57429168,20.0,90.0
57434989,5.0,74.0
57447794,20.0,46.0
57463736,9.0,29.0
57485624,12.0,2.0
57488656,12.0,84.0
57489271,9.0,60.0
57489660,21.0,90.0
57496750,12.0,37.0
57501647,12.0,2.0
57502308,12.0,2.0
57508006,17.0,2.0
57512972,17.0,2.0
57518428,18.0,84.0
57521908,10.0,2.0
57540474,12.0,36.0
57543249,17.0,2.0
57554806,20.0,90.0
57557444,20.0,36.0
57563403,20.0,2.0
57578966,21.0,3.0
57581914,19.0,18.0
57583313,10.0,12.0
57585185,12.0,25.0
57585934,21.0,61.0
57588587,12.0,2.0
57591732,12.0,2.0
57596795,7.0,64.0
57607184,12.0,2.0
57607744,21.0,24.0
57612229,9.0,29.0
57620240,17.0,90.0
57620728,17.0,69.0
57629751,21.0,13.0
57636246,9.0,81.0
57638262,5.0,37.0
57640227,12.0,51.0
57655731,12.0,17.0
57657349,12.0,60.0
57665602,4.0,36.0
57668248,4.0,2.0
57668703,17.0,7.0
57669725,17.0,18.0
57674993,21.0,60.0
57679425,12.0,29.0
57681637,12.0,61.0
57683100,17.0,17.0
57690662,12.0,11.0
57701728,21.0,36.0
57720585,7.0,22.0
57722891,17.0,2.0
57728684,17.0,60.0
57730836,17.0,24.0
57731192,21.0,2.0
57732281,12.0,90.0
57734734,4.0,85.0
57748501,19.0,14.0
57754174,19.0,89.0
57754778,21.0,73.0
57756061,21.0,49.0
57756085,9.0,2.0
57760968,5.0,83.0
57767757,12.0,61.0
57769213,21.0,21.0
57774093,12.0,17.0
57777066,8.0,63.0
57778132,21.0,29.0
57784838,4.0,2.0
57784904,21.0,36.0
57785356,12.0,60.0
57791239,17.0,76.0
57797393,0.0,72.0
57801205,19.0,90.0
57801682,17.0,59.0
57807575,0.0,2.0
57815608,17.0,29.0
57821114,17.0,60.0
57827746,21.0,90.0
57831076,12.0,33.0
57839928,4.0,81.0
57843986,9.0,88.0
57866242,21.0,2.0
57877525,9.0,60.0
57882517,4.0,42.0
57883247,9.0,2.0
57891753,21.0,90.0
57904894,21.0,2.0
57911541,12.0,37.0
57912947,4.0,66.0
57913443,17.0,90.0
57917618,12.0,17.0
57925061,12.0,71.0
57933732,19.0,2.0
57939027,17.0,36.0
57943904,9.0,9.0
57949063,9.0,2.0
57954370,12.0,90.0
57954600,20.0,36.0
57960341,20.0,23.0
57960828,19.0,2.0
57967497,12.0,41.0
57997597,10.0,90.0
58005992,12.0,82.0
58011932,20.0,24.0
58012120,9.0,61.0
58014548,9.0,60.0
58014764,17.0,90.0
58022505,9.0,90.0
58027084,10.0,41.0
58028908,18.0,63.0
58032399,12.0,82.0
58033105,12.0,59.0
58037988,12.0,24.0
58042201,9.0,60.0
58044013,12.0,64.0
58046755,5.0,2.0
58047466,9.0,9.0
58050863,12.0,2.0
58051844,17.0,90.0
58056932,9.0,17.0
58084286,20.0,18.0
58091525,19.0,32.0
58094641,20.0,61.0
58100492,19.0,76.0
58108346,20.0,90.0
58120069,0.0,63.0
58130035,4.0,18.0
58142409,4.0,88.0
58145611,12.0,72.0
58145685,21.0,67.0
58149316,21.0,59.0
58152180,21.0,2.0
58158778,17.0,2.0
58165590,17.0,59.0
58166360,12.0,88.0
58171622,9.0,49.0
58174112,21.0,60.0
58174187,21.0,36.0
58180855,12.0,2.0
58186221,12.0,2.0
58188412,19.0,18.0
58190970,5.0,13.0
58201321,21.0,82.0
58207586,12.0,37.0
58219141,17.0,2.0
58222735,10.0,2.0
58231537,9.0,9.0
58235714,12.0,60.0
58236256,20.0,18.0
58239343,21.0,81.0
58241777,7.0,37.0
58259299,17.0,48.0
58271314,17.0,2.0
58277467,10.0,53.0
58277561,20.0,90.0
58278759,9.0,74.0
58280818,4.0,58.0
58287313,9.0,11.0
58290784,12.0,4.0
58291032,21.0,90.0
58294062,5.0,35.0
58296226,20.0,60.0
58297604,17.0,2.0
58303620,21.0,37.0
58303848,17.0,85.0
58303986,12.0,18.0
58306519,9.0,48.0
58327659,17.0,18.0
58331838,1.0,2.0
58335291,21.0,53.0
58339146,17.0,2.0
58348323,17.0,11.0
58358496,17.0,2.0
58360383,17.0,24.0
58363375,7.0,18.0
58370926,17.0,52.0
58371552,21.0,67.0
58371679,18.0,56.0
58372635,4.0,24.0
58379373,21.0,1.0
58380599,20.0,76.0
58385384,10.0,36.0
58393420,17.0,2.0
58394490,12.0,2.0
58403523,21.0,8.0
58411889,21.0,64.0
58413144,12.0,17.0
58416531,20.0,54.0
58420444,21.0,21.0
58423910,20.0,2.0
58424119,18.0,11.0
58428704,21.0,56.0
58432671,17.0,2.0
58433690,21.0,7.0
58436821,12.0,25.0
58439554,12.0,35.0
58440882,21.0,64.0
58450828,17.0,81.0
58453531,12.0,59.0
58462138,17.0,90.0
58465892,20.0,18.0
58467034,9.0,88.0
58469481,20.0,44.0
58474497,17.0,61.0
58475284,9.0,2.0
58476926,21.0,9.0
58485464,20.0,2.0
58488975,12.0,59.0
58489863,12.0,61.0
58495194,20.0,59.0
58503594,9.0,18.0
58509251,9.0,59.0
58511756,21.0,82.0
58512583,9.0,90.0
58515312,19.0,67.0
58522030,19.0,42.0
58523240,17.0,2.0
58526397,19.0,54.0
58526729,19.0,2.0
58528597,0.0,45.0
58532397,20.0,15.0
58543423,12.0,61.0
58548106,19.0,15.0
58548407,5.0,59.0
58551846,17.0,17.0
58555449,10.0,17.0
58562761,17.0,53.0
58565203,17.0,67.0
58566216,17.0,2.0
58566608,9.0,36.0
58568049,17.0,61.0
58570544,19.0,31.0
58574242,21.0,68.0
58586557,12.0,24.0
58587101,21.0,0.0
58588027,9.0,15.0
58588893,17.0,66.0
58590359,0.0,48.0
58591592,21.0,24.0
58591992,12.0,17.0
58594943,17.0,53.0
58605917,12.0,15.0
58610318,21.0,2.0
58622343,7.0,71.0
58624055,12.0,18.0
58625183,12.0,24.0
58632857,17.0,24.0
58635180,12.0,59.0
58636572,9.0,60.0
58641607,9.0,70.0
58642014,17.0,86.0
58643858,21.0,60.0
58646008,12.0,2.0
58647246,20.0,88.0
58662046,17.0,63.0
58662423,9.0,60.0
58662790,17.0,90.0
58664700,12.0,73.0
58668492,20.0,60.0
58672758,9.0,24.0
58674926,12.0,9.0
58676755,12.0,36.0
58678773,21.0,4.0
58679010,17.0,90.0
58685296,12.0,25.0
58686782,9.0,2.0
58700587,12.0,4.0
58702225,12.0,2.0
58702651,20.0,29.0
58713103,12.0,2.0
58720666,20.0,50.0
58724289,9.0,2.0
58724303,9.0,2.0
58730012,17.0,2.0
58730490,17.0,2.0
58736732,21.0,75.0
58739922,7.0,2.0
58746228,1.0,90.0
58748249,20.0,2.0
58750723,17.0,2.0
58756508,12.0,2.0
58758306,12.0,85.0
58759848,19.0,85.0
58766174,20.0,84.0
58766783,21.0,90.0
58768636,21.0,81.0
58782395,17.0,85.0
58784540,19.0,17.0
58785692,18.0,28.0
58789791,12.0,85.0
58790796,4.0,2.0
58795725,12.0,25.0
58798825,9.0,17.0
58808110,5.0,59.0
58819338,10.0,67.0
58824861,0.0,61.0
58825098,12.0,63.0
58827010,4.0,17.0
58827331,9.0,24.0
58828253,21.0,37.0
58838750,9.0,71.0
58842720,20.0,2.0
58850879,17.0,29.0
58853148,9.0,2.0
58855164,0.0,15.0
58855293,20.0,66.0
58868860,12.0,65.0
58873032,20.0,24.0
58875731,5.0,2.0
58875864,17.0,53.0
58880517,5.0,2.0
58881082,21.0,81.0
58883189,19.0,61.0
58896332,12.0,60.0
58898519,5.0,15.0
58906396,17.0,60.0
58908417,17.0,46.0
58927123,4.0,2.0
58928797,9.0,60.0
58935262,17.0,29.0
58943206,12.0,2.0
58949344,17.0,2.0
58952676,4.0,24.0
58962958,9.0,4.0
58964428,12.0,17.0
58965353,10.0,44.0
58973766,12.0,60.0
58974281,19.0,7.0
58974827,12.0,60.0
58979168,4.0,64.0
58982192,21.0,81.0
58987501,17.0,2.0
58992284,17.0,2.0
58992719,0.0,33.0
58998240,19.0,59.0
59006759,21.0,2.0
59008549,12.0,2.0
59010801,4.0,2.0
59011953,21.0,2.0
59012344,21.0,64.0
59013548,9.0,25.0
59019148,21.0,7.0
59021768,20.0,90.0
59024291,9.0,60.0
59026080,0.0,18.0
59029412,20.0,2.0
59030731,7.0,60.0
59038304,17.0,11.0
59039482,4.0,2.0
59040274,21.0,60.0
59040425,17.0,59.0
59046383,17.0,2.0
59046714,20.0,85.0
59065274,9.0,55.0
59066813,17.0,38.0
59070319,12.0,90.0
59072672,0.0,2.0
59073495,17.0,90.0
59074574,17.0,18.0
59075656,9.0,21.0
59079646,17.0,66.0
59083461,17.0,90.0
59091970,12.0,60.0
59095405,12.0,33.0
59096943,21.0,2.0
59107594,12.0,17.0
59107702,12.0,82.0
59111502,21.0,67.0
59115101,20.0,49.0
59115520,17.0,63.0
59122241,20.0,15.0
59124125,5.0,59.0
59133042,12.0,85.0
59133616,12.0,71.0
59138411,10.0,36.0
59138555,21.0,88.0
59144930,9.0,2.0
59146321,12.0,11.0
59146417,12.0,29.0
59151998,21.0,60.0
59156997,21.0,11.0
59160213,21.0,41.0
59169830,9.0,88.0
59175000,20.0,85.0
59181985,12.0,2.0
59206424,9.0,2.0
59206730,21.0,61.0
59207403,5.0,2.0
59217843,20.0,90.0
59229882,17.0,2.0
59231612,4.0,2.0
59234531,21.0,2.0
59237324,21.0,18.0
59240974,4.0,2.0
59242703,17.0,66.0
59248765,4.0,84.0
59263167,10.0,42.0
59265989,17.0,88.0
59267329,9.0,10.0
59279869,17.0,17.0
59285134,9.0,60.0
59285870,19.0,60.0
59285912,9.0,71.0
59291698,17.0,2.0
59303205,20.0,60.0
59309106,9.0,2.0
59310957,9.0,60.0
59313081,10.0,61.0
59315390,17.0,2.0
59315985,10.0,3.0
59319070,20.0,2.0
59325104,0.0,61.0
59325322,21.0,60.0
59328518,12.0,16.0
59331596,12.0,56.0
59335543,0.0,72.0
59340604,12.0,59.0
59340847,7.0,72.0
59346613,20.0,25.0
59346955,12.0,90.0
59347823,5.0,53.0
59348250,9.0,21.0
59354591,9.0,18.0
59358838,4.0,81.0
59362587,12.0,75.0
59364331,17.0,2.0
59366541,20.0,72.0
59367823,7.0,72.0
59374809,21.0,18.0
59378909,17.0,2.0
59385568,12.0,90.0
59386352,4.0,10.0
59386749,19.0,29.0
59397070,12.0,2.0
59399221,4.0,2.0
59407953,9.0,61.0
59408897,21.0,75.0
59414057,9.0,2.0
59416181,21.0,2.0
59424920,12.0,85.0
59427746,19.0,37.0
59429809,20.0,17.0
59454910,10.0,36.0
59457743,9.0,25.0
59466970,20.0,26.0
59475815,18.0,90.0
59476998,9.0,84.0
59481270,10.0,35.0
59481847,12.0,60.0
59492797,12.0,32.0
59494047,19.0,87.0
59494057,12.0,2.0
59494393,9.0,71.0
59495962,19.0,47.0
59496403,17.0,54.0
59503002,20.0,15.0
59506968,17.0,33.0
59511351,21.0,83.0
59515223,4.0,2.0
59517002,17.0,36.0
59520845,5.0,2.0
59524927,12.0,2.0
59531206,21.0,85.0
59531270,21.0,2.0
59534386,20.0,18.0
59541409,21.0,18.0
59541668,19.0,24.0
59543778,21.0,50.0
59551724,17.0,82.0
59562368,17.0,11.0
59565384,0.0,61.0
59569418,12.0,2.0
59572096,4.0,37.0
59583212,19.0,53.0
59583377,4.0,29.0
59587856,17.0,36.0
59594683,9.0,35.0
59597042,19.0,36.0
59598223,0.0,60.0
59601772,12.0,90.0
59603781,19.0,60.0
59605795,9.0,25.0
59605800,20.0,60.0
59609227,19.0,71.0
59612983,17.0,85.0
59626792,10.0,36.0
59629414,9.0,32.0
59630933,20.0,63.0
59634443,4.0,28.0
59644801,17.0,56.0
59646626,12.0,88.0
59650286,10.0,2.0
59656606,19.0,60.0
59661500,20.0,18.0
59662039,4.0,81.0
59665623,4.0,2.0
59677841,21.0,18.0
59682621,17.0,24.0
59689026,12.0,81.0
59689140,21.0,60.0
59699386,7.0,29.0
59700928,21.0,24.0
59703010,19.0,2.0
59704424,9.0,64.0
59706504,21.0,60.0
59706549,9.0,13.0
59707645,17.0,17.0
59716760,9.0,14.0
59723076,4.0,38.0
59727765,0.0,81.0
59734128,9.0,2.0
59735993,17.0,60.0
59738803,10.0,2.0
59742435,12.0,2.0
59748647,21.0,56.0
59756388,10.0,61.0
59762346,4.0,90.0
59768550,9.0,63.0
59769494,10.0,41.0
59771387,10.0,2.0
59771771,17.0,2.0
59775563,21.0,2.0
59787178,0.0,67.0
59792943,21.0,16.0
59801829,9.0,59.0
59804289,4.0,84.0
59814800,4.0,2.0
59822474,12.0,66.0
59825868,12.0,2.0
59826405,12.0,66.0
59828390,20.0,59.0
59829036,12.0,2.0
59836463,19.0,83.0
59841767,20.0,2.0
59843197,7.0,2.0
59851263,4.0,2.0
59857377,21.0,2.0
59859364,12.0,11.0
59859533,9.0,72.0
59860908,9.0,2.0
59869278,4.0,42.0
59872192,4.0,29.0
59875521,9.0,73.0
59881356,19.0,33.0
59887936,12.0,18.0
59888773,9.0,21.0
59897117,12.0,87.0
59898312,4.0,88.0
59905218,20.0,32.0
59906097,17.0,49.0
59915998,20.0,49.0
59918198,12.0,60.0
59918627,10.0,9.0
59924519,17.0,7.0
59926104,0.0,57.0
59928133,17.0,8.0
59936561,10.0,17.0
59936873,21.0,2.0
59937895,0.0,15.0
59946145,9.0,29.0
59960312,7.0,64.0
59964061,20.0,82.0
59964371,19.0,60.0
59965861,21.0,51.0
59976032,17.0,90.0
59976689,21.0,87.0
59977252,20.0,84.0
59978917,17.0,60.0
59978962,7.0,18.0
59982260,19.0,28.0
59983909,12.0,53.0
59984204,4.0,12.0
59985013,20.0,90.0
59985625,5.0,24.0
60004678,10.0,33.0
60005186,20.0,2.0
60010475,21.0,41.0
60016020,17.0,58.0
60028014,19.0,60.0
60029344,19.0,60.0
60029568,19.0,60.0
60036833,10.0,36.0
60040607,21.0,61.0
60041199,10.0,82.0
60049726,20.0,82.0
60049953,17.0,60.0
60054264,12.0,63.0
60064212,9.0,61.0
60065660,17.0,18.0
60073859,21.0,2.0
60075852,7.0,59.0
60077270,19.0,66.0
60098849,5.0,78.0
60099474,20.0,36.0
60106167,19.0,82.0
60114662,21.0,17.0
60118448,21.0,55.0
60120883,21.0,2.0
60122463,19.0,46.0
60124922,9.0,63.0
60131016,12.0,21.0
60134967,12.0,60.0
60135918,12.0,2.0
60137701,17.0,2.0
60142149,10.0,90.0
60146672,12.0,82.0
60149783,21.0,21.0
60150830,21.0,88.0
60160492,10.0,2.0
60162751,19.0,16.0
60167716,21.0,18.0
60168948,12.0,59.0
60169933,5.0,2.0
60171130,4.0,2.0
60191002,17.0,61.0
60191092,12.0,88.0
60191493,9.0,2.0
60204957,12.0,59.0
60212438,21.0,2.0
60213443,12.0,61.0
60214995,12.0,29.0
60225330,12.0,9.0
60230977,12.0,2.0
60233114,10.0,2.0
60234242,10.0,29.0
60237117,17.0,21.0
60237491,19.0,18.0
60241366,9.0,63.0
60243407,17.0,52.0
60245487,17.0,2.0
60251807,9.0,22.0
60251833,17.0,11.0
60254288,21.0,61.0
60256648,20.0,2.0
60260123,12.0,2.0
60268223,21.0,90.0
60271000,21.0,87.0
60275666,9.0,2.0
60291312,17.0,59.0
60293676,12.0,29.0
60295440,12.0,60.0
60303268,17.0,2.0
60311979,17.0,55.0
60342185,5.0,83.0
60347474,21.0,90.0
60352632,5.0,34.0
60354069,19.0,75.0
60354135,9.0,17.0
60357744,21.0,75.0
60366428,21.0,2.0
60373074,12.0,9.0
60373257,18.0,11.0
60374278,21.0,18.0
60377010,9.0,85.0
60377102,17.0,17.0
60377380,12.0,24.0
60392268,17.0,51.0
60393243,17.0,59.0
60397411,19.0,2.0
60398276,18.0,75.0
60399713,10.0,2.0
60410787,9.0,75.0
60411205,20.0,84.0
60418144,7.0,2.0
60420691,19.0,24.0
60422888,4.0,84.0
60423191,20.0,67.0
60427743,9.0,2.0
60432961,0.0,37.0
60434303,0.0,57.0
60438032,5.0,24.0
60447648,12.0,22.0
60453832,9.0,59.0
60456965,0.0,38.0
60460502,21.0,2.0
60466712,17.0,60.0
60467194,21.0,18.0
60471394,12.0,59.0
60481967,12.0,60.0
60485350,10.0,82.0
60486699,20.0,57.0
60488807,5.0,29.0
60492770,5.0,24.0
60495213,19.0,2.0
60498561,20.0,16.0
60500606,19.0,12.0
60505856,21.0,90.0
60519864,19.0,32.0
60522397,21.0,33.0
60533072,10.0,24.0
60533092,7.0,64.0
60538258,9.0,17.0
60550414,21.0,78.0
60557773,12.0,18.0
60564091,20.0,83.0
60567503,5.0,83.0
60569308,21.0,18.0
60573616,17.0,37.0
60580977,0.0,18.0
60597969,5.0,46.0
60601238,17.0,74.0
60605602,19.0,60.0
60611906,12.0,37.0
60615236,20.0,2.0
60620997,12.0,24.0
60622113,5.0,84.0
60630437,5.0,60.0
60637710,12.0,2.0
60645180,12.0,17.0
60664048,19.0,2.0
60664407,12.0,2.0
60672498,12.0,37.0
60678668,21.0,60.0
60679256,17.0,90.0
60692202,5.0,22.0
60712601,12.0,12.0
60721798,17.0,29.0
60724969,21.0,2.0
60725429,19.0,36.0
60726610,12.0,60.0
60728694,18.0,11.0
60731341,21.0,23.0
60732798,20.0,17.0
60736568,12.0,60.0
60746676,20.0,82.0
60747831,12.0,55.0
60750933,4.0,81.0
60753953,12.0,2.0
60754400,19.0,2.0
60759957,10.0,41.0
60766854,12.0,60.0
60770883,17.0,90.0
60775217,17.0,2.0
60783929,12.0,2.0
60788369,5.0,35.0
60790563,17.0,37.0
60795913,20.0,64.0
60801508,21.0,44.0
60802489,19.0,90.0
60802581,12.0,88.0
60806762,21.0,11.0
60823395,4.0,61.0
60833808,21.0,22.0
60841707,9.0,84.0
60846618,10.0,21.0
60852448,9.0,12.0
60854514,10.0,75.0
60855574,21.0,82.0
60861497,19.0,67.0
60867012,9.0,36.0
60883549,12.0,79.0
60883805,17.0,63.0
60884149,10.0,61.0
60886809,0.0,72.0
60886908,4.0,2.0
60891189,18.0,2.0
60893723,9.0,60.0
60896430,12.0,2.0
60900537,17.0,4.0
60909161,17.0,90.0
60911469,21.0,49.0
60914304,4.0,73.0
60915527,0.0,36.0
60917570,9.0,2.0
60919348,10.0,71.0
60923861,17.0,26.0
60931660,19.0,59.0
60932780,10.0,42.0
60938003,9.0,82.0
60938592,20.0,85.0
60967909,12.0,82.0
60971236,5.0,35.0
60975022,5.0,11.0
60977265,20.0,2.0
60985130,21.0,71.0
61000029,17.0,25.0
61004577,4.0,88.0
61009345,4.0,55.0
61009368,0.0,5.0
61010688,20.0,60.0
61010839,17.0,50.0
61013462,4.0,53.0
61013500,17.0,24.0
61014216,17.0,60.0
61016090,21.0,28.0
61024841,21.0,60.0
61025830,5.0,90.0
61034948,21.0,2.0
61036554,21.0,2.0
61037050,10.0,49.0
61041432,19.0,25.0
61042423,0.0,18.0
61049132,21.0,56.0
61055204,9.0,2.0
61055352,17.0,7.0
61063578,20.0,2.0
61069294,20.0,84.0
61069529,7.0,66.0
61074428,20.0,24.0
61083294,19.0,2.0
61084301,19.0,63.0
61085131,9.0,60.0
61088364,17.0,2.0
61090845,0.0,2.0
61110270,21.0,30.0
61111438,17.0,13.0
61113608,9.0,84.0
61117341,12.0,2.0
61126778,17.0,90.0
61134952,17.0,2.0
61136250,19.0,2.0
61138048,21.0,2.0
61138106,21.0,2.0
61138643,9.0,18.0
61146443,21.0,2.0
61149771,5.0,11.0
61152077,5.0,2.0
61152753,21.0,60.0
61157324,20.0,15.0
61160146,19.0,24.0
61161952,12.0,2.0
61163914,21.0,17.0
61165224,19.0,46.0
61165744,10.0,2.0
61170791,21.0,21.0
61172128,12.0,36.0
61175036,12.0,60.0
61182214,12.0,60.0
61190877,12.0,41.0
61193403,21.0,60.0
61193480,0.0,72.0
61194652,20.0,63.0
61195583,4.0,60.0
61195686,17.0,81.0
61196771,17.0,67.0
61203402,12.0,47.0
61209072,21.0,2.0
61222033,10.0,71.0
61222191,10.0,18.0
61226374,0.0,72.0
61229271,20.0,82.0
61229616,4.0,71.0
61239837,20.0,17.0
61240555,17.0,59.0
61242061,12.0,2.0
61244546,17.0,59.0
61244651,10.0,2.0
61266030,12.0,25.0
61268220,10.0,17.0
61284314,0.0,25.0
61297615,12.0,84.0
61298126,21.0,86.0
61304246,9.0,2.0
61306406,5.0,24.0
61318853,20.0,67.0
61338429,17.0,21.0
61344320,21.0,37.0
61352192,4.0,25.0
61363430,21.0,18.0
61373393,21.0,24.0
61377858,9.0,37.0
61378776,17.0,83.0
61383023,12.0,17.0
61385023,12.0,64.0
61390991,21.0,63.0
61394379,0.0,11.0
61395258,4.0,85.0
61401505,21.0,27.0
61401961,10.0,2.0
61404066,17.0,90.0
61405618,5.0,18.0
61405672,21.0,67.0
61406530,9.0,64.0
61409500,7.0,67.0
61413426,12.0,28.0
61415347,17.0,29.0
61419064,9.0,2.0
61421624,12.0,2.0
61424705,17.0,90.0
61426619,17.0,2.0
61436784,9.0,29.0
61439003,7.0,57.0
61441814,17.0,2.0
61457106,12.0,2.0
61464273,12.0,2.0
61473367,19.0,2.0
61474899,4.0,6.0
61478962,10.0,24.0
61480811,17.0,64.0
61481145,12.0,57.0
61486746,9.0,85.0
61493821,20.0,2.0
61496749,5.0,29.0
61502633,17.0,10.0
61507037,12.0,2.0
61509847,20.0,60.0
61510613,4.0,2.0
61510755,21.0,46.0
61511615,20.0,90.0
61519916,9.0,66.0
61523054,5.0,11.0
61528073,17.0,18.0
61534049,4.0,2.0
61534513,19.0,2.0
61537954,20.0,37.0
61539698,9.0,2.0
61540363,21.0,9.0
61544557,9.0,18.0
61547307,20.0,82.0
61556910,12.0,61.0
61559125,12.0,83.0
61559248,5.0,33.0
61560390,12.0,2.0
61571458,9.0,59.0
61572264,19.0,31.0
61581321,9.0,17.0
61585506,20.0,2.0
61588898,20.0,2.0
61591335,17.0,51.0
61598755,12.0,2.0
61601560,9.0,2.0
61606465,20.0,60.0
61607104,12.0,67.0
61611510,20.0,42.0
61617045,12.0,67.0
61625360,12.0,2.0
61626583,17.0,82.0
61629520,17.0,6.0
61635148,20.0,60.0
61641602,19.0,61.0
61642150,20.0,29.0
61653504,4.0,34.0
61654129,21.0,2.0
61654692,9.0,2.0
61675370,9.0,18.0
61679908,12.0,22.0
61681813,12.0,61.0
61686531,17.0,84.0
61691804,21.0,67.0
61696417,4.0,2.0
61696875,12.0,2.0
61701528,21.0,21.0
61709072,21.0,2.0
61719045,7.0,55.0
61719493,21.0,90.0
61724277,20.0,2.0
61727605,12.0,11.0
61734566,18.0,2.0
61739238,21.0,2.0
61745550,21.0,2.0
61749033,21.0,46.0
61752043,12.0,29.0
61752638,7.0,29.0
61755516,12.0,2.0
61759820,21.0,5.0
61765666,17.0,50.0
61769464,7.0,54.0
61780971,21.0,37.0
61782327,21.0,2.0
61782375,20.0,36.0
61782393,4.0,18.0
61784663,17.0,81.0
61787482,9.0,2.0
61789167,19.0,82.0
61802825,10.0,3.0
61803188,21.0,82.0
61810395,12.0,36.0
61822320,21.0,53.0
61829856,12.0,90.0
61830500,12.0,2.0
61835806,0.0,11.0
61850236,4.0,29.0
61851538,12.0,67.0
61855164,19.0,60.0
61857084,12.0,7.0
61857814,19.0,60.0
61857935,21.0,41.0
61860057,9.0,61.0
61867691,17.0,2.0
61872184,17.0,51.0
61875596,9.0,55.0
61876534,9.0,75.0
61880896,4.0,24.0
61883643,20.0,83.0
61884389,21.0,32.0
61894788,12.0,72.0
61896849,2.0,90.0
61904900,12.0,67.0
61922853,21.0,2.0
61928341,17.0,23.0
61935216,20.0,64.0
61935978,4.0,90.0
61939560,17.0,0.0
61943825,12.0,81.0
61944872,12.0,50.0
61948975,12.0,24.0
61951702,12.0,90.0
61967657,12.0,58.0
61985161,12.0,2.0
61986484,9.0,57.0
61991381,7.0,17.0
61992268,20.0,59.0
61994233,18.0,90.0
61996620,12.0,82.0
61996631,12.0,44.0
62007981,20.0,90.0
62008474,21.0,31.0
62009200,19.0,82.0
62013859,9.0,2.0
62020818,4.0,2.0
62025339,9.0,60.0
62034671,21.0,29.0
62035619,21.0,7.0
62047663,12.0,90.0
62048156,9.0,17.0
62049654,20.0,64.0
62049809,5.0,17.0
62054487,4.0,60.0
62065663,12.0,78.0
62066687,21.0,60.0
62067964,12.0,88.0
62068607,17.0,2.0
62074567,20.0,46.0
62075560,9.0,25.0
62083597,12.0,60.0
62095408,12.0,2.0
62096538,5.0,28.0
62097547,10.0,61.0
62102678,4.0,85.0
62105353,20.0,2.0
62115479,4.0,46.0
62117210,5.0,36.0
62122118,17.0,23.0
62134067,7.0,11.0
62136373,4.0,19.0
62139447,17.0,88.0
62144709,20.0,2.0
62145110,21.0,11.0
62148508,12.0,2.0
62153239,19.0,71.0
62168336,12.0,2.0
62168424,17.0,2.0
62173301,21.0,16.0
62181367,9.0,38.0
62187157,4.0,36.0
62203319,17.0,29.0
62203375,10.0,36.0
62207829,5.0,24.0
62215326,9.0,60.0
62216913,12.0,29.0
62219360,17.0,4.0
62221173,20.0,90.0
62226062,12.0,29.0
62226435,21.0,90.0
62243628,9.0,24.0
62247630,20.0,90.0
62260396,17.0,7.0
62260703,17.0,2.0
62266025,21.0,2.0
62287507,0.0,17.0
62295302,4.0,66.0
62308964,9.0,90.0
62310820,17.0,60.0
62314128,17.0,82.0
62316332,19.0,2.0
62323451,19.0,2.0
62330018,4.0,11.0
62347853,7.0,38.0
62348971,9.0,82.0
62351229,4.0,2.0
62351455,17.0,31.0
62352310,19.0,15.0
62352802,17.0,29.0
62370022,17.0,90.0
62372926,12.0,29.0
62377565,19.0,64.0
62378010,17.0,2.0
62380072,21.0,60.0
62388857,19.0,75.0
62389466,21.0,18.0
62391287,7.0,29.0
62392590,21.0,4.0
62404993,17.0,90.0
62414807,21.0,60.0
62421036,20.0,74.0
62434213,17.0,0.0
62435256,21.0,2.0
62437108,20.0,2.0
62443323,12.0,70.0
62452648,12.0,63.0
62454018,17.0,21.0
62463960,12.0,81.0
62465339,20.0,38.0
62473121,17.0,63.0
62473436,20.0,24.0
62482067,20.0,29.0
62482571,17.0,17.0
62484321,9.0,71.0
62484577,20.0,2.0
62485363,7.0,2.0
62486837,21.0,81.0
62490954,17.0,70.0
62491227,20.0,82.0
62493885,21.0,60.0
62495896,21.0,2.0
62496788,17.0,11.0
62498989,20.0,90.0
62499368,19.0,82.0
62512719,20.0,67.0
62522896,12.0,37.0
62526806,12.0,41.0
62534553,21.0,11.0
62537621,5.0,37.0
62544604,12.0,63.0
62546027,5.0,12.0
62546147,12.0,84.0
62547009,20.0,72.0
62550765,21.0,32.0
62572942,21.0,2.0
62587615,12.0,2.0
62592623,12.0,2.0
62594429,21.0,24.0
62601344,20.0,60.0
62601921,12.0,2.0
62604559,17.0,63.0
62607840,4.0,90.0
62609044,19.0,37.0
62610118,4.0,17.0
62636779,9.0,36.0
62642431,17.0,1.0
62642937,17.0,88.0
62644759,12.0,29.0
62661345,9.0,63.0
62661646,0.0,36.0
62662640,17.0,71.0
62667387,9.0,57.0
62675018,4.0,59.0
62676263,12.0,2.0
62679599,12.0,61.0
62688309,12.0,90.0
62692456,9.0,2.0
62696200,21.0,2.0
62701406,20.0,15.0
62705731,17.0,81.0
62706966,9.0,2.0
62724232,19.0,17.0
62728569,10.0,25.0
62728631,4.0,15.0
62739028,12.0,2.0
62741162,12.0,2.0
62742672,19.0,63.0
62742883,12.0,81.0
62747346,18.0,18.0
62752063,12.0,31.0
62753083,17.0,71.0
62754648,21.0,21.0
62765370,17.0,2.0
62765388,9.0,29.0
62765746,5.0,61.0
62767441,19.0,2.0
62767506,21.0,60.0
62769523,12.0,2.0
62770845,12.0,56.0
62772613,20.0,59.0
62781280,19.0,77.0
62786913,5.0,29.0
62787920,12.0,60.0
62789628,21.0,67.0
62793861,17.0,18.0
62794238,20.0,44.0
62798621,17.0,60.0
62808213,12.0,37.0
62811982,12.0,60.0
62840211,5.0,2.0
62850050,9.0,90.0
62854243,20.0,72.0
62854424,5.0,2.0
62857039,12.0,67.0
62858197,21.0,18.0
62862353,12.0,2.0
62863661,5.0,10.0
62871266,19.0,28.0
62875080,12.0,81.0
62876801,17.0,81.0
62883451,4.0,31.0
62884321,10.0,63.0
62888734,21.0,54.0
62897482,17.0,2.0
62899164,12.0,35.0
62901491,20.0,60.0
62911645,9.0,51.0
62915431,20.0,70.0
62922373,9.0,4.0
62923230,17.0,90.0
62923388,17.0,72.0
62931596,5.0,11.0
62931614,20.0,25.0
62941966,21.0,61.0
62949562,12.0,2.0
62951962,9.0,2.0
62952485,21.0,67.0
62960014,17.0,2.0
62965485,19.0,16.0
62971942,10.0,27.0
62972350,10.0,2.0
62972955,19.0,37.0
62986313,12.0,50.0
62987088,12.0,2.0
62989260,0.0,2.0
63000544,21.0,37.0
63005633,19.0,22.0
63018236,17.0,88.0
63022248,12.0,49.0
63022389,9.0,31.0
63023047,9.0,25.0
63027329,4.0,63.0
63033276,9.0,2.0
63048051,9.0,90.0
63055701,4.0,73.0
63056020,12.0,90.0
63064227,0.0,67.0
63067640,17.0,60.0
63067840,0.0,2.0
63068187,20.0,2.0
63071205,20.0,90.0
63072461,12.0,41.0
63083752,12.0,90.0
63088070,5.0,15.0
63089460,4.0,88.0
63105921,0.0,33.0
63110307,17.0,37.0
63118168,20.0,24.0
63118788,12.0,60.0
63126281,12.0,2.0
63141360,4.0,2.0
63147197,21.0,16.0
63151240,21.0,60.0
63171951,0.0,18.0
63177351,17.0,7.0
63188290,19.0,17.0
63194680,20.0,61.0
63196881,9.0,85.0
63199965,21.0,2.0
63207118,19.0,56.0
63211233,20.0,2.0
63215282,17.0,61.0
63217571,7.0,16.0
63218144,21.0,17.0
63219740,12.0,26.0
63226282,9.0,60.0
63244079,12.0,24.0
63250403,9.0,2.0
63266589,12.0,90.0
63269308,9.0,90.0
63270382,21.0,63.0
63272524,19.0,59.0
63278020,9.0,59.0
63282190,17.0,82.0
63284174,17.0,25.0
63286162,20.0,31.0
63287155,21.0,60.0
63297090,7.0,64.0
63297145,20.0,2.0
63298777,9.0,59.0
63301459,21.0,0.0
63310640,4.0,38.0
63312782,12.0,38.0
63315915,17.0,26.0
63320395,5.0,71.0
63324849,12.0,2.0
63338295,0.0,15.0
63338351,5.0,64.0
63339855,20.0,84.0
63341753,20.0,59.0
63344281,17.0,5.0
63344879,19.0,2.0
63346587,10.0,2.0
63355607,20.0,48.0
63357854,12.0,60.0
63359690,18.0,17.0
63362152,17.0,2.0
63364521,17.0,2.0
63364675,20.0,2.0
63372165,18.0,11.0
63374495,21.0,16.0
63381276,10.0,2.0
63387585,17.0,2.0
63392018,19.0,60.0
63394609,0.0,44.0
63398022,9.0,37.0
63401370,18.0,56.0
63408268,19.0,60.0
63429166,7.0,11.0
63431625,21.0,85.0
63443446,21.0,11.0
63444400,10.0,56.0
63446856,5.0,90.0
63452399,17.0,67.0
63454264,9.0,7.0
63459464,21.0,13.0
63460135,12.0,2.0
63462110,12.0,2.0
63464338,9.0,53.0
63470916,12.0,66.0
63479236,20.0,0.0
63488739,17.0,2.0
63494471,12.0,90.0
63503802,20.0,31.0
63505659,9.0,29.0
63508977,20.0,25.0
63510789,9.0,41.0
63511887,17.0,63.0
63518913,20.0,84.0
63532481,21.0,17.0
63550967,0.0,60.0
63552521,12.0,75.0
63552632,17.0,35.0
63559021,5.0,60.0
63562832,21.0,13.0
63572170,5.0,21.0
63572488,9.0,2.0
63583918,10.0,36.0
63587523,7.0,29.0
63589597,17.0,25.0
63612063,19.0,2.0
63614095,9.0,77.0
63617699,10.0,70.0
63623456,9.0,60.0
63627823,18.0,38.0
63629001,21.0,61.0
63631483,12.0,55.0
63636873,5.0,45.0
63642191,5.0,22.0
63648216,12.0,10.0
63648399,12.0,45.0
63659663,9.0,18.0
63664156,12.0,90.0
63669928,12.0,47.0
63672193,21.0,60.0
63684520,17.0,29.0
63692892,12.0,51.0
63692940,12.0,17.0
63695003,12.0,2.0
63696416,12.0,37.0
63705587,9.0,18.0
63708847,12.0,8.0
63716374,12.0,25.0
63716952,10.0,18.0
63722752,0.0,36.0
63725317,17.0,29.0
63727536,0.0,2.0
63728869,12.0,63.0
63740197,10.0,84.0
63742774,19.0,29.0
63748937,10.0,2.0
63749335,20.0,17.0
63752923,19.0,73.0
63752982,4.0,2.0
63757729,21.0,60.0
63757766,21.0,49.0
63761952,12.0,61.0
63764688,4.0,61.0
63765862,9.0,9.0
63770938,20.0,66.0
63773580,9.0,17.0
63774401,21.0,2.0
63788044,4.0,17.0
63792764,5.0,60.0
63796851,7.0,18.0
63798186,17.0,84.0
63811597,17.0,2.0
63812320,19.0,2.0
63813021,20.0,17.0
63813123,21.0,90.0
63816782,21.0,41.0
63822204,17.0,37.0
63829959,10.0,62.0
63831854,4.0,2.0
63832595,21.0,21.0
63832649,9.0,33.0
63832871,9.0,2.0
63833870,17.0,63.0
63844169,9.0,36.0
63849371,21.0,60.0
63852553,17.0,70.0
63852576,21.0,84.0
63855383,4.0,18.0
63861865,20.0,18.0
63864215,20.0,24.0
63865958,17.0,59.0
63888557,4.0,2.0
63891233,0.0,33.0
63901077,21.0,61.0
63901373,20.0,75.0
63910903,17.0,2.0
63912912,0.0,61.0
63913786,20.0,60.0
63922801,17.0,76.0
63926357,9.0,18.0
63929773,17.0,36.0
63934591,5.0,59.0
63944651,17.0,25.0
63945359,21.0,10.0
63952760,21.0,67.0
63953477,12.0,9.0
63953608,12.0,60.0
63956033,0.0,90.0
63966314,12.0,18.0
63966873,18.0,11.0
63977712,12.0,59.0
63979159,12.0,90.0
63985300,12.0,2.0
63985777,17.0,82.0
63988685,12.0,86.0
63989948,7.0,44.0
63994218,20.0,90.0
63995965,19.0,60.0
64001722,9.0,24.0
64012494,21.0,59.0
64015814,10.0,35.0
64020767,12.0,4.0
64027269,21.0,2.0
64035511,4.0,60.0
64036547,4.0,2.0
64037579,21.0,2.0
64042867,17.0,37.0
64044643,17.0,88.0
64055671,21.0,38.0
64059235,19.0,32.0
64061976,4.0,53.0
64071678,9.0,60.0
64077990,7.0,59.0
64079731,12.0,36.0
64087464,19.0,72.0
64093646,5.0,2.0
64094327,12.0,45.0
64094872,17.0,66.0
64098526,9.0,54.0
64101380,21.0,8.0
64101574,20.0,36.0
64102747,17.0,2.0
64103091,10.0,60.0
64105924,12.0,55.0
64106843,12.0,2.0
64109088,9.0,2.0
64116319,12.0,2.0
64119127,21.0,60.0
64120570,20.0,13.0
64121434,12.0,48.0
64123743,21.0,90.0
64124286,20.0,37.0
64127701,19.0,7.0
64128831,17.0,70.0
64139525,12.0,60.0
64139753,7.0,29.0
64140738,9.0,82.0
64143180,9.0,55.0
64154768,17.0,4.0
64154978,12.0,5.0
64158400,12.0,60.0
64163164,19.0,2.0
64166079,12.0,64.0
64172999,21.0,90.0
64177088,5.0,90.0
64178361,21.0,60.0
64181136,17.0,90.0
64181189,19.0,2.0
64182049,19.0,85.0
64184234,19.0,84.0
64191026,0.0,72.0
64191239,12.0,13.0
64198577,9.0,2.0
64199238,21.0,15.0
64199255,12.0,2.0
64200022,21.0,60.0
64208807,12.0,2.0
64223703,21.0,53.0
64224941,4.0,59.0
64227252,17.0,36.0
64230165,21.0,83.0
64231892,20.0,18.0
64234956,19.0,28.0
64238771,9.0,24.0
64239739,17.0,90.0
64243004,4.0,24.0
64257047,0.0,15.0
64261856,20.0,36.0
64276654,19.0,2.0
64288124,19.0,18.0
64290658,20.0,24.0
64291488,12.0,67.0
64291710,20.0,90.0
64294363,10.0,24.0
64295944,17.0,63.0
64297630,17.0,23.0
64298256,12.0,38.0
64302110,1.0,2.0
64314757,17.0,23.0
64315520,4.0,33.0
64321353,12.0,2.0
64327048,10.0,60.0
64338002,21.0,2.0
64338775,21.0,13.0
64339799,17.0,2.0
64343823,5.0,11.0
64353900,17.0,21.0
64358693,19.0,60.0
64364853,4.0,60.0
64365453,12.0,60.0
64367173,9.0,58.0
64375269,12.0,90.0
64379610,12.0,36.0
64383975,4.0,73.0
64388231,21.0,56.0
64404973,20.0,32.0
64411642,12.0,90.0
64413620,19.0,12.0
64415739,9.0,84.0
64425741,5.0,56.0
64426061,19.0,71.0
64437281,12.0,51.0
64437663,9.0,81.0
64443379,9.0,21.0
64448083,19.0,60.0
64457426,18.0,60.0
64457944,9.0,18.0
64465306,17.0,2.0
64469263,17.0,43.0
64472279,17.0,2.0
64475328,12.0,60.0
64478509,17.0,36.0
64482352,20.0,2.0
64485829,21.0,18.0
64487982,0.0,58.0
64492446,12.0,2.0
64516893,4.0,24.0
64517077,9.0,29.0
64521028,19.0,36.0
64531603,17.0,60.0
64532423,19.0,64.0
64533935,9.0,9.0
64534066,20.0,11.0
64534726,21.0,87.0
64542571,5.0,63.0
64544966,9.0,60.0
64547803,19.0,51.0
64555297,21.0,53.0
64557412,21.0,2.0
64559612,17.0,24.0
64560032,5.0,82.0
64560483,17.0,2.0
64563251,12.0,15.0
64566078,19.0,2.0
64569673,12.0,59.0
64583926,21.0,2.0
64585208,19.0,7.0
64595306,9.0,60.0
64600541,19.0,27.0
64608218,9.0,64.0
64613693,21.0,49.0
64616327,0.0,61.0
64619418,9.0,51.0
64622579,9.0,2.0
64625682,21.0,83.0
64628658,4.0,54.0
64628850,12.0,2.0
64628862,9.0,67.0
64632233,21.0,66.0
64649230,4.0,37.0
64655760,5.0,13.0
64657675,12.0,81.0
64659749,21.0,37.0
64667926,17.0,36.0
64684946,21.0,60.0
64688971,4.0,82.0
64691304,10.0,90.0
64691563,21.0,67.0
64694154,12.0,23.0
64695854,21.0,25.0
64698997,17.0,2.0
64703888,17.0,2.0
64705683,0.0,2.0
64709381,20.0,90.0
64710758,5.0,48.0
64711153,4.0,90.0
64718971,17.0,52.0
64724040,4.0,17.0
64725101,12.0,88.0
64727013,20.0,2.0
64729868,17.0,2.0
64729966,17.0,2.0
64732324,21.0,59.0
64733317,20.0,81.0
64733664,12.0,2.0
64735233,20.0,35.0
64742286,12.0,2.0
64748055,9.0,37.0
64761201,21.0,54.0
64769387,12.0,0.0
64771088,9.0,13.0
64778731,5.0,2.0
64781483,9.0,17.0
64782184,4.0,17.0
64782901,12.0,2.0
64783977,9.0,61.0
64789843,17.0,18.0
64790199,7.0,59.0
64796702,20.0,7.0
64798907,19.0,13.0
64815310,20.0,36.0
64820478,12.0,84.0
64822954,4.0,2.0
64824265,20.0,25.0
64825322,17.0,2.0
64839874,21.0,56.0
64841529,7.0,
64842576,20.0,60.0
64844002,0.0,25.0
64866096,12.0,18.0
64875997,20.0,2.0
64896043,4.0,74.0
64896911,17.0,60.0
64898646,7.0,21.0
64901953,17.0,60.0
64902121,19.0,7.0
64905895,20.0,90.0
64906319,20.0,31.0
64913574,21.0,50.0
64914555,9.0,90.0
64923850,12.0,35.0
64931492,9.0,37.0
64933970,17.0,24.0
64934408,9.0,23.0
64936318,12.0,0.0
64941018,4.0,60.0
64949244,9.0,24.0
64953187,20.0,29.0
64954800,10.0,2.0
64967830,9.0,60.0
64972194,21.0,2.0
64984570,9.0,53.0
64989265,19.0,24.0
64998979,10.0,25.0
65011708,19.0,85.0
65012998,19.0,72.0
65015078,5.0,60.0
65017261,7.0,60.0
65017400,18.0,51.0
65020403,12.0,90.0
65021405,17.0,17.0
65024958,21.0,84.0
65024959,12.0,36.0
65027193,19.0,84.0
65029771,5.0,73.0
65032734,12.0,51.0
65035748,20.0,18.0
65041094,21.0,25.0
65047694,0.0,18.0
65061198,5.0,24.0
65068623,17.0,79.0
65073394,9.0,2.0
65078462,17.0,29.0
65079452,12.0,60.0
65087308,21.0,2.0
65088234,20.0,60.0
65089283,5.0,25.0
65091592,5.0,29.0
65104258,19.0,38.0
65104547,21.0,5.0
65108935,7.0,23.0
65120238,9.0,82.0
65120444,4.0,60.0
65123246,1.0,2.0
65125580,21.0,18.0
65126745,17.0,2.0
65136640,21.0,2.0
65144149,17.0,5.0
65147815,21.0,29.0
65148861,12.0,2.0
65149723,19.0,15.0
65153208,5.0,18.0
65154286,12.0,18.0
65155489,19.0,85.0
65164379,21.0,61.0
65166379,20.0,60.0
65170897,4.0,0.0
65174828,10.0,60.0
65176271,21.0,55.0
65178708,12.0,18.0
65181917,0.0,73.0
65189216,9.0,2.0
65195025,12.0,15.0
65197875,0.0,59.0
65201616,7.0,85.0
65207589,21.0,81.0
65209109,20.0,59.0
65209903,20.0,18.0
65213865,17.0,2.0
65218469,12.0,24.0
65220677,12.0,90.0
65225293,20.0,28.0
65237671,17.0,60.0
65248394,9.0,17.0
65252250,21.0,2.0
65257297,17.0,2.0
65260561,5.0,2.0
65261320,21.0,63.0
65268843,12.0,25.0
65273259,9.0,2.0
65277652,9.0,46.0
65282817,21.0,25.0
65286326,21.0,59.0
65288975,9.0,76.0
65290715,9.0,71.0
65311014,12.0,51.0
65315045,17.0,41.0
65315167,9.0,90.0
65322310,5.0,25.0
65322951,0.0,42.0
65325113,20.0,42.0
65328095,9.0,22.0
65328772,10.0,2.0
65335519,17.0,2.0
65349015,20.0,85.0
65349549,21.0,29.0
65351371,20.0,60.0
65357710,20.0,2.0
65375705,20.0,11.0
65377949,21.0,43.0
65380750,19.0,36.0
65382974,7.0,2.0
65388172,9.0,60.0
65388839,20.0,90.0
65389891,17.0,67.0
65390916,17.0,52.0
65395003,21.0,29.0
65395402,9.0,15.0
65396819,9.0,18.0
65404372,20.0,2.0
65406058,17.0,60.0
65408288,5.0,67.0
65409150,5.0,90.0
65412058,17.0,9.0
65414170,12.0,2.0
65416522,12.0,17.0
65422041,7.0,18.0
65424757,0.0,83.0
65426335,20.0,60.0
65427955,21.0,78.0
65436400,17.0,2.0
65437146,5.0,59.0
65437748,21.0,2.0
65444285,10.0,59.0
65447255,17.0,70.0
65448750,4.0,24.0
65451553,0.0,36.0
65452727,21.0,29.0
65455281,19.0,60.0
65457293,20.0,49.0
65460638,19.0,59.0
65462265,10.0,29.0
65485462,9.0,70.0
65493906,4.0,21.0
65497276,12.0,28.0
65499288,12.0,60.0
65504571,20.0,2.0
65506831,5.0,2.0
65509321,12.0,8.0
65512429,4.0,2.0
65515248,20.0,60.0
65519570,2.0,60.0
65519745,4.0,2.0
65525924,19.0,24.0
65526888,21.0,29.0
65530141,9.0,2.0
65536326,5.0,15.0
65536757,12.0,2.0
65541339,21.0,24.0
65545865,12.0,72.0
65547600,12.0,70.0
65555595,20.0,2.0
65561211,12.0,2.0
65568269,20.0,4.0
65569151,4.0,84.0
65569345,4.0,60.0
65572302,17.0,51.0
65572547,17.0,2.0
65572773,17.0,85.0
65578744,7.0,12.0
65582878,12.0,59.0
65587639,20.0,2.0
65591353,19.0,81.0
65601568,10.0,2.0
65605169,19.0,60.0
65616145,20.0,85.0
65622093,12.0,10.0
65623538,21.0,2.0
65636755,19.0,76.0
65641224,4.0,60.0
65656266,17.0,73.0
65656786,21.0,2.0
65656898,12.0,84.0
65657487,20.0,67.0
65658184,21.0,2.0
65662197,17.0,4.0
65675764,9.0,59.0
65676801,20.0,43.0
65684008,12.0,2.0
65684268,12.0,64.0
65686439,17.0,2.0
65689154,17.0,49.0
65698043,17.0,15.0
65702028,18.0,41.0
65703591,20.0,26.0
65707772,17.0,17.0
65707977,21.0,85.0
65709280,4.0,32.0
65709675,4.0,38.0
65723205,19.0,61.0
65725931,19.0,61.0
65726165,20.0,15.0
65735902,17.0,17.0
65736967,17.0,84.0
65738461,9.0,18.0
65741841,20.0,2.0
65741898,7.0,32.0
65751122,21.0,39.0
65759286,5.0,52.0
65769962,0.0,63.0
65773892,21.0,59.0
65782174,10.0,72.0
65783379,12.0,2.0
65783577,17.0,2.0
65785049,20.0,22.0
65790774,12.0,29.0
65806075,19.0,2.0
65821939,19.0,48.0
65829946,19.0,2.0
65834862,12.0,17.0
65848377,7.0,33.0
65851182,4.0,29.0
65854911,21.0,56.0
65865124,19.0,60.0
65874288,9.0,11.0
65876379,18.0,59.0
65877386,0.0,2.0
65884944,20.0,2.0
65895171,4.0,60.0
65906393,4.0,66.0
65907266,18.0,28.0
65912930,12.0,28.0
65921923,17.0,29.0
65930027,17.0,7.0
65941929,19.0,59.0
65953557,17.0,60.0
65954169,21.0,29.0
65961400,19.0,11.0
65964607,20.0,85.0
65970028,9.0,2.0
65970760,12.0,11.0
65970951,10.0,28.0
65971286,20.0,17.0
65977908,12.0,90.0
65986012,9.0,60.0
65989168,19.0,59.0
65990470,18.0,25.0
65991414,21.0,64.0
65993939,20.0,2.0
65999070,19.0,25.0
66001710,12.0,84.0
66006973,4.0,38.0
66022324,10.0,72.0
66032723,21.0,2.0
66033069,10.0,71.0
66036072,12.0,61.0
66042575,17.0,17.0
66045794,5.0,24.0
66050604,21.0,2.0
66063157,21.0,47.0
66065733,20.0,49.0
66071124,17.0,24.0
66072642,19.0,55.0
66076201,17.0,17.0
66077094,10.0,15.0
66078074,0.0,61.0
66079858,12.0,24.0
66080753,5.0,64.0
66102738,17.0,17.0
66103096,19.0,89.0
66106996,17.0,81.0
66108064,10.0,90.0
66109744,20.0,2.0
66114500,0.0,72.0
66116673,21.0,89.0
66121864,12.0,55.0
66126928,12.0,90.0
66138442,21.0,2.0
66139286,10.0,83.0
66141734,12.0,36.0
66144945,19.0,85.0
66156467,4.0,82.0
66169051,12.0,2.0
66177758,17.0,86.0
66186374,21.0,88.0
66195054,21.0,85.0
66197272,20.0,83.0
66200345,9.0,60.0
66202906,20.0,64.0
66205744,9.0,90.0
66210578,9.0,27.0
66217714,20.0,24.0
66230909,17.0,90.0
66231623,12.0,2.0
66237319,9.0,60.0
66239166,4.0,64.0
66253452,21.0,24.0
66255759,7.0,7.0
66256159,20.0,41.0
66263818,7.0,2.0
66269212,12.0,2.0
66278218,21.0,17.0
66283942,20.0,56.0
66292006,21.0,55.0
66293637,21.0,7.0
66296044,9.0,9.0
66298874,20.0,54.0
66299395,20.0,18.0
66300267,12.0,61.0
66310820,4.0,63.0
66314370,12.0,57.0
66315188,12.0,41.0
66320050,4.0,2.0
66320988,21.0,61.0
66333839,12.0,37.0
66339449,17.0,44.0
66352940,21.0,2.0
66367557,12.0,2.0
66375296,17.0,77.0
66377276,21.0,2.0
66378517,21.0,28.0
66383688,21.0,2.0
66387266,9.0,66.0
66389964,19.0,17.0
66392501,20.0,2.0
66394070,21.0,2.0
66395801,17.0,90.0
66397525,19.0,82.0
66398453,0.0,21.0
66407208,17.0,25.0
66412244,17.0,40.0
66415243,21.0,38.0
66416575,5.0,86.0
66423700,9.0,7.0
66430857,21.0,2.0
66434529,21.0,37.0
66434692,5.0,2.0
66440396,9.0,6.0
66442930,9.0,81.0
66447160,17.0,8.0
66451197,17.0,15.0
66454079,17.0,29.0
66454229,12.0,67.0
66464966,17.0,63.0
66470138,12.0,2.0
66472839,9.0,21.0
66473265,5.0,2.0
66478531,20.0,37.0
66487894,12.0,18.0
66490983,17.0,90.0
66495993,12.0,90.0
66504750,12.0,36.0
66516221,10.0,72.0
66516235,12.0,52.0
66523248,9.0,59.0
66526785,21.0,2.0
66530337,17.0,2.0
66532390,7.0,60.0
66534735,12.0,60.0
66535539,12.0,9.0
66542918,20.0,61.0
66543521,21.0,29.0
66544943,12.0,61.0
66551266,21.0,2.0
66551789,9.0,72.0
66553877,0.0,72.0
66561004,19.0,60.0
66562833,12.0,64.0
66565190,21.0,67.0
66577008,21.0,67.0
66577115,17.0,88.0
66579048,4.0,61.0
66579138,19.0,60.0
66586471,17.0,61.0
66587198,10.0,2.0
66593883,12.0,17.0
66610495,21.0,81.0
66612897,20.0,52.0
66615630,9.0,13.0
66615996,20.0,60.0
66617574,9.0,85.0
66632424,12.0,7.0
66642216,9.0,18.0
66653767,7.0,42.0
66654630,12.0,2.0
66654962,12.0,71.0
66658535,12.0,60.0
66660652,17.0,2.0
66662911,17.0,17.0
66664107,0.0,24.0
66668744,12.0,2.0
66677421,9.0,17.0
66678659,21.0,60.0
66683975,0.0,42.0
66685153,9.0,2.0
66685864,21.0,37.0
66703441,0.0,49.0
66706677,12.0,60.0
66712001,19.0,23.0
66714576,19.0,24.0
66721949,21.0,29.0
66723607,19.0,23.0
66725833,12.0,90.0
66726573,17.0,2.0
66733152,21.0,27.0
66736610,21.0,2.0
66740386,12.0,60.0
66743594,4.0,56.0
66744046,19.0,81.0
66754158,21.0,2.0
66760659,19.0,60.0
66764069,19.0,2.0
66773562,5.0,17.0
66773698,20.0,2.0
66780106,21.0,2.0
66784310,1.0,76.0
66787287,12.0,21.0
66788901,9.0,24.0
66789678,4.0,2.0
66790974,20.0,54.0
66791113,20.0,11.0
66794722,9.0,61.0
66804027,20.0,60.0
66804116,9.0,1.0
66807084,0.0,72.0
66810838,21.0,60.0
66811145,12.0,2.0
66815946,5.0,86.0
66829869,0.0,90.0
66831120,20.0,60.0
66837172,9.0,90.0
66837782,19.0,61.0
66838202,21.0,24.0
66842775,17.0,2.0
66843312,17.0,60.0
66843588,9.0,2.0
66848200,12.0,60.0
66853187,9.0,17.0
66863355,21.0,18.0
66872625,17.0,2.0
66876281,12.0,2.0
66877532,17.0,75.0
66886989,12.0,2.0
66888239,21.0,60.0
66888543,12.0,46.0
66894326,21.0,23.0
66895383,19.0,60.0
66906081,12.0,82.0
66908304,12.0,60.0
66908776,20.0,59.0
66909365,5.0,5.0
66911064,17.0,46.0
66914290,18.0,56.0
66914872,12.0,24.0
66915132,20.0,24.0
66919207,17.0,25.0
66919238,18.0,33.0
66920906,0.0,73.0
66928876,17.0,76.0
66931542,7.0,45.0
66939304,9.0,63.0
66946060,20.0,82.0
66946728,7.0,42.0
66946805,17.0,2.0
66946899,10.0,36.0
66949271,21.0,35.0
66952087,5.0,2.0
66952949,18.0,83.0
66955584,21.0,90.0
66957239,20.0,15.0
66964626,21.0,2.0
66975516,10.0,90.0
66976455,12.0,57.0
66976577,4.0,2.0
66988481,7.0,90.0
66988892,17.0,2.0
66990037,19.0,2.0
66990394,21.0,2.0
66993915,17.0,18.0
67002421,21.0,73.0
67014356,20.0,67.0
67019849,19.0,21.0
67029181,12.0,36.0
67040772,7.0,23.0
67048984,20.0,17.0
67055448,19.0,2.0
67065971,9.0,60.0
67068743,0.0,37.0
67075940,7.0,15.0
67077659,9.0,29.0
67080081,20.0,63.0
67090408,17.0,60.0
67092102,20.0,36.0
67105356,21.0,2.0
67105623,4.0,11.0
67111052,21.0,53.0
67113188,21.0,76.0
67118506,12.0,84.0
67119987,10.0,36.0
67123048,12.0,55.0
67125586,9.0,36.0
67140283,7.0,90.0
67146409,17.0,60.0
67146702,21.0,2.0
67158741,17.0,59.0
67159738,21.0,61.0
67160928,9.0,17.0
67165394,20.0,11.0
67168457,17.0,48.0
67168857,9.0,60.0
67172663,4.0,54.0
67172963,12.0,2.0
67182690,21.0,70.0
67187097,20.0,59.0
67189046,0.0,63.0
67196242,9.0,59.0
67201957,9.0,59.0
67209116,9.0,61.0
67212995,12.0,82.0
67217852,21.0,25.0
67228592,17.0,2.0
67228829,9.0,11.0
67232239,0.0,29.0
67237845,17.0,32.0
67240792,17.0,2.0
67243347,0.0,36.0
67247075,17.0,2.0
67248206,20.0,2.0
67260109,21.0,17.0
67270820,12.0,29.0
67281146,21.0,60.0
67290332,10.0,2.0
67290930,12.0,53.0
67292212,12.0,2.0
67295367,12.0,18.0
67315212,5.0,90.0
67321757,7.0,60.0
67326809,17.0,51.0
67328847,12.0,2.0
67331359,4.0,25.0
67336407,20.0,29.0
67339443,10.0,15.0
67353292,12.0,54.0
67359732,9.0,64.0
67361408,17.0,90.0
67363826,19.0,15.0
67384123,20.0,82.0
67386849,20.0,18.0
67386887,12.0,2.0
67391722,12.0,24.0
67393380,12.0,28.0
67397220,17.0,32.0
67417922,12.0,27.0
67420594,5.0,89.0
67422132,17.0,55.0
67422936,17.0,2.0
67436273,21.0,29.0
67441794,12.0,2.0
67447170,9.0,29.0
67447653,9.0,35.0
67450964,4.0,17.0
67454240,5.0,82.0
67454293,12.0,4.0
67462721,2.0,59.0
67466612,21.0,29.0
67467931,10.0,9.0
67467978,21.0,2.0
67469114,19.0,50.0
67474855,9.0,60.0
67476214,17.0,76.0
67484371,17.0,72.0
67485412,17.0,1.0
67485887,12.0,2.0
67500553,21.0,2.0
67503844,9.0,86.0
67514850,19.0,82.0
67516962,17.0,87.0
67517389,17.0,55.0
67521329,10.0,37.0
67521917,9.0,59.0
67529872,21.0,2.0
67538873,21.0,17.0
67540158,19.0,60.0
67542443,12.0,2.0
67558343,17.0,2.0
67566530,4.0,11.0
67566706,17.0,2.0
67568614,12.0,18.0
67569181,12.0,47.0
67583916,5.0,60.0
67587062,9.0,51.0
67587797,12.0,2.0
67596089,10.0,2.0
67598654,21.0,60.0
67601250,17.0,2.0
67631364,5.0,24.0
67637016,21.0,67.0
67640881,21.0,61.0
67642283,7.0,54.0
67642652,21.0,2.0
67643357,12.0,24.0
67643554,19.0,10.0
67651567,2.0,90.0
67655242,19.0,2.0
67655752,20.0,21.0
67656526,19.0,17.0
67656917,10.0,54.0
67660935,12.0,49.0
67667623,9.0,37.0
67668239,19.0,60.0
67676640,12.0,29.0
67684186,17.0,24.0
67684376,17.0,29.0
67684707,21.0,63.0
67690869,17.0,2.0
67696372,12.0,2.0
67702780,12.0,42.0
67707461,21.0,2.0
67709431,4.0,60.0
67712211,18.0,87.0
67714137,20.0,12.0
67716898,5.0,46.0
67731426,20.0,2.0
67740820,20.0,60.0
67746648,17.0,47.0
67754329,17.0,2.0
67758271,21.0,18.0
67765185,20.0,61.0
67772681,0.0,2.0
67779556,12.0,2.0
67783067,12.0,2.0
67786711,4.0,72.0
67793161,9.0,2.0
67798339,9.0,88.0
67801065,21.0,60.0
67810309,21.0,53.0
67828778,21.0,18.0
67835870,9.0,88.0
67839249,5.0,90.0
67841752,12.0,45.0
67845285,9.0,24.0
67846363,12.0,11.0
67854026,17.0,44.0
67867784,17.0,72.0
67869119,17.0,70.0
67877041,7.0,60.0
67897010,17.0,59.0
67899706,12.0,60.0
67907750,17.0,38.0
67911729,20.0,82.0
67913098,19.0,85.0
67914322,4.0,67.0
67919435,9.0,59.0
67925035,17.0,90.0
67934956,0.0,15.0
67938881,12.0,10.0
67948254,21.0,36.0
67951591,12.0,71.0
67953221,10.0,33.0
67954750,12.0,2.0
67961746,21.0,60.0
67963489,17.0,2.0
67963768,17.0,90.0
67965786,21.0,60.0
67970198,12.0,2.0
67973740,21.0,84.0
67975781,20.0,90.0
67976025,9.0,2.0
67977048,12.0,50.0
67978742,21.0,10.0
67995156,4.0,67.0
68000849,12.0,55.0
68006675,0.0,2.0
68009260,17.0,59.0
68009589,4.0,63.0
68010031,5.0,36.0
68011007,12.0,60.0
68016876,12.0,82.0
68024169,12.0,59.0
68028190,12.0,2.0
68031181,12.0,2.0
68037716,19.0,59.0
68039061,17.0,2.0
68043825,4.0,81.0
68053557,17.0,60.0
68069752,17.0,2.0
68072712,21.0,41.0
68075286,19.0,32.0
68077829,9.0,17.0
68077866,9.0,9.0
68079762,19.0,41.0
68084549,17.0,85.0
68090104,9.0,2.0
68090407,17.0,25.0
68091621,17.0,50.0
68094016,17.0,17.0
68099372,21.0,24.0
68102031,21.0,15.0
68103977,20.0,40.0
68105340,9.0,15.0
68110831,19.0,85.0
68110981,5.0,82.0
68121255,21.0,67.0
68127214,17.0,2.0
68133710,20.0,61.0
68169607,17.0,60.0
68171691,12.0,2.0
68174569,12.0,60.0
68176325,17.0,2.0
68189081,19.0,2.0
68189533,5.0,51.0
68197676,20.0,64.0
68198225,7.0,53.0
68204130,5.0,2.0
68205994,7.0,36.0
68213027,17.0,2.0
68220322,20.0,78.0
68220906,20.0,24.0
68225465,17.0,2.0
68226086,21.0,35.0
68227137,19.0,41.0
68227603,0.0,72.0
68233929,20.0,2.0
68263885,9.0,67.0
68267450,21.0,55.0
68270472,21.0,81.0
68271105,9.0,7.0
68276373,17.0,61.0
68278311,12.0,24.0
68285562,17.0,2.0
68288820,9.0,47.0
68292394,20.0,72.0
68312414,12.0,53.0
68317041,19.0,2.0
68317173,17.0,2.0
68319965,9.0,2.0
68320788,10.0,90.0
68321754,7.0,11.0
68328462,0.0,52.0
68331506,19.0,17.0
68334390,21.0,11.0
68336030,10.0,2.0
68338292,17.0,59.0
68349623,9.0,70.0
68351402,7.0,70.0
68351718,19.0,2.0
68354263,17.0,2.0
68355923,21.0,71.0
68366262,17.0,90.0
68371452,4.0,2.0
68383993,21.0,2.0
68384434,21.0,37.0
68385365,17.0,2.0
68394079,19.0,16.0
68394905,5.0,29.0
68396762,21.0,24.0
68399807,12.0,11.0
68401779,21.0,90.0
68405947,17.0,88.0
68406899,5.0,21.0
68409933,12.0,31.0
68427318,21.0,59.0
68431233,9.0,29.0
68432356,21.0,29.0
68437217,17.0,42.0
68438029,4.0,42.0
68447619,21.0,41.0
68449188,9.0,88.0
68455566,5.0,24.0
68455916,10.0,3.0
68459251,12.0,87.0
68459631,20.0,2.0
68460720,5.0,83.0
68462059,21.0,67.0
68464936,12.0,2.0
68465223,21.0,29.0
68489229,4.0,17.0
68491603,21.0,24.0
68496526,9.0,72.0
68502412,12.0,90.0
68520772,21.0,55.0
68521394,17.0,70.0
68525918,0.0,72.0
68529183,4.0,60.0
68536237,12.0,60.0
68536566,10.0,67.0
68556805,0.0,36.0
68563305,9.0,41.0
68563890,17.0,36.0
68564697,12.0,17.0
68567138,12.0,24.0
68569372,17.0,55.0
68569437,17.0,18.0
68587505,17.0,2.0
68596732,20.0,81.0
68598747,12.0,81.0
68598799,21.0,2.0
68599910,12.0,60.0
68614709,5.0,59.0
68615524,0.0,0.0
68615727,12.0,36.0
68618964,17.0,79.0
68619284,10.0,73.0
68625310,19.0,4.0
68627631,9.0,8.0
68628409,17.0,72.0
68629721,10.0,14.0
68632682,7.0,60.0
68633390,17.0,76.0
68649969,12.0,90.0
68655915,20.0,54.0
68661661,21.0,38.0
68663898,4.0,2.0
68664816,17.0,2.0
68668989,4.0,60.0
68669809,20.0,85.0
68670344,12.0,60.0
68670560,17.0,90.0
68671330,19.0,23.0
68672533,20.0,17.0
68678708,10.0,24.0
68680274,21.0,53.0
68680737,9.0,3.0
68685039,17.0,56.0
68689465,12.0,2.0
68690133,21.0,85.0
68691601,20.0,17.0
68696885,10.0,59.0
68702735,12.0,27.0
68710321,2.0,24.0
68712881,9.0,65.0
68713461,21.0,2.0
68714233,4.0,84.0
68715883,21.0,85.0
68720803,0.0,40.0
68722208,4.0,88.0
68726043,21.0,56.0
68726556,9.0,2.0
68728740,12.0,76.0
68736850,9.0,90.0
68744693,21.0,67.0
68748135,5.0,7.0
68750334,17.0,28.0
68751804,17.0,24.0
68752266,12.0,60.0
68756821,17.0,11.0
68756997,9.0,60.0
68757358,5.0,59.0
68758360,19.0,83.0
68758619,19.0,2.0
68767993,10.0,59.0
68770091,19.0,38.0
68782489,19.0,50.0
68790262,20.0,89.0
68791857,9.0,18.0
68793241,9.0,63.0
68796020,5.0,11.0
68800008,21.0,2.0
68801075,9.0,56.0
68811446,9.0,61.0
68817574,21.0,85.0
68821972,20.0,88.0
68823464,21.0,29.0
68826018,10.0,60.0
68843937,0.0,36.0
68864311,12.0,67.0
68869614,17.0,60.0
68872170,19.0,17.0
68892470,18.0,37.0
68895361,21.0,60.0
68895543,12.0,2.0
68895589,17.0,2.0
68897644,20.0,12.0
68899765,21.0,12.0
68900955,9.0,18.0
68901506,20.0,36.0
68901894,4.0,34.0
68903250,9.0,18.0
68904787,17.0,61.0
68906057,9.0,60.0
68908241,19.0,59.0
68910732,21.0,2.0
68912401,20.0,63.0
68916277,4.0,60.0
68928858,17.0,59.0
68932390,12.0,2.0
68934458,20.0,8.0
68937940,17.0,55.0
68950429,9.0,18.0
68952721,19.0,2.0
68963885,17.0,2.0
68981534,12.0,17.0
68986550,12.0,41.0
68994451,17.0,2.0
68997878,17.0,90.0
69002619,17.0,23.0
69003752,12.0,61.0
69019362,21.0,17.0
69019517,17.0,59.0
69025340,5.0,8.0
69043112,9.0,90.0
69057216,9.0,88.0
69063573,17.0,90.0
69069565,12.0,46.0
69072689,20.0,55.0
69074440,12.0,88.0
69078630,9.0,70.0
69084827,21.0,2.0
69088687,20.0,81.0
69096361,17.0,84.0
69098372,4.0,90.0
69102495,12.0,17.0
69105841,12.0,2.0
69108805,12.0,2.0
69123081,21.0,29.0
69128497,12.0,2.0
69128816,17.0,70.0
69129057,20.0,77.0
69129693,9.0,63.0
69132952,12.0,2.0
69135243,4.0,90.0
69136064,21.0,18.0
69137166,4.0,66.0
69139141,17.0,24.0
69139615,20.0,18.0
69140553,12.0,2.0
69143409,4.0,37.0
69149343,17.0,60.0
69150286,20.0,49.0
69157745,20.0,82.0
69160173,12.0,2.0
69162948,20.0,81.0
69164271,17.0,41.0
69171414,12.0,2.0
69174884,20.0,60.0
69176306,12.0,83.0
69181016,21.0,60.0
69183298,21.0,37.0
69183912,21.0,2.0
69184865,21.0,2.0
69188771,9.0,24.0
69189054,20.0,25.0
69207598,21.0,24.0
69207864,9.0,2.0
69215277,20.0,51.0
69218094,19.0,15.0
69221418,19.0,90.0
69228181,21.0,2.0
69230335,9.0,88.0
69230741,21.0,73.0
69230774,20.0,56.0
69234013,12.0,85.0
69239257,20.0,17.0
69240510,12.0,7.0
69245142,5.0,13.0
69245605,10.0,72.0
69246346,12.0,90.0
69253337,21.0,86.0
69258085,10.0,25.0
69260137,20.0,11.0
69264758,17.0,13.0
69275854,20.0,82.0
69283647,5.0,59.0
69287433,4.0,2.0
69291589,0.0,90.0
69294847,19.0,63.0
69295625,20.0,11.0
69296694,21.0,2.0
69305545,20.0,2.0
69306454,9.0,60.0
69308315,21.0,17.0
69311615,20.0,6.0
69315406,9.0,24.0
69318022,7.0,36.0
69318293,17.0,90.0
69318771,20.0,18.0
69320473,9.0,16.0
69326366,10.0,32.0
69340071,9.0,90.0
69360640,12.0,85.0
69363310,17.0,11.0
69365185,17.0,2.0
69365349,5.0,2.0
69372197,9.0,13.0
69386301,20.0,2.0
69386704,4.0,2.0
69393464,0.0,8.0
69402875,12.0,32.0
69405105,21.0,53.0
69405608,19.0,60.0
69407925,4.0,59.0
69409053,21.0,84.0
69413491,20.0,61.0
69419704,5.0,84.0
69420084,20.0,55.0
69425926,12.0,60.0
69430933,0.0,63.0
69432179,12.0,15.0
69436078,5.0,50.0
69440509,17.0,2.0
69441050,4.0,90.0
69443922,12.0,2.0
69447183,12.0,82.0
69451100,4.0,87.0
69455900,21.0,33.0
69466053,12.0,15.0
69473732,19.0,15.0
69481163,4.0,29.0
69492662,9.0,70.0
69499341,17.0,60.0
69500146,12.0,0.0
69500262,19.0,60.0
69506439,12.0,2.0
69509674,20.0,18.0
69510472,17.0,2.0
69513863,4.0,36.0
69515312,0.0,42.0
69523033,12.0,2.0
69524095,12.0,2.0
69527688,21.0,29.0
69529112,12.0,2.0
69530255,20.0,60.0
69533834,21.0,11.0
69537111,21.0,21.0
69539881,17.0,5.0
69547137,9.0,60.0
69548186,20.0,57.0
69568701,10.0,71.0
69570993,21.0,2.0
69571403,12.0,2.0
69575580,9.0,60.0
69581034,20.0,6.0
69585466,12.0,10.0
69594679,20.0,18.0
69604066,19.0,2.0
69604447,12.0,59.0
69608323,12.0,52.0
69610292,0.0,72.0
69614008,5.0,90.0
69615767,19.0,81.0
69621717,12.0,17.0
69622525,12.0,2.0
69631371,21.0,55.0
69645675,12.0,24.0
69650928,7.0,2.0
69651922,17.0,2.0
69653223,17.0,60.0
69653962,4.0,1.0
69654645,20.0,6.0
69657833,12.0,33.0
69661140,20.0,28.0
69662216,4.0,2.0
69663101,20.0,60.0
69672592,20.0,59.0
69673710,21.0,64.0
69676243,12.0,51.0
69680447,21.0,60.0
69684414,9.0,60.0
69687312,21.0,41.0
69689237,21.0,85.0
69690157,0.0,15.0
69698659,17.0,13.0
69701831,5.0,2.0
69702727,17.0,2.0
69710623,20.0,35.0
69724136,12.0,76.0
69728307,12.0,60.0
69728456,21.0,2.0
69729452,21.0,60.0
69744586,17.0,59.0
69747419,12.0,60.0
69751582,17.0,2.0
69759176,9.0,18.0
69764520,12.0,2.0
69765774,4.0,2.0
69769750,12.0,2.0
69777201,5.0,60.0
69777790,5.0,60.0
69783813,21.0,60.0
69787607,20.0,2.0
69788764,12.0,88.0
69790271,12.0,2.0
69791240,20.0,46.0
69794646,4.0,48.0
69799416,4.0,88.0
69799713,9.0,60.0
69800721,17.0,2.0
69801516,19.0,2.0
69815704,21.0,60.0
69818427,21.0,29.0
69818786,12.0,60.0
69821562,17.0,2.0
69828908,17.0,59.0
69828951,12.0,74.0
69838401,9.0,66.0
69840053,12.0,2.0
69840059,17.0,4.0
69841820,9.0,60.0
69847149,17.0,2.0
69848075,12.0,67.0
69849522,0.0,72.0
69852400,19.0,42.0
69856065,9.0,60.0
69857854,21.0,59.0
69858328,17.0,2.0
69866632,0.0,53.0
69869561,12.0,59.0
69872077,21.0,2.0
69872293,4.0,90.0
69874302,12.0,2.0
69877185,9.0,87.0
69888555,4.0,15.0
69889763,19.0,81.0
69890960,9.0,52.0
69893315,17.0,84.0
69897473,0.0,72.0
69902344,21.0,59.0
69905388,19.0,2.0
69920692,17.0,90.0
69928974,4.0,60.0
69941104,9.0,18.0
69941258,5.0,37.0
69941930,12.0,2.0
69947701,12.0,29.0
69952940,5.0,28.0
69954895,17.0,11.0
69966178,17.0,32.0
69968009,21.0,71.0
69970762,17.0,28.0
69976251,4.0,82.0
69981782,19.0,90.0
69982702,20.0,0.0
69984802,9.0,36.0
69985865,9.0,2.0
69986624,12.0,40.0
69987135,12.0,31.0
69994314,17.0,7.0
69998882,12.0,2.0
70028443,17.0,82.0
70028584,5.0,10.0
70033624,17.0,2.0
70042646,21.0,60.0
70054257,12.0,60.0
70063372,10.0,67.0
70066736,10.0,3.0
70071378,10.0,72.0
70077366,21.0,56.0
70080779,12.0,2.0
70081845,19.0,17.0
70083122,21.0,18.0
70083444,12.0,17.0
70084222,20.0,36.0
70093178,17.0,54.0
70093727,5.0,15.0
70096505,21.0,11.0
70097455,12.0,2.0
70100728,12.0,31.0
70104183,9.0,6.0
70105840,17.0,2.0
70110934,12.0,2.0
70124169,9.0,17.0
70124279,21.0,17.0
70127047,20.0,17.0
70141689,17.0,82.0
70146370,9.0,17.0
70155131,5.0,21.0
70161323,9.0,2.0
70165416,0.0,13.0
70165739,0.0,2.0
70172664,17.0,2.0
70175030,9.0,7.0
70182608,21.0,64.0
70189331,19.0,61.0
70191298,20.0,24.0
70195659,21.0,36.0
70197854,21.0,2.0
70208422,20.0,32.0
70209126,17.0,40.0
70217171,9.0,2.0
70226860,17.0,2.0
70228001,4.0,82.0
70230214,4.0,2.0
70237087,12.0,2.0
70239702,12.0,2.0
70240514,21.0,51.0
70251191,7.0,36.0
70256694,17.0,13.0
70257529,17.0,32.0
70259703,19.0,28.0
70261058,17.0,82.0
70261978,20.0,2.0
70263729,17.0,24.0
70266658,17.0,60.0
70271772,0.0,17.0
70273267,7.0,29.0
70276542,19.0,90.0
70279346,12.0,79.0
70280795,12.0,63.0
70281838,9.0,81.0
70281981,20.0,84.0
70290384,9.0,2.0
70291763,17.0,9.0
70298157,0.0,67.0
70305425,19.0,60.0
70307239,21.0,85.0
70309361,21.0,46.0
70317639,20.0,83.0
70318023,5.0,90.0
70323956,5.0,24.0
70328272,20.0,86.0
70335532,21.0,11.0
70340354,19.0,64.0
70351695,12.0,9.0
70353776,17.0,2.0
70360321,5.0,59.0
70366495,0.0,29.0
70369957,10.0,3.0
70375811,5.0,2.0
70376458,21.0,24.0
70380389,17.0,59.0
70385040,21.0,18.0
70389244,19.0,4.0
70394341,20.0,2.0
70394906,17.0,40.0
70400936,19.0,84.0
70402803,17.0,79.0
70409041,20.0,82.0
70409541,12.0,2.0
70414739,21.0,60.0
70419210,17.0,2.0
70421038,10.0,43.0
70425622,17.0,60.0
70428453,17.0,59.0
70434501,12.0,18.0
70437370,12.0,0.0
70443325,21.0,76.0
70445968,12.0,25.0
70450397,17.0,31.0
70450957,5.0,55.0
70454747,5.0,90.0
70466342,9.0,70.0
70466886,12.0,60.0
70479818,19.0,17.0
70483439,17.0,67.0
70483711,9.0,17.0
70485779,5.0,38.0
70486035,4.0,11.0
70486148,12.0,88.0
70491529,21.0,82.0
70494250,17.0,59.0
70495332,7.0,60.0
70499466,21.0,29.0
70499748,21.0,9.0
70504028,18.0,36.0
70505634,10.0,90.0
70513469,0.0,2.0
70523229,19.0,37.0
70524940,4.0,90.0
70528663,21.0,60.0
70537126,0.0,36.0
70538973,17.0,21.0
70545688,21.0,2.0
70545893,12.0,2.0
70558739,4.0,19.0
70562478,21.0,61.0
70563598,20.0,90.0
70565000,17.0,24.0
70565109,21.0,18.0
70568491,12.0,37.0
70570870,12.0,2.0
70574658,12.0,24.0
70575582,17.0,59.0
70576944,12.0,23.0
70577672,20.0,66.0
70579153,12.0,61.0
70581284,17.0,11.0
70581887,12.0,22.0
70584715,12.0,35.0
70591172,21.0,2.0
70594843,21.0,60.0
70595428,10.0,24.0
70597809,9.0,2.0
70601681,9.0,37.0
70605557,21.0,55.0
70610289,10.0,25.0
70619949,4.0,60.0
70620627,12.0,2.0
70621669,17.0,2.0
70621842,9.0,56.0
70628369,9.0,18.0
70629860,0.0,18.0
70633379,4.0,1.0
70638957,12.0,2.0
70645787,21.0,90.0
70645852,10.0,60.0
70646361,12.0,17.0
70658696,21.0,49.0
70662055,20.0,53.0
70669935,17.0,24.0
70672795,17.0,2.0
70686445,12.0,2.0
70688441,9.0,2.0
70693768,9.0,24.0
70707467,12.0,2.0
70710064,19.0,15.0
70715519,12.0,36.0
70727361,12.0,2.0
70741599,17.0,90.0
70750979,20.0,11.0
70754291,21.0,42.0
70757810,12.0,2.0
70762697,9.0,41.0
70765199,12.0,60.0
70767640,20.0,2.0
70769576,20.0,52.0
70775644,12.0,60.0
70777631,21.0,2.0
70781767,9.0,2.0
70782664,17.0,60.0
70783183,9.0,2.0
70783450,4.0,72.0
70785248,12.0,60.0
70788390,4.0,12.0
70793328,10.0,90.0
70793572,21.0,2.0
70797221,21.0,23.0
70798546,20.0,72.0
70808257,4.0,67.0
70813346,19.0,90.0
70821069,18.0,82.0
70823171,12.0,2.0
70823449,12.0,90.0
70838975,17.0,2.0
70839271,10.0,2.0
70841193,17.0,14.0
70848321,12.0,60.0
70857605,12.0,60.0
70865514,19.0,75.0
70866080,7.0,2.0
70874485,12.0,76.0
70876536,10.0,88.0
70878144,20.0,67.0
70885990,21.0,82.0
70890926,12.0,18.0
70896301,19.0,2.0
70899468,21.0,60.0
70900716,4.0,82.0
70902698,20.0,2.0
70906557,9.0,66.0
70910632,20.0,2.0
70920245,20.0,90.0
70923760,4.0,2.0
70936779,12.0,51.0
70942523,5.0,14.0
70944401,12.0,71.0
70959615,20.0,76.0
70961997,18.0,24.0
70966584,17.0,67.0
70970878,4.0,2.0
70973994,12.0,7.0
70985881,0.0,82.0
70994173,21.0,2.0
71008186,17.0,48.0
71010426,12.0,2.0
71013109,19.0,90.0
71024197,20.0,60.0
71026184,12.0,81.0
71036525,7.0,82.0
71041779,21.0,7.0
71053873,12.0,72.0
71063961,21.0,2.0
71072052,0.0,2.0
71073781,19.0,2.0
71075687,17.0,61.0
71088733,5.0,29.0
71090206,17.0,2.0
71097012,21.0,22.0
71099230,4.0,15.0
71100765,17.0,2.0
71102033,17.0,63.0
71106922,21.0,81.0
71107683,12.0,60.0
71108651,17.0,59.0
71109134,20.0,59.0
71110549,12.0,2.0
71113350,17.0,2.0
71115314,9.0,2.0
71119837,21.0,60.0
71129504,17.0,2.0
71133109,4.0,2.0
71135083,19.0,58.0
71141163,12.0,60.0
71145924,19.0,2.0
71152754,7.0,18.0
71155604,12.0,18.0
71173577,19.0,79.0
71174083,10.0,36.0
71176677,12.0,32.0
71180097,21.0,82.0
71188786,4.0,24.0
71190987,5.0,10.0
71196866,19.0,76.0
71196867,12.0,29.0
71205945,21.0,55.0
71210890,20.0,11.0
71228768,21.0,16.0
71230841,12.0,35.0
71232178,12.0,76.0
71232869,17.0,72.0
71233662,12.0,2.0
71239394,12.0,66.0
71243273,20.0,90.0
71244903,21.0,4.0
71245809,20.0,15.0
71248968,17.0,36.0
71251470,12.0,17.0
71252636,5.0,2.0
71257583,21.0,2.0
71265078,21.0,24.0
71271235,17.0,60.0
71274438,4.0,63.0
71278160,20.0,60.0
71290196,17.0,2.0
71292826,5.0,61.0
71293012,17.0,60.0
71297511,19.0,2.0
71299920,20.0,18.0
71314236,20.0,11.0
71319546,17.0,73.0
71336548,19.0,90.0
71338147,17.0,29.0
71339289,9.0,2.0
71343779,17.0,2.0
71344564,9.0,37.0
71346873,9.0,90.0
71347893,4.0,60.0
71354876,20.0,87.0
71356828,5.0,24.0
71358167,21.0,61.0
71358601,17.0,2.0
71360329,9.0,2.0
71364594,9.0,60.0
71369956,10.0,32.0
71376367,17.0,2.0
71380973,20.0,90.0
71381703,19.0,60.0
71398396,10.0,15.0
71398641,17.0,24.0
71401344,21.0,12.0
71407656,21.0,49.0
71410375,10.0,75.0
71416600,12.0,2.0
71417426,12.0,2.0
71425295,7.0,79.0
71428773,12.0,64.0
71429122,21.0,60.0
71433635,0.0,82.0
71437804,4.0,24.0
71445807,20.0,86.0
71448538,21.0,86.0
71448801,17.0,42.0
71460081,19.0,2.0
71463043,0.0,76.0
71464143,20.0,35.0
71468395,17.0,36.0
71472495,12.0,2.0
71473342,20.0,7.0
71475172,9.0,36.0
71482357,21.0,2.0
71491061,17.0,90.0
71502055,20.0,90.0
71514144,20.0,75.0
71514209,19.0,2.0
71521189,21.0,31.0
71533983,10.0,81.0
71536767,0.0,29.0
71548140,7.0,53.0
71550404,17.0,42.0
71554901,12.0,2.0
71561757,21.0,11.0
71564929,0.0,57.0
71569980,12.0,25.0
71570799,12.0,90.0
71571045,17.0,11.0
71573063,5.0,2.0
71574602,17.0,18.0
71576855,21.0,2.0
71578574,21.0,24.0
71586602,5.0,2.0
71606474,21.0,41.0
71608168,12.0,67.0
71608373,5.0,25.0
71610750,21.0,2.0
71610821,9.0,63.0
71612931,12.0,41.0
71618754,21.0,86.0
71621212,4.0,29.0
71622960,9.0,21.0
71624456,17.0,28.0
71641290,17.0,54.0
71642718,21.0,61.0
71650402,21.0,2.0
71651971,17.0,21.0
71657653,4.0,2.0
71659346,17.0,82.0
71660978,21.0,72.0
71663975,4.0,82.0
71669877,9.0,2.0
71675588,20.0,21.0
71676898,4.0,81.0
71678086,21.0,2.0
71684625,21.0,60.0
71691626,5.0,11.0
71692972,21.0,66.0
71699137,12.0,2.0
71700003,21.0,2.0
71717357,21.0,41.0
71721920,9.0,2.0
71725099,9.0,64.0
71725359,19.0,2.0
71739023,9.0,18.0
71742429,20.0,36.0
71742768,12.0,67.0
71746548,17.0,60.0
71759047,0.0,24.0
71760401,17.0,2.0
71761840,21.0,2.0
71767419,21.0,81.0
71780671,9.0,2.0
71785639,12.0,0.0
71797974,9.0,2.0
71799811,19.0,40.0
71804835,19.0,12.0
71832720,9.0,75.0
71836454,0.0,2.0
71839564,9.0,90.0
71841305,10.0,35.0
71845474,0.0,2.0
71846023,0.0,76.0
71853069,0.0,89.0
71855649,21.0,2.0
71856952,12.0,25.0
71865221,17.0,88.0
71869030,10.0,33.0
71869669,17.0,60.0
71869675,10.0,60.0
71869885,21.0,81.0
71872983,21.0,24.0
71876078,17.0,2.0
71880454,10.0,84.0
71890797,17.0,0.0
71894356,17.0,51.0
71896541,20.0,61.0
71897193,20.0,36.0
71897828,21.0,11.0
71900196,12.0,2.0
71900779,21.0,64.0
71910972,21.0,24.0
71911237,12.0,15.0
71911442,9.0,24.0
71915162,17.0,25.0
71923847,19.0,90.0
71924072,4.0,25.0
71924134,12.0,2.0
71925093,12.0,59.0
71926420,20.0,2.0
71927381,19.0,2.0
71929163,21.0,2.0
71929368,21.0,2.0
71933748,12.0,24.0
71934323,19.0,36.0
71935974,17.0,18.0
71958962,21.0,18.0
71960289,17.0,2.0
71964106,21.0,2.0
71966471,17.0,29.0
71971278,5.0,18.0
71981392,21.0,25.0
71997729,12.0,2.0
72006262,21.0,82.0
72008410,20.0,17.0
72010778,21.0,59.0
72015152,5.0,60.0
72017688,20.0,29.0
72020764,12.0,2.0
72026800,12.0,2.0
72030238,21.0,59.0
72042176,1.0,21.0
72050085,21.0,67.0
72051665,5.0,2.0
72067952,9.0,2.0
72069811,18.0,60.0
72075192,19.0,17.0
72075462,12.0,36.0
72077171,12.0,53.0
72079503,9.0,88.0
72081586,4.0,90.0
72084449,10.0,90.0
72089970,12.0,65.0
72092074,21.0,36.0
72094176,12.0,24.0
72095156,9.0,61.0
72102980,0.0,35.0
72108599,20.0,21.0
72111747,12.0,55.0
72113069,17.0,2.0
72114736,19.0,73.0
72133471,19.0,55.0
72138531,21.0,61.0
72144937,17.0,2.0
72146150,12.0,88.0
72147842,12.0,2.0
72148349,19.0,70.0
72151787,20.0,2.0
72155987,17.0,2.0
72157812,17.0,2.0
72158173,20.0,54.0
72159339,17.0,2.0
72161523,9.0,90.0
72167887,21.0,17.0
72187788,12.0,2.0
72189299,4.0,84.0
72189583,17.0,18.0
72190014,19.0,75.0
72202337,12.0,2.0
72214396,19.0,90.0
72216832,19.0,63.0
72217141,21.0,17.0
72218985,19.0,36.0
72219930,19.0,17.0
72221984,18.0,54.0
72229389,9.0,18.0
72231167,17.0,36.0
72232138,9.0,84.0
72232460,21.0,84.0
72235893,5.0,90.0
72240005,12.0,2.0
72247749,17.0,45.0
72249000,17.0,90.0
72260462,20.0,15.0
72265338,0.0,67.0
72266017,21.0,10.0
72271717,21.0,29.0
72274006,4.0,2.0
72291275,12.0,2.0
72293061,9.0,21.0
72294791,20.0,59.0
72298521,12.0,60.0
72301907,19.0,2.0
72304506,0.0,60.0
72304543,17.0,24.0
72308396,12.0,2.0
72319059,10.0,24.0
72323081,4.0,2.0
72332781,4.0,4.0
72337222,5.0,70.0
72345924,21.0,15.0
72348720,7.0,41.0
72351124,17.0,43.0
72369645,0.0,82.0
72376259,12.0,2.0
72377020,20.0,54.0
72386087,12.0,84.0
72390395,10.0,86.0
72391720,19.0,60.0
72393296,19.0,59.0
72396036,20.0,15.0
72397547,19.0,2.0
72398041,19.0,18.0
72398218,18.0,9.0
72404868,21.0,81.0
72407873,17.0,44.0
72414137,12.0,2.0
72416583,17.0,66.0
72417471,19.0,29.0
72427621,21.0,53.0
72434949,17.0,56.0
72435398,17.0,18.0
72438455,12.0,60.0
72443923,19.0,2.0
72447437,19.0,2.0
72450795,5.0,70.0
72454612,19.0,47.0
72469498,17.0,36.0
72470018,20.0,2.0
72482196,5.0,28.0
72515220,1.0,2.0
72515685,9.0,70.0
72516424,17.0,13.0
72518061,12.0,2.0
72521466,12.0,60.0
72522489,5.0,90.0
72523215,4.0,2.0
72524116,17.0,51.0
72535309,17.0,2.0
72540931,17.0,36.0
72547897,4.0,2.0
72572985,9.0,61.0
72579692,17.0,23.0
72580955,17.0,67.0
72584465,9.0,18.0
72585715,21.0,90.0
72592642,19.0,11.0
72593963,12.0,75.0
72594569,7.0,2.0
72594598,9.0,60.0
72594638,17.0,2.0
72597882,21.0,2.0
72599000,21.0,11.0
72604215,12.0,61.0
72604522,21.0,73.0
72614478,19.0,37.0
72619035,21.0,61.0
72623204,7.0,84.0
72631277,4.0,59.0
72642530,20.0,90.0
72645289,12.0,59.0
72649578,9.0,2.0
72654159,20.0,1.0
72660013,12.0,85.0
72673889,17.0,17.0
72685500,12.0,11.0
72686146,20.0,73.0
72694561,4.0,2.0
72701013,17.0,2.0
72701443,20.0,38.0
72702688,9.0,76.0
72713413,20.0,46.0
72727024,0.0,16.0
72727599,5.0,82.0
72732596,19.0,61.0
72734603,12.0,2.0
72740560,17.0,11.0
72740747,17.0,2.0
72748409,20.0,60.0
72753480,12.0,60.0
72756230,20.0,17.0
72756656,20.0,24.0
72757022,17.0,41.0
72761013,20.0,55.0
72764220,20.0,59.0
72768828,20.0,2.0
72771240,4.0,29.0
72771834,21.0,84.0
72778275,17.0,38.0
72781313,10.0,56.0
72785702,20.0,17.0
72787522,10.0,16.0
72791272,19.0,88.0
72791560,12.0,2.0
72795393,19.0,2.0
72800147,12.0,25.0
72802607,9.0,2.0
72810443,9.0,84.0
72815714,21.0,45.0
72820070,9.0,15.0
72828374,12.0,59.0
72829234,20.0,51.0
72843625,5.0,2.0
72850958,4.0,40.0
72851454,12.0,15.0
72860161,20.0,60.0
72868195,19.0,90.0
72868478,21.0,2.0
72869336,10.0,84.0
72877553,12.0,90.0
72877618,4.0,32.0
72881574,20.0,68.0
72882454,12.0,55.0
72892390,12.0,18.0
72893139,19.0,60.0
72895353,17.0,84.0
72898637,5.0,11.0
72911180,12.0,60.0
72913527,7.0,2.0
72919947,21.0,60.0
72925734,21.0,53.0
72937995,17.0,48.0
72938779,21.0,2.0
72942034,21.0,38.0
72943392,20.0,90.0
72949210,18.0,2.0
72956512,17.0,15.0
72959681,21.0,38.0
72961961,12.0,33.0
72966765,21.0,21.0
72981495,12.0,53.0
72985110,17.0,60.0
72985136,10.0,35.0
72985196,4.0,41.0
72988226,10.0,90.0
72990586,12.0,60.0
72992084,17.0,2.0
72995012,9.0,82.0
72998383,9.0,56.0
73014958,12.0,21.0
73017062,21.0,60.0
73018527,21.0,89.0
73024089,20.0,34.0
73026317,10.0,18.0
73035662,12.0,60.0
73035876,21.0,11.0
73036722,19.0,36.0
73038472,12.0,61.0
73043161,17.0,81.0
73045518,0.0,42.0
73046677,9.0,81.0
73048022,0.0,36.0
73051372,12.0,2.0
73052084,12.0,27.0
73054238,12.0,2.0
73056839,21.0,2.0
73064583,17.0,2.0
73076547,0.0,2.0
73077122,21.0,59.0
73079932,19.0,90.0
73079967,4.0,2.0
73091455,9.0,60.0
73092445,4.0,2.0
73109561,9.0,2.0
73110807,12.0,73.0
73112407,21.0,28.0
73115976,12.0,60.0
73117690,12.0,18.0
73125934,21.0,59.0
73132848,21.0,2.0
73139113,9.0,60.0
73150314,9.0,29.0
73155544,7.0,61.0
73164632,9.0,28.0
73170870,20.0,23.0
73171011,12.0,64.0
73171870,12.0,31.0
73173916,17.0,60.0
73180360,4.0,40.0
73187020,17.0,60.0
73198088,12.0,2.0
73201050,9.0,31.0
73202333,19.0,24.0
73206217,21.0,60.0
73206492,17.0,31.0
73209978,9.0,18.0
73213355,7.0,19.0
73220965,17.0,32.0
73221930,18.0,60.0
73222462,17.0,83.0
73235174,17.0,60.0
73236297,19.0,64.0
73241659,4.0,61.0
73249583,20.0,53.0
73253269,17.0,90.0
73256160,17.0,82.0
73256319,19.0,18.0
73256381,21.0,2.0
73264320,12.0,15.0
73268224,20.0,53.0
73274125,21.0,24.0
73274648,5.0,25.0
73276458,5.0,54.0
73276636,17.0,81.0
73282578,20.0,10.0
73283778,19.0,25.0
73285464,9.0,2.0
73291006,21.0,2.0
73296647,20.0,25.0
73296663,21.0,54.0
73298310,21.0,24.0
73298702,20.0,25.0
73302645,12.0,32.0
73309170,9.0,41.0
73313924,17.0,41.0
73315303,7.0,42.0
73320944,21.0,58.0
73330082,17.0,40.0
73330554,19.0,47.0
73330670,17.0,36.0
73334423,19.0,60.0
73341207,9.0,60.0
73341495,21.0,55.0
73344136,12.0,75.0
73344912,17.0,60.0
73345685,17.0,2.0
73352393,7.0,90.0
73356141,21.0,9.0
73357740,5.0,29.0
73359596,10.0,24.0
73363836,17.0,37.0
73369800,5.0,32.0
73371314,9.0,67.0
73371382,12.0,2.0
73372230,21.0,13.0
73381981,20.0,55.0
73389081,20.0,29.0
73392054,9.0,2.0
73392269,17.0,18.0
73397019,12.0,50.0
73397977,20.0,60.0
73400881,4.0,29.0
73404452,20.0,55.0
73409034,0.0,2.0
73413782,12.0,29.0
73417100,12.0,2.0
73417369,20.0,90.0
73418104,12.0,60.0
73418259,20.0,2.0
73419538,12.0,72.0
73420995,12.0,38.0
73422432,12.0,2.0
73430087,19.0,2.0
73435609,12.0,2.0
73435755,10.0,71.0
73436744,9.0,41.0
73436948,4.0,17.0
73441426,10.0,36.0
73447656,18.0,55.0
73448960,20.0,32.0
73454545,0.0,36.0
73455566,20.0,52.0
73458232,21.0,60.0
73459540,17.0,46.0
73461375,4.0,76.0
73470714,21.0,53.0
73472768,20.0,2.0
73474021,19.0,17.0
73479288,21.0,2.0
73482963,17.0,11.0
73487191,12.0,88.0
73487599,9.0,2.0
73489541,7.0,76.0
73494334,19.0,56.0
73500849,20.0,11.0
73506514,20.0,64.0
73506965,12.0,79.0
73516025,17.0,2.0
73517894,19.0,60.0
73528018,21.0,67.0
73531042,9.0,60.0
73531421,10.0,12.0
73550639,9.0,67.0
73551255,10.0,72.0
73554241,10.0,24.0
73560674,0.0,12.0
73560911,12.0,2.0
73565385,9.0,60.0
73566001,21.0,10.0
73566636,9.0,2.0
73569013,10.0,15.0
73575794,9.0,70.0
73576927,12.0,76.0
73579399,20.0,72.0
73582263,20.0,67.0
73586936,19.0,64.0
73591289,17.0,38.0
73591584,20.0,2.0
73593166,12.0,59.0
73594718,4.0,23.0
73595187,9.0,64.0
73596040,12.0,60.0
73611770,12.0,17.0
73615842,17.0,88.0
73617291,12.0,73.0
73617316,21.0,63.0
73619293,17.0,88.0
73626693,4.0,18.0
73626901,19.0,70.0
73630502,12.0,55.0
73631744,9.0,52.0
73640693,4.0,24.0
73645524,18.0,2.0
73650632,12.0,9.0
73653055,17.0,2.0
73658652,9.0,2.0
73660308,20.0,71.0
73663440,19.0,2.0
73668401,21.0,2.0
73674140,21.0,2.0
73677464,12.0,2.0
73678894,5.0,90.0
73679895,17.0,70.0
73680821,20.0,64.0
73681593,21.0,24.0
73688708,0.0,2.0
73690376,19.0,2.0
73691726,21.0,12.0
73693002,12.0,67.0
73693808,17.0,37.0
73702659,17.0,41.0
73703172,20.0,88.0
73723132,17.0,2.0
73723462,17.0,12.0
73734343,12.0,24.0
73734358,4.0,52.0
73734794,19.0,55.0
73734836,17.0,36.0
73754600,17.0,75.0
73759721,20.0,24.0
73764292,17.0,59.0
73771525,12.0,37.0
73773746,9.0,74.0
73777427,12.0,2.0
73789960,20.0,60.0
73792366,17.0,4.0
73793185,17.0,53.0
73793481,10.0,53.0
73804160,21.0,18.0
73804240,12.0,2.0
73808859,9.0,17.0
73817415,19.0,36.0
73819303,0.0,25.0
73823932,17.0,2.0
73831192,12.0,31.0
73838014,12.0,59.0
73847519,20.0,8.0
73850094,0.0,4.0
73851390,17.0,72.0
73853158,19.0,64.0
73860073,12.0,61.0
73861033,21.0,29.0
73868104,19.0,2.0
73871509,19.0,2.0
73888856,9.0,82.0
73896846,18.0,2.0
73897832,4.0,18.0
73898261,21.0,60.0
73908143,17.0,7.0
73912838,21.0,60.0
73919277,21.0,59.0
73923442,12.0,55.0
73931295,12.0,17.0
73933994,19.0,15.0
73936752,19.0,2.0
73939603,4.0,88.0
73940857,20.0,45.0
73943443,17.0,43.0
73948633,20.0,11.0
73950185,21.0,24.0
73957638,21.0,11.0
73962019,19.0,55.0
73967280,10.0,11.0
73972179,5.0,24.0
73979642,9.0,37.0
73982040,21.0,38.0
73989793,12.0,49.0
74009411,20.0,37.0
74009660,12.0,59.0
74010868,4.0,73.0
74015291,17.0,24.0
74017338,21.0,35.0
74020981,10.0,2.0
74022952,17.0,2.0
74030260,12.0,81.0
74033260,12.0,15.0
74036859,12.0,60.0
74050355,21.0,17.0
74052611,5.0,2.0
74062296,9.0,29.0
74062299,19.0,2.0
74065817,19.0,23.0
74070950,9.0,60.0
74080217,9.0,24.0
74086572,20.0,2.0
74093063,17.0,72.0
74099921,17.0,27.0
74104642,9.0,90.0
74106995,19.0,67.0
74119887,17.0,2.0
74122641,12.0,24.0
74123994,17.0,2.0
74128432,17.0,59.0
74128487,17.0,18.0
74129808,12.0,86.0
74131052,21.0,22.0
74131585,1.0,25.0
74137668,18.0,25.0
74144591,5.0,59.0
74158271,5.0,11.0
74159904,21.0,2.0
74161838,4.0,55.0
74166852,21.0,2.0
74168648,20.0,90.0
74173555,12.0,52.0
74175674,10.0,2.0
74176683,12.0,2.0
74178502,17.0,84.0
74182354,0.0,82.0
74183783,17.0,86.0
74186185,17.0,60.0
74193199,20.0,88.0
74199730,19.0,60.0
74200226,21.0,17.0
74205179,17.0,61.0
74214145,21.0,2.0
74226592,9.0,37.0
74241068,20.0,2.0
74244232,17.0,2.0
74245003,20.0,90.0
74246852,12.0,2.0
74249302,12.0,24.0
74268093,20.0,36.0
74277000,12.0,85.0
74277433,5.0,17.0
74296480,12.0,60.0
74298234,0.0,71.0
74304305,19.0,67.0
74308053,0.0,2.0
74312078,12.0,2.0
74314019,7.0,63.0
74323055,9.0,85.0
74324400,12.0,2.0
74336788,0.0,85.0
74347947,17.0,59.0
74351607,21.0,60.0
74363196,21.0,37.0
74366034,21.0,82.0
74373199,19.0,48.0
74381217,19.0,90.0
74381490,17.0,2.0
74383752,17.0,90.0
74387620,21.0,61.0
74388889,21.0,53.0
74389533,20.0,36.0
74398661,19.0,61.0
74404231,9.0,2.0
74404688,17.0,29.0
74405936,19.0,70.0
74406823,12.0,36.0
74417030,17.0,59.0
74418440,21.0,2.0
74425337,17.0,60.0
74428495,21.0,2.0
74436834,4.0,2.0
74445075,21.0,2.0
74447001,19.0,11.0
74453415,20.0,84.0
74455448,12.0,2.0
74456035,12.0,62.0
74473802,17.0,81.0
74484986,10.0,36.0
74486392,21.0,28.0
74488059,17.0,51.0
74492554,21.0,29.0
74496295,20.0,76.0
74505104,19.0,7.0
74508296,0.0,1.0
74511946,19.0,38.0
74514368,0.0,59.0
74517454,4.0,25.0
74519685,19.0,18.0
74520790,12.0,66.0
74523536,12.0,60.0
74534149,20.0,51.0
74540872,19.0,60.0
74540975,0.0,56.0
74551008,17.0,2.0
74551394,19.0,49.0
74553978,9.0,90.0
74556922,12.0,2.0
74557991,4.0,18.0
74563010,21.0,77.0
74566317,17.0,78.0
74569260,12.0,60.0
74570672,17.0,49.0
74571495,9.0,2.0
74580863,20.0,34.0
74581036,5.0,25.0
74581876,5.0,2.0
74596081,12.0,41.0
74604549,19.0,15.0
74607285,9.0,17.0
74607298,9.0,88.0
74614539,20.0,18.0
74622249,12.0,2.0
74622410,17.0,90.0
74627060,12.0,38.0
74631552,5.0,90.0
74633242,19.0,2.0
74637589,9.0,2.0
74638363,19.0,77.0
74640584,17.0,2.0
74659944,12.0,2.0
74663479,12.0,24.0
74667779,9.0,64.0
74680493,21.0,84.0
74690119,12.0,56.0
74695369,12.0,61.0
74697150,19.0,59.0
74699176,12.0,60.0
74704077,17.0,88.0
74711000,17.0,90.0
74713006,7.0,90.0
74715111,9.0,81.0
74715370,10.0,15.0
74716219,19.0,85.0
74716782,20.0,5.0
74723354,0.0,72.0
74724991,5.0,15.0
74726755,12.0,85.0
74734709,9.0,2.0
74734948,12.0,29.0
74737784,17.0,2.0
74742526,12.0,4.0
74742906,17.0,36.0
74743629,12.0,18.0
74749477,9.0,29.0
74751807,21.0,4.0
74759859,12.0,29.0
74760255,21.0,59.0
74765681,20.0,63.0
74779303,21.0,61.0
74786630,21.0,82.0
74789751,0.0,2.0
74804967,12.0,66.0
74804983,20.0,6.0
74807766,17.0,27.0
74819906,12.0,43.0
74825939,21.0,18.0
74832754,12.0,72.0
74834195,12.0,37.0
74834954,20.0,59.0
74841781,19.0,24.0
74859466,12.0,2.0
74865065,17.0,2.0
74866047,21.0,83.0
74871997,17.0,40.0
74874768,12.0,65.0
74876442,4.0,24.0
74877752,21.0,2.0
74882780,9.0,16.0
74897384,9.0,85.0
74902122,9.0,67.0
74909293,19.0,2.0
74909719,12.0,88.0
74913823,17.0,44.0
74915420,19.0,2.0
74917235,12.0,2.0
74917981,12.0,11.0
74918195,12.0,61.0
74930067,12.0,2.0
74933186,9.0,24.0
74940630,9.0,60.0
74941939,12.0,2.0
74946620,19.0,12.0
74950433,18.0,37.0
74951714,12.0,15.0
74966101,12.0,71.0
74968530,17.0,83.0
74968996,9.0,89.0
74972542,4.0,22.0
74978144,21.0,90.0
74980333,12.0,82.0
74980359,17.0,61.0
74986782,17.0,76.0
74991303,7.0,17.0
74992367,12.0,13.0
74998262,12.0,2.0
75002558,21.0,25.0
75007293,12.0,2.0
75009962,19.0,59.0
75019871,21.0,29.0
75028631,9.0,82.0
75030413,20.0,15.0
75030437,17.0,11.0
75041100,21.0,2.0
75041338,17.0,88.0
75048405,12.0,76.0
75050207,9.0,5.0
75054788,17.0,36.0
75056186,9.0,18.0
75058986,19.0,1.0
75066346,17.0,2.0
75089605,20.0,22.0
75101608,18.0,90.0
75103007,21.0,35.0
75105694,12.0,15.0
75110595,17.0,18.0
75111635,21.0,9.0
75115012,21.0,71.0
75125978,17.0,2.0
75126476,21.0,71.0
75132080,19.0,85.0
75133431,12.0,85.0
75134147,4.0,37.0
75142899,10.0,45.0
75144807,21.0,2.0
75165654,10.0,2.0
75166075,12.0,61.0
75168555,9.0,21.0
75188066,19.0,53.0
75191639,20.0,11.0
75196556,9.0,18.0
75200371,17.0,2.0
75214904,12.0,74.0
75217492,19.0,72.0
75218398,21.0,2.0
75228352,20.0,90.0
75229426,19.0,90.0
75229739,10.0,21.0
75235735,17.0,66.0
75239764,10.0,67.0
75242299,20.0,21.0
75249227,21.0,2.0
75253479,5.0,26.0
75254030,17.0,2.0
75256656,20.0,90.0
75256766,10.0,59.0
75259746,20.0,18.0
75265091,21.0,15.0
75268825,20.0,9.0
75277276,21.0,60.0
75277762,10.0,71.0
75279125,10.0,0.0
75279141,5.0,37.0
75282638,12.0,2.0
75287519,9.0,2.0
75291205,10.0,36.0
75293390,20.0,59.0
75301839,20.0,25.0
75306121,10.0,84.0
75311075,9.0,53.0
75312876,12.0,5.0
75317267,17.0,18.0
75320910,21.0,6.0
75328810,17.0,2.0
75332301,17.0,51.0
75334437,4.0,37.0
75338586,18.0,53.0
75343938,20.0,5.0
75348586,17.0,24.0
75349078,19.0,2.0
75359138,4.0,2.0
75363924,7.0,72.0
75364364,12.0,2.0
75367307,17.0,1.0
75373543,20.0,24.0
75378342,20.0,72.0
75384482,10.0,24.0
75391588,20.0,53.0
75407559,12.0,84.0
75414574,5.0,59.0
75425517,9.0,22.0
75425940,12.0,2.0
75433516,4.0,36.0
75434173,20.0,2.0
75435065,17.0,12.0
75437546,17.0,2.0
75438306,12.0,37.0
75443939,21.0,24.0
75444327,21.0,90.0
75457849,9.0,17.0
75458155,17.0,90.0
75461783,9.0,41.0
75463359,12.0,17.0
75466254,21.0,83.0
75466788,21.0,2.0
75481885,17.0,2.0
75484818,21.0,61.0
75488235,4.0,72.0
75489607,12.0,2.0
75495718,9.0,23.0
75500117,0.0,2.0
75500350,12.0,60.0
75508819,17.0,75.0
75511706,21.0,71.0
75512697,9.0,18.0
75515194,19.0,2.0
75524061,10.0,29.0
75528003,21.0,25.0
75563684,4.0,29.0
75575363,4.0,2.0
75576518,5.0,84.0
75579783,10.0,21.0
75580102,4.0,18.0
75582739,0.0,41.0
75584165,20.0,18.0
75588437,9.0,60.0
75594920,12.0,60.0
75599900,19.0,24.0
75601658,21.0,60.0
75601812,4.0,24.0
75605382,21.0,31.0
75616995,10.0,60.0
75619000,21.0,36.0
75628053,21.0,38.0
75628846,20.0,60.0
75629637,20.0,60.0
75631984,21.0,73.0
75639914,19.0,18.0
75646648,7.0,9.0
75650486,12.0,90.0
75650968,12.0,2.0
75652783,17.0,1.0
75670334,12.0,21.0
75673632,12.0,2.0
75675900,9.0,36.0
75679020,19.0,66.0
75682870,17.0,64.0
75684667,17.0,17.0
75688559,12.0,71.0
75688885,9.0,13.0
75690695,9.0,75.0
75692098,21.0,2.0
75699112,17.0,17.0
75699943,4.0,2.0
75700851,17.0,63.0
75705123,5.0,18.0
75708559,21.0,2.0
75715758,20.0,2.0
75720382,9.0,17.0
75725313,12.0,53.0
75735531,12.0,2.0
75737963,9.0,2.0
75741784,12.0,2.0
75744366,12.0,15.0
75747232,19.0,18.0
75748496,9.0,46.0
75749776,20.0,13.0
75750934,9.0,23.0
75752187,12.0,60.0
75752633,12.0,90.0
75757957,17.0,2.0
75764927,12.0,27.0
75787228,17.0,2.0
75795523,7.0,42.0
75799290,5.0,8.0
75800273,9.0,56.0
75803523,17.0,2.0
75811266,21.0,61.0
75811872,17.0,18.0
75820663,4.0,2.0
75828691,17.0,88.0
75835683,12.0,38.0
75848256,17.0,29.0
75848738,12.0,87.0
75851406,12.0,55.0
75858649,12.0,59.0
75874606,17.0,18.0
75878821,12.0,2.0
75880360,12.0,84.0
75883889,12.0,41.0
75885044,5.0,23.0
75898956,21.0,18.0
75902564,9.0,21.0
75906032,17.0,85.0
75907997,17.0,90.0
75911150,12.0,2.0
75915794,17.0,26.0
75918803,12.0,25.0
75923813,21.0,24.0
75930599,17.0,2.0
75933719,9.0,42.0
75934475,12.0,2.0
75934663,10.0,18.0
75949170,12.0,60.0
75954000,17.0,46.0
75955947,12.0,2.0
75966028,21.0,38.0
75968122,9.0,82.0
75971541,19.0,24.0
75974135,9.0,24.0
75977328,21.0,25.0
75981668,0.0,2.0
75982960,5.0,11.0
75989029,17.0,36.0
75989731,12.0,71.0
75990354,12.0,25.0
75995162,9.0,59.0
75996616,20.0,2.0
76002902,12.0,2.0
76007236,12.0,24.0
76010929,9.0,90.0
76011079,7.0,33.0
76012450,9.0,2.0
76018365,17.0,90.0
76018680,9.0,18.0
76021337,20.0,15.0
76024189,21.0,56.0
76032288,12.0,18.0
76043060,19.0,71.0
76048356,7.0,90.0
76052257,5.0,31.0
76058232,0.0,60.0
76071732,5.0,21.0
76073539,21.0,25.0
76077302,12.0,16.0
76078725,21.0,18.0
76085389,21.0,31.0
76086428,21.0,24.0
76088039,19.0,83.0
76088996,9.0,18.0
76093141,17.0,51.0
76095248,17.0,1.0
76100940,17.0,2.0
76102533,17.0,7.0
76108418,9.0,63.0
76109915,20.0,2.0
76129511,12.0,51.0
76135708,19.0,60.0
76137143,5.0,59.0
76138398,17.0,2.0
76145428,12.0,90.0
76145562,12.0,83.0
76146122,12.0,52.0
76159645,9.0,63.0
76160180,21.0,2.0
76162753,12.0,59.0
76165757,17.0,2.0
76173854,21.0,36.0
76182455,10.0,17.0
76185454,21.0,82.0
76193791,12.0,2.0
76195176,12.0,38.0
76201927,12.0,11.0
76203670,7.0,33.0
76213083,12.0,22.0
76230227,5.0,18.0
76231585,4.0,15.0
76233659,19.0,60.0
76238823,9.0,3.0
76238946,17.0,66.0
76243151,12.0,2.0
76249499,9.0,1.0
76253295,19.0,48.0
76256811,17.0,13.0
76261213,12.0,59.0
76265513,9.0,1.0
76265573,17.0,89.0
76265600,4.0,29.0
76271377,17.0,90.0
76272677,21.0,90.0
76286022,9.0,29.0
76314072,9.0,2.0
76324254,9.0,15.0
76325259,21.0,2.0
76325518,17.0,18.0
76327153,5.0,45.0
76330520,4.0,36.0
76333533,21.0,2.0
76334240,0.0,2.0
76335947,20.0,2.0
76340977,10.0,12.0
76341238,17.0,36.0
76342035,12.0,60.0
76342036,9.0,55.0
76360094,18.0,72.0
76371182,17.0,2.0
76372281,10.0,36.0
76380186,12.0,2.0
76384992,19.0,17.0
76386967,12.0,21.0
76387673,10.0,42.0
76395592,12.0,2.0
76396052,5.0,23.0
76397011,12.0,90.0
76412316,7.0,48.0
76420283,21.0,2.0
76423532,4.0,78.0
76426171,17.0,18.0
76428359,19.0,37.0
76428539,21.0,2.0
76434929,17.0,24.0
76438807,5.0,28.0
76440614,21.0,2.0
76448521,12.0,81.0
76450736,21.0,47.0
76452677,5.0,18.0
76452803,21.0,62.0
76461835,12.0,51.0
76465749,12.0,59.0
76475845,7.0,60.0
76478373,21.0,67.0
76484088,9.0,18.0
76484846,9.0,35.0
76489037,17.0,2.0
76496572,12.0,34.0
76496704,17.0,67.0
76501609,21.0,17.0
76502281,12.0,2.0
76502293,17.0,13.0
76507859,12.0,83.0
76512788,21.0,25.0
76517797,19.0,29.0
76527754,10.0,54.0
76534301,9.0,2.0
76534542,17.0,53.0
76536002,7.0,2.0
76538543,5.0,64.0
76539537,9.0,24.0
76541018,19.0,18.0
76548218,17.0,2.0
76554668,0.0,21.0
76559595,9.0,29.0
76562610,19.0,15.0
76565645,21.0,60.0
76567228,9.0,51.0
76567328,9.0,56.0
76568781,19.0,24.0
76576551,19.0,60.0
76586703,17.0,41.0
76587349,20.0,67.0
76602820,17.0,84.0
76604405,17.0,2.0
76606867,10.0,90.0
76608159,12.0,84.0
76610247,5.0,59.0
76613722,21.0,2.0
76620814,7.0,2.0
76621789,20.0,76.0
76628299,21.0,18.0
76636876,12.0,67.0
76644266,7.0,13.0
76647297,19.0,2.0
76650354,19.0,60.0
76660291,19.0,2.0
76663296,21.0,2.0
76669016,9.0,36.0
76671788,21.0,2.0
76676547,4.0,90.0
76678071,9.0,2.0
76683643,4.0,2.0
76690016,19.0,67.0
76692966,9.0,29.0
76696611,21.0,59.0
76699830,12.0,60.0
76701726,17.0,2.0
76702339,7.0,60.0
76705409,17.0,82.0
76705917,21.0,64.0
76732801,20.0,21.0
76736305,19.0,10.0
76737933,9.0,2.0
76739922,4.0,0.0
76740610,21.0,79.0
76741775,20.0,82.0
76745181,21.0,64.0
76751801,21.0,2.0
76752195,12.0,53.0
76753079,12.0,18.0
76759684,10.0,60.0
76765616,21.0,59.0
76766250,12.0,85.0
76767908,20.0,2.0
76774210,12.0,59.0
76777560,12.0,2.0
76778733,9.0,18.0
76781079,5.0,59.0
76783463,12.0,72.0
76785314,20.0,60.0
76786002,21.0,12.0
76786028,17.0,14.0
76792738,9.0,61.0
76795206,21.0,2.0
76795446,18.0,2.0
76796219,21.0,59.0
76801197,21.0,24.0
76801313,9.0,10.0
76807647,7.0,18.0
76810819,21.0,63.0
76820303,5.0,61.0
76821672,12.0,2.0
76832188,21.0,60.0
76839936,12.0,55.0
76840646,12.0,60.0
76844714,0.0,90.0
76852389,21.0,73.0
76856595,20.0,1.0
76886340,12.0,37.0
76893512,12.0,2.0
76905830,21.0,11.0
76912931,9.0,29.0
76913384,19.0,81.0
76916306,17.0,11.0
76934758,9.0,75.0
76943364,17.0,59.0
76957456,17.0,59.0
76972305,17.0,67.0
76983230,5.0,41.0
77008313,21.0,53.0
77009090,21.0,63.0
77011300,9.0,42.0
77022459,12.0,2.0
77024716,17.0,88.0
77029804,12.0,60.0
77030581,21.0,60.0
77034910,20.0,90.0
77044906,4.0,2.0
77047130,17.0,2.0
77052779,9.0,66.0
77056164,12.0,51.0
77062789,5.0,29.0
77064048,5.0,18.0
77066282,0.0,1.0
77073301,21.0,76.0
77079062,12.0,60.0
77087397,17.0,55.0
77087690,10.0,60.0
77088904,12.0,2.0
77091855,12.0,90.0
77096933,19.0,82.0
77099125,17.0,60.0
77104697,5.0,84.0
77110421,19.0,50.0
77116926,17.0,2.0
77130658,12.0,10.0
77142228,17.0,2.0
77147396,20.0,41.0
77148050,5.0,29.0
77148458,9.0,88.0
77160339,12.0,64.0
77168751,10.0,7.0
77175722,12.0,60.0
77176805,17.0,67.0
77177406,21.0,54.0
77177904,19.0,67.0
77178879,21.0,2.0
77183332,10.0,70.0
77183516,12.0,13.0
77191688,17.0,2.0
77196941,17.0,24.0
77200056,12.0,56.0
77202198,9.0,2.0
77214705,21.0,2.0
77225376,17.0,67.0
77226448,12.0,2.0
77226685,20.0,13.0
77232459,4.0,24.0
77237403,9.0,48.0
77239423,21.0,23.0
77240323,20.0,2.0
77253908,0.0,2.0
77262881,12.0,69.0
77263911,17.0,51.0
77270229,17.0,60.0
77286537,17.0,2.0
77305569,18.0,49.0
77310813,9.0,64.0
77311976,12.0,2.0
77313867,21.0,60.0
77320223,5.0,51.0
77333778,0.0,2.0
77342452,12.0,84.0
77344166,20.0,41.0
77344831,17.0,90.0
77352605,12.0,2.0
77354729,20.0,18.0
77355722,19.0,2.0
77369638,20.0,11.0
77371109,0.0,42.0
77372723,12.0,2.0
77381847,17.0,90.0
77385829,21.0,81.0
77392092,17.0,3.0
77394901,12.0,2.0
77396881,21.0,35.0
77401834,9.0,2.0
77402008,17.0,60.0
77405731,17.0,25.0
77407835,12.0,60.0
77410488,20.0,18.0
77410777,10.0,85.0
77417859,0.0,17.0
77419715,9.0,2.0
77423130,10.0,33.0
77436216,12.0,61.0
77437750,19.0,84.0
77438496,10.0,50.0
77449650,12.0,25.0
77450909,21.0,90.0
77451065,17.0,61.0
77459733,12.0,60.0
77460298,21.0,2.0
77460823,12.0,57.0
77466780,12.0,2.0
77474580,21.0,2.0
77477083,17.0,8.0
77477254,9.0,63.0
77477471,10.0,2.0
77481585,19.0,24.0
77482068,4.0,4.0
77482815,9.0,11.0
77485124,12.0,60.0
77486741,12.0,17.0
77486939,21.0,24.0
77492463,18.0,12.0
77500215,17.0,85.0
77500818,17.0,60.0
77502224,12.0,2.0
77503539,17.0,2.0
77511100,12.0,84.0
77514880,12.0,90.0
77515385,20.0,0.0
77515599,21.0,64.0
77519876,17.0,46.0
77529399,17.0,90.0
77530722,19.0,60.0
77534841,17.0,2.0
77548567,21.0,2.0
77549347,12.0,85.0
77549373,5.0,18.0
77549503,21.0,60.0
77564797,10.0,42.0
77568280,12.0,2.0
77568783,12.0,56.0
77569325,17.0,2.0
77581806,19.0,37.0
77582610,20.0,55.0
77587726,9.0,67.0
77589556,17.0,2.0
77595175,20.0,2.0
77595908,12.0,18.0
77598003,21.0,76.0
77599171,9.0,11.0
77603216,12.0,60.0
77606577,21.0,2.0
77607347,19.0,2.0
77621917,21.0,2.0
77623774,2.0,2.0
77633381,9.0,90.0
77638138,17.0,35.0
77645280,5.0,83.0
77645562,21.0,2.0
77658905,21.0,2.0
77661280,12.0,2.0
77670875,21.0,2.0
77680109,20.0,60.0
77690050,19.0,2.0
77693265,21.0,90.0
77694763,5.0,85.0
77695805,12.0,17.0
77697297,17.0,2.0
77697308,5.0,85.0
77700214,17.0,15.0
77702777,9.0,64.0
77706530,10.0,15.0
77709973,12.0,2.0
77714363,0.0,46.0
77715302,12.0,2.0
77718938,21.0,56.0
77724034,17.0,2.0
77726152,17.0,51.0
77730175,20.0,59.0
77732841,0.0,81.0
77742243,9.0,2.0
77747899,19.0,2.0
77749258,0.0,36.0
77750161,17.0,2.0
77769269,17.0,88.0
77772961,5.0,87.0
77775389,21.0,52.0
77787118,21.0,49.0
77788430,21.0,31.0
77790712,12.0,2.0
77793973,0.0,82.0
77794015,10.0,21.0
77795999,17.0,2.0
77796014,20.0,3.0
77799990,21.0,29.0
77803194,17.0,76.0
77808951,9.0,60.0
77811859,12.0,2.0
77814386,4.0,17.0
77821476,21.0,88.0
77822052,17.0,17.0
77825737,19.0,24.0
77827877,21.0,59.0
77835535,21.0,2.0
77846061,0.0,72.0
77858092,10.0,70.0
77858350,12.0,2.0
77858410,4.0,19.0
77859446,12.0,0.0
77863433,20.0,18.0
77867276,12.0,85.0
77867352,21.0,53.0
77871377,17.0,90.0
77884364,21.0,60.0
77887804,21.0,24.0
77887913,9.0,56.0
77892933,5.0,35.0
77902679,5.0,18.0
77916745,17.0,90.0
77922115,9.0,2.0
77930008,18.0,77.0
77938469,19.0,60.0
77940326,12.0,84.0
77944691,12.0,82.0
77946269,21.0,25.0
77950316,21.0,55.0
77952301,20.0,7.0
77952630,18.0,58.0
77954446,0.0,41.0
77957222,20.0,88.0
77971188,12.0,60.0
77972165,20.0,23.0
77973091,12.0,67.0
77973220,12.0,73.0
77976956,17.0,29.0
77979939,19.0,60.0
77980439,12.0,67.0
77986858,9.0,22.0
77993257,12.0,33.0
78001959,17.0,2.0
78008967,19.0,17.0
78009622,17.0,55.0
78021034,12.0,11.0
78021690,17.0,25.0
78030136,12.0,59.0
78054159,9.0,66.0
78056486,10.0,18.0
78063117,20.0,84.0
78064117,12.0,60.0
78064593,9.0,59.0
78067818,9.0,17.0
78078514,9.0,2.0
78081598,17.0,67.0
78088521,5.0,88.0
78090099,17.0,60.0
78090856,12.0,2.0
78091046,17.0,29.0
78092987,20.0,18.0
78099242,20.0,29.0
78104518,12.0,2.0
78104861,17.0,60.0
78106097,21.0,38.0
78120571,12.0,85.0
78121553,12.0,73.0
78123430,12.0,2.0
78130392,21.0,2.0
78130533,20.0,18.0
78132354,12.0,2.0
78137047,19.0,90.0
78141821,17.0,90.0
78146766,12.0,2.0
78150468,4.0,60.0
78152353,12.0,2.0
78156468,21.0,90.0
78161053,12.0,72.0
78162077,10.0,33.0
78164304,17.0,46.0
78167105,20.0,37.0
78174416,12.0,60.0
78176877,12.0,2.0
78179621,21.0,86.0
78182810,17.0,2.0
78188330,21.0,70.0
78191060,12.0,13.0
78207846,17.0,2.0
78209499,0.0,18.0
78212127,4.0,51.0
78215613,0.0,37.0
78216113,19.0,2.0
78220699,21.0,59.0
78238525,9.0,74.0
78244532,18.0,90.0
78247230,17.0,2.0
78247975,17.0,59.0
78250486,10.0,2.0
78254742,9.0,18.0
78255938,21.0,2.0
78257925,20.0,36.0
78266905,12.0,2.0
78267916,20.0,61.0
78269770,12.0,55.0
78270188,17.0,36.0
78275086,12.0,81.0
78286051,21.0,88.0
78288780,0.0,4.0
78292386,9.0,60.0
78293707,0.0,59.0
78294816,17.0,29.0
78298388,7.0,36.0
78305588,12.0,90.0
78308849,5.0,24.0
78313120,0.0,34.0
78316407,0.0,57.0
78316699,4.0,84.0
78319599,7.0,2.0
78319646,0.0,17.0
78324640,5.0,1.0
78326081,17.0,23.0
78329513,17.0,82.0
78333240,21.0,82.0
78335581,9.0,57.0
78337670,9.0,2.0
78338127,9.0,2.0
78339245,21.0,85.0
78339436,9.0,2.0
78341645,19.0,18.0
78348429,12.0,60.0
78348714,20.0,90.0
78349347,17.0,2.0
78352223,17.0,37.0
78354229,21.0,22.0
78358971,21.0,27.0
78359992,20.0,37.0
78360918,5.0,50.0
78361147,7.0,2.0
78361992,21.0,55.0
78364596,17.0,60.0
78364815,9.0,60.0
78373231,4.0,51.0
78382711,12.0,11.0
78383100,4.0,64.0
78393416,19.0,24.0
78396011,5.0,2.0
78396219,9.0,88.0
78399942,12.0,60.0
78402109,19.0,46.0
78408984,9.0,2.0
78412700,19.0,13.0
78414634,19.0,60.0
78423786,0.0,82.0
78426187,20.0,18.0
78427774,12.0,2.0
78431178,21.0,90.0
78431683,21.0,86.0
78434176,12.0,37.0
78435849,17.0,60.0
78438232,20.0,2.0
78443157,21.0,2.0
78446422,12.0,60.0
78448610,12.0,70.0
78449320,4.0,65.0
78449821,21.0,61.0
78450207,21.0,60.0
78459829,10.0,11.0
78461978,10.0,2.0
78464843,0.0,36.0
78473221,18.0,2.0
78481808,12.0,21.0
78490424,12.0,24.0
78493509,5.0,9.0
78493772,12.0,18.0
78501111,4.0,24.0
78503184,10.0,72.0
78508580,17.0,2.0
78508904,5.0,73.0
78514474,9.0,2.0
78515564,5.0,85.0
78516037,7.0,79.0
78519284,12.0,31.0
78519585,9.0,60.0
78522362,12.0,70.0
78532046,12.0,60.0
78536922,10.0,2.0
78543205,12.0,2.0
78543895,4.0,30.0
78544508,7.0,18.0
78549562,18.0,43.0
78554363,20.0,73.0
78554457,9.0,12.0
78554910,21.0,56.0
78559329,10.0,2.0
78566388,9.0,24.0
78573189,21.0,60.0
78576560,7.0,2.0
78579053,12.0,34.0
78583326,17.0,2.0
78583642,9.0,1.0
78583703,19.0,60.0
78585913,12.0,28.0
78593868,20.0,37.0
78595617,12.0,81.0
78600282,12.0,41.0
78611494,10.0,71.0
78611911,9.0,1.0
78611983,12.0,41.0
78620825,9.0,22.0
78624383,21.0,2.0
78626158,20.0,18.0
78628711,10.0,2.0
78628801,12.0,18.0
78629652,12.0,2.0
78632352,12.0,18.0
78633332,21.0,67.0
78635715,21.0,90.0
78637748,19.0,60.0
78641064,0.0,2.0
78647385,12.0,60.0
78648322,21.0,18.0
78663092,0.0,66.0
78663918,17.0,59.0
78665463,21.0,37.0
78666095,10.0,41.0
78666379,12.0,2.0
78667579,9.0,2.0
78670689,21.0,60.0
78672423,9.0,4.0
78675335,17.0,2.0
78676418,4.0,2.0
78683811,17.0,46.0
78690193,20.0,61.0
78702925,20.0,59.0
78703465,12.0,59.0
78713454,17.0,90.0
78715542,21.0,40.0
78720221,7.0,42.0
78723113,9.0,17.0
78725210,19.0,24.0
78726651,12.0,2.0
78731246,17.0,18.0
78748462,17.0,2.0
78754733,17.0,10.0
78754837,17.0,2.0
78779628,9.0,60.0
78781206,20.0,75.0
78787036,18.0,18.0
78796492,9.0,85.0
78797352,7.0,11.0
78799678,20.0,12.0
78799695,9.0,1.0
78802095,19.0,49.0
78802923,12.0,2.0
78819395,12.0,90.0
78820163,21.0,29.0
78824185,17.0,36.0
78836886,9.0,60.0
78849378,19.0,81.0
78849727,17.0,75.0
78852948,12.0,53.0
78853649,10.0,82.0
78855612,21.0,2.0
78856314,17.0,24.0
78864387,10.0,17.0
78871477,17.0,37.0
78874157,9.0,64.0
78875591,4.0,66.0
78883150,9.0,46.0
78884088,21.0,10.0
78895156,12.0,17.0
78900788,17.0,82.0
78901726,17.0,0.0
78910851,12.0,90.0
78914401,21.0,60.0
78926489,19.0,24.0
78927586,4.0,2.0
78929644,20.0,37.0
78930875,17.0,2.0
78932727,4.0,57.0
78935758,4.0,2.0
78946760,7.0,63.0
78951612,17.0,10.0
78967743,21.0,90.0
78973003,12.0,24.0
78978113,9.0,10.0
78981829,12.0,35.0
78984198,20.0,33.0
78986469,5.0,90.0
78987550,17.0,85.0
78988946,17.0,15.0
78993757,9.0,2.0
78994618,19.0,18.0
78996783,12.0,85.0
78998996,10.0,90.0
79001903,17.0,60.0
79002453,19.0,53.0
79016204,17.0,25.0
79027749,12.0,17.0
79028580,0.0,18.0
79030705,21.0,11.0
79049352,21.0,2.0
79053473,10.0,57.0
79063840,19.0,2.0
79070747,12.0,36.0
79079038,20.0,2.0
79081665,4.0,2.0
79086737,10.0,76.0
79116778,12.0,90.0
79128503,17.0,2.0
79128669,21.0,4.0
79129257,17.0,12.0
79145130,21.0,17.0
79146103,20.0,72.0
79151903,5.0,2.0
79152111,19.0,54.0
79157444,9.0,13.0
79157537,21.0,60.0
79181776,5.0,11.0
79181986,4.0,2.0
79208578,5.0,37.0
79214762,9.0,24.0
79216037,10.0,29.0
79220447,17.0,41.0
79222193,9.0,54.0
79241948,17.0,2.0
79242456,20.0,48.0
79245253,17.0,25.0
79245942,19.0,61.0
79249874,19.0,17.0
79253071,21.0,60.0
79254140,12.0,2.0
79261433,21.0,19.0
79269907,17.0,60.0
79287759,19.0,12.0
79288646,20.0,2.0
79293123,17.0,60.0
79301089,10.0,29.0
79315207,17.0,84.0
79322377,4.0,67.0
79324926,12.0,60.0
79325802,7.0,48.0
79326784,9.0,53.0
79327804,17.0,31.0
79332265,12.0,57.0
79342501,20.0,53.0
79343758,21.0,81.0
79346854,12.0,1.0
79357323,12.0,61.0
79359213,12.0,0.0
79375861,9.0,24.0
79382386,17.0,64.0
79383164,17.0,2.0
79388193,12.0,21.0
79389656,10.0,2.0
79392337,10.0,15.0
79393553,21.0,60.0
79393663,10.0,46.0
79395625,12.0,2.0
79400099,20.0,24.0
79401218,12.0,67.0
79404881,18.0,
79413184,9.0,2.0
79425347,12.0,2.0
79427708,19.0,2.0
79435287,12.0,60.0
79436118,21.0,17.0
79438235,17.0,81.0
79438379,9.0,84.0
79444507,17.0,18.0
79448773,12.0,72.0
79452684,5.0,53.0
79460017,19.0,90.0
79460827,20.0,41.0
79461931,17.0,24.0
79462420,20.0,41.0
79469625,20.0,23.0
79470571,12.0,90.0
79473296,17.0,24.0
79474459,5.0,86.0
79476937,19.0,2.0
79485674,4.0,76.0
79486301,21.0,21.0
79499637,21.0,67.0
79501374,17.0,2.0
79502108,12.0,41.0
79505012,12.0,37.0
79508036,21.0,56.0
79514943,0.0,3.0
79518281,10.0,2.0
79530737,12.0,18.0
79534489,17.0,36.0
79541491,4.0,29.0
79545433,21.0,53.0
79547295,12.0,2.0
79558308,9.0,2.0
79559358,17.0,2.0
79568638,21.0,60.0
79573823,9.0,2.0
79577846,18.0,2.0
79587894,4.0,56.0
79589769,5.0,5.0
79592513,12.0,24.0
79592586,0.0,60.0
79594408,12.0,2.0
79602221,12.0,29.0
79609568,0.0,11.0
79614120,12.0,18.0
79615162,21.0,17.0
79622006,9.0,45.0
79628712,10.0,45.0
79629760,9.0,29.0
79633409,12.0,2.0
79640319,12.0,64.0
79641064,19.0,73.0
79648925,19.0,63.0
79651067,12.0,41.0
79652246,21.0,21.0
79654611,9.0,17.0
79657689,21.0,2.0
79669714,9.0,2.0
79670213,12.0,81.0
79671736,21.0,18.0
79676189,12.0,2.0
79678742,21.0,2.0
79679097,10.0,60.0
79683892,21.0,22.0
79686640,12.0,2.0
79687882,12.0,2.0
79688417,17.0,59.0
79688883,0.0,50.0
79689594,5.0,1.0
79689914,10.0,71.0
79703642,17.0,2.0
79703660,21.0,66.0
79706326,21.0,60.0
79708253,4.0,60.0
79709272,17.0,11.0
79723767,21.0,60.0
79723996,4.0,47.0
79724592,20.0,70.0
79728865,12.0,57.0
79737822,19.0,63.0
79744194,20.0,59.0
79746043,21.0,53.0
79748772,19.0,25.0
79750096,12.0,67.0
79759542,19.0,90.0
79760302,20.0,2.0
79766481,17.0,66.0
79770212,9.0,41.0
79773063,19.0,90.0
79775147,9.0,2.0
79786087,20.0,2.0
79787389,4.0,22.0
79788327,21.0,17.0
79791212,17.0,29.0
79792613,9.0,35.0
79805957,19.0,60.0
79815093,5.0,67.0
79816443,9.0,88.0
79826415,20.0,60.0
79831175,0.0,2.0
79832152,10.0,32.0
79834375,20.0,85.0
79835600,20.0,72.0
79835996,12.0,2.0
79837952,12.0,18.0
79838608,20.0,72.0
79839095,9.0,45.0
79839740,9.0,36.0
79844187,9.0,2.0
79844730,12.0,2.0
79858844,21.0,90.0
79863295,17.0,81.0
79866423,21.0,18.0
79869351,12.0,53.0
79873499,21.0,76.0
79877671,4.0,36.0
79883145,20.0,90.0
79885959,9.0,53.0
79886917,12.0,60.0
79889037,17.0,60.0
79890155,9.0,2.0
79898249,17.0,0.0
79900904,12.0,86.0
79901273,12.0,17.0
79919049,12.0,60.0
79922408,5.0,59.0
79925079,5.0,84.0
79933479,21.0,67.0
79935558,20.0,25.0
79939211,19.0,18.0
79940821,9.0,2.0
79942602,12.0,17.0
79944392,21.0,90.0
79951550,19.0,37.0
79957970,21.0,24.0
79958060,17.0,60.0
79968927,12.0,82.0
79977755,4.0,60.0
79983389,20.0,82.0
79989613,21.0,2.0
79992566,9.0,28.0
79993854,17.0,19.0
80005244,17.0,7.0
80006143,0.0,56.0
80013437,21.0,76.0
80016290,0.0,82.0
80017421,17.0,45.0
80023341,17.0,2.0
80025404,20.0,83.0
80027331,12.0,4.0
80028540,12.0,2.0
80039337,18.0,17.0
80044491,10.0,44.0
80055396,20.0,61.0
80061005,4.0,18.0
80062832,21.0,29.0
80065674,0.0,61.0
80069581,9.0,51.0
80069743,12.0,36.0
80070568,21.0,59.0
80071525,21.0,5.0
80080202,17.0,2.0
80086557,12.0,2.0
80097047,0.0,57.0
80101036,17.0,90.0
80109337,4.0,29.0
80111867,17.0,22.0
80117666,19.0,18.0
80121825,20.0,61.0
80123740,9.0,2.0
80131940,10.0,61.0
80140360,12.0,0.0
80155161,19.0,17.0
80159101,10.0,18.0
80159598,12.0,25.0
80168463,12.0,55.0
80168587,0.0,90.0
80171536,0.0,25.0
80180743,4.0,2.0
80188171,21.0,1.0
80192791,12.0,28.0
80192913,17.0,2.0
80195807,5.0,41.0
80198154,17.0,60.0
80200128,19.0,2.0
80200658,4.0,41.0
80207029,21.0,67.0
80207550,18.0,41.0
80207770,17.0,64.0
80208762,9.0,17.0
80210155,20.0,59.0
80212279,12.0,56.0
80219696,5.0,2.0
80219844,0.0,23.0
80231687,4.0,61.0
80238887,4.0,2.0
80239694,10.0,17.0
80250594,21.0,55.0
80250849,4.0,82.0
80264257,9.0,2.0
80272194,21.0,68.0
80273860,0.0,38.0
80274517,17.0,37.0
80277182,19.0,29.0
80279056,21.0,9.0
80279976,20.0,31.0
80285392,19.0,59.0
80286913,12.0,60.0
80297019,18.0,18.0
80303210,10.0,72.0
80303943,19.0,41.0
80309198,21.0,2.0
80309803,17.0,12.0
80317515,20.0,70.0
80321500,4.0,75.0
80322179,18.0,2.0
80322361,9.0,89.0
80323617,9.0,37.0
80324406,20.0,2.0
80324648,21.0,84.0
80326553,12.0,17.0
80327336,17.0,2.0
80328293,20.0,24.0
80335094,12.0,2.0
80335656,2.0,24.0
80335795,21.0,81.0
80336240,17.0,2.0
80340014,20.0,2.0
80350513,17.0,2.0
80350645,17.0,25.0
80355614,20.0,70.0
80367155,9.0,60.0
80372948,5.0,53.0
80377389,9.0,41.0
80378746,9.0,67.0
80383545,9.0,23.0
80384194,17.0,17.0
80389397,21.0,11.0
80393436,17.0,36.0
80395794,21.0,2.0
80396931,10.0,36.0
80397010,12.0,2.0
80402499,21.0,76.0
80405142,9.0,88.0
80422955,0.0,2.0
80435419,12.0,59.0
80443682,4.0,86.0
80445678,17.0,81.0
80449912,12.0,11.0
80451286,12.0,66.0
80455472,7.0,72.0
80464897,12.0,60.0
80473591,12.0,2.0
80474491,12.0,60.0
80477872,19.0,50.0
80478273,20.0,17.0
80481449,0.0,21.0
80486896,12.0,29.0
80488954,12.0,84.0
80491785,9.0,90.0
80497337,17.0,43.0
80497905,17.0,5.0
80499078,12.0,88.0
80501697,9.0,33.0
80502765,20.0,17.0
80504615,10.0,33.0
80506897,21.0,17.0
80511491,5.0,11.0
80520905,4.0,53.0
80532800,5.0,2.0
80533434,17.0,90.0
80534388,20.0,85.0
80534502,12.0,60.0
80546527,17.0,85.0
80546649,12.0,60.0
80549953,19.0,60.0
80551302,5.0,2.0
80558228,17.0,2.0
80562292,17.0,17.0
80567206,21.0,72.0
80574608,19.0,54.0
80574967,21.0,82.0
80577505,21.0,15.0
80581263,20.0,90.0
80582252,9.0,84.0
80584045,9.0,25.0
80589252,12.0,2.0
80599959,12.0,67.0
80603147,21.0,64.0
80606204,19.0,2.0
80617092,21.0,60.0
80621684,12.0,35.0
80625554,12.0,59.0
80633187,21.0,2.0
80636691,21.0,86.0
80640936,20.0,37.0
80641697,9.0,25.0
80642091,19.0,46.0
80650864,20.0,2.0
80651535,17.0,59.0
80653198,9.0,18.0
80657615,17.0,29.0
80674397,20.0,2.0
80675234,9.0,85.0
80688574,17.0,2.0
80692011,21.0,85.0
80695994,12.0,60.0
80707329,19.0,21.0
80712451,7.0,60.0
80713085,19.0,2.0
80715930,7.0,36.0
80720957,18.0,22.0
80725642,20.0,2.0
80726878,12.0,2.0
80736653,12.0,60.0
80747338,17.0,24.0
80748475,17.0,11.0
80749480,20.0,51.0
80750173,9.0,18.0
80750944,20.0,60.0
80756128,12.0,67.0
80769703,21.0,61.0
80769976,5.0,2.0
80770813,20.0,60.0
80771136,10.0,33.0
80772374,12.0,36.0
80778289,19.0,17.0
80798714,21.0,60.0
80800039,17.0,2.0
80808310,12.0,31.0
80808749,18.0,18.0
80812100,0.0,33.0
80814556,17.0,33.0
80816891,21.0,90.0
80822326,7.0,29.0
80825585,19.0,9.0
80825859,7.0,2.0
80829080,12.0,2.0
80835951,12.0,0.0
80839602,21.0,2.0
80842381,5.0,67.0
80846504,9.0,66.0
80849824,19.0,29.0
80857330,10.0,2.0
80859503,21.0,41.0
80859815,21.0,55.0
80866135,0.0,25.0
80874515,21.0,17.0
80877660,17.0,72.0
80883074,0.0,90.0
80884219,7.0,49.0
80886663,21.0,21.0
80888141,17.0,67.0
80896301,12.0,27.0
80908403,7.0,2.0
80919960,5.0,2.0
80923407,20.0,59.0
80924894,12.0,60.0
80934546,17.0,64.0
80939301,17.0,60.0
80943494,5.0,76.0
80947813,12.0,41.0
80950079,10.0,3.0
80953432,17.0,2.0
80955234,17.0,36.0
80957998,17.0,29.0
80959501,21.0,2.0
80963877,21.0,18.0
80964308,17.0,67.0
80966637,9.0,59.0
80967608,12.0,90.0
80969498,0.0,83.0
80978674,10.0,67.0
80979103,12.0,61.0
80987665,10.0,90.0
80987926,5.0,70.0
81002332,17.0,2.0
81004769,17.0,72.0
81005040,4.0,2.0
81005599,17.0,61.0
81010963,4.0,37.0
81016114,20.0,15.0
81019745,12.0,2.0
81021972,12.0,81.0
81043703,12.0,56.0
81056395,12.0,2.0
81068811,9.0,2.0
81069788,20.0,18.0
81077884,21.0,35.0
81078861,21.0,2.0
81087460,5.0,59.0
81091258,0.0,25.0
81092397,12.0,29.0
81094600,0.0,2.0
81101085,21.0,67.0
81104265,20.0,68.0
81106388,21.0,2.0
81110772,12.0,2.0
81112713,21.0,18.0
81113210,9.0,37.0
81113230,9.0,55.0
81114122,12.0,49.0
81125784,21.0,34.0
81130217,19.0,24.0
81140394,4.0,2.0
81147607,9.0,72.0
81150323,12.0,11.0
81154943,9.0,24.0
81158434,12.0,2.0
81159093,7.0,56.0
81162356,7.0,3.0
81166010,19.0,54.0
81173986,20.0,2.0
81174253,21.0,67.0
81175961,12.0,64.0
81180425,21.0,2.0
81200711,21.0,15.0
81209124,4.0,82.0
81209242,17.0,48.0
81218764,0.0,88.0
81220146,20.0,21.0
81224156,9.0,72.0
81226638,10.0,2.0
81230615,9.0,70.0
81238156,17.0,2.0
81242157,21.0,90.0
81261363,12.0,24.0
81269568,17.0,2.0
81270106,12.0,11.0
81271477,19.0,55.0
81271946,12.0,55.0
81272935,21.0,18.0
81296600,20.0,38.0
81298558,12.0,2.0
81303368,17.0,2.0
81305082,19.0,2.0
81306590,7.0,90.0
81309119,9.0,2.0
81310499,19.0,59.0
81312174,19.0,60.0
81327129,12.0,2.0
81330524,12.0,15.0
81333378,21.0,2.0
81348352,20.0,82.0
81348689,21.0,2.0
81352495,20.0,33.0
81355287,21.0,84.0
81356467,17.0,11.0
81359658,21.0,2.0
81371829,12.0,79.0
81379228,17.0,18.0
81394863,12.0,2.0
81404524,12.0,11.0
81406828,17.0,81.0
81409960,12.0,88.0
81414120,19.0,37.0
81417418,17.0,2.0
81426096,21.0,50.0
81428618,17.0,31.0
81430764,9.0,51.0
81439705,9.0,90.0
81440205,12.0,2.0
81450444,17.0,17.0
81451845,17.0,90.0
81457153,9.0,56.0
81459401,20.0,42.0
81468364,17.0,59.0
81478267,9.0,67.0
81489533,12.0,59.0
81490889,0.0,43.0
81494921,12.0,2.0
81496093,9.0,50.0
81496405,21.0,19.0
81498120,12.0,2.0
81504909,12.0,2.0
81505084,10.0,41.0
81505236,5.0,61.0
81521252,10.0,71.0
81532248,4.0,29.0
81539524,17.0,88.0
81542968,10.0,36.0
81550744,21.0,24.0
81553989,0.0,2.0
81560532,21.0,67.0
81564481,19.0,16.0
81566359,21.0,25.0
81569801,9.0,60.0
81571459,12.0,60.0
81572845,9.0,59.0
81573490,12.0,2.0
81574706,0.0,18.0
81578148,21.0,2.0
81579816,17.0,2.0
81583715,5.0,54.0
81592498,9.0,18.0
81594896,21.0,10.0
81597383,20.0,59.0
81597932,21.0,2.0
81600724,17.0,18.0
81600739,12.0,11.0
81605096,12.0,38.0
81610045,18.0,86.0
81614801,21.0,71.0
81621271,4.0,18.0
81627898,12.0,88.0
81628067,21.0,4.0
81636543,4.0,60.0
81639903,18.0,4.0
81645176,12.0,2.0
81647730,21.0,59.0
81654975,12.0,60.0
81655805,12.0,28.0
81667913,12.0,54.0
81673643,10.0,60.0
81676492,17.0,53.0
81687843,5.0,12.0
81699700,0.0,71.0
81700654,12.0,7.0
81704003,17.0,43.0
81707308,20.0,2.0
81720675,12.0,76.0
81730819,17.0,36.0
81735181,21.0,60.0
81751638,10.0,61.0
81755449,9.0,72.0
81758616,20.0,46.0
81765953,12.0,60.0
81768065,21.0,60.0
81768476,17.0,67.0
81769845,9.0,36.0
81770671,4.0,42.0
81778692,21.0,60.0
81789883,21.0,10.0
81806056,20.0,50.0
81816542,19.0,14.0
81822587,20.0,71.0
81829419,12.0,52.0
81843385,12.0,15.0
81844340,17.0,36.0
81845151,17.0,18.0
81849547,20.0,11.0
81855735,10.0,29.0
81862255,17.0,85.0
81869424,5.0,53.0
81870721,5.0,27.0
81870800,17.0,2.0
81873516,12.0,2.0
81879657,0.0,67.0
81891330,20.0,2.0
81891870,21.0,50.0
81893861,9.0,85.0
81902113,12.0,60.0
81902489,7.0,63.0
81902608,4.0,88.0
81903532,12.0,2.0
81907179,0.0,2.0
81908064,20.0,67.0
81913337,12.0,82.0
81925080,21.0,59.0
81949626,21.0,2.0
81952134,21.0,37.0
81953049,21.0,60.0
81956937,21.0,59.0
81958476,19.0,17.0
81963520,19.0,2.0
81970056,5.0,28.0
81973558,19.0,63.0
81973708,17.0,67.0
81980297,7.0,25.0
81985508,19.0,2.0
81987613,17.0,25.0
81993886,4.0,21.0
81997089,21.0,24.0
82007362,17.0,2.0
82007584,4.0,60.0
82014219,12.0,60.0
82015131,7.0,2.0
82016717,21.0,17.0
82030081,7.0,29.0
82034395,20.0,17.0
82038202,21.0,60.0
82040359,17.0,2.0
82045633,5.0,25.0
82050106,19.0,2.0
82056012,20.0,46.0
82056138,17.0,55.0
82062997,5.0,11.0
82072939,5.0,36.0
82078270,12.0,2.0
82081689,20.0,2.0
82081774,19.0,18.0
82082146,19.0,55.0
82088387,17.0,37.0
82088723,17.0,2.0
82088826,10.0,21.0
82090617,12.0,2.0
82092598,17.0,2.0
82098958,4.0,75.0
82100194,21.0,55.0
82105915,21.0,2.0
82107275,19.0,61.0
82108384,17.0,2.0
82123890,7.0,50.0
82124896,17.0,86.0
82131955,9.0,59.0
82137883,12.0,19.0
82140496,17.0,24.0
82141664,19.0,59.0
82142263,19.0,84.0
82142424,12.0,24.0
82146860,5.0,90.0
82158183,4.0,13.0
82158450,9.0,2.0
82161077,17.0,67.0
82161213,21.0,17.0
82167879,12.0,90.0
82168799,17.0,60.0
82173404,17.0,11.0
82177922,12.0,59.0
82179892,12.0,24.0
82181398,17.0,49.0
82181668,5.0,59.0
82198563,21.0,2.0
82205326,12.0,2.0
82205557,21.0,90.0
82207096,4.0,2.0
82214182,21.0,2.0
82218069,12.0,2.0
82222394,12.0,64.0
82224742,12.0,29.0
82226009,21.0,82.0
82226294,21.0,53.0
82240657,12.0,60.0
82246944,21.0,60.0
82247640,5.0,2.0
82249219,20.0,24.0
82250766,4.0,53.0
82259034,9.0,25.0
82260086,12.0,2.0
82260441,12.0,63.0
82263024,12.0,90.0
82264041,19.0,29.0
82264920,10.0,70.0
82266913,21.0,15.0
82267547,9.0,6.0
82272173,12.0,2.0
82273979,21.0,52.0
82282143,18.0,85.0
82285655,10.0,42.0
82285678,20.0,71.0
82288006,17.0,25.0
82297878,9.0,67.0
82303380,20.0,54.0
82304400,19.0,59.0
82306001,20.0,2.0
82313638,12.0,73.0
82323915,20.0,76.0
82324758,12.0,18.0
82335842,17.0,2.0
82337419,21.0,28.0
82346293,4.0,85.0
82350221,12.0,60.0
82352142,5.0,24.0
82358541,12.0,32.0
82363360,20.0,50.0
82363952,21.0,4.0
82365567,4.0,75.0
82369468,9.0,41.0
82372776,21.0,2.0
82372861,12.0,2.0
82378477,20.0,11.0
82379626,17.0,24.0
82385138,12.0,60.0
82388720,12.0,33.0
82389082,7.0,70.0
82395338,17.0,72.0
82426969,21.0,60.0
82429710,17.0,11.0
82435255,9.0,86.0
82453174,19.0,67.0
82463998,12.0,60.0
82473198,12.0,47.0
82475613,17.0,25.0
82480650,17.0,84.0
82480831,20.0,2.0
82483203,17.0,29.0
82484309,17.0,60.0
82485970,19.0,28.0
82491677,21.0,16.0
82494413,21.0,2.0
82498311,9.0,2.0
82504289,9.0,58.0
82506322,7.0,2.0
82506667,12.0,18.0
82515374,4.0,67.0
82519008,19.0,29.0
82523423,4.0,2.0
82527014,12.0,24.0
82529294,9.0,61.0
82529828,12.0,67.0
82541931,9.0,10.0
82542312,12.0,60.0
82543890,4.0,61.0
82544340,21.0,61.0
82545654,17.0,53.0
82549588,21.0,60.0
82555295,21.0,90.0
82561137,12.0,59.0
82563235,12.0,60.0
82583810,18.0,2.0
82584385,9.0,2.0
82584721,21.0,60.0
82588152,21.0,15.0
82590627,20.0,2.0
82594924,17.0,2.0
82594946,9.0,29.0
82596340,21.0,37.0
82603015,0.0,37.0
82608037,9.0,18.0
82608242,4.0,2.0
82609020,0.0,2.0
82612582,12.0,60.0
82612655,17.0,60.0
82628827,19.0,49.0
82633810,20.0,2.0
82638906,4.0,2.0
82647042,17.0,2.0
82648956,21.0,50.0
82653671,12.0,18.0
82653818,17.0,88.0
82655510,9.0,2.0
82669083,21.0,81.0
82679201,21.0,1.0
82682848,18.0,11.0
82684151,19.0,36.0
82687463,20.0,18.0
82687738,10.0,61.0
82689269,10.0,55.0
82707906,12.0,46.0
82716185,12.0,37.0
82718861,21.0,1.0
82720763,20.0,44.0
82728311,9.0,2.0
82731307,17.0,18.0
82735361,10.0,18.0
82736429,5.0,60.0
82736679,12.0,2.0
82737304,17.0,17.0
82737691,17.0,67.0
82738691,10.0,27.0
82745826,17.0,60.0
82745922,17.0,51.0
82747619,0.0,17.0
82750429,12.0,2.0
82753195,12.0,85.0
82754566,12.0,2.0
82755836,17.0,2.0
82758524,9.0,4.0
82761668,4.0,9.0
82762108,21.0,86.0
82764653,21.0,84.0
82765117,10.0,2.0
82771362,12.0,18.0
82774012,21.0,2.0
82776012,17.0,38.0
82779454,21.0,60.0
82781570,5.0,66.0
82790315,4.0,90.0
82797455,12.0,4.0
82801300,21.0,31.0
82803549,20.0,71.0
82809974,17.0,13.0
82811224,19.0,81.0
82812988,19.0,8.0
82821540,12.0,90.0
82826322,20.0,15.0
82842369,20.0,17.0
82847420,9.0,9.0
82850201,12.0,15.0
82857922,21.0,74.0
82860187,12.0,18.0
82873976,4.0,2.0
82879958,4.0,60.0
82890184,12.0,63.0
82898689,12.0,60.0
82898893,21.0,17.0
82899504,12.0,2.0
82899639,9.0,2.0
82911955,12.0,2.0
82912789,12.0,67.0
82914326,9.0,53.0
82924009,0.0,81.0
82926512,20.0,88.0
82934394,20.0,60.0
82936128,19.0,41.0
82938079,10.0,21.0
82938439,20.0,64.0
82942904,12.0,90.0
82949811,20.0,18.0
82950385,4.0,36.0
82951009,17.0,29.0
82978501,9.0,41.0
82982361,9.0,2.0
82982969,20.0,48.0
82988556,21.0,16.0
82997958,9.0,60.0
83004525,5.0,2.0
83008389,20.0,15.0
83011690,20.0,38.0
83015889,12.0,13.0
83017157,4.0,18.0
83019563,4.0,22.0
83021345,17.0,2.0
83030693,17.0,81.0
83031222,19.0,31.0
83036610,12.0,2.0
83044518,12.0,6.0
83044539,12.0,66.0
83048638,21.0,63.0
83064271,19.0,76.0
83064754,0.0,41.0
83064979,9.0,28.0
83070922,5.0,12.0
83076048,10.0,82.0
83080542,21.0,4.0
83084923,21.0,88.0
83097710,17.0,17.0
83099294,17.0,15.0
83108819,19.0,37.0
83109084,12.0,67.0
83110623,21.0,37.0
83112335,19.0,2.0
83128152,4.0,90.0
83144043,12.0,41.0
83146008,9.0,60.0
83148887,10.0,63.0
83149573,17.0,2.0
83154449,17.0,2.0
83155047,21.0,82.0
83159558,17.0,67.0
83170784,17.0,63.0
83176513,21.0,2.0
83200456,9.0,25.0
83204042,20.0,8.0
83206213,12.0,2.0
83209663,9.0,60.0
83216531,4.0,64.0
83218555,21.0,37.0
83224799,20.0,70.0
83226654,10.0,11.0
83231915,17.0,88.0
83237031,12.0,90.0
83245876,17.0,27.0
83249736,21.0,2.0
83250880,9.0,18.0
83258561,4.0,18.0
83264977,12.0,38.0
83272905,9.0,22.0
83272962,12.0,29.0
83273868,12.0,60.0
83276325,19.0,56.0
83284370,21.0,18.0
83286106,12.0,90.0
83296386,12.0,62.0
83298119,18.0,37.0
83304018,20.0,87.0
83306969,9.0,60.0
83311336,17.0,81.0
83315095,0.0,2.0
83317166,20.0,2.0
83319076,9.0,63.0
83319359,19.0,8.0
83333248,19.0,90.0
83342511,21.0,82.0
83342516,17.0,76.0
83348758,9.0,60.0
83351195,17.0,84.0
83361095,17.0,18.0
83362812,1.0,88.0
83367812,9.0,2.0
83372288,9.0,63.0
83381523,20.0,17.0
83381830,5.0,64.0
83384381,20.0,79.0
83385841,19.0,24.0
83386769,9.0,24.0
83389896,12.0,2.0
83392541,12.0,60.0
83394582,17.0,2.0
83399221,4.0,18.0
83402478,20.0,90.0
83404528,5.0,11.0
83406659,12.0,37.0
83412977,21.0,29.0
83413961,17.0,38.0
83416070,12.0,60.0
83426293,21.0,11.0
83432703,17.0,90.0
83447178,12.0,2.0
83467477,20.0,90.0
83468363,21.0,2.0
83470557,20.0,17.0
83473772,20.0,59.0
83481421,20.0,29.0
83494895,12.0,53.0
83495603,12.0,31.0
83506723,12.0,28.0
83510548,5.0,2.0
83519518,21.0,18.0
83522500,12.0,41.0
83523253,17.0,67.0
83538347,17.0,75.0
83554720,17.0,59.0
83557813,7.0,3.0
83570291,21.0,2.0
83572592,12.0,2.0
83587178,21.0,61.0
83594183,17.0,63.0
83594466,17.0,11.0
83599188,21.0,41.0
83600880,12.0,25.0
83604518,21.0,25.0
83606020,19.0,72.0
83609308,5.0,18.0
83611871,7.0,72.0
83612734,12.0,90.0
83615861,5.0,83.0
83624603,9.0,60.0
83626335,9.0,59.0
83626770,17.0,59.0
83631464,17.0,2.0
83632124,21.0,71.0
83637589,20.0,59.0
83640426,9.0,47.0
83647190,12.0,18.0
83651303,21.0,14.0
83667376,20.0,90.0
83676478,21.0,16.0
83679065,12.0,70.0
83682244,9.0,60.0
83684231,4.0,11.0
83687363,12.0,28.0
83687441,17.0,2.0
83689836,9.0,36.0
83693529,21.0,2.0
83694277,12.0,72.0
83698665,20.0,37.0
83700004,17.0,2.0
83700837,5.0,35.0
83711618,19.0,37.0
83712392,17.0,2.0
83712740,8.0,60.0
83718584,12.0,53.0
83724266,12.0,17.0
83724311,9.0,13.0
83738587,5.0,29.0
83757650,9.0,59.0
83765027,12.0,2.0
83767947,12.0,59.0
83771614,12.0,18.0
83773166,19.0,31.0
83781723,17.0,18.0
83795891,20.0,85.0
83798519,9.0,73.0
83801149,10.0,24.0
83802824,21.0,60.0
83804080,20.0,61.0
83815214,9.0,90.0
83819886,21.0,2.0
83849931,10.0,74.0
83859557,19.0,25.0
83862923,0.0,2.0
83866029,5.0,18.0
83868944,0.0,24.0
83877461,0.0,24.0
83877898,21.0,73.0
83898892,21.0,76.0
83899457,4.0,9.0
83925687,12.0,56.0
83925908,5.0,81.0
83931375,12.0,2.0
83935304,17.0,2.0
83940545,21.0,2.0
83940714,21.0,72.0
83941455,17.0,60.0
83945525,20.0,71.0
83946591,20.0,17.0
83949295,20.0,2.0
83958127,17.0,89.0
83966374,12.0,85.0
83969607,20.0,2.0
83970113,12.0,2.0
83970197,9.0,24.0
83978640,21.0,60.0
83979814,19.0,32.0
83980219,21.0,60.0
83992549,17.0,2.0
84001991,21.0,2.0
84007811,21.0,11.0
84018809,19.0,60.0
84019370,12.0,2.0
84025398,17.0,47.0
84033876,19.0,77.0
84034205,9.0,1.0
84034473,20.0,66.0
84034534,21.0,26.0
84040878,21.0,78.0
84042307,21.0,54.0
84042534,12.0,2.0
84046314,17.0,2.0
84055141,17.0,60.0
84057409,4.0,2.0
84070752,10.0,2.0
84071627,21.0,17.0
84074698,5.0,47.0
84079000,20.0,90.0
84082014,12.0,60.0
84096387,17.0,29.0
84099656,9.0,33.0
84099792,17.0,2.0
84108642,12.0,2.0
84117528,9.0,47.0
84120625,20.0,2.0
84121867,17.0,2.0
84122199,21.0,24.0
84131175,21.0,2.0
84133829,19.0,61.0
84140860,12.0,51.0
84146154,21.0,7.0
84148809,19.0,32.0
84151765,21.0,60.0
84152519,21.0,85.0
84153259,9.0,36.0
84153363,17.0,15.0
84153506,20.0,2.0
84157565,20.0,2.0
84158434,21.0,90.0
84167581,20.0,18.0
84171037,12.0,2.0
84174778,12.0,86.0
84178905,21.0,2.0
84185656,5.0,25.0
84200759,12.0,24.0
84203217,12.0,29.0
84208400,19.0,84.0
84213970,9.0,59.0
84214779,9.0,44.0
84235805,9.0,2.0
84243529,9.0,61.0
84252302,12.0,18.0
84253083,7.0,36.0
84259556,10.0,2.0
84264418,12.0,2.0
84267911,12.0,54.0
84269114,9.0,61.0
84270500,20.0,0.0
84274854,17.0,2.0
84280931,5.0,2.0
84281090,5.0,51.0
84282257,20.0,81.0
84282356,9.0,60.0
84286638,5.0,2.0
84290599,19.0,18.0
84299132,21.0,25.0
84300028,20.0,55.0
84301003,9.0,12.0
84303419,10.0,36.0
84304148,12.0,31.0
84306072,12.0,90.0
84322244,21.0,2.0
84339383,20.0,90.0
84340456,12.0,31.0
84344894,21.0,60.0
84350753,19.0,90.0
84351722,21.0,60.0
84355683,0.0,53.0
84360494,0.0,2.0
84370656,9.0,9.0
84376165,20.0,2.0
84378649,0.0,59.0
84383228,7.0,2.0
84383863,9.0,61.0
84388031,21.0,60.0
84411145,21.0,25.0
84414523,5.0,61.0
84414971,12.0,2.0
84420520,0.0,42.0
84423313,21.0,2.0
84425238,12.0,60.0
84431125,10.0,33.0
84437689,12.0,53.0
84443216,9.0,60.0
84444782,20.0,11.0
84446318,0.0,2.0
84457640,10.0,17.0
84460863,17.0,60.0
84465463,21.0,2.0
84467559,20.0,2.0
84468235,20.0,8.0
84469030,21.0,27.0
84473343,21.0,67.0
84476628,17.0,63.0
84491459,10.0,0.0
84501146,21.0,59.0
84506318,19.0,90.0
84508979,20.0,11.0
84513145,9.0,2.0
84513701,5.0,22.0
84523251,17.0,60.0
84528965,10.0,2.0
84531413,9.0,60.0
84544869,12.0,2.0
84550456,12.0,25.0
84553839,21.0,23.0
84554657,20.0,17.0
84556828,20.0,90.0
84563795,12.0,2.0
84571760,21.0,68.0
84576238,10.0,2.0
84615061,12.0,2.0
84620464,4.0,19.0
84620747,21.0,2.0
84625898,5.0,24.0
84628771,9.0,18.0
84629792,21.0,53.0
84629859,19.0,48.0
84632076,12.0,88.0
84637760,21.0,4.0
84639260,21.0,17.0
84640705,21.0,8.0
84641963,0.0,2.0
84642631,21.0,48.0
84642718,12.0,2.0
84643043,17.0,90.0
84644279,21.0,61.0
84654702,17.0,33.0
84655450,9.0,88.0
84660388,17.0,61.0
84665995,12.0,0.0
84674630,9.0,51.0
84676304,4.0,90.0
84683000,20.0,90.0
84688485,21.0,25.0
84691120,18.0,15.0
84701398,5.0,59.0
84703695,9.0,2.0
84706971,9.0,9.0
84712585,17.0,49.0
84716474,12.0,84.0
84726289,21.0,2.0
84735026,19.0,24.0
84737781,21.0,35.0
84738036,5.0,90.0
84739317,19.0,24.0
84741719,12.0,2.0
84746674,21.0,63.0
84746854,20.0,64.0
84755904,12.0,90.0
84759890,12.0,31.0
84760669,12.0,37.0
84767417,5.0,90.0
84767525,9.0,11.0
84767960,12.0,60.0
84768337,21.0,41.0
84768939,17.0,4.0
84769332,9.0,59.0
84780260,17.0,2.0
84782878,19.0,2.0
84789782,21.0,59.0
84794138,4.0,2.0
84795129,17.0,28.0
84796035,17.0,29.0
84796500,10.0,74.0
84813820,17.0,2.0
84815456,12.0,61.0
84816054,10.0,6.0
84816172,7.0,57.0
84827090,12.0,69.0
84831316,19.0,56.0
84831823,12.0,37.0
84842862,9.0,72.0
84860410,20.0,17.0
84873752,17.0,90.0
84874327,20.0,55.0
84875437,20.0,8.0
84876777,20.0,9.0
84887514,12.0,2.0
84889646,4.0,44.0
84894074,10.0,
84897045,12.0,56.0
84901497,12.0,53.0
84907914,0.0,90.0
84917822,21.0,63.0
84919299,12.0,82.0
84919443,9.0,23.0
84920646,17.0,2.0
84924116,9.0,90.0
84939549,12.0,2.0
84943144,17.0,17.0
84943586,17.0,2.0
84956480,9.0,84.0
84969690,19.0,81.0
84978201,17.0,18.0
84979890,20.0,90.0
84982617,12.0,2.0
84985141,12.0,72.0
84987028,20.0,2.0
84997828,20.0,56.0
84998928,12.0,11.0
85000266,4.0,90.0
85003048,20.0,54.0
85007969,4.0,18.0
85009490,21.0,81.0
85010994,9.0,11.0
85017132,12.0,90.0
85017804,17.0,84.0
85023700,18.0,48.0
85024235,19.0,90.0
85024833,9.0,7.0
85030007,5.0,46.0
85037482,21.0,5.0
85040076,18.0,2.0
85041039,17.0,17.0
85045762,17.0,2.0
85046538,21.0,25.0
85049352,12.0,38.0
85053705,0.0,59.0
85068540,8.0,85.0
85069064,4.0,60.0
85076004,12.0,2.0
85076473,9.0,2.0
85084323,12.0,61.0
85085904,21.0,11.0
85086834,9.0,17.0
85086972,12.0,24.0
85089661,17.0,2.0
85092299,17.0,8.0
85099112,20.0,25.0
85105154,21.0,60.0
85106624,12.0,29.0
85109494,20.0,10.0
85110677,9.0,21.0
85114526,21.0,11.0
85127936,12.0,55.0
85128164,12.0,18.0
85138718,12.0,78.0
85139142,9.0,54.0
85159111,17.0,12.0
85161964,19.0,28.0
85163696,19.0,29.0
85182916,19.0,82.0
85185036,12.0,64.0
85199042,21.0,15.0
85199421,20.0,36.0
85203460,21.0,71.0
85204063,21.0,13.0
85208884,20.0,24.0
85210021,12.0,60.0
85211594,5.0,10.0
85214139,9.0,60.0
85215320,21.0,7.0
85220260,19.0,21.0
85222118,12.0,59.0
85229704,17.0,2.0
85233852,9.0,2.0
85241171,21.0,18.0
85248241,17.0,81.0
85260335,9.0,81.0
85261625,19.0,15.0
85274686,12.0,61.0
85282783,0.0,73.0
85285856,12.0,31.0
85287409,17.0,90.0
85298516,20.0,11.0
85317748,21.0,2.0
85320134,5.0,32.0
85321784,12.0,54.0
85322153,20.0,2.0
85323643,10.0,2.0
85324711,12.0,18.0
85333469,21.0,82.0
85334020,17.0,18.0
85338105,1.0,90.0
85339565,20.0,54.0
85340356,21.0,63.0
85341206,21.0,37.0
85342586,12.0,2.0
85343382,12.0,73.0
85347518,4.0,88.0
85347562,19.0,6.0
85350823,20.0,0.0
85351760,20.0,15.0
85359039,21.0,59.0
85361270,17.0,24.0
85365598,9.0,2.0
85366414,19.0,64.0
85378352,15.0,2.0
85380525,12.0,88.0
85382070,9.0,18.0
85384124,12.0,25.0
85386169,12.0,59.0
85388421,21.0,60.0
85394925,20.0,60.0
85400427,20.0,17.0
85402388,5.0,2.0
85403212,21.0,37.0
85403795,20.0,46.0
85404727,10.0,2.0
85414070,17.0,49.0
85419394,4.0,23.0
85419994,20.0,63.0
85422639,17.0,59.0
85426554,17.0,42.0
85427600,12.0,2.0
85437348,12.0,53.0
85438908,21.0,17.0
85463434,20.0,90.0
85464985,20.0,56.0
85468690,5.0,2.0
85475816,5.0,79.0
85477427,12.0,37.0
85479874,21.0,60.0
85484906,21.0,90.0
85486130,17.0,74.0
85487747,21.0,75.0
85488168,21.0,2.0
85496243,12.0,2.0
85496907,17.0,59.0
85502505,12.0,11.0
85502845,20.0,2.0
85503955,17.0,36.0
85505024,17.0,84.0
85505295,19.0,25.0
85506627,17.0,2.0
85508415,12.0,2.0
85509165,12.0,2.0
85509421,21.0,2.0
85511909,17.0,88.0
85519831,20.0,84.0
85521831,19.0,2.0
85534282,17.0,11.0
85540471,9.0,84.0
85549749,17.0,83.0
85550943,12.0,36.0
85554095,17.0,59.0
85558466,10.0,2.0
85560179,5.0,24.0
85567494,21.0,64.0
85569824,0.0,2.0
85570798,10.0,87.0
85584080,17.0,90.0
85587878,12.0,2.0
85591721,20.0,2.0
85605003,20.0,2.0
85605607,21.0,41.0
85606239,21.0,7.0
85607136,20.0,18.0
85608870,21.0,2.0
85613105,19.0,29.0
85617697,9.0,2.0
85617702,10.0,0.0
85621458,5.0,71.0
85626142,21.0,24.0
85628211,21.0,15.0
85631740,12.0,81.0
85631921,21.0,90.0
85632470,10.0,37.0
85635251,9.0,37.0
85636737,0.0,22.0
85639284,21.0,2.0
85639357,21.0,15.0
85642645,10.0,57.0
85646771,17.0,70.0
85651100,17.0,24.0
85651302,10.0,2.0
85664866,1.0,2.0
85668063,12.0,2.0
85669697,5.0,18.0
85676810,21.0,60.0
85679561,18.0,63.0
85686340,21.0,59.0
85686920,17.0,62.0
85697582,19.0,60.0
85700580,12.0,42.0
85700856,17.0,38.0
85704981,20.0,56.0
85716700,21.0,9.0
85719383,5.0,2.0
85720964,5.0,24.0
85725540,19.0,11.0
85737192,12.0,2.0
85740022,5.0,2.0
85742134,19.0,35.0
85750901,21.0,47.0
85754859,21.0,59.0
85761810,21.0,59.0
85762264,10.0,18.0
85764876,19.0,60.0
85771014,21.0,25.0
85771024,9.0,70.0
85775215,21.0,2.0
85777370,17.0,67.0
85779682,19.0,53.0
85780641,12.0,61.0
85789770,0.0,90.0
85789905,17.0,18.0
85791470,12.0,88.0
85792293,17.0,59.0
85793258,9.0,33.0
85796381,9.0,17.0
85807468,12.0,73.0
85813038,0.0,2.0
85814045,4.0,63.0
85820994,20.0,76.0
85825415,12.0,68.0
85825747,19.0,23.0
85826005,12.0,56.0
85826902,17.0,2.0
85827660,17.0,84.0
85828199,17.0,67.0
85833633,12.0,2.0
85835346,1.0,2.0
85836456,10.0,2.0
85838759,12.0,37.0
85848551,9.0,2.0
85856613,12.0,7.0
85867885,21.0,2.0
85870783,20.0,36.0
85878029,20.0,76.0
85889777,0.0,29.0
85891688,12.0,18.0
85907847,12.0,88.0
85915703,19.0,81.0
85922959,12.0,2.0
85927713,12.0,7.0
85929904,10.0,60.0
85933275,12.0,2.0
85942836,18.0,18.0
85950359,12.0,55.0
85952100,12.0,2.0
85955538,19.0,90.0
85959568,9.0,2.0
85959649,17.0,2.0
85960637,21.0,35.0
85962460,12.0,50.0
85965163,12.0,17.0
85970298,10.0,82.0
85970921,12.0,2.0
85972870,12.0,2.0
85973645,17.0,59.0
85984112,10.0,42.0
85990672,10.0,11.0
85997723,21.0,16.0
86005302,21.0,67.0
86007321,21.0,84.0
86014738,20.0,2.0
86015059,0.0,18.0
86017797,7.0,63.0
86019645,19.0,2.0
86031951,12.0,90.0
86034068,17.0,13.0
86036269,12.0,1.0
86038560,10.0,61.0
86039988,12.0,66.0
86045602,20.0,33.0
86050715,19.0,90.0
86055445,5.0,61.0
86067729,0.0,67.0
86068236,17.0,64.0
86075532,17.0,2.0
86078191,5.0,18.0
86079335,17.0,24.0
86080111,12.0,90.0
86080734,9.0,81.0
86080907,20.0,24.0
86081203,17.0,2.0
86081359,12.0,72.0
86085665,9.0,18.0
86092933,12.0,2.0
86095920,17.0,18.0
86106970,18.0,2.0
86108841,19.0,24.0
86110453,12.0,2.0
86111343,20.0,8.0
86113614,21.0,50.0
86114954,17.0,2.0
86118805,9.0,32.0
86122750,9.0,29.0
86129064,5.0,48.0
86137256,17.0,49.0
86152241,21.0,54.0
86152371,12.0,2.0
86158936,17.0,31.0
86160730,12.0,2.0
86174010,19.0,25.0
86183162,20.0,2.0
86186155,21.0,58.0
86188215,4.0,54.0
86188454,21.0,60.0
86189442,21.0,33.0
86195337,4.0,2.0
86197815,9.0,81.0
86199862,21.0,42.0
86206234,19.0,73.0
86206327,17.0,2.0
86215174,12.0,18.0
86220327,20.0,60.0
86220818,12.0,35.0
86224218,9.0,27.0
86235700,21.0,2.0
86238488,0.0,18.0
86246478,12.0,59.0
86247109,19.0,37.0
86252065,21.0,2.0
86255544,8.0,60.0
86257614,21.0,11.0
86264357,17.0,27.0
86269044,12.0,24.0
86269759,5.0,34.0
86270771,21.0,37.0
86279571,9.0,11.0
86285363,5.0,67.0
86287559,9.0,2.0
86292475,9.0,37.0
86293982,9.0,37.0
86297858,5.0,67.0
86303513,17.0,71.0
86310679,21.0,4.0
86317988,12.0,32.0
86323729,21.0,2.0
86333013,20.0,49.0
86333194,17.0,25.0
86334540,5.0,22.0
86336337,12.0,60.0
86340053,21.0,11.0
86346419,19.0,41.0
86348660,10.0,41.0
86349078,20.0,53.0
86349790,9.0,24.0
86351328,21.0,2.0
86354394,5.0,77.0
86358003,17.0,18.0
86378040,17.0,60.0
86378707,19.0,90.0
86380793,12.0,52.0
86385936,21.0,2.0
86387500,12.0,24.0
86394625,20.0,42.0
86395693,4.0,60.0
86401140,10.0,60.0
86401720,21.0,25.0
86410707,9.0,2.0
86413640,21.0,13.0
86418332,17.0,81.0
86418587,21.0,56.0
86419118,19.0,2.0
86419150,20.0,54.0
86428481,19.0,60.0
86435772,17.0,60.0
86436007,12.0,90.0
86440983,12.0,13.0
86445913,21.0,41.0
86450727,20.0,17.0
86451629,4.0,2.0
86453958,7.0,2.0
86455529,17.0,51.0
86457577,7.0,90.0
86458062,9.0,17.0
86459771,21.0,59.0
86461172,12.0,15.0
86465192,17.0,15.0
86468130,12.0,2.0
86471167,4.0,2.0
86475378,9.0,15.0
86475744,20.0,2.0
86478542,5.0,11.0
86478923,17.0,90.0
86482424,17.0,2.0
86493974,21.0,27.0
86505074,8.0,2.0
86506595,9.0,63.0
86512705,9.0,7.0
86515484,21.0,25.0
86516851,17.0,67.0
86522489,17.0,54.0
86526693,12.0,83.0
86526706,10.0,36.0
86526921,5.0,59.0
86528631,21.0,88.0
86530998,21.0,41.0
86536841,4.0,67.0
86546692,17.0,59.0
86547428,17.0,37.0
86560497,21.0,53.0
86563121,12.0,90.0
86564238,12.0,60.0
86564636,12.0,51.0
86573176,21.0,66.0
86573541,21.0,90.0
86577531,20.0,90.0
86586134,9.0,49.0
86598079,17.0,34.0
86600985,17.0,24.0
86601677,17.0,2.0
86607961,12.0,46.0
86610189,21.0,2.0
86625346,12.0,2.0
86625618,12.0,60.0
86630512,12.0,60.0
86631862,4.0,82.0
86645033,20.0,33.0
86651785,9.0,2.0
86655905,21.0,61.0
86665418,20.0,63.0
86665519,17.0,60.0
86669717,21.0,2.0
86675041,21.0,25.0
86691353,21.0,67.0
86692065,12.0,85.0
86699671,21.0,53.0
86701608,9.0,21.0
86720605,5.0,61.0
86724305,12.0,24.0
86727127,5.0,49.0
86728981,21.0,90.0
86735854,17.0,2.0
86739056,12.0,2.0
86747381,21.0,60.0
86750413,12.0,63.0
86750869,9.0,84.0
86776366,5.0,55.0
86783614,12.0,60.0
86796864,20.0,15.0
86809279,9.0,2.0
86820576,21.0,77.0
86826283,19.0,51.0
86831920,5.0,60.0
86841277,20.0,2.0
86844152,12.0,18.0
86855647,0.0,42.0
86856538,21.0,47.0
86856559,21.0,54.0
86857250,19.0,5.0
86881011,12.0,38.0
86889747,5.0,72.0
86890415,4.0,8.0
86914502,12.0,70.0
86920569,4.0,32.0
86926884,4.0,72.0
86930746,21.0,37.0
86934431,21.0,60.0
86935152,9.0,55.0
86938602,12.0,90.0
86949330,12.0,17.0
86956306,9.0,18.0
86970859,21.0,81.0
86971631,12.0,41.0
86974175,7.0,81.0
86978728,19.0,24.0
86992543,9.0,90.0
86996169,12.0,2.0
87008388,12.0,90.0
87018068,10.0,17.0
87019711,17.0,18.0
87026120,18.0,83.0
87030458,0.0,18.0
87034387,9.0,41.0
87048946,10.0,67.0
87049650,19.0,24.0
87054861,17.0,2.0
87058229,20.0,36.0
87064923,10.0,58.0
87066074,5.0,2.0
87070320,12.0,17.0
87071079,12.0,2.0
87077759,9.0,29.0
87084406,21.0,90.0
87086595,17.0,13.0
87088748,21.0,29.0
87088940,21.0,2.0
87091768,17.0,10.0
87095106,12.0,53.0
87110755,12.0,85.0
87125022,12.0,86.0
87125576,9.0,2.0
87140955,19.0,24.0
87145669,12.0,18.0
87148046,17.0,2.0
87148731,21.0,90.0
87160350,20.0,59.0
87167232,20.0,59.0
87170981,12.0,2.0
87175197,12.0,42.0
87177110,17.0,2.0
87178571,12.0,24.0
87183868,20.0,18.0
87184476,10.0,90.0
87187196,12.0,85.0
87192364,12.0,85.0
87205286,20.0,24.0
87210045,17.0,42.0
87210433,20.0,21.0
87218244,17.0,2.0
87223038,21.0,3.0
87223977,12.0,2.0
87226367,5.0,4.0
87237902,21.0,53.0
87238771,10.0,25.0
87246346,9.0,37.0
87248205,21.0,21.0
87248663,9.0,18.0
87252383,9.0,90.0
87253805,19.0,21.0
87260969,12.0,16.0
87266728,12.0,90.0
87267123,17.0,2.0
87275341,7.0,11.0
87275500,19.0,29.0
87276767,17.0,90.0
87291343,21.0,34.0
87291399,4.0,36.0
87296182,21.0,7.0
87299165,17.0,53.0
87305621,20.0,0.0
87306960,21.0,27.0
87320466,21.0,47.0
87324427,12.0,84.0
87330669,18.0,59.0
87333741,10.0,18.0
87337054,21.0,21.0
87343605,17.0,2.0
87350519,9.0,2.0
87354959,20.0,38.0
87362048,0.0,36.0
87364373,17.0,37.0
87367087,21.0,90.0
87367279,21.0,2.0
87367302,12.0,59.0
87367776,5.0,24.0
87368051,12.0,53.0
87379776,4.0,18.0
87380276,12.0,18.0
87383633,21.0,81.0
87386402,19.0,18.0
87387330,10.0,67.0
87391015,12.0,42.0
87397300,20.0,66.0
87404670,21.0,2.0
87405175,19.0,13.0
87409069,21.0,35.0
87419430,0.0,24.0
87421801,19.0,59.0
87426024,12.0,88.0
87436110,9.0,66.0
87438331,21.0,4.0
87441353,21.0,59.0
87445838,9.0,24.0
87451141,19.0,88.0
87453384,21.0,83.0
87456790,12.0,88.0
87468316,4.0,12.0
87479778,19.0,46.0
87485810,17.0,36.0
87495052,17.0,90.0
87495133,20.0,71.0
87497309,4.0,36.0
87498102,19.0,17.0
87502818,20.0,18.0
87503279,20.0,51.0
87520040,12.0,67.0
87523026,17.0,12.0
87524588,12.0,60.0
87538980,5.0,2.0
87540334,20.0,28.0
87541071,12.0,1.0
87541185,17.0,51.0
87543577,20.0,2.0
87543689,17.0,52.0
87543950,9.0,60.0
87544216,20.0,81.0
87544485,21.0,52.0
87547633,12.0,2.0
87553589,0.0,2.0
87558849,9.0,2.0
87559675,12.0,28.0
87570716,5.0,17.0
87575061,17.0,11.0
87589345,12.0,37.0
87597628,17.0,61.0
87599943,9.0,90.0
87601859,20.0,2.0
87602732,9.0,2.0
87604511,12.0,2.0
87617402,17.0,24.0
87621964,21.0,11.0
87630027,21.0,85.0
87636624,20.0,17.0
87637838,12.0,88.0
87640204,20.0,84.0
87643514,18.0,74.0
87651798,20.0,27.0
87657387,9.0,59.0
87661600,12.0,18.0
87674810,17.0,84.0
87675643,21.0,90.0
87678952,7.0,59.0
87686646,12.0,71.0
87695962,12.0,29.0
87697023,20.0,21.0
87700727,19.0,10.0
87704092,20.0,66.0
87711182,9.0,84.0
87720824,9.0,2.0
87725442,20.0,37.0
87725869,10.0,2.0
87730399,10.0,10.0
87730900,4.0,35.0
87731913,10.0,50.0
87736856,0.0,19.0
87743300,9.0,90.0
87744295,10.0,36.0
87745870,20.0,63.0
87750961,19.0,60.0
87752108,17.0,24.0
87761845,12.0,36.0
87763278,19.0,55.0
87766559,21.0,18.0
87770599,5.0,84.0
87772270,9.0,11.0
87783812,4.0,17.0
87784175,19.0,85.0
87790274,5.0,28.0
87791515,17.0,31.0
87792101,19.0,85.0
87793037,17.0,38.0
87795285,18.0,18.0
87795880,2.0,61.0
87796367,12.0,4.0
87802690,21.0,86.0
87809769,10.0,72.0
87812104,19.0,2.0
87820422,20.0,85.0
87823734,19.0,29.0
87830414,9.0,53.0
87831902,17.0,2.0
87833662,21.0,28.0
87841662,5.0,70.0
87845351,10.0,68.0
87845806,10.0,70.0
87847589,9.0,0.0
87848324,4.0,85.0
87851719,17.0,85.0
87859046,19.0,2.0
87862753,18.0,22.0
87865291,5.0,37.0
87874418,12.0,37.0
87877891,10.0,2.0
87878822,20.0,42.0
87880345,10.0,29.0
87880476,12.0,60.0
87880749,9.0,18.0
87883772,21.0,2.0
87887241,20.0,55.0
87891148,12.0,17.0
87891963,9.0,11.0
87892259,17.0,2.0
87897532,12.0,18.0
87909009,20.0,10.0
87909638,7.0,2.0
87915118,9.0,63.0
87920272,4.0,66.0
87925740,9.0,29.0
87925828,9.0,60.0
87928011,19.0,2.0
87944679,21.0,37.0
87944820,10.0,18.0
87951131,5.0,24.0
87954111,9.0,82.0
87956729,20.0,60.0
87958953,12.0,2.0
87964848,21.0,60.0
87972790,21.0,75.0
87975886,12.0,2.0
87979522,19.0,2.0
87980353,4.0,90.0
87980390,5.0,59.0
87981353,12.0,22.0
87981501,17.0,88.0
87986151,9.0,61.0
87987387,21.0,2.0
87989294,10.0,9.0
88006857,17.0,59.0
88007980,20.0,90.0
88008502,12.0,2.0
88010945,12.0,2.0
88017199,5.0,60.0
88021900,20.0,35.0
88031245,17.0,2.0
88038764,21.0,41.0
88039417,9.0,60.0
88045202,10.0,82.0
88054752,12.0,25.0
88071174,21.0,49.0
88087459,17.0,13.0
88091087,0.0,72.0
88091782,12.0,90.0
88094123,21.0,36.0
88099820,17.0,60.0
88103314,9.0,15.0
88110922,9.0,60.0
88113765,17.0,2.0
88113776,12.0,49.0
88122106,21.0,48.0
88130345,20.0,18.0
88132878,17.0,23.0
88135513,12.0,2.0
88138462,5.0,15.0
88151474,21.0,37.0
88152965,17.0,2.0
88156720,4.0,90.0
88165466,0.0,72.0
88171694,17.0,51.0
88172765,17.0,2.0
88180803,12.0,60.0
88182596,21.0,26.0
88182799,9.0,66.0
88183448,9.0,2.0
88187970,10.0,70.0
88189508,21.0,24.0
88191996,21.0,60.0
88194280,12.0,46.0
88199239,12.0,0.0
88212311,20.0,18.0
88212548,9.0,60.0
88216545,20.0,32.0
88217934,0.0,18.0
88221585,21.0,63.0
88227830,12.0,60.0
88228196,9.0,24.0
88231126,17.0,18.0
88233423,12.0,12.0
88235674,17.0,90.0
88239618,12.0,2.0
88243315,4.0,18.0
88245650,9.0,10.0
88247323,12.0,82.0
88253646,21.0,59.0
88261389,12.0,60.0
88263296,21.0,2.0
88264930,18.0,17.0
88269572,12.0,13.0
88270650,19.0,58.0
88272084,12.0,84.0
88280586,5.0,73.0
88282764,19.0,60.0
88285600,21.0,60.0
88288460,17.0,4.0
88303599,9.0,55.0
88304576,21.0,76.0
88304858,17.0,29.0
88309688,20.0,60.0
88316368,19.0,59.0
88316942,12.0,85.0
88324146,17.0,33.0
88329435,0.0,81.0
88331466,4.0,29.0
88332049,5.0,46.0
88333647,10.0,17.0
88348816,21.0,60.0
88357885,0.0,0.0
88358094,4.0,76.0
88360692,12.0,69.0
88365198,20.0,66.0
88372934,21.0,29.0
88390025,9.0,60.0
88396270,5.0,41.0
88398267,17.0,48.0
88398334,12.0,86.0
88398439,17.0,2.0
88401769,12.0,25.0
88404046,21.0,51.0
88415234,21.0,31.0
88427505,5.0,2.0
88434239,17.0,41.0
88435840,10.0,11.0
88436432,5.0,2.0
88438499,19.0,2.0
88446706,9.0,60.0
88449682,7.0,90.0
88453421,17.0,90.0
88454671,19.0,59.0
88459329,12.0,60.0
88459542,10.0,71.0
88462578,12.0,2.0
88466068,21.0,24.0
88470930,21.0,6.0
88485943,17.0,2.0
88487151,9.0,15.0
88497883,12.0,60.0
88501321,20.0,81.0
88503177,12.0,2.0
88517446,12.0,2.0
88519535,9.0,59.0
88520024,21.0,38.0
88525540,20.0,18.0
88526262,12.0,2.0
88529838,20.0,24.0
88529964,20.0,29.0
88534892,7.0,63.0
88536976,17.0,2.0
88542539,9.0,2.0
88542595,5.0,18.0
88550199,20.0,24.0
88561296,10.0,2.0
88566279,17.0,71.0
88572124,12.0,60.0
88575314,18.0,37.0
88579744,7.0,27.0
88580143,10.0,59.0
88585388,17.0,87.0
88590405,12.0,19.0
88595171,5.0,2.0
88595735,12.0,41.0
88596908,21.0,19.0
88604983,12.0,66.0
88610247,10.0,66.0
88615205,9.0,18.0
88615339,17.0,0.0
88633565,19.0,33.0
88641396,21.0,55.0
88650259,21.0,71.0
88654307,7.0,2.0
88665970,12.0,63.0
88693154,0.0,63.0
88693872,12.0,60.0
88694836,21.0,59.0
88703095,17.0,21.0
88714835,20.0,62.0
88716752,9.0,17.0
88721626,4.0,17.0
88729688,20.0,60.0
88732805,21.0,17.0
88736081,19.0,2.0
88738071,21.0,53.0
88746282,17.0,2.0
88749737,17.0,24.0
88754070,21.0,53.0
88759387,12.0,55.0
88766214,20.0,90.0
88767710,12.0,90.0
88767793,9.0,18.0
88770805,7.0,37.0
88771328,20.0,24.0
88774037,20.0,2.0
88775229,12.0,2.0
88783626,17.0,85.0
88794493,17.0,90.0
88798376,12.0,2.0
88802975,10.0,90.0
88810092,12.0,2.0
88815878,5.0,18.0
88816866,9.0,63.0
88817891,9.0,60.0
88818365,21.0,54.0
88823699,17.0,32.0
88826146,12.0,2.0
88835300,12.0,2.0
88841071,17.0,25.0
88849663,17.0,18.0
88854604,21.0,2.0
88859862,17.0,11.0
88863607,12.0,16.0
88868037,19.0,63.0
88868054,9.0,61.0
88873868,19.0,90.0
88874683,17.0,2.0
88874885,5.0,72.0
88876483,21.0,2.0
88877566,17.0,29.0
88879151,17.0,28.0
88886193,12.0,18.0
88887321,20.0,81.0
88894050,20.0,36.0
88895067,12.0,24.0
88900818,20.0,1.0
88914722,20.0,33.0
88915542,5.0,2.0
88920572,12.0,2.0
88924976,18.0,82.0
88931615,21.0,29.0
88932165,12.0,60.0
88933716,20.0,60.0
88934176,9.0,16.0
88950299,1.0,2.0
88950900,10.0,90.0
88952883,17.0,2.0
88953114,0.0,53.0
88966058,0.0,90.0
88969032,17.0,2.0
88969792,17.0,2.0
88975805,19.0,84.0
88977944,12.0,18.0
88999480,21.0,28.0
89004239,21.0,2.0
89006710,17.0,17.0
89024640,9.0,12.0
89028879,17.0,2.0
89031540,21.0,35.0
89031937,21.0,38.0
89042458,12.0,60.0
89045346,17.0,2.0
89049115,4.0,60.0
89050013,12.0,2.0
89052381,12.0,28.0
89055001,9.0,84.0
89068366,5.0,2.0
89071542,21.0,24.0
89074780,9.0,89.0
89082449,9.0,2.0
89083187,10.0,15.0
89085614,17.0,15.0
89088228,5.0,37.0
89090619,21.0,4.0
89092990,9.0,2.0
89096163,21.0,60.0
89101954,12.0,8.0
89102895,12.0,2.0
89102990,17.0,36.0
89103723,19.0,11.0
89112175,21.0,60.0
89119020,12.0,87.0
89119057,17.0,2.0
89119791,12.0,37.0
89125394,12.0,15.0
89138238,20.0,60.0
89139994,17.0,15.0
89148635,12.0,2.0
89149029,12.0,59.0
89151300,9.0,17.0
89164567,9.0,59.0
89174349,9.0,60.0
89182414,0.0,36.0
89183478,17.0,2.0
89186394,21.0,59.0
89186814,17.0,2.0
89191763,21.0,38.0
89198956,12.0,2.0
89203659,9.0,24.0
89206671,21.0,90.0
89206764,7.0,60.0
89213547,17.0,90.0
89215155,20.0,28.0
89218883,5.0,2.0
89222203,9.0,2.0
89230756,21.0,43.0
89235294,20.0,2.0
89236928,17.0,2.0
89255197,17.0,2.0
89255832,21.0,18.0
89260568,12.0,90.0
89266969,17.0,13.0
89274757,9.0,2.0
89280635,20.0,2.0
89283841,20.0,37.0
89284190,10.0,37.0
89287357,9.0,15.0
89288328,9.0,46.0
89290778,12.0,55.0
89293406,9.0,2.0
89294187,12.0,53.0
89296807,17.0,90.0
89303609,17.0,60.0
89305727,12.0,2.0
89310731,21.0,2.0
89314334,9.0,24.0
89315068,10.0,50.0
89316868,12.0,59.0
89317961,0.0,61.0
89319343,20.0,90.0
89321671,12.0,35.0
89325484,10.0,35.0
89330530,19.0,3.0
89340075,17.0,2.0
89348933,12.0,56.0
89354912,5.0,76.0
89357068,17.0,2.0
89358524,17.0,60.0
89383803,20.0,63.0
89384517,12.0,51.0
89392667,12.0,60.0
89394025,10.0,17.0
89397862,20.0,75.0
89403921,9.0,24.0
89404578,5.0,17.0
89406881,12.0,54.0
89409993,17.0,2.0
89415419,21.0,2.0
89416366,4.0,67.0
89419299,21.0,63.0
89421199,17.0,37.0
89423421,20.0,22.0
89428939,9.0,2.0
89430153,20.0,82.0
89430706,12.0,60.0
89434256,10.0,2.0
89436432,17.0,2.0
89438370,20.0,17.0
89443333,17.0,2.0
89446712,17.0,90.0
89450706,20.0,3.0
89453199,7.0,9.0
89459695,12.0,18.0
89473129,10.0,3.0
89473554,12.0,90.0
89475283,17.0,18.0
89480682,12.0,2.0
89481197,21.0,60.0
89486981,20.0,63.0
89492698,10.0,18.0
89495595,20.0,36.0
89496606,19.0,67.0
89505961,17.0,18.0
89512515,20.0,24.0
89524949,20.0,60.0
89525331,21.0,32.0
89535248,21.0,25.0
89536471,21.0,60.0
89545242,19.0,60.0
89547388,21.0,81.0
89548413,20.0,90.0
89551031,9.0,60.0
89553137,12.0,2.0
89558191,7.0,2.0
89560781,17.0,85.0
89561217,12.0,37.0
89563962,19.0,33.0
89564835,19.0,11.0
89565172,21.0,2.0
89569723,9.0,60.0
89570321,5.0,11.0
89580091,21.0,71.0
89587729,12.0,2.0
89589169,21.0,2.0
89590821,17.0,59.0
89591653,21.0,82.0
89592686,12.0,27.0
89593634,4.0,59.0
89594062,12.0,2.0
89594977,0.0,17.0
89599559,4.0,2.0
89601207,10.0,11.0
89609592,17.0,51.0
89610787,17.0,24.0
89612206,19.0,83.0
89613476,19.0,37.0
89616116,17.0,2.0
89622814,9.0,90.0
89626249,0.0,17.0
89627701,9.0,15.0
89628145,21.0,18.0
89633138,17.0,17.0
89639169,21.0,59.0
89644157,12.0,21.0
89651859,4.0,35.0
89661573,12.0,2.0
89667073,19.0,59.0
89673393,5.0,16.0
89675758,20.0,36.0
89676469,19.0,61.0
89676529,12.0,21.0
89683786,21.0,17.0
89684135,21.0,24.0
89692430,21.0,62.0
89697164,4.0,47.0
89701843,17.0,90.0
89703657,21.0,60.0
89705635,9.0,5.0
89714815,10.0,60.0
89724344,21.0,10.0
89731093,9.0,7.0
89734608,12.0,60.0
89739535,17.0,2.0
89747136,12.0,2.0
89767017,4.0,90.0
89773229,21.0,90.0
89778729,21.0,11.0
89782288,5.0,54.0
89788950,12.0,90.0
89793125,21.0,17.0
89808940,12.0,90.0
89809471,17.0,46.0
89809677,9.0,18.0
89810858,9.0,9.0
89818346,19.0,10.0
89820302,12.0,60.0
89836300,19.0,55.0
89837477,20.0,2.0
89839222,4.0,2.0
89839777,12.0,2.0
89846557,17.0,90.0
89853276,12.0,60.0
89858025,12.0,47.0
89858080,19.0,2.0
89867754,12.0,61.0
89880452,12.0,88.0
89883212,17.0,60.0
89885528,18.0,43.0
89887472,10.0,18.0
89894273,5.0,81.0
89898894,10.0,90.0
89899404,17.0,60.0
89904606,19.0,2.0
89908960,20.0,72.0
