user_id,socdem_cluster,region
33686199,10.0,2.0
1959585,19.0,71.0
24199709,21.0,60.0
73091807,19.0,41.0
79599319,21.0,90.0
33698371,21.0,82.0
46185459,20.0,55.0
8952098,17.0,2.0
57511773,12.0,2.0
52044701,17.0,82.0
468591,20.0,17.0
29086809,4.0,2.0
21999971,0.0,37.0
38781063,0.0,18.0
83223314,12.0,31.0
20448818,12.0,70.0
33980453,12.0,55.0
60139977,6.0,12.0
28877603,21.0,83.0
1889952,18.0,15.0
82043059,4.0,23.0
17440477,21.0,61.0
46150800,10.0,2.0
71395684,17.0,18.0
85554680,20.0,84.0
10631272,17.0,60.0
39239007,9.0,51.0
59803475,9.0,60.0
37592377,13.0,81.0
13959746,20.0,2.0
87353304,12.0,22.0
86304363,21.0,53.0
87961286,4.0,28.0
72161089,20.0,9.0
51771465,21.0,90.0
46677410,17.0,90.0
20669459,20.0,24.0
78391069,10.0,11.0
44762159,4.0,63.0
23587338,20.0,90.0
61673405,9.0,2.0
35050253,19.0,84.0
82774512,21.0,2.0
54458369,5.0,4.0
21553310,12.0,71.0
70355726,17.0,63.0
22337561,19.0,60.0
32758773,4.0,82.0
63309995,0.0,37.0
86443412,9.0,18.0
51591824,17.0,90.0
59316020,12.0,9.0
9082341,10.0,3.0
13079203,7.0,2.0
57586354,9.0,46.0
70112985,17.0,18.0
70678882,12.0,18.0
10982670,9.0,82.0
41265467,5.0,2.0
37379299,4.0,11.0
28679294,17.0,37.0
34726559,5.0,2.0
65330600,20.0,24.0
66954242,9.0,32.0
76493325,21.0,70.0
37947967,17.0,59.0
7350140,12.0,15.0
84876471,20.0,29.0
50383061,19.0,2.0
87370426,12.0,82.0
16211751,19.0,24.0
63979399,4.0,76.0
460026,17.0,4.0
67583520,12.0,2.0
19327486,17.0,18.0
50955293,9.0,24.0
64927691,19.0,43.0
12372375,19.0,2.0
24631096,17.0,18.0
75514036,18.0,25.0
70187593,10.0,76.0
50771304,10.0,76.0
68593687,17.0,4.0
79713087,17.0,60.0
50100090,19.0,54.0
4104912,9.0,2.0
68217564,9.0,
13565795,0.0,18.0
66511105,12.0,32.0
17699492,12.0,14.0
8639965,9.0,60.0
30840067,20.0,18.0
32615860,9.0,82.0
60189067,19.0,85.0
9563546,17.0,59.0
2052672,21.0,54.0
34675673,21.0,46.0
35823687,21.0,90.0
66503116,0.0,90.0
11397126,17.0,54.0
72278006,17.0,60.0
38314341,0.0,61.0
5764963,17.0,64.0
29998554,12.0,2.0
62418205,20.0,63.0
8983825,0.0,59.0
2494823,9.0,24.0
20731132,10.0,21.0
53911652,12.0,63.0
82647737,17.0,2.0
68245991,7.0,2.0
27508602,17.0,2.0
42636692,10.0,29.0
20162321,4.0,72.0
23721018,21.0,15.0
55841511,18.0,67.0
17185689,9.0,64.0
60197788,9.0,60.0
31317062,20.0,29.0
54218986,10.0,87.0
88987613,19.0,2.0
73658909,12.0,7.0
3804055,17.0,36.0
46499900,4.0,11.0
40417673,19.0,9.0
2658365,12.0,2.0
46581706,7.0,66.0
29163053,17.0,59.0
27185445,0.0,28.0
23297412,10.0,25.0
74276253,19.0,49.0
87345390,20.0,18.0
79068360,18.0,61.0
12826832,12.0,2.0
78930788,12.0,7.0
86668681,12.0,8.0
10223922,21.0,3.0
33021648,17.0,2.0
51256848,12.0,29.0
72602950,9.0,90.0
84937380,20.0,2.0
1961965,10.0,12.0
25620677,10.0,84.0
82431475,4.0,49.0
57804030,4.0,10.0
85353307,5.0,71.0
47321028,1.0,17.0
72525175,0.0,59.0
26412761,0.0,82.0
21119169,12.0,51.0
35902631,10.0,18.0
62571013,20.0,11.0
66106002,5.0,61.0
27663948,19.0,90.0
3907071,20.0,23.0
27734633,20.0,59.0
35145377,20.0,90.0
87339609,5.0,35.0
79097754,0.0,2.0
48299979,10.0,71.0
66342626,12.0,18.0
54013123,4.0,37.0
7458513,21.0,82.0
80053529,21.0,28.0
29760170,20.0,54.0
57913812,9.0,2.0
8092532,0.0,59.0
23857015,13.0,59.0
85784656,9.0,59.0
32381046,20.0,2.0
2310530,0.0,11.0
23756451,12.0,2.0
27071288,17.0,22.0
69963064,17.0,7.0
63752084,21.0,2.0
48874288,10.0,2.0
40062925,10.0,85.0
37248382,21.0,17.0
44409213,20.0,2.0
17271870,21.0,2.0
40245435,9.0,13.0
32109838,17.0,11.0
71834586,4.0,84.0
47608096,12.0,60.0
67338859,12.0,60.0
46517890,4.0,15.0
22542963,7.0,1.0
33774013,9.0,17.0
21796443,19.0,19.0
22414359,17.0,2.0
37231741,20.0,18.0
13880281,20.0,88.0
44905158,17.0,14.0
11054563,12.0,35.0
68357705,12.0,17.0
85757810,0.0,17.0
37514507,19.0,61.0
61829654,21.0,38.0
81004121,0.0,24.0
43078842,9.0,24.0
45902,20.0,18.0
84759621,4.0,18.0
14870327,10.0,82.0
57928361,12.0,2.0
26242302,17.0,34.0
86316815,17.0,71.0
27173907,17.0,84.0
89886327,17.0,84.0
35719870,9.0,29.0
26839670,12.0,37.0
49505885,9.0,41.0
89377823,0.0,46.0
32091667,17.0,90.0
7802368,4.0,76.0
64680950,21.0,84.0
56743709,9.0,2.0
38782709,0.0,71.0
67531725,12.0,21.0
86867261,17.0,53.0
80488160,18.0,50.0
46884510,18.0,76.0
2007731,18.0,90.0
49058920,20.0,82.0
1686633,20.0,61.0
10497714,5.0,85.0
7008984,10.0,90.0
44323711,9.0,2.0
35655407,12.0,18.0
67638511,5.0,63.0
63220108,17.0,41.0
44857094,9.0,2.0
27820749,4.0,31.0
75733904,12.0,24.0
6030558,17.0,85.0
50160835,10.0,44.0
42509379,17.0,2.0
52257583,7.0,23.0
61414279,20.0,37.0
29338171,19.0,23.0
41423337,21.0,2.0
46404711,17.0,90.0
1534768,7.0,29.0
84309572,4.0,2.0
58040069,0.0,18.0
65200210,20.0,21.0
28733804,0.0,15.0
9001936,17.0,69.0
31970551,20.0,45.0
47427951,17.0,23.0
41221886,10.0,11.0
14079388,4.0,29.0
89438199,12.0,60.0
50930738,21.0,41.0
19306854,12.0,67.0
48228142,12.0,81.0
17791868,21.0,60.0
63041495,5.0,9.0
17582889,21.0,70.0
82569562,21.0,2.0
89901660,17.0,18.0
23367308,19.0,60.0
65289292,4.0,22.0
81745107,9.0,81.0
13067697,1.0,
40012155,12.0,60.0
30771143,13.0,60.0
8539621,17.0,2.0
82584246,17.0,8.0
53444315,4.0,84.0
80883293,18.0,59.0
45760680,4.0,76.0
3558496,0.0,2.0
60797561,5.0,43.0
25268052,17.0,82.0
74777870,20.0,90.0
52912758,19.0,15.0
15059646,17.0,2.0
38078686,10.0,2.0
71377024,21.0,2.0
28726630,20.0,2.0
48282956,,
76899140,20.0,2.0
82363829,5.0,2.0
40253966,10.0,31.0
58355731,4.0,2.0
23759350,21.0,2.0
82500528,17.0,18.0
70119704,20.0,58.0
20734316,0.0,2.0
28151458,9.0,29.0
83728609,19.0,64.0
36647076,0.0,41.0
5299953,17.0,2.0
12641289,4.0,38.0
31752208,12.0,84.0
29048607,18.0,17.0
15986812,21.0,15.0
68588468,5.0,15.0
12072644,1.0,2.0
74485511,16.0,53.0
44283153,21.0,46.0
86681084,19.0,35.0
89398029,12.0,88.0
44474587,9.0,2.0
24991015,0.0,90.0
22150922,9.0,61.0
49330675,10.0,18.0
11375124,12.0,18.0
89492505,17.0,24.0
66164788,12.0,15.0
60329368,5.0,72.0
25196358,0.0,53.0
21063099,21.0,60.0
48604824,7.0,46.0
70244414,21.0,82.0
24666308,9.0,18.0
14906238,1.0,66.0
3647186,20.0,54.0
47734826,21.0,41.0
77204997,21.0,2.0
21680654,21.0,56.0
75247135,7.0,17.0
45553942,0.0,12.0
31928911,0.0,60.0
64048252,9.0,60.0
43290659,9.0,60.0
67727304,21.0,70.0
30348672,17.0,67.0
52679067,17.0,5.0
13229643,12.0,2.0
54030494,17.0,2.0
39949208,21.0,35.0
57544827,10.0,24.0
17701395,1.0,87.0
69960905,0.0,18.0
45931459,19.0,2.0
7268853,17.0,60.0
29967069,20.0,56.0
18097779,10.0,24.0
33461590,9.0,15.0
24161595,9.0,2.0
15382625,10.0,61.0
22405107,4.0,72.0
18306567,17.0,1.0
16281640,4.0,2.0
78715418,0.0,82.0
79451202,7.0,81.0
23324651,0.0,60.0
11673219,21.0,24.0
75715632,0.0,17.0
79803766,10.0,15.0
37222976,17.0,90.0
28990643,0.0,90.0
83436464,12.0,22.0
22208520,9.0,11.0
63639286,17.0,59.0
32997695,4.0,2.0
56213427,21.0,41.0
44088214,12.0,2.0
47174921,17.0,64.0
85510384,21.0,2.0
63414600,12.0,29.0
78104286,19.0,84.0
7897374,18.0,86.0
28703872,10.0,61.0
24001059,10.0,10.0
28959890,9.0,24.0
2243413,20.0,70.0
46239518,20.0,58.0
65957376,20.0,37.0
38879196,10.0,4.0
42123294,12.0,18.0
19116192,21.0,56.0
24195142,17.0,11.0
79737871,21.0,82.0
5437923,12.0,23.0
16829586,10.0,38.0
69751507,9.0,59.0
39380386,7.0,89.0
15624461,21.0,18.0
23671821,21.0,17.0
27199910,5.0,63.0
41047622,12.0,86.0
71624653,10.0,17.0
75435375,17.0,54.0
13789492,12.0,60.0
4251728,12.0,24.0
53435647,17.0,66.0
40147797,17.0,9.0
62633250,0.0,43.0
10855195,10.0,60.0
60442443,4.0,36.0
81343907,12.0,49.0
82049241,10.0,44.0
13798751,20.0,55.0
39672630,12.0,2.0
20257514,20.0,50.0
83520268,0.0,2.0
38042559,21.0,25.0
33807380,10.0,82.0
61302605,17.0,11.0
64429141,17.0,2.0
10440135,20.0,2.0
3511635,17.0,2.0
6076740,0.0,54.0
19720726,1.0,24.0
77694241,17.0,25.0
88011989,17.0,
24669059,9.0,60.0
40355425,9.0,44.0
60105040,12.0,15.0
73121955,4.0,41.0
66839046,4.0,84.0
44581526,21.0,4.0
87617317,20.0,54.0
76217232,5.0,41.0
72991963,21.0,2.0
69515873,17.0,66.0
71632830,7.0,52.0
26096352,9.0,88.0
9400883,18.0,60.0
8282298,17.0,24.0
55021785,19.0,72.0
41467157,0.0,2.0
71019367,12.0,88.0
43177115,9.0,86.0
6147260,20.0,29.0
22791258,0.0,59.0
28439651,17.0,59.0
77099629,17.0,21.0
55915252,0.0,11.0
75422591,17.0,76.0
66626572,21.0,24.0
50425746,0.0,48.0
68503522,16.0,29.0
82217649,17.0,60.0
2953194,21.0,60.0
49451027,17.0,90.0
24491914,21.0,25.0
73242600,20.0,8.0
89535878,17.0,2.0
53239584,9.0,36.0
50661662,21.0,84.0
50538040,19.0,38.0
50793570,17.0,2.0
11578067,21.0,18.0
41740031,20.0,11.0
79525703,10.0,7.0
88461164,19.0,2.0
48303794,21.0,46.0
34824922,21.0,2.0
70507692,18.0,54.0
83303824,18.0,29.0
16429963,10.0,2.0
85396251,21.0,81.0
59814636,0.0,90.0
30883261,9.0,17.0
70757420,10.0,53.0
54093648,5.0,15.0
77167592,1.0,53.0
33609112,4.0,2.0
10521456,7.0,90.0
43565474,10.0,82.0
62194236,12.0,36.0
78450518,21.0,82.0
86361679,4.0,90.0
82560989,18.0,28.0
9856540,17.0,64.0
65511973,21.0,79.0
56993080,19.0,54.0
55423280,0.0,1.0
23736246,12.0,11.0
54606215,21.0,43.0
80164180,12.0,66.0
58356654,17.0,18.0
67076037,0.0,2.0
47325015,7.0,2.0
22923466,17.0,17.0
80174371,7.0,10.0
83702290,5.0,29.0
80538006,21.0,2.0
15146875,17.0,2.0
31781277,9.0,2.0
62223383,17.0,64.0
5321854,19.0,60.0
8142017,17.0,37.0
72056821,7.0,36.0
43317804,0.0,44.0
50254225,12.0,47.0
13915157,10.0,32.0
40364256,21.0,
30889442,17.0,17.0
75689886,12.0,60.0
67266547,9.0,60.0
3077973,21.0,25.0
45371354,9.0,82.0
30506974,9.0,66.0
75549855,17.0,67.0
36758453,10.0,11.0
69725150,0.0,1.0
84926049,0.0,25.0
13142137,5.0,46.0
50563184,21.0,2.0
67355772,5.0,1.0
87311257,10.0,60.0
45631430,18.0,90.0
80297789,13.0,24.0
10832952,12.0,2.0
19656599,4.0,47.0
85898831,16.0,90.0
89660895,0.0,60.0
28523021,21.0,29.0
10928679,20.0,10.0
21220337,4.0,24.0
41989425,12.0,66.0
14074239,21.0,76.0
29064979,10.0,53.0
39879195,20.0,25.0
56691685,9.0,54.0
68601956,4.0,2.0
42927626,12.0,2.0
74423615,4.0,90.0
21564360,9.0,82.0
19492445,17.0,56.0
17616966,18.0,35.0
29173322,12.0,2.0
58362795,12.0,22.0
29126678,20.0,41.0
83322722,20.0,
1836583,7.0,45.0
12384046,19.0,90.0
49146983,17.0,32.0
49315344,17.0,4.0
13037612,21.0,2.0
76769687,21.0,76.0
36494549,10.0,2.0
8580981,21.0,90.0
57378978,21.0,16.0
81202518,20.0,63.0
64852997,17.0,44.0
75647776,4.0,85.0
75924380,4.0,85.0
38614652,17.0,11.0
47928947,17.0,32.0
36057452,0.0,84.0
25754106,19.0,61.0
54480117,19.0,90.0
16077685,17.0,85.0
39578656,12.0,75.0
41830627,19.0,25.0
59821427,10.0,2.0
72560024,12.0,60.0
10078509,12.0,60.0
47889850,17.0,82.0
81170896,4.0,60.0
33316961,21.0,88.0
47746691,7.0,24.0
46483906,9.0,7.0
65297263,20.0,61.0
7634248,9.0,21.0
32889380,19.0,36.0
7857768,20.0,2.0
18992155,20.0,60.0
34942391,4.0,16.0
3314445,9.0,17.0
61871279,20.0,87.0
24667364,7.0,59.0
46330931,20.0,63.0
51674008,20.0,59.0
41046883,19.0,43.0
29509466,7.0,56.0
55379438,17.0,67.0
88897179,12.0,36.0
65163198,21.0,2.0
3343788,18.0,36.0
4332896,5.0,2.0
77790189,19.0,17.0
65273201,19.0,37.0
1797457,10.0,57.0
78609695,1.0,2.0
42898071,9.0,60.0
41909092,10.0,17.0
21779414,20.0,18.0
60676041,12.0,11.0
82226841,20.0,50.0
66150382,9.0,2.0
61480799,9.0,11.0
26240838,9.0,7.0
63069631,5.0,35.0
4840913,18.0,
28709765,17.0,64.0
66897382,19.0,60.0
80452434,5.0,2.0
50636645,21.0,11.0
86755365,0.0,48.0
54178452,16.0,32.0
13234468,12.0,2.0
3838296,12.0,46.0
71194240,5.0,16.0
59757150,20.0,2.0
2368483,19.0,60.0
57917716,12.0,35.0
36131306,20.0,9.0
56111246,12.0,18.0
60623923,19.0,71.0
75782808,17.0,71.0
57555094,7.0,2.0
42902122,17.0,59.0
55540838,21.0,2.0
12519969,10.0,90.0
71738806,4.0,18.0
25671016,18.0,56.0
73484312,4.0,2.0
13490793,12.0,2.0
81076146,19.0,75.0
10685788,9.0,88.0
31136169,4.0,67.0
24069249,9.0,8.0
27402426,10.0,
51429346,9.0,88.0
36647930,0.0,48.0
40034326,10.0,45.0
51953687,19.0,2.0
30179479,17.0,54.0
66776327,4.0,
72712307,4.0,29.0
53842729,9.0,18.0
56795177,20.0,84.0
40793538,20.0,29.0
50134942,20.0,90.0
81663037,12.0,2.0
69576266,7.0,37.0
8206365,0.0,66.0
49646626,17.0,25.0
68542179,1.0,60.0
3183428,7.0,33.0
21711873,19.0,37.0
53327596,17.0,46.0
63292788,9.0,2.0
87330562,21.0,72.0
89774199,9.0,56.0
14963780,0.0,67.0
62299441,17.0,2.0
25569807,20.0,2.0
41555651,21.0,23.0
84939932,4.0,70.0
41583574,0.0,59.0
71968015,6.0,29.0
42045324,20.0,22.0
44364293,20.0,18.0
55161874,18.0,2.0
12000638,17.0,76.0
66819740,19.0,11.0
30270063,20.0,2.0
83831547,9.0,18.0
25972871,10.0,2.0
84973070,21.0,17.0
18487611,17.0,82.0
79869280,10.0,73.0
26359393,20.0,76.0
49647945,12.0,63.0
25928299,17.0,73.0
81373028,4.0,24.0
30303572,8.0,59.0
23563218,4.0,13.0
53378774,7.0,11.0
8876248,17.0,84.0
51737767,0.0,9.0
1812672,20.0,2.0
38576855,17.0,59.0
62702938,4.0,37.0
5924844,18.0,17.0
39483198,21.0,2.0
49226104,7.0,17.0
63973310,19.0,9.0
11092576,17.0,11.0
64523994,5.0,60.0
86931242,7.0,1.0
84061298,21.0,60.0
55897712,4.0,11.0
18028001,20.0,37.0
67011995,17.0,2.0
38268666,7.0,28.0
57308111,0.0,42.0
61554128,17.0,35.0
71860294,12.0,29.0
25645176,4.0,14.0
26447356,10.0,66.0
82079174,12.0,60.0
85116884,12.0,72.0
39443327,19.0,60.0
68253859,20.0,59.0
49557237,19.0,54.0
10286511,21.0,2.0
16464708,0.0,76.0
27950538,,
41501032,20.0,2.0
41860675,4.0,60.0
67489035,2.0,2.0
72409084,12.0,90.0
33455076,4.0,24.0
44740629,21.0,19.0
5557316,17.0,18.0
82043550,21.0,15.0
86644437,17.0,11.0
84056589,10.0,84.0
17796807,12.0,2.0
87583159,21.0,67.0
12595952,6.0,73.0
2873340,19.0,71.0
1991810,12.0,24.0
53174563,12.0,36.0
70828776,18.0,18.0
32670222,20.0,66.0
62103017,7.0,41.0
7439997,12.0,2.0
47916870,4.0,48.0
1228644,17.0,88.0
40045553,21.0,37.0
2771795,4.0,2.0
58922168,21.0,2.0
60177158,20.0,17.0
2230912,20.0,21.0
69538804,10.0,28.0
37280553,0.0,72.0
89288298,12.0,84.0
17491040,17.0,17.0
77623980,4.0,76.0
69244537,4.0,60.0
80359617,7.0,17.0
2324180,4.0,22.0
57422949,17.0,11.0
46309633,20.0,47.0
19701547,17.0,90.0
62717086,4.0,2.0
59324633,12.0,60.0
49474834,12.0,2.0
52091126,9.0,60.0
18798818,17.0,2.0
84758143,0.0,90.0
12943528,0.0,90.0
1773124,10.0,2.0
5691172,17.0,63.0
50941944,12.0,9.0
13415385,17.0,72.0
56115385,12.0,17.0
3402465,10.0,25.0
24920515,9.0,15.0
13562260,10.0,1.0
9346807,9.0,18.0
72249178,17.0,32.0
60940614,9.0,53.0
54569455,17.0,34.0
71786943,5.0,82.0
37152544,12.0,60.0
19808990,20.0,9.0
20865765,21.0,55.0
15139245,17.0,37.0
35892345,9.0,60.0
41665434,21.0,54.0
48450950,17.0,63.0
71961122,9.0,63.0
8920105,19.0,2.0
64005678,9.0,89.0
38725003,20.0,24.0
37177525,20.0,90.0
66410536,5.0,60.0
78382680,10.0,60.0
35653546,10.0,18.0
2774556,10.0,29.0
59477296,9.0,23.0
17689525,12.0,64.0
26115978,10.0,25.0
65754756,13.0,59.0
88631774,1.0,2.0
72931526,4.0,59.0
80500352,0.0,81.0
16358620,20.0,2.0
57847020,20.0,55.0
66839235,9.0,37.0
81967731,9.0,53.0
87707412,17.0,85.0
34604796,4.0,81.0
24230086,12.0,38.0
61234966,7.0,52.0
83889386,20.0,2.0
57100977,17.0,9.0
76015291,18.0,29.0
55452842,10.0,64.0
80788626,0.0,59.0
25105059,5.0,2.0
87773323,17.0,33.0
24387545,10.0,75.0
17818166,9.0,11.0
61197360,9.0,2.0
14512027,12.0,18.0
61783241,0.0,17.0
83261945,17.0,90.0
77848144,4.0,63.0
17467929,10.0,52.0
67010699,5.0,64.0
51443441,12.0,60.0
42650842,21.0,18.0
9066944,19.0,51.0
61666294,17.0,25.0
62700687,10.0,90.0
47787706,19.0,12.0
22023845,10.0,2.0
52520492,5.0,63.0
38663751,18.0,81.0
4963567,12.0,59.0
65930832,9.0,62.0
40007302,20.0,48.0
72521656,10.0,44.0
77932292,18.0,53.0
66840077,21.0,25.0
71432902,10.0,84.0
14660034,9.0,54.0
67246606,9.0,90.0
52100791,18.0,
5967562,9.0,29.0
61041492,13.0,24.0
67320206,18.0,73.0
84768712,17.0,45.0
75850929,12.0,23.0
63120211,19.0,37.0
4482964,4.0,55.0
31022685,10.0,2.0
75886293,17.0,56.0
68102514,4.0,28.0
34720169,19.0,66.0
22828252,12.0,17.0
57370817,21.0,67.0
8520368,20.0,53.0
55992092,9.0,2.0
43962066,12.0,61.0
77945942,20.0,
50867283,12.0,2.0
24075463,10.0,24.0
16467309,5.0,67.0
81398449,17.0,60.0
82213433,5.0,82.0
122230,12.0,2.0
3723927,21.0,2.0
77766867,5.0,35.0
40335000,20.0,18.0
30720315,19.0,83.0
88405035,17.0,41.0
59571564,18.0,71.0
77236292,12.0,60.0
85936567,19.0,2.0
9192642,20.0,2.0
81404248,10.0,2.0
81430654,0.0,2.0
47978511,13.0,
6120318,0.0,11.0
71764468,5.0,72.0
70107183,20.0,2.0
18825305,4.0,90.0
71773709,10.0,90.0
46751558,0.0,17.0
59289133,5.0,18.0
72323263,0.0,63.0
15737409,20.0,85.0
79155679,17.0,84.0
26591079,21.0,61.0
2587858,9.0,59.0
7238706,4.0,82.0
57219331,4.0,22.0
64628615,0.0,60.0
61403947,21.0,46.0
16257643,10.0,2.0
13929582,4.0,25.0
29029709,20.0,2.0
57667755,17.0,11.0
11728405,21.0,59.0
62135044,12.0,64.0
18748135,4.0,90.0
45734600,9.0,2.0
12384114,20.0,18.0
38794628,21.0,90.0
53960236,12.0,25.0
46398672,0.0,90.0
2189550,21.0,76.0
38375257,21.0,2.0
62384752,19.0,81.0
7636853,4.0,11.0
75572054,9.0,60.0
4093347,0.0,59.0
48556763,0.0,90.0
28404229,0.0,8.0
87097487,9.0,59.0
87800794,21.0,16.0
11666112,10.0,63.0
29458064,4.0,2.0
45563557,9.0,17.0
36786680,17.0,87.0
40849148,17.0,67.0
77969149,0.0,60.0
81586981,17.0,12.0
54850313,19.0,24.0
88288317,17.0,24.0
1127265,9.0,81.0
46891391,17.0,81.0
10991014,9.0,2.0
67797149,4.0,2.0
83061269,,
57926043,21.0,18.0
66758145,21.0,64.0
67821857,20.0,2.0
34533871,4.0,9.0
16599765,9.0,60.0
53270609,4.0,25.0
19179004,20.0,17.0
83801362,9.0,2.0
42399332,20.0,2.0
43158107,19.0,60.0
19177598,20.0,15.0
30813181,12.0,73.0
48207896,9.0,61.0
71027491,9.0,2.0
61557230,21.0,14.0
4228407,17.0,2.0
29537123,12.0,44.0
65996192,4.0,85.0
87714289,9.0,81.0
44797658,0.0,60.0
27853027,17.0,56.0
69113744,20.0,90.0
80909385,17.0,60.0
67956066,12.0,61.0
53611877,17.0,63.0
85911085,20.0,28.0
45494992,20.0,55.0
83162311,19.0,17.0
5571613,4.0,73.0
89908356,0.0,11.0
19235130,,
27027902,10.0,29.0
67065013,9.0,60.0
63884845,12.0,63.0
63380754,7.0,83.0
77857862,19.0,64.0
47466827,20.0,35.0
30595624,12.0,83.0
63524769,17.0,25.0
18076548,12.0,35.0
79550527,7.0,90.0
42373381,21.0,53.0
68178985,12.0,2.0
10572362,7.0,49.0
53097445,12.0,89.0
75042042,6.0,90.0
70599233,19.0,76.0
18445133,4.0,85.0
4716650,17.0,2.0
25531726,12.0,2.0
49277492,20.0,84.0
76353404,5.0,18.0
35747704,20.0,60.0
71053218,9.0,44.0
29108877,4.0,17.0
33769486,20.0,35.0
9406421,4.0,86.0
69073817,7.0,53.0
70647087,21.0,37.0
87268226,4.0,2.0
49675,19.0,2.0
88304593,9.0,18.0
60262421,18.0,2.0
47673725,4.0,2.0
16242952,20.0,12.0
14327233,4.0,37.0
39681779,12.0,2.0
84681965,10.0,4.0
69917071,20.0,27.0
12843441,19.0,74.0
88961846,21.0,2.0
27233644,0.0,37.0
66774085,21.0,2.0
464857,10.0,59.0
60676289,13.0,18.0
68387909,12.0,60.0
7911750,12.0,24.0
79977563,20.0,49.0
72337045,20.0,59.0
69040478,21.0,66.0
85175909,20.0,90.0
53817005,18.0,13.0
24389074,9.0,18.0
49096445,,
43095821,10.0,7.0
8035979,5.0,2.0
5003376,12.0,2.0
71664570,1.0,60.0
51340142,12.0,90.0
50587797,10.0,2.0
67586081,17.0,8.0
85966599,12.0,43.0
25673752,13.0,37.0
8298097,21.0,23.0
30543904,20.0,12.0
64079618,17.0,25.0
13336129,10.0,36.0
70712420,17.0,24.0
44409436,9.0,18.0
52031880,4.0,22.0
15551503,21.0,34.0
62078825,9.0,90.0
65203024,17.0,18.0
10876741,9.0,54.0
51557746,10.0,22.0
80426725,20.0,75.0
72825908,4.0,28.0
72271393,5.0,2.0
19738562,17.0,90.0
87773850,12.0,63.0
4047603,4.0,14.0
2582730,10.0,56.0
50645404,21.0,2.0
17239351,9.0,5.0
67892522,19.0,61.0
41474881,12.0,46.0
65106869,19.0,0.0
28611293,7.0,55.0
84079438,17.0,32.0
62804088,20.0,2.0
3184403,20.0,64.0
22951520,12.0,18.0
20456570,17.0,2.0
20529898,20.0,18.0
3019492,10.0,2.0
20122938,5.0,37.0
11407854,19.0,60.0
5855811,5.0,71.0
49974454,21.0,51.0
48910029,20.0,4.0
65234530,9.0,82.0
35596063,21.0,28.0
2384996,20.0,81.0
18539050,21.0,2.0
6729032,10.0,84.0
43465536,9.0,32.0
42542353,7.0,2.0
63378383,12.0,36.0
2123616,4.0,16.0
55506452,20.0,24.0
20114113,20.0,59.0
51612261,12.0,10.0
11890993,12.0,67.0
39541039,12.0,86.0
77714669,12.0,
4644810,10.0,10.0
23142891,18.0,50.0
9007966,12.0,90.0
64946648,19.0,53.0
41868665,7.0,38.0
82411754,5.0,37.0
40397799,4.0,71.0
50274876,12.0,5.0
53625664,4.0,78.0
85751369,12.0,90.0
80534212,7.0,43.0
53601458,0.0,18.0
59585254,4.0,88.0
67543430,20.0,29.0
860319,9.0,32.0
60691240,20.0,66.0
57872647,9.0,17.0
50744372,17.0,66.0
8469205,9.0,16.0
87302536,9.0,7.0
31069750,4.0,67.0
22496011,17.0,
39912512,0.0,75.0
50452175,20.0,11.0
6925529,12.0,24.0
6174160,17.0,25.0
54378086,7.0,64.0
46256048,21.0,84.0
73249056,21.0,71.0
43240037,4.0,41.0
50511295,10.0,60.0
62525951,17.0,60.0
42557936,17.0,22.0
37669403,5.0,2.0
39839130,10.0,2.0
42342781,9.0,15.0
24257151,21.0,63.0
23120867,9.0,60.0
14516161,18.0,37.0
41493086,17.0,44.0
85299535,5.0,36.0
89089203,20.0,77.0
43822967,4.0,57.0
32562410,21.0,53.0
67048146,0.0,13.0
32471067,17.0,73.0
86290057,12.0,29.0
82792899,20.0,60.0
17534228,18.0,53.0
47484949,12.0,51.0
6084942,4.0,82.0
65678618,9.0,21.0
51066239,20.0,15.0
64720474,,8.0
2961367,4.0,66.0
69769327,17.0,84.0
14982763,17.0,85.0
65106936,12.0,23.0
34760199,9.0,15.0
19620461,5.0,76.0
45582157,10.0,86.0
63756185,21.0,64.0
76596360,10.0,2.0
48651729,17.0,71.0
3188092,12.0,86.0
48177892,5.0,59.0
58134436,12.0,90.0
79565243,18.0,25.0
34793455,17.0,37.0
85201792,12.0,28.0
39200653,21.0,78.0
54551540,20.0,61.0
53603916,17.0,60.0
14820027,10.0,63.0
23223633,19.0,29.0
33355758,20.0,82.0
72480920,19.0,53.0
22537713,10.0,24.0
69987214,19.0,35.0
50168619,17.0,90.0
24433923,4.0,2.0
66973273,20.0,36.0
33124419,20.0,2.0
86800933,18.0,2.0
82927093,5.0,37.0
51459518,12.0,84.0
88520287,20.0,21.0
53041965,19.0,60.0
54435500,21.0,35.0
41987162,17.0,8.0
71601139,7.0,60.0
65310531,0.0,2.0
4838785,5.0,82.0
75478192,21.0,25.0
92811,20.0,90.0
86084405,20.0,71.0
52218123,21.0,51.0
83950375,4.0,90.0
63172055,4.0,90.0
99618,10.0,63.0
42746980,9.0,16.0
35834952,19.0,45.0
13013021,10.0,37.0
86678554,0.0,66.0
9561496,20.0,41.0
6094828,17.0,42.0
51599975,21.0,66.0
22660843,17.0,2.0
35288065,21.0,35.0
82222013,12.0,2.0
42864474,20.0,2.0
5385506,1.0,
74469611,17.0,85.0
28862040,20.0,36.0
43205053,10.0,2.0
14120029,17.0,29.0
65802445,17.0,51.0
80504824,21.0,60.0
67697078,16.0,2.0
42816735,21.0,90.0
40210761,4.0,64.0
71482412,0.0,11.0
43937072,20.0,25.0
85401230,4.0,2.0
33783894,18.0,66.0
33363645,13.0,
46381578,12.0,29.0
74376750,21.0,7.0
47329589,4.0,2.0
42361382,12.0,73.0
51086462,12.0,2.0
37515891,9.0,34.0
40655180,19.0,60.0
1631308,9.0,84.0
6069927,12.0,53.0
21270928,17.0,28.0
65330372,20.0,25.0
59254327,12.0,2.0
82673159,18.0,41.0
65974577,19.0,56.0
33944662,4.0,84.0
67842897,21.0,17.0
20955415,10.0,60.0
10380532,12.0,18.0
49967192,12.0,90.0
25899772,20.0,32.0
57710386,12.0,75.0
4685900,20.0,2.0
70984487,18.0,2.0
47889031,17.0,41.0
65657255,17.0,2.0
23523520,0.0,63.0
37010798,17.0,60.0
19569727,17.0,35.0
9204516,10.0,2.0
86313811,20.0,37.0
7103521,7.0,17.0
26111780,19.0,24.0
66621940,21.0,2.0
30343083,20.0,42.0
76266969,17.0,79.0
63537056,0.0,90.0
85384187,19.0,24.0
18565941,20.0,53.0
22804817,20.0,23.0
56433316,6.0,24.0
27862879,17.0,75.0
9443481,17.0,22.0
35397220,19.0,4.0
80870437,10.0,14.0
1749546,19.0,61.0
68916534,12.0,61.0
87101265,9.0,71.0
9927281,21.0,41.0
71600730,21.0,61.0
80795616,6.0,82.0
79793893,10.0,72.0
35021387,21.0,2.0
77764527,20.0,71.0
40126750,20.0,90.0
51811804,20.0,2.0
68185640,19.0,73.0
58756424,7.0,62.0
81078439,17.0,2.0
77239953,9.0,67.0
2363346,0.0,49.0
88237277,12.0,42.0
1620029,20.0,21.0
30619514,21.0,17.0
84866281,17.0,31.0
55643380,12.0,72.0
7864843,17.0,37.0
75342127,4.0,67.0
83064815,6.0,47.0
30936015,21.0,42.0
69249319,17.0,2.0
87037227,2.0,59.0
60580335,20.0,28.0
89681662,20.0,83.0
69360646,10.0,63.0
32991067,12.0,60.0
33153077,6.0,25.0
51918696,19.0,2.0
59124915,20.0,11.0
59167388,4.0,32.0
75413396,5.0,21.0
70425501,21.0,22.0
76568422,21.0,82.0
61134606,19.0,2.0
86869854,12.0,17.0
31036548,18.0,38.0
56834252,19.0,78.0
83243318,17.0,2.0
26888921,21.0,24.0
46844726,10.0,18.0
56771265,10.0,2.0
21565499,21.0,4.0
71589750,7.0,29.0
59438247,18.0,89.0
27481834,19.0,46.0
60256367,17.0,60.0
63541643,10.0,15.0
28638502,17.0,60.0
31679969,9.0,2.0
36943688,17.0,85.0
53021093,12.0,10.0
5169318,7.0,81.0
83430026,12.0,60.0
795606,21.0,36.0
4657967,21.0,2.0
57696902,18.0,29.0
30724940,7.0,82.0
40843193,18.0,25.0
24770565,17.0,90.0
33699608,10.0,18.0
72009399,17.0,82.0
11308654,2.0,66.0
61710914,0.0,84.0
62111662,12.0,55.0
26343727,20.0,35.0
27298476,20.0,64.0
66671233,21.0,56.0
16638699,4.0,2.0
62997366,20.0,64.0
41123549,12.0,90.0
74774168,20.0,11.0
34450594,12.0,16.0
75964870,19.0,4.0
62503750,18.0,24.0
26654211,17.0,15.0
69144905,7.0,60.0
51405632,20.0,2.0
79663361,5.0,
56376628,20.0,73.0
36297708,18.0,8.0
24727184,4.0,18.0
52731254,21.0,12.0
28499199,12.0,70.0
27883469,9.0,82.0
23444779,12.0,18.0
24987653,10.0,3.0
39116502,21.0,2.0
70122127,20.0,18.0
63882300,6.0,45.0
64763051,20.0,63.0
11158965,4.0,17.0
2479454,9.0,5.0
22872729,7.0,24.0
32104649,19.0,53.0
13849034,9.0,14.0
49439948,4.0,2.0
77825402,10.0,46.0
42429952,9.0,17.0
1186268,4.0,21.0
72862544,12.0,81.0
64351679,21.0,13.0
17244865,12.0,4.0
32727236,9.0,25.0
87467487,4.0,90.0
25360382,21.0,4.0
77926838,20.0,33.0
41587497,20.0,24.0
24627368,20.0,12.0
6331311,21.0,72.0
10876078,21.0,2.0
43898212,12.0,90.0
61449216,21.0,17.0
7499704,12.0,24.0
67253660,17.0,67.0
6333653,9.0,
2409260,19.0,31.0
74439702,12.0,2.0
64843054,4.0,67.0
88286741,13.0,64.0
88005495,21.0,2.0
66113674,18.0,54.0
27374778,10.0,82.0
40021370,17.0,2.0
11014501,5.0,35.0
61379093,5.0,3.0
46544424,12.0,60.0
30087772,10.0,2.0
70331641,9.0,67.0
82121351,17.0,51.0
34620702,20.0,29.0
20583863,7.0,35.0
29215189,12.0,71.0
17186574,9.0,59.0
8087789,12.0,56.0
79806642,4.0,67.0
29349290,19.0,56.0
49022670,19.0,46.0
1692985,19.0,25.0
75655491,19.0,90.0
79493548,12.0,2.0
64212396,20.0,75.0
7145836,4.0,15.0
38408272,4.0,29.0
19939805,10.0,11.0
68618455,12.0,66.0
78616798,19.0,87.0
2450694,9.0,60.0
24904461,21.0,76.0
63026587,5.0,71.0
11131586,7.0,59.0
5183899,4.0,60.0
43499152,0.0,28.0
37657302,18.0,90.0
16912922,20.0,29.0
64891341,7.0,2.0
30787372,4.0,18.0
35355502,19.0,12.0
83891053,21.0,2.0
37861624,10.0,90.0
4251539,20.0,72.0
69067890,17.0,90.0
57225885,0.0,
80973737,12.0,17.0
14756323,19.0,59.0
772351,21.0,77.0
56732690,12.0,59.0
81846197,19.0,2.0
80831247,6.0,9.0
89151373,12.0,51.0
12378883,18.0,32.0
30807117,10.0,2.0
73173901,19.0,59.0
39366057,12.0,2.0
15208417,19.0,18.0
50144079,0.0,90.0
61107199,19.0,35.0
15682421,17.0,2.0
1932046,9.0,63.0
45826167,12.0,37.0
36153227,17.0,23.0
86216865,4.0,25.0
86767965,6.0,76.0
35032695,19.0,59.0
29197544,20.0,60.0
411215,7.0,17.0
11478719,21.0,2.0
44954548,12.0,66.0
48342219,17.0,88.0
55830705,17.0,2.0
14625295,20.0,17.0
21435364,9.0,50.0
58979293,17.0,2.0
36542356,20.0,71.0
69555179,20.0,59.0
70798089,19.0,2.0
36774538,4.0,18.0
65483254,12.0,8.0
11614929,19.0,
58329305,10.0,49.0
25332737,7.0,15.0
55836302,9.0,37.0
70863548,0.0,18.0
58084867,20.0,2.0
16813036,5.0,83.0
48486599,12.0,21.0
58186538,7.0,41.0
70317564,9.0,2.0
9009489,7.0,62.0
78050346,17.0,35.0
76014281,19.0,24.0
69094420,0.0,2.0
84800629,20.0,26.0
63620498,18.0,59.0
78010833,12.0,31.0
74126524,19.0,60.0
7300101,20.0,41.0
45637183,19.0,74.0
38196469,10.0,17.0
50470300,10.0,2.0
11804096,5.0,2.0
8893776,21.0,87.0
65052669,17.0,64.0
261008,4.0,29.0
80469169,17.0,76.0
56354028,12.0,85.0
68402011,17.0,18.0
46358700,10.0,44.0
21510808,10.0,60.0
5926280,12.0,2.0
67068009,19.0,51.0
4982616,0.0,71.0
68979322,17.0,82.0
35841558,21.0,64.0
48456279,5.0,25.0
48093095,17.0,2.0
44313864,9.0,41.0
85375399,21.0,2.0
38618899,12.0,14.0
15121821,12.0,25.0
2675455,9.0,61.0
9014803,21.0,24.0
75232822,17.0,2.0
77605872,7.0,88.0
83827187,13.0,18.0
58975162,9.0,82.0
79793996,10.0,53.0
21127303,10.0,10.0
15793985,20.0,5.0
27408893,12.0,60.0
8942199,12.0,60.0
12535569,0.0,46.0
7762151,17.0,84.0
19566442,9.0,60.0
71421251,7.0,2.0
54396550,3.0,82.0
32787292,17.0,67.0
24511872,17.0,77.0
39265120,12.0,2.0
80440980,10.0,85.0
76735538,9.0,9.0
15610909,10.0,11.0
87897945,20.0,25.0
70789299,10.0,53.0
47345618,9.0,81.0
40996795,0.0,18.0
3714717,19.0,12.0
63672297,21.0,67.0
58571454,5.0,25.0
84801028,0.0,19.0
62618449,9.0,24.0
5953596,17.0,27.0
65745883,13.0,1.0
70854086,20.0,10.0
46890953,21.0,83.0
67683037,20.0,70.0
9287671,12.0,79.0
24569327,20.0,15.0
84913784,20.0,2.0
4630974,13.0,
26279636,21.0,2.0
3621710,17.0,55.0
66412656,21.0,51.0
53881322,17.0,13.0
13927364,12.0,38.0
38346713,12.0,36.0
89126945,10.0,29.0
47591267,20.0,1.0
63228880,9.0,84.0
37469340,9.0,11.0
1277168,4.0,60.0
14174687,17.0,41.0
48750163,5.0,11.0
13072076,17.0,83.0
13374425,17.0,71.0
82228192,17.0,36.0
17293212,20.0,61.0
4322975,9.0,2.0
53505862,9.0,3.0
56917882,1.0,90.0
88057868,4.0,16.0
81164790,6.0,15.0
83043003,20.0,31.0
78909745,21.0,2.0
46186405,20.0,43.0
12055605,10.0,11.0
73872551,21.0,64.0
82171367,12.0,38.0
12991668,6.0,84.0
36340457,12.0,0.0
76452022,12.0,17.0
39954142,2.0,2.0
859931,21.0,37.0
74606688,4.0,15.0
37172258,20.0,29.0
63161970,9.0,85.0
34623062,17.0,82.0
2954620,4.0,55.0
35554784,9.0,61.0
30330414,21.0,10.0
88127430,9.0,2.0
47074175,17.0,44.0
69751585,20.0,18.0
21893627,12.0,46.0
36217740,17.0,2.0
1217014,21.0,11.0
82382069,18.0,54.0
19641962,21.0,25.0
5944935,17.0,2.0
11544823,20.0,2.0
6171101,5.0,60.0
63862804,5.0,71.0
64630113,19.0,2.0
37299714,9.0,90.0
5596550,10.0,24.0
61290102,5.0,56.0
47591723,17.0,16.0
79741299,5.0,81.0
15691472,21.0,59.0
13264001,5.0,15.0
34917280,12.0,2.0
34153714,21.0,22.0
52365007,5.0,9.0
6191485,7.0,84.0
42666011,21.0,82.0
10104734,12.0,38.0
9783235,20.0,11.0
57694790,10.0,2.0
33005751,17.0,59.0
62264490,12.0,11.0
39865868,12.0,11.0
68672935,9.0,2.0
20392689,17.0,15.0
86868935,9.0,2.0
1081487,4.0,2.0
79127696,5.0,59.0
18818620,17.0,47.0
55280843,19.0,37.0
41064427,12.0,2.0
75778190,21.0,9.0
11748858,19.0,60.0
89820281,9.0,59.0
85095873,19.0,4.0
51534670,9.0,56.0
46860611,17.0,
21841663,17.0,37.0
29806145,10.0,29.0
51414130,4.0,84.0
33987293,17.0,2.0
48800582,9.0,15.0
34999169,17.0,4.0
38380686,4.0,52.0
89691363,19.0,82.0
47246597,6.0,2.0
80710692,0.0,2.0
22680028,7.0,90.0
42533136,4.0,59.0
4994895,20.0,64.0
77939515,20.0,29.0
18687095,4.0,
57818869,12.0,89.0
14079913,5.0,18.0
73212506,12.0,67.0
41320542,12.0,60.0
8084919,20.0,75.0
8800575,19.0,54.0
76019577,9.0,9.0
83387230,9.0,23.0
3786014,21.0,
48794962,0.0,66.0
87185683,21.0,47.0
28913839,19.0,4.0
16860873,20.0,2.0
8011014,12.0,21.0
57052713,17.0,32.0
30640499,10.0,44.0
43381106,10.0,2.0
78596286,12.0,21.0
69485016,17.0,2.0
88468667,10.0,12.0
87428279,20.0,67.0
14043347,17.0,2.0
4093503,18.0,38.0
43524688,20.0,2.0
79333810,20.0,2.0
8232277,12.0,28.0
1732432,17.0,11.0
63010419,9.0,66.0
37097333,18.0,1.0
81497201,20.0,17.0
68936170,4.0,85.0
59717189,9.0,23.0
4104140,9.0,2.0
67800486,10.0,17.0
71579273,19.0,2.0
85915886,0.0,59.0
65006714,12.0,24.0
85510435,9.0,67.0
57095437,20.0,64.0
43806005,9.0,2.0
55128442,13.0,41.0
4492065,9.0,60.0
75433586,10.0,60.0
22169782,4.0,90.0
56213823,21.0,86.0
38151275,7.0,2.0
34886790,0.0,2.0
20647421,20.0,64.0
11916679,20.0,21.0
2613588,20.0,2.0
22143757,20.0,7.0
32328764,20.0,8.0
1156305,19.0,61.0
10889715,12.0,17.0
56734584,0.0,45.0
23162552,19.0,14.0
65547953,21.0,2.0
55388144,20.0,60.0
23696324,21.0,90.0
950731,17.0,37.0
2002967,20.0,59.0
17287537,5.0,26.0
63928959,7.0,
69413230,9.0,88.0
84956508,19.0,21.0
60754242,21.0,24.0
70866170,12.0,31.0
6799544,12.0,60.0
51145014,17.0,2.0
58325718,4.0,2.0
50646728,0.0,60.0
2949668,12.0,24.0
4257758,17.0,18.0
6551461,21.0,59.0
75026088,21.0,2.0
58290297,9.0,2.0
22864389,4.0,21.0
27749223,12.0,41.0
14302420,21.0,2.0
44893267,9.0,2.0
24918486,9.0,2.0
2061032,4.0,55.0
17879587,0.0,32.0
35210450,5.0,18.0
60901582,7.0,56.0
546709,5.0,90.0
14226463,20.0,37.0
82209730,17.0,43.0
84985239,12.0,2.0
36625366,10.0,44.0
80176855,21.0,21.0
57238913,7.0,67.0
23749763,18.0,82.0
56573298,12.0,55.0
28471776,21.0,70.0
86003710,20.0,84.0
76423353,4.0,11.0
79982622,10.0,76.0
47463492,12.0,60.0
24740460,20.0,29.0
14838047,12.0,60.0
11076319,20.0,52.0
43753250,4.0,59.0
22097318,0.0,41.0
75158373,10.0,18.0
86272888,10.0,90.0
55641099,20.0,24.0
30287229,9.0,63.0
17616313,12.0,2.0
48028590,12.0,59.0
18193207,0.0,90.0
22734524,9.0,13.0
78595955,17.0,60.0
63409333,5.0,81.0
77217467,0.0,59.0
6869264,1.0,
4424418,21.0,60.0
63828908,9.0,53.0
44762237,17.0,2.0
58328664,17.0,2.0
27323745,4.0,2.0
59300506,10.0,84.0
33641131,12.0,38.0
27142771,19.0,29.0
19268560,20.0,17.0
78103914,12.0,21.0
6448162,21.0,7.0
27002843,7.0,11.0
76750170,20.0,4.0
86508616,4.0,82.0
23075656,12.0,32.0
17750526,9.0,2.0
55750234,21.0,2.0
10131716,5.0,90.0
25616641,19.0,18.0
59814221,19.0,5.0
585551,5.0,13.0
43040414,17.0,61.0
12972011,17.0,60.0
72560132,16.0,66.0
67829985,9.0,2.0
39727352,7.0,48.0
43238961,21.0,17.0
3224922,21.0,2.0
21357774,12.0,66.0
19410235,5.0,11.0
42331404,20.0,66.0
14526731,4.0,13.0
82349058,10.0,29.0
50671725,4.0,2.0
38279816,17.0,61.0
45526751,18.0,81.0
83177227,9.0,84.0
88671008,20.0,90.0
74308922,21.0,14.0
24006608,9.0,90.0
54657327,18.0,88.0
38041684,0.0,84.0
47860004,20.0,54.0
1422035,6.0,13.0
14171652,20.0,88.0
41086130,20.0,66.0
54920137,21.0,60.0
77951262,13.0,82.0
40235825,12.0,6.0
29159049,18.0,38.0
57993508,10.0,12.0
35058535,12.0,50.0
82447206,20.0,2.0
83168331,5.0,8.0
57459140,4.0,37.0
27826756,4.0,54.0
742205,20.0,2.0
59607736,17.0,82.0
77426109,0.0,28.0
10105505,19.0,88.0
16760857,5.0,63.0
86498677,7.0,60.0
16900938,5.0,51.0
80698355,17.0,60.0
6622177,17.0,27.0
80492039,4.0,70.0
20252577,10.0,2.0
24074377,21.0,56.0
59855594,5.0,77.0
10777270,4.0,8.0
88227810,17.0,12.0
67859883,12.0,75.0
14493597,17.0,89.0
37807837,21.0,2.0
16223709,16.0,17.0
63093538,20.0,63.0
18081923,4.0,2.0
73484515,17.0,8.0
74387965,4.0,18.0
31629048,17.0,2.0
70218753,21.0,60.0
42847639,0.0,76.0
61848868,12.0,54.0
30473556,21.0,43.0
31845742,18.0,29.0
53211495,0.0,2.0
17366718,17.0,37.0
80349168,21.0,66.0
15782003,19.0,84.0
56087303,19.0,2.0
30922586,21.0,70.0
58377152,10.0,41.0
42699338,12.0,2.0
30207218,21.0,82.0
36746896,19.0,79.0
2719186,20.0,38.0
59242959,9.0,
76077591,21.0,81.0
30002184,9.0,17.0
46006468,10.0,59.0
37866971,4.0,17.0
38650471,20.0,2.0
8335411,0.0,84.0
6849361,20.0,37.0
43557178,9.0,32.0
5909325,20.0,23.0
25293613,20.0,25.0
54414439,17.0,47.0
42771703,4.0,18.0
7530704,5.0,63.0
72672506,21.0,83.0
87240253,21.0,81.0
74969428,10.0,24.0
8592185,21.0,34.0
70986314,10.0,18.0
41278799,5.0,18.0
38374218,9.0,17.0
65791243,7.0,2.0
55903183,4.0,60.0
28679420,17.0,90.0
71701466,7.0,2.0
67430517,12.0,51.0
7171974,17.0,88.0
81141790,20.0,9.0
87894150,20.0,47.0
80491824,7.0,15.0
56599706,18.0,
28646862,19.0,18.0
23581668,20.0,11.0
18810580,19.0,60.0
3960779,4.0,2.0
44854925,20.0,2.0
18101514,12.0,85.0
67626695,4.0,26.0
19509573,12.0,2.0
9029636,20.0,25.0
12831513,17.0,63.0
82356015,0.0,64.0
82118718,10.0,17.0
77496071,17.0,90.0
17019467,5.0,29.0
30834799,9.0,2.0
14734272,1.0,2.0
30207321,18.0,23.0
24119642,6.0,38.0
3882796,5.0,90.0
60971888,19.0,29.0
60528,17.0,66.0
50581546,17.0,28.0
87871854,10.0,24.0
45338425,0.0,60.0
86845013,19.0,82.0
52730029,21.0,85.0
51653299,20.0,46.0
8184426,19.0,25.0
24725028,18.0,26.0
87779537,17.0,76.0
40913534,9.0,
21432776,6.0,12.0
18916802,0.0,82.0
48132116,20.0,56.0
43683821,17.0,59.0
2946496,17.0,90.0
33118692,9.0,60.0
40034779,21.0,11.0
63260085,21.0,11.0
24412607,17.0,61.0
24358515,5.0,60.0
86027169,5.0,13.0
177400,18.0,70.0
41697825,21.0,2.0
59876599,12.0,2.0
50335260,17.0,85.0
17258163,9.0,28.0
23027547,9.0,2.0
78855734,18.0,9.0
10596616,9.0,56.0
827211,20.0,2.0
6156812,20.0,56.0
14174171,10.0,85.0
2177523,9.0,15.0
72214951,4.0,67.0
11464033,17.0,81.0
86578967,21.0,2.0
1588553,17.0,2.0
86086718,19.0,1.0
56109672,12.0,1.0
17896844,18.0,59.0
15393685,19.0,67.0
8209817,17.0,2.0
68037491,17.0,60.0
19448468,10.0,24.0
87098455,20.0,2.0
78223064,4.0,34.0
15742125,12.0,2.0
10755720,4.0,31.0
5189648,20.0,64.0
4760479,19.0,70.0
47237307,12.0,83.0
38116762,20.0,75.0
41971931,10.0,53.0
85247931,9.0,81.0
23699212,4.0,2.0
62069336,7.0,15.0
55157527,19.0,60.0
4524827,4.0,54.0
54609482,12.0,24.0
10575603,12.0,63.0
55641801,19.0,17.0
2057474,17.0,71.0
12227638,19.0,9.0
82631461,20.0,34.0
61780218,21.0,66.0
36640064,7.0,90.0
24393305,20.0,2.0
47618806,21.0,62.0
6597263,9.0,62.0
51443645,18.0,60.0
71193636,9.0,28.0
30628548,19.0,
56945375,6.0,
30743638,7.0,28.0
74843507,5.0,17.0
49213141,18.0,82.0
72664122,17.0,89.0
41974499,20.0,11.0
74573706,12.0,18.0
37700104,20.0,28.0
25874048,19.0,73.0
83373184,5.0,24.0
36841309,19.0,39.0
3772456,4.0,6.0
14086697,5.0,22.0
8033292,9.0,90.0
24379148,21.0,90.0
37555906,4.0,51.0
43241250,19.0,18.0
14506807,4.0,49.0
83756969,10.0,81.0
21718484,12.0,2.0
47585814,,
38998891,21.0,7.0
80460354,21.0,12.0
26661203,4.0,64.0
34932764,0.0,29.0
13002876,10.0,23.0
50321157,19.0,87.0
40506742,21.0,17.0
37750178,21.0,67.0
75982387,6.0,2.0
28758944,21.0,24.0
33197386,10.0,81.0
28642418,21.0,2.0
20693459,7.0,2.0
7517155,6.0,46.0
70105744,21.0,10.0
79907583,20.0,32.0
19966154,9.0,2.0
74192276,4.0,29.0
12733766,20.0,34.0
21840054,9.0,2.0
71038697,21.0,18.0
41817709,12.0,60.0
75533378,17.0,35.0
85718323,20.0,9.0
12236455,7.0,90.0
10230974,17.0,2.0
43845531,19.0,50.0
69325752,21.0,38.0
49195662,12.0,87.0
57878882,4.0,79.0
63960329,20.0,85.0
19646434,7.0,2.0
16211060,10.0,79.0
6441101,0.0,35.0
31733097,6.0,
81056183,0.0,11.0
34179979,17.0,29.0
21505477,5.0,37.0
43957761,0.0,11.0
5312886,9.0,61.0
55428064,5.0,82.0
919337,20.0,60.0
48803010,9.0,85.0
31518242,9.0,56.0
76889245,20.0,25.0
39005496,21.0,56.0
82601992,12.0,75.0
64709075,18.0,71.0
62399029,4.0,60.0
48943431,4.0,67.0
16787192,12.0,55.0
51798568,0.0,87.0
62187818,21.0,18.0
19871685,9.0,4.0
14158073,17.0,1.0
3954129,12.0,54.0
14423841,9.0,2.0
75325210,9.0,2.0
46623140,17.0,59.0
25775403,9.0,10.0
83574082,18.0,17.0
67770745,17.0,67.0
57998849,4.0,64.0
6190473,9.0,53.0
17267433,9.0,85.0
10336,9.0,22.0
3865349,10.0,59.0
58795062,5.0,18.0
4633673,20.0,54.0
41621056,17.0,41.0
87330993,19.0,83.0
78956630,12.0,21.0
61876314,5.0,72.0
47739872,4.0,50.0
77668538,18.0,
62933623,20.0,76.0
10689872,0.0,2.0
69466891,7.0,88.0
40916090,12.0,56.0
37729904,21.0,18.0
43753202,9.0,2.0
57360189,9.0,35.0
34769860,0.0,24.0
89007457,5.0,63.0
83793055,4.0,6.0
77743667,9.0,53.0
27075496,12.0,18.0
48446220,0.0,84.0
34954429,17.0,2.0
51965882,17.0,67.0
62570452,4.0,2.0
17845064,10.0,71.0
73693508,4.0,84.0
88395363,4.0,90.0
22870000,17.0,54.0
61823491,10.0,56.0
77334708,10.0,61.0
16639319,9.0,18.0
66825247,12.0,2.0
58450927,12.0,38.0
69705290,21.0,17.0
87860609,18.0,
29500059,17.0,90.0
85953467,12.0,2.0
56806535,17.0,90.0
79115023,10.0,24.0
79840789,10.0,28.0
27235393,10.0,82.0
87932231,17.0,54.0
12750924,4.0,2.0
16858988,9.0,33.0
47450769,12.0,17.0
72884193,20.0,55.0
89001326,19.0,29.0
51995643,0.0,37.0
9786564,13.0,11.0
15802408,4.0,33.0
62936152,0.0,25.0
30403848,5.0,2.0
71279334,12.0,13.0
60726694,0.0,53.0
62890959,10.0,61.0
77446221,9.0,24.0
72391022,9.0,18.0
81428021,10.0,90.0
12318985,19.0,60.0
87688069,17.0,28.0
33990768,17.0,82.0
38249466,19.0,25.0
61858723,17.0,25.0
1022475,7.0,61.0
41998629,4.0,22.0
84441607,12.0,29.0
23545119,20.0,15.0
6458821,0.0,60.0
85323960,19.0,36.0
43308335,20.0,41.0
30504739,21.0,71.0
62180131,17.0,90.0
14242834,13.0,37.0
10425419,10.0,2.0
81285514,12.0,59.0
82790415,20.0,31.0
33452899,19.0,18.0
27893867,21.0,87.0
68149326,21.0,35.0
78613582,9.0,35.0
72753631,17.0,17.0
20228583,20.0,2.0
50783086,10.0,50.0
39172387,9.0,18.0
36861807,0.0,2.0
21211677,12.0,60.0
36467800,17.0,2.0
69434220,17.0,43.0
49145672,7.0,24.0
64993352,17.0,60.0
88095158,12.0,82.0
69298947,19.0,6.0
76622178,9.0,29.0
13983309,20.0,2.0
14304923,17.0,29.0
58263313,7.0,45.0
14772422,12.0,2.0
36113202,19.0,17.0
44724228,7.0,18.0
17816685,19.0,5.0
8808690,19.0,90.0
49869430,4.0,2.0
10456097,19.0,59.0
54499534,12.0,90.0
8530847,12.0,43.0
25714664,0.0,7.0
36276876,5.0,2.0
85928261,0.0,21.0
89084774,12.0,67.0
26204649,21.0,53.0
50208510,9.0,2.0
19346516,9.0,28.0
16573931,9.0,82.0
30094402,17.0,25.0
77414814,10.0,17.0
13156018,4.0,17.0
65452430,20.0,25.0
20633906,12.0,24.0
49532470,21.0,25.0
43096061,17.0,25.0
66054861,17.0,90.0
25156123,20.0,59.0
58813466,9.0,52.0
1126017,17.0,83.0
50612796,7.0,44.0
28828110,0.0,90.0
46653781,4.0,41.0
15603080,18.0,13.0
73238861,20.0,21.0
42102998,10.0,49.0
80581840,19.0,37.0
76877293,15.0,
3340533,6.0,90.0
87048193,17.0,25.0
32098215,17.0,18.0
81512736,19.0,2.0
83680375,21.0,56.0
11382595,9.0,25.0
35145060,12.0,59.0
45017868,7.0,19.0
17666341,17.0,38.0
58926447,9.0,60.0
29506114,19.0,76.0
3409805,17.0,2.0
64648654,10.0,73.0
6734253,7.0,67.0
88640487,10.0,82.0
44492656,9.0,17.0
63531209,21.0,2.0
57428110,21.0,41.0
57292947,7.0,50.0
1770908,21.0,71.0
47559379,17.0,88.0
18468521,9.0,2.0
75193737,10.0,25.0
14195318,19.0,37.0
12242109,6.0,46.0
75347470,9.0,25.0
161905,12.0,81.0
59439285,21.0,2.0
48837313,21.0,1.0
85767549,17.0,64.0
79844636,12.0,17.0
62066156,20.0,2.0
56320426,18.0,2.0
29198718,4.0,2.0
88276848,5.0,33.0
5293253,10.0,11.0
73999925,5.0,25.0
7879844,20.0,0.0
24011278,12.0,60.0
18280404,20.0,2.0
28839875,9.0,9.0
22918495,17.0,60.0
52139631,17.0,36.0
2622898,18.0,38.0
51323228,20.0,66.0
1386700,17.0,2.0
29028918,18.0,83.0
36399957,9.0,90.0
5782924,0.0,
76615288,20.0,38.0
87225535,9.0,74.0
44782291,4.0,2.0
19266713,17.0,82.0
23106529,17.0,37.0
17940019,21.0,86.0
66090999,7.0,1.0
43329031,20.0,61.0
60038481,4.0,15.0
75146675,10.0,9.0
39852110,19.0,38.0
63731650,16.0,17.0
76009719,12.0,38.0
46257396,0.0,2.0
12241264,17.0,51.0
9041233,9.0,56.0
20240470,21.0,23.0
9877423,9.0,2.0
86397187,9.0,18.0
33465579,5.0,9.0
82053309,17.0,19.0
36995109,9.0,73.0
64480060,19.0,15.0
78286294,5.0,53.0
77659438,12.0,67.0
30259416,21.0,22.0
70170243,10.0,2.0
1022981,10.0,82.0
23574887,4.0,66.0
49860452,20.0,2.0
58533894,12.0,13.0
43103111,4.0,60.0
51929439,9.0,22.0
56601379,12.0,13.0
24534586,13.0,29.0
58645889,19.0,60.0
732210,18.0,71.0
60009818,19.0,18.0
34465829,20.0,41.0
72726776,12.0,33.0
16252055,12.0,2.0
73285801,4.0,37.0
27174306,12.0,24.0
1896738,12.0,59.0
41243595,5.0,90.0
19725115,5.0,29.0
62627912,19.0,2.0
40791497,5.0,90.0
18270384,21.0,4.0
76371491,9.0,
70045887,9.0,2.0
19101076,21.0,4.0
56307742,18.0,34.0
32255529,21.0,41.0
12292154,10.0,84.0
57311818,19.0,72.0
4393587,21.0,60.0
7713178,19.0,54.0
65227797,9.0,15.0
23534192,17.0,18.0
28914524,9.0,29.0
54329241,0.0,16.0
80443248,17.0,90.0
69545180,21.0,88.0
58246409,17.0,21.0
37234284,20.0,25.0
79056684,5.0,29.0
7511773,5.0,31.0
6822263,3.0,2.0
42103914,20.0,67.0
32436002,9.0,59.0
1643557,12.0,63.0
41920851,20.0,2.0
47877375,17.0,17.0
8117682,10.0,2.0
72940028,9.0,2.0
64330172,5.0,61.0
47443028,7.0,46.0
48206385,17.0,89.0
47091094,9.0,2.0
36359061,19.0,60.0
17643749,19.0,59.0
35111102,0.0,29.0
88646503,19.0,11.0
58224262,17.0,41.0
69174679,17.0,60.0
154281,17.0,15.0
26869421,19.0,11.0
4859564,10.0,26.0
45879577,21.0,90.0
63830583,21.0,28.0
55578858,18.0,88.0
57505216,20.0,90.0
36458620,17.0,60.0
87794321,19.0,60.0
73810185,20.0,89.0
18503817,17.0,43.0
19933542,20.0,17.0
68801847,12.0,63.0
15568216,10.0,25.0
72405259,12.0,4.0
48130764,5.0,
62840012,0.0,90.0
71651803,17.0,24.0
35375720,10.0,90.0
86581905,17.0,90.0
7371386,5.0,46.0
44338357,9.0,90.0
75791698,3.0,
85370363,9.0,2.0
26015000,9.0,23.0
42809315,12.0,87.0
59215825,9.0,19.0
79471036,19.0,63.0
36701560,20.0,18.0
4158209,20.0,4.0
42255422,5.0,84.0
8766672,21.0,85.0
73021620,9.0,2.0
34993335,0.0,11.0
34579698,21.0,60.0
40447762,,
15532151,10.0,2.0
49154165,12.0,24.0
59266921,21.0,2.0
81857755,12.0,47.0
15843653,10.0,63.0
79384707,13.0,59.0
79745691,20.0,33.0
19134534,20.0,17.0
16128472,17.0,61.0
81652410,7.0,2.0
7743649,13.0,12.0
33521465,17.0,43.0
75808345,12.0,2.0
78390034,17.0,2.0
63850933,10.0,59.0
40428042,20.0,2.0
81868242,17.0,90.0
35046105,18.0,71.0
13519273,4.0,1.0
82232476,4.0,2.0
47703078,19.0,50.0
36795413,12.0,59.0
70798191,9.0,21.0
26099757,20.0,15.0
82590319,9.0,49.0
64543246,21.0,55.0
11895103,12.0,90.0
68373647,9.0,31.0
9273465,20.0,73.0
71841402,20.0,25.0
26998166,10.0,60.0
40822245,12.0,71.0
53993190,21.0,72.0
62133595,12.0,50.0
35856487,1.0,90.0
12103803,7.0,33.0
56835427,0.0,2.0
55613305,9.0,54.0
69584178,9.0,83.0
39592088,20.0,90.0
16745554,10.0,66.0
86184281,17.0,32.0
77170971,4.0,82.0
85677834,12.0,2.0
67748441,9.0,15.0
73324319,12.0,2.0
14661938,18.0,35.0
11605007,9.0,60.0
17680086,10.0,2.0
52666005,7.0,90.0
59767970,4.0,19.0
82074491,20.0,90.0
43383001,21.0,64.0
11827806,0.0,90.0
22589557,0.0,90.0
54478390,17.0,11.0
35780889,10.0,64.0
33677570,17.0,2.0
59534576,21.0,24.0
144541,20.0,2.0
33214166,19.0,52.0
88990717,0.0,18.0
69088947,17.0,60.0
56930594,5.0,2.0
61614453,17.0,82.0
8022322,18.0,56.0
52165692,18.0,2.0
32401432,12.0,37.0
71687827,0.0,24.0
57603944,18.0,83.0
75822924,4.0,56.0
51262688,20.0,25.0
25679457,20.0,9.0
89521153,12.0,90.0
70591287,12.0,11.0
22910460,20.0,86.0
71813007,9.0,9.0
55369121,7.0,63.0
61126896,21.0,29.0
45104626,17.0,2.0
19526496,7.0,84.0
44877428,10.0,77.0
84988986,17.0,17.0
52023478,21.0,46.0
54104480,12.0,82.0
79230668,9.0,2.0
1161968,21.0,73.0
15331085,20.0,86.0
73142735,5.0,59.0
21738031,17.0,2.0
7233056,4.0,59.0
12418334,18.0,38.0
13861019,21.0,52.0
87088673,12.0,29.0
60291728,21.0,41.0
16155178,20.0,45.0
61184224,21.0,41.0
84593948,4.0,35.0
5098714,17.0,2.0
33872110,21.0,13.0
88673722,18.0,11.0
85220251,4.0,72.0
72432337,17.0,42.0
26840015,17.0,60.0
48960890,9.0,82.0
19270140,20.0,61.0
5553026,21.0,84.0
61279700,7.0,32.0
60215445,20.0,2.0
16017755,12.0,90.0
52017377,9.0,60.0
22080215,4.0,53.0
13435709,19.0,84.0
8232775,17.0,8.0
72418947,19.0,28.0
49581747,10.0,1.0
30099456,17.0,29.0
11785502,17.0,55.0
44268190,9.0,85.0
25438297,19.0,9.0
22037463,20.0,17.0
74450408,21.0,24.0
690807,21.0,2.0
30879085,7.0,59.0
17599129,4.0,90.0
83137994,12.0,67.0
9663797,21.0,32.0
38813243,2.0,59.0
36611657,20.0,2.0
60453710,9.0,90.0
36826472,20.0,90.0
27560515,7.0,18.0
2468516,12.0,59.0
67268354,10.0,67.0
46104818,20.0,55.0
29076808,19.0,81.0
88543127,7.0,11.0
74598113,21.0,29.0
51618038,17.0,2.0
26014084,9.0,60.0
55493340,12.0,55.0
27824327,13.0,2.0
69115875,19.0,11.0
53313230,20.0,60.0
26777018,4.0,47.0
23154415,12.0,29.0
74718042,9.0,63.0
47471413,19.0,4.0
63891916,12.0,76.0
42172100,20.0,2.0
36285031,7.0,18.0
78675281,0.0,51.0
9126101,21.0,60.0
69731130,21.0,85.0
79537343,10.0,88.0
50020861,7.0,75.0
15430962,17.0,2.0
70766340,20.0,90.0
78843886,12.0,24.0
73024360,0.0,85.0
64891448,9.0,84.0
1642155,21.0,21.0
83947163,9.0,57.0
55575355,9.0,22.0
39914880,20.0,11.0
44492348,19.0,54.0
17818186,21.0,17.0
77853146,21.0,90.0
68824919,10.0,2.0
87075123,0.0,37.0
63231194,12.0,11.0
53318753,12.0,18.0
422378,9.0,33.0
38547022,19.0,61.0
43370164,19.0,5.0
72928615,12.0,29.0
15231830,9.0,2.0
86685362,12.0,85.0
19655973,21.0,55.0
3573733,2.0,2.0
55688133,12.0,2.0
61214007,20.0,59.0
56233421,20.0,61.0
38956515,18.0,35.0
58304692,21.0,60.0
12081226,19.0,24.0
18719404,9.0,59.0
39308623,20.0,90.0
43828385,0.0,59.0
58766133,21.0,29.0
17170777,16.0,
80335355,5.0,8.0
58343524,4.0,90.0
60222838,4.0,18.0
85335718,17.0,18.0
88246721,20.0,16.0
51570519,20.0,84.0
26349450,21.0,90.0
15475573,19.0,28.0
38732145,5.0,17.0
75209543,20.0,71.0
19384532,20.0,24.0
60034465,17.0,0.0
63814205,17.0,84.0
6334627,17.0,62.0
62832059,5.0,25.0
66135794,8.0,52.0
46960536,19.0,60.0
81366836,19.0,52.0
76035615,17.0,46.0
81745801,9.0,2.0
73480759,9.0,81.0
37614673,9.0,60.0
71864529,19.0,56.0
24309424,4.0,54.0
63103097,20.0,2.0
78611552,9.0,71.0
85691174,4.0,2.0
11818531,19.0,2.0
34901081,12.0,17.0
57725197,12.0,49.0
40469260,0.0,2.0
86658911,18.0,41.0
42078501,20.0,64.0
20234701,4.0,24.0
22721690,13.0,
16025490,9.0,18.0
34967714,7.0,12.0
29598260,9.0,2.0
36596002,17.0,67.0
19482051,9.0,2.0
18201702,7.0,84.0
3438136,20.0,60.0
71339978,4.0,84.0
6087457,17.0,43.0
37566319,4.0,90.0
58489405,0.0,76.0
58443090,9.0,11.0
24705081,9.0,12.0
330995,7.0,29.0
73735001,5.0,28.0
63532564,10.0,67.0
42842719,4.0,63.0
35961520,21.0,32.0
44145889,7.0,36.0
33749918,17.0,60.0
6185714,19.0,35.0
42243511,20.0,72.0
10735676,12.0,85.0
13784548,9.0,2.0
66197118,12.0,2.0
67048143,20.0,2.0
35314221,19.0,90.0
46989931,19.0,29.0
79160865,10.0,18.0
70195189,0.0,18.0
65045133,12.0,67.0
8398469,4.0,18.0
74141326,10.0,82.0
44283,12.0,2.0
2279529,0.0,84.0
16463039,9.0,49.0
17171645,20.0,37.0
12743590,12.0,82.0
14018036,4.0,37.0
58563049,19.0,19.0
22236741,9.0,2.0
31695308,20.0,2.0
79262539,20.0,85.0
43916890,0.0,60.0
19884932,12.0,50.0
83574242,9.0,38.0
82445517,0.0,2.0
3208889,17.0,29.0
42629880,4.0,55.0
58301236,17.0,67.0
87743810,9.0,71.0
31561235,18.0,83.0
14342390,18.0,89.0
54978254,17.0,2.0
18557686,12.0,60.0
86865686,7.0,60.0
53015512,4.0,63.0
22356398,21.0,77.0
66089720,21.0,10.0
54926514,20.0,15.0
44336633,17.0,67.0
44162332,21.0,90.0
22221354,21.0,25.0
83132949,20.0,18.0
83580650,17.0,28.0
53224188,12.0,18.0
73650070,9.0,2.0
69999029,17.0,35.0
15672960,9.0,24.0
3184091,20.0,90.0
44276597,5.0,50.0
75132892,4.0,36.0
10273896,6.0,18.0
14833155,19.0,2.0
72601869,0.0,9.0
82428778,21.0,60.0
62918070,21.0,24.0
65114072,9.0,24.0
39508010,5.0,2.0
17890864,17.0,2.0
85743974,13.0,41.0
49961857,6.0,90.0
9265697,17.0,79.0
62799270,12.0,17.0
75472503,20.0,70.0
9426799,10.0,11.0
11454974,20.0,2.0
18360635,9.0,2.0
30556813,12.0,61.0
41927666,9.0,2.0
1526930,21.0,60.0
69357163,20.0,2.0
33943194,1.0,63.0
50811680,5.0,25.0
7042296,21.0,53.0
46848066,12.0,27.0
10190888,21.0,82.0
70913106,0.0,2.0
64891400,7.0,2.0
50132604,10.0,58.0
52903374,7.0,67.0
66492240,12.0,54.0
1808098,9.0,29.0
29693225,12.0,90.0
40550332,9.0,15.0
1158825,1.0,2.0
69884613,4.0,90.0
73058893,19.0,2.0
18596773,7.0,2.0
10967531,7.0,63.0
31964503,10.0,90.0
41332166,20.0,2.0
58142532,21.0,15.0
4022329,12.0,15.0
857816,17.0,59.0
19698036,3.0,90.0
8420256,17.0,27.0
59827185,17.0,87.0
13671444,0.0,61.0
59899026,9.0,17.0
29062494,5.0,76.0
39121405,18.0,9.0
35816156,10.0,84.0
83822321,7.0,85.0
89609703,9.0,60.0
48655085,20.0,90.0
46870384,20.0,59.0
10403074,17.0,2.0
33932562,21.0,64.0
64036666,19.0,29.0
1774012,17.0,58.0
83186146,20.0,18.0
17481155,4.0,2.0
8217780,5.0,2.0
39281957,19.0,71.0
43197205,19.0,23.0
3765158,10.0,11.0
77595658,12.0,37.0
16751327,18.0,
57470157,4.0,85.0
76722561,20.0,2.0
53383191,9.0,60.0
89631724,20.0,15.0
42118103,9.0,16.0
17008079,0.0,28.0
77371507,20.0,25.0
53175224,7.0,47.0
24151191,5.0,36.0
4030909,17.0,71.0
87646697,21.0,23.0
2999433,10.0,79.0
62997084,9.0,2.0
42013879,18.0,28.0
62707346,9.0,12.0
87524104,5.0,90.0
53641544,12.0,81.0
88385638,12.0,37.0
69539271,9.0,61.0
33635295,19.0,3.0
8781080,20.0,17.0
49956348,10.0,15.0
57777115,9.0,36.0
34072147,20.0,75.0
89173587,21.0,2.0
33690933,20.0,90.0
4084342,12.0,18.0
24421821,21.0,37.0
88142580,9.0,2.0
55036940,19.0,37.0
15754265,0.0,56.0
55137471,0.0,38.0
55626602,12.0,82.0
18607575,4.0,18.0
39699010,9.0,37.0
56962654,4.0,85.0
21579933,17.0,6.0
68489640,21.0,63.0
10453598,5.0,59.0
13961290,21.0,2.0
38577525,19.0,46.0
77121902,21.0,59.0
10316964,12.0,60.0
30471462,12.0,55.0
83895248,12.0,18.0
47784495,21.0,19.0
9917229,17.0,2.0
63232360,17.0,2.0
65118907,21.0,17.0
60835198,17.0,59.0
36124986,17.0,9.0
9653472,12.0,2.0
916538,20.0,2.0
47515994,12.0,84.0
50472273,12.0,61.0
48410986,7.0,53.0
14663247,20.0,90.0
56804607,17.0,84.0
6883897,20.0,18.0
86808995,21.0,37.0
58163062,12.0,74.0
33460664,0.0,2.0
47673096,19.0,73.0
52182256,5.0,24.0
21875926,0.0,2.0
9999686,12.0,7.0
73606588,9.0,2.0
5378661,10.0,49.0
19987378,17.0,2.0
45913610,20.0,55.0
30022599,20.0,72.0
12914038,19.0,41.0
35366720,4.0,10.0
6058335,12.0,84.0
42151219,12.0,2.0
80776493,10.0,84.0
60933711,20.0,11.0
1950832,10.0,2.0
75387743,20.0,8.0
18154835,20.0,2.0
66005427,17.0,29.0
76818737,4.0,15.0
57254660,7.0,2.0
68674336,17.0,59.0
81653145,20.0,49.0
58784651,12.0,17.0
55943121,21.0,59.0
86847752,18.0,64.0
29467937,20.0,2.0
24775943,0.0,2.0
49420610,17.0,60.0
52323444,4.0,15.0
16999593,20.0,1.0
60790762,17.0,60.0
62128905,17.0,64.0
56834823,5.0,2.0
55243580,19.0,28.0
82094576,10.0,60.0
28208282,5.0,
34841165,4.0,53.0
13993005,17.0,84.0
61796983,9.0,
83670039,12.0,35.0
50597632,21.0,29.0
5779165,10.0,25.0
38126562,4.0,60.0
61410280,17.0,30.0
26922038,12.0,82.0
59363510,12.0,23.0
45949804,12.0,37.0
3443575,19.0,2.0
72813398,17.0,13.0
1256337,17.0,63.0
69700346,1.0,
85204481,17.0,59.0
84500290,0.0,18.0
25768302,17.0,2.0
31970272,0.0,62.0
6744973,9.0,13.0
66595413,20.0,29.0
65688669,17.0,2.0
7274811,10.0,10.0
76930811,17.0,60.0
75024458,0.0,60.0
70946522,12.0,8.0
35055401,9.0,52.0
84326966,19.0,38.0
37989396,12.0,5.0
86578862,19.0,63.0
33767554,0.0,2.0
19629226,10.0,2.0
2024968,0.0,59.0
8092619,20.0,71.0
31895391,19.0,2.0
53581962,17.0,2.0
1377015,13.0,
48597634,7.0,21.0
32058348,19.0,56.0
78525439,17.0,2.0
68188448,4.0,25.0
12352941,9.0,46.0
36756763,17.0,90.0
4573547,0.0,82.0
16879715,17.0,42.0
37586114,9.0,47.0
11418217,20.0,11.0
79746255,6.0,2.0
58721196,20.0,23.0
5449680,4.0,54.0
89907919,17.0,90.0
81250957,20.0,18.0
1860453,20.0,60.0
39566767,12.0,44.0
56963029,17.0,2.0
35644382,17.0,2.0
60390155,0.0,56.0
10544744,21.0,61.0
42471970,10.0,27.0
49996214,12.0,2.0
16340046,9.0,88.0
67453845,17.0,2.0
3656770,17.0,18.0
1046181,7.0,2.0
76668201,17.0,17.0
14728356,0.0,70.0
89799306,10.0,10.0
47830358,17.0,24.0
8380299,0.0,2.0
5858505,7.0,11.0
76869512,20.0,59.0
5365629,0.0,53.0
60268914,12.0,18.0
40229379,17.0,2.0
14997308,12.0,23.0
61651835,10.0,60.0
15909026,13.0,90.0
63835012,20.0,41.0
38673193,21.0,21.0
51670112,21.0,87.0
72799033,20.0,28.0
49324995,10.0,61.0
14773287,20.0,47.0
62599341,10.0,0.0
66152078,4.0,36.0
3683347,21.0,18.0
49631706,20.0,25.0
62234781,12.0,2.0
54254886,12.0,2.0
78467516,20.0,2.0
10438554,12.0,88.0
49849565,4.0,60.0
61723322,9.0,29.0
42488896,7.0,50.0
88295714,19.0,2.0
29731381,17.0,60.0
40088045,21.0,90.0
21487121,12.0,86.0
3966547,5.0,55.0
49040279,4.0,60.0
70100361,19.0,
66234956,4.0,2.0
29778363,5.0,2.0
15928934,21.0,63.0
54931776,20.0,28.0
59552880,9.0,81.0
63955826,10.0,2.0
87471650,20.0,74.0
4085926,7.0,73.0
61833803,10.0,60.0
70302291,0.0,29.0
50207768,4.0,61.0
34118152,10.0,46.0
34745678,20.0,27.0
55283015,21.0,13.0
40412725,12.0,2.0
67666638,4.0,2.0
28363149,4.0,18.0
36414655,12.0,9.0
24829768,21.0,2.0
33020741,5.0,89.0
46164578,20.0,61.0
70849555,9.0,2.0
35037237,21.0,55.0
18865855,17.0,75.0
28491469,17.0,60.0
16482318,12.0,2.0
64570340,10.0,46.0
56797776,17.0,59.0
47917333,10.0,60.0
39584249,17.0,2.0
57289925,4.0,27.0
78907789,20.0,75.0
36600022,20.0,11.0
80870135,0.0,41.0
40591243,9.0,2.0
63712282,20.0,22.0
5520033,4.0,18.0
25263513,20.0,47.0
20807271,13.0,90.0
6588761,19.0,2.0
1046908,20.0,63.0
43462431,17.0,60.0
18287259,20.0,60.0
42223909,9.0,82.0
62908963,19.0,17.0
53776532,10.0,12.0
25776171,12.0,2.0
17468384,5.0,49.0
39049725,12.0,19.0
82771180,20.0,24.0
76079572,5.0,64.0
30209178,12.0,11.0
77984779,10.0,21.0
84896817,12.0,54.0
28960041,5.0,2.0
52211157,7.0,2.0
23980896,19.0,27.0
46182467,7.0,2.0
79031395,0.0,7.0
80971329,17.0,4.0
62805538,5.0,37.0
29350006,9.0,2.0
26364313,17.0,13.0
24137378,12.0,2.0
12059528,12.0,25.0
40819222,19.0,38.0
66323125,12.0,60.0
8294375,19.0,72.0
84362391,20.0,2.0
63901482,9.0,60.0
14052668,21.0,25.0
84198975,20.0,90.0
57452353,17.0,2.0
41731257,0.0,60.0
61384292,9.0,51.0
76931449,1.0,32.0
88782325,21.0,61.0
5141151,20.0,17.0
42128873,21.0,17.0
89653095,7.0,50.0
28694822,10.0,63.0
86184396,17.0,59.0
36116384,7.0,9.0
72938152,9.0,42.0
35707601,2.0,60.0
18771010,18.0,11.0
1351911,4.0,53.0
87779144,12.0,2.0
16545605,9.0,9.0
83151922,19.0,47.0
39354330,17.0,24.0
74654526,12.0,81.0
88972535,17.0,34.0
32662893,18.0,89.0
30501174,9.0,2.0
20793820,20.0,2.0
34478884,0.0,1.0
80864357,17.0,29.0
19552502,9.0,4.0
53770150,0.0,2.0
6158479,10.0,16.0
86801923,8.0,59.0
26955651,19.0,86.0
16223598,4.0,24.0
57272160,9.0,49.0
41931513,9.0,88.0
30194495,9.0,90.0
78409127,4.0,2.0
59042672,12.0,2.0
25694108,21.0,84.0
37761381,8.0,60.0
71530080,10.0,56.0
61658952,21.0,54.0
1782670,10.0,63.0
54688664,17.0,3.0
69469128,13.0,
83220077,17.0,11.0
2932591,19.0,70.0
77728922,5.0,36.0
67914373,10.0,15.0
36917721,9.0,9.0
31669792,19.0,59.0
16132719,20.0,2.0
59292993,7.0,26.0
30008272,12.0,82.0
32577366,0.0,35.0
12469752,9.0,61.0
48270808,20.0,61.0
23914833,17.0,3.0
78344934,12.0,60.0
71664732,19.0,17.0
8674941,0.0,60.0
41032025,17.0,5.0
60906848,20.0,84.0
58607266,0.0,64.0
49924042,12.0,90.0
11551509,12.0,18.0
42035140,19.0,60.0
59498061,10.0,29.0
70866206,9.0,12.0
48160186,5.0,2.0
75789394,20.0,18.0
64615013,21.0,89.0
1850196,7.0,53.0
70015798,19.0,24.0
45728081,20.0,22.0
61247612,4.0,38.0
48952445,19.0,85.0
9335893,17.0,60.0
32948652,0.0,18.0
34920044,18.0,53.0
59116155,17.0,56.0
49740183,10.0,37.0
21721055,21.0,37.0
76523990,17.0,18.0
54897876,9.0,60.0
65104290,21.0,59.0
77081165,20.0,53.0
5360934,4.0,34.0
82893513,12.0,29.0
36156465,4.0,41.0
47781843,9.0,11.0
81643588,9.0,18.0
13951139,12.0,86.0
36731962,10.0,18.0
2599912,5.0,2.0
13198245,10.0,15.0
34049546,5.0,32.0
12474556,20.0,12.0
23320744,12.0,2.0
64450842,5.0,21.0
29329661,12.0,66.0
26129144,17.0,67.0
9673438,5.0,84.0
79825794,9.0,
47728816,20.0,2.0
44914818,0.0,90.0
84415669,9.0,59.0
2942120,20.0,15.0
48357939,4.0,2.0
36634362,0.0,24.0
62364533,4.0,61.0
27938502,12.0,24.0
3025998,19.0,2.0
72264346,12.0,11.0
4868490,20.0,33.0
36233114,19.0,87.0
75119895,19.0,29.0
59810529,12.0,36.0
83554795,0.0,64.0
6681969,12.0,24.0
85843482,12.0,2.0
7742445,12.0,81.0
53786143,12.0,89.0
78504012,21.0,84.0
72793100,5.0,82.0
34755140,0.0,41.0
5378457,21.0,12.0
31994058,0.0,18.0
51114765,4.0,37.0
31839256,17.0,67.0
41383390,4.0,31.0
73443988,4.0,7.0
2594983,20.0,0.0
68668114,10.0,84.0
67437310,9.0,71.0
72929625,10.0,56.0
68403344,12.0,2.0
732720,2.0,90.0
24905161,21.0,77.0
87381361,4.0,2.0
35870429,4.0,25.0
62506973,7.0,59.0
67567113,17.0,50.0
25347325,21.0,4.0
56722692,18.0,61.0
72367984,20.0,17.0
85041430,12.0,63.0
57957083,9.0,85.0
7589620,0.0,48.0
20467042,3.0,
64729531,20.0,59.0
54123973,17.0,53.0
75076942,5.0,85.0
50071560,4.0,61.0
53853713,4.0,59.0
9744310,4.0,37.0
75673382,5.0,83.0
51977662,20.0,63.0
72514295,9.0,55.0
83788153,9.0,90.0
13595919,20.0,2.0
40329882,9.0,2.0
54723672,17.0,67.0
62169623,0.0,18.0
24838906,20.0,29.0
2842497,19.0,18.0
36446466,18.0,24.0
74925213,0.0,82.0
12801188,21.0,2.0
74166017,17.0,2.0
12378100,10.0,70.0
81241946,17.0,2.0
33141583,12.0,32.0
17742927,5.0,9.0
44155438,9.0,60.0
18267097,12.0,82.0
76127013,19.0,2.0
74831370,19.0,60.0
33851707,21.0,29.0
46740618,20.0,21.0
87111264,9.0,60.0
77896097,9.0,84.0
1671364,12.0,18.0
86244189,19.0,90.0
45869826,21.0,82.0
85252520,17.0,82.0
50975295,20.0,85.0
55206660,20.0,90.0
69291093,6.0,67.0
31856998,20.0,90.0
33579490,7.0,2.0
82874813,21.0,2.0
77484210,4.0,60.0
55710254,9.0,85.0
19188442,20.0,61.0
63542059,12.0,29.0
85752528,20.0,64.0
31801416,21.0,2.0
4449809,9.0,45.0
2912465,9.0,17.0
49689263,12.0,2.0
47074118,12.0,2.0
24689417,19.0,86.0
65249625,19.0,85.0
45931098,0.0,67.0
1767828,21.0,24.0
260422,18.0,1.0
19410231,1.0,2.0
16138538,17.0,46.0
33433152,10.0,1.0
4404574,4.0,11.0
80560078,17.0,29.0
21270722,10.0,2.0
39265286,21.0,90.0
5117430,9.0,67.0
37068487,10.0,88.0
64143794,9.0,77.0
21518806,19.0,71.0
7163206,0.0,35.0
84611069,10.0,2.0
30946210,4.0,2.0
82031647,21.0,66.0
28464343,12.0,54.0
86958025,20.0,21.0
57257041,20.0,29.0
43313977,19.0,18.0
18323448,12.0,17.0
78710141,12.0,47.0
37887162,4.0,12.0
54372489,17.0,86.0
38018782,4.0,77.0
45442652,12.0,71.0
88163253,4.0,18.0
30258681,18.0,56.0
83479214,21.0,60.0
64162599,12.0,60.0
7579052,13.0,24.0
85588381,10.0,55.0
58509768,12.0,33.0
71843378,17.0,2.0
13116447,17.0,90.0
8821033,17.0,18.0
45642056,10.0,60.0
88703742,9.0,55.0
33877721,0.0,25.0
33799344,17.0,60.0
84654630,17.0,2.0
40470000,12.0,60.0
68234724,10.0,18.0
81897887,20.0,75.0
79980822,12.0,47.0
84363439,4.0,84.0
64046546,20.0,81.0
77998832,4.0,2.0
41794780,12.0,60.0
15955832,6.0,2.0
42636215,9.0,78.0
15937029,10.0,12.0
54124839,20.0,53.0
21137799,20.0,82.0
46443979,21.0,18.0
77710153,2.0,2.0
87729347,19.0,22.0
74571033,10.0,12.0
43928248,5.0,54.0
26161131,10.0,10.0
67922403,21.0,60.0
36787375,19.0,2.0
87837496,19.0,88.0
22658842,21.0,11.0
50840069,21.0,59.0
43611568,12.0,4.0
24935522,5.0,10.0
27547147,5.0,70.0
48907956,20.0,70.0
44717755,12.0,33.0
76393890,21.0,53.0
24786039,21.0,2.0
73897453,10.0,29.0
21039812,0.0,76.0
10792088,17.0,2.0
66416454,4.0,59.0
65896827,5.0,24.0
82997720,10.0,24.0
5326536,21.0,
40206703,10.0,2.0
8160471,21.0,51.0
44759832,17.0,17.0
23961485,5.0,28.0
12604465,9.0,2.0
28542686,9.0,28.0
73008191,9.0,42.0
29508379,17.0,60.0
49833525,12.0,53.0
65176168,10.0,17.0
42272288,20.0,11.0
40276294,9.0,24.0
88911879,19.0,10.0
89320935,10.0,2.0
89449619,20.0,0.0
2227302,20.0,38.0
5400980,21.0,60.0
56565528,12.0,22.0
19871947,20.0,50.0
65513189,10.0,28.0
87085787,20.0,67.0
29433335,17.0,54.0
17157006,0.0,60.0
43870395,19.0,5.0
37102728,17.0,24.0
58349834,17.0,85.0
3445283,5.0,76.0
64400129,21.0,60.0
71996085,12.0,84.0
37537846,12.0,2.0
72061020,21.0,18.0
41604684,17.0,18.0
55090997,17.0,29.0
27434385,10.0,53.0
40555846,0.0,53.0
17594402,17.0,2.0
70265041,12.0,61.0
49952732,20.0,45.0
61147859,4.0,85.0
43008108,21.0,24.0
69187287,21.0,55.0
42031166,9.0,60.0
63995208,0.0,2.0
64653187,4.0,28.0
57983988,19.0,2.0
25287885,21.0,11.0
5950420,19.0,19.0
42173096,20.0,90.0
33614544,17.0,51.0
2058068,20.0,77.0
70833318,17.0,61.0
76454828,21.0,59.0
56573648,15.0,2.0
52833443,9.0,2.0
61426462,20.0,24.0
29978030,0.0,60.0
88291834,20.0,90.0
43255594,17.0,82.0
31527880,19.0,35.0
29843574,19.0,2.0
50239058,20.0,37.0
66418109,10.0,85.0
66942632,10.0,10.0
65629435,20.0,2.0
24419952,12.0,29.0
60136513,1.0,2.0
39686415,10.0,63.0
50051765,4.0,23.0
49244143,17.0,15.0
84691019,12.0,18.0
81100822,0.0,60.0
30629394,0.0,2.0
26987109,18.0,53.0
66507830,21.0,90.0
61603136,10.0,67.0
64333734,17.0,51.0
78399262,10.0,53.0
30774474,21.0,90.0
78607636,9.0,90.0
78012663,20.0,82.0
45335655,4.0,18.0
19151775,17.0,82.0
39185316,9.0,11.0
9472104,5.0,13.0
12446468,7.0,90.0
52397538,5.0,83.0
39455046,10.0,2.0
41232276,17.0,41.0
9797828,9.0,17.0
19431091,9.0,37.0
53804121,10.0,33.0
71501365,12.0,18.0
35036020,20.0,29.0
36802160,18.0,90.0
22378063,9.0,87.0
29694776,18.0,90.0
20853946,9.0,13.0
52911668,19.0,59.0
34011846,21.0,2.0
67698238,20.0,59.0
41357548,9.0,90.0
23876460,5.0,66.0
36254300,19.0,24.0
88571321,5.0,85.0
11972471,9.0,82.0
11758815,12.0,59.0
59543063,19.0,85.0
47009998,17.0,60.0
75055415,9.0,41.0
21918565,19.0,29.0
27283686,21.0,83.0
65901892,20.0,2.0
84781208,5.0,82.0
51792827,17.0,24.0
17264614,10.0,24.0
57859562,9.0,26.0
33402948,9.0,60.0
39645469,21.0,23.0
45073013,17.0,24.0
77721052,0.0,55.0
67232890,17.0,24.0
53473901,12.0,90.0
43505761,19.0,53.0
16702195,0.0,50.0
4420300,7.0,2.0
78065716,20.0,59.0
84334182,7.0,86.0
13574585,11.0,51.0
2510274,9.0,24.0
32227519,21.0,83.0
49372815,19.0,84.0
7345339,20.0,2.0
58862174,4.0,18.0
78356196,12.0,86.0
75634899,19.0,2.0
51027094,20.0,18.0
6172789,10.0,11.0
49329376,19.0,4.0
8186052,21.0,90.0
34874270,17.0,60.0
87614501,19.0,61.0
15798867,19.0,16.0
58351097,20.0,63.0
68677461,19.0,18.0
10447157,17.0,59.0
7003634,21.0,46.0
27665440,19.0,11.0
20017498,20.0,18.0
30719014,4.0,84.0
58266320,9.0,2.0
30786732,17.0,60.0
78479923,0.0,90.0
67911407,6.0,90.0
57901097,20.0,33.0
26302819,18.0,4.0
65757218,0.0,15.0
3321349,0.0,35.0
83192081,9.0,24.0
24547660,19.0,18.0
79433388,7.0,2.0
39455444,20.0,90.0
62963419,21.0,59.0
26604474,20.0,2.0
79038328,19.0,61.0
80708017,13.0,2.0
56867889,12.0,29.0
49394319,20.0,18.0
45414743,0.0,60.0
72878969,10.0,25.0
33728140,10.0,18.0
78215058,5.0,10.0
12374097,20.0,90.0
8793385,0.0,72.0
16074725,10.0,82.0
87628214,17.0,2.0
72540361,21.0,2.0
55707384,7.0,60.0
65244849,0.0,17.0
5730599,17.0,90.0
37549315,7.0,2.0
46242162,9.0,82.0
13595523,10.0,72.0
71565514,19.0,83.0
31328262,5.0,19.0
54884949,20.0,60.0
4032401,17.0,60.0
21613283,0.0,1.0
8874711,21.0,82.0
69003917,9.0,1.0
63849666,20.0,25.0
87357310,17.0,30.0
12339072,18.0,61.0
72360694,9.0,59.0
23776342,17.0,60.0
83676976,20.0,2.0
22444468,10.0,41.0
6770958,20.0,18.0
19900764,12.0,24.0
2228418,12.0,2.0
56767797,0.0,64.0
10118340,12.0,15.0
85394603,19.0,70.0
27415571,10.0,42.0
29375497,9.0,13.0
30898210,18.0,75.0
34829832,12.0,49.0
9184139,3.0,
30205446,21.0,18.0
14231162,19.0,4.0
16131224,10.0,88.0
1806637,17.0,2.0
78603499,17.0,87.0
50476782,10.0,28.0
54868623,4.0,61.0
81742282,12.0,18.0
83148904,5.0,38.0
63488016,20.0,85.0
83737234,19.0,10.0
67570814,17.0,82.0
45947381,4.0,22.0
50346563,10.0,2.0
79466062,12.0,2.0
7659825,17.0,2.0
1999362,5.0,24.0
19094185,9.0,89.0
5563536,17.0,11.0
23973445,0.0,37.0
39183133,21.0,2.0
56105646,4.0,82.0
1562885,10.0,83.0
86919667,21.0,86.0
85935869,9.0,18.0
67305159,17.0,2.0
86918925,21.0,60.0
71211411,12.0,82.0
42572965,12.0,63.0
82482134,9.0,2.0
21823099,4.0,60.0
26139195,17.0,66.0
27657427,19.0,4.0
20910137,17.0,2.0
24776351,19.0,18.0
70915300,12.0,2.0
52177328,4.0,72.0
33533403,12.0,90.0
70003577,21.0,72.0
48959242,4.0,38.0
12746333,20.0,61.0
37538536,20.0,2.0
41829461,6.0,
50981483,20.0,18.0
19156193,10.0,25.0
51490047,12.0,18.0
34973297,0.0,22.0
26603215,10.0,25.0
71503654,12.0,2.0
84122756,7.0,82.0
61798942,19.0,2.0
63131130,9.0,90.0
71452820,10.0,17.0
35957198,7.0,47.0
40464691,17.0,18.0
72474608,19.0,2.0
87719333,0.0,61.0
34287376,12.0,2.0
54393016,12.0,22.0
72711961,9.0,
32611173,6.0,35.0
17909797,5.0,41.0
1376614,20.0,83.0
28087413,9.0,11.0
58948930,12.0,37.0
27503884,10.0,46.0
75043471,0.0,61.0
13070440,7.0,25.0
51895224,20.0,90.0
54999846,9.0,2.0
72376717,19.0,2.0
85791739,20.0,90.0
228557,18.0,84.0
78973919,7.0,11.0
87172091,5.0,2.0
68946751,21.0,60.0
78907158,0.0,18.0
50230331,12.0,25.0
66233679,20.0,61.0
76155666,20.0,60.0
82483104,20.0,90.0
69008238,7.0,90.0
25753234,12.0,22.0
20749171,4.0,2.0
82414818,21.0,37.0
43340764,5.0,84.0
87253847,19.0,38.0
63819230,7.0,15.0
58115478,17.0,46.0
86032667,12.0,2.0
72217639,20.0,71.0
4563561,10.0,61.0
88777622,5.0,64.0
11664092,9.0,2.0
86006588,9.0,72.0
69503546,12.0,18.0
86725366,4.0,63.0
87260669,21.0,81.0
22645153,18.0,2.0
70067795,4.0,76.0
79183275,19.0,15.0
846935,12.0,2.0
87867238,17.0,90.0
4707923,19.0,2.0
70978108,0.0,25.0
39881761,9.0,17.0
36966180,10.0,59.0
85503031,7.0,90.0
89660250,20.0,27.0
57440073,12.0,90.0
66512747,17.0,63.0
86937570,17.0,84.0
6179019,0.0,47.0
51111721,20.0,2.0
40938798,9.0,2.0
86165883,20.0,
44972260,10.0,41.0
20914952,21.0,47.0
80903476,10.0,24.0
62679567,10.0,90.0
6145372,18.0,1.0
38590146,4.0,23.0
59064162,21.0,17.0
18792921,19.0,67.0
1886308,9.0,36.0
77594535,20.0,73.0
74996674,21.0,63.0
15809595,4.0,23.0
4326827,17.0,35.0
53435318,20.0,60.0
12923531,12.0,48.0
85938448,19.0,63.0
65194230,9.0,18.0
84390675,17.0,60.0
30139947,4.0,25.0
13229246,4.0,59.0
23741624,12.0,59.0
12609229,4.0,48.0
45436008,0.0,16.0
15734135,17.0,51.0
41127706,17.0,90.0
49951333,21.0,31.0
74918959,9.0,25.0
73228191,0.0,60.0
57479720,17.0,2.0
25984988,18.0,
62702061,20.0,2.0
72030689,19.0,32.0
19777814,5.0,85.0
76856709,4.0,2.0
34573924,10.0,35.0
21395177,17.0,90.0
21931160,4.0,90.0
87295496,17.0,15.0
59315891,18.0,82.0
68160043,4.0,2.0
69403013,4.0,
70488709,9.0,12.0
7372230,20.0,2.0
64028560,9.0,85.0
65545277,20.0,85.0
66564918,17.0,63.0
84850073,12.0,60.0
40653413,20.0,31.0
9251454,20.0,64.0
11080532,9.0,60.0
33822629,18.0,28.0
80873600,0.0,53.0
34669965,18.0,
41348092,0.0,59.0
52453312,10.0,29.0
58960290,7.0,67.0
14587627,9.0,64.0
14903777,21.0,44.0
5093556,7.0,90.0
35313496,20.0,29.0
65341624,7.0,55.0
85496913,17.0,2.0
11254820,20.0,87.0
55096864,6.0,2.0
48745272,9.0,23.0
26693405,4.0,28.0
78828801,20.0,29.0
24392793,17.0,17.0
31799808,12.0,9.0
10630971,4.0,43.0
80056370,17.0,60.0
68524135,9.0,60.0
30866177,10.0,18.0
65257286,2.0,
67300106,21.0,35.0
87309085,12.0,83.0
74239929,19.0,90.0
25498481,17.0,66.0
23835395,4.0,24.0
74219328,10.0,14.0
64622981,19.0,48.0
12423132,4.0,2.0
33430039,17.0,90.0
56248025,21.0,25.0
65720914,9.0,2.0
22198615,13.0,90.0
64944203,0.0,61.0
36320507,12.0,79.0
40855782,0.0,60.0
2640351,5.0,2.0
3311207,10.0,9.0
30438955,4.0,27.0
34753251,9.0,52.0
17440559,19.0,61.0
58985189,12.0,55.0
4902189,4.0,12.0
11794821,20.0,28.0
69690108,20.0,2.0
77993283,19.0,23.0
67659588,4.0,11.0
19746988,18.0,4.0
25633982,17.0,12.0
8561185,12.0,2.0
65429855,12.0,17.0
871642,12.0,2.0
32182971,7.0,43.0
54964069,12.0,16.0
15254618,21.0,35.0
24835142,9.0,37.0
11142412,0.0,59.0
42846466,0.0,15.0
65514821,12.0,71.0
78960601,10.0,46.0
45640048,18.0,24.0
65026623,20.0,53.0
82097362,17.0,15.0
64584390,20.0,32.0
33100154,18.0,22.0
21268672,10.0,82.0
53345505,5.0,77.0
82703839,4.0,22.0
65420276,19.0,2.0
83130489,12.0,2.0
2371547,19.0,63.0
28660537,7.0,55.0
33685481,7.0,44.0
57779381,17.0,55.0
31034165,12.0,63.0
58778928,9.0,4.0
46485769,17.0,76.0
86165999,17.0,2.0
59205063,20.0,47.0
56279656,17.0,2.0
42871382,17.0,53.0
66487766,4.0,23.0
40400692,5.0,77.0
80247899,4.0,34.0
78913971,5.0,90.0
8251956,21.0,24.0
3808114,12.0,63.0
22447319,20.0,73.0
80406540,20.0,60.0
12714742,20.0,60.0
23581056,17.0,53.0
37683304,12.0,18.0
88676898,4.0,17.0
69457185,12.0,60.0
75013484,10.0,60.0
74289906,17.0,73.0
20101945,10.0,2.0
16128667,9.0,2.0
59994553,17.0,37.0
89771414,2.0,4.0
49760929,20.0,60.0
21068426,17.0,63.0
38123731,10.0,15.0
31577628,21.0,2.0
48602850,20.0,2.0
21050906,21.0,17.0
5843736,21.0,2.0
63899838,12.0,37.0
9612450,0.0,60.0
15216736,21.0,64.0
74767436,9.0,60.0
83771084,21.0,18.0
88069533,9.0,18.0
31718544,4.0,86.0
10980101,12.0,29.0
24200681,4.0,0.0
81540485,20.0,85.0
43876705,17.0,2.0
40326077,18.0,90.0
59047688,17.0,7.0
62288082,4.0,60.0
28321451,19.0,2.0
63058805,4.0,67.0
84970363,0.0,18.0
14090150,12.0,2.0
35313488,10.0,2.0
8470907,20.0,11.0
41922259,9.0,2.0
29055451,20.0,90.0
42379722,9.0,24.0
77695705,12.0,24.0
82039796,4.0,8.0
59600604,17.0,90.0
25558186,7.0,2.0
72587161,12.0,44.0
35501089,5.0,54.0
29285015,17.0,85.0
15333800,7.0,85.0
57979281,4.0,46.0
85109238,12.0,59.0
61894409,10.0,49.0
89747033,19.0,58.0
11995014,17.0,73.0
86272619,12.0,58.0
3598204,5.0,72.0
80719765,17.0,71.0
6318805,9.0,81.0
8093648,21.0,63.0
3387292,17.0,25.0
25903081,10.0,2.0
57028406,5.0,2.0
6573994,10.0,2.0
70774730,17.0,25.0
23071797,21.0,24.0
22288148,12.0,60.0
83420082,10.0,67.0
62304287,13.0,61.0
75137145,21.0,60.0
46922274,10.0,86.0
6531997,19.0,24.0
20681208,19.0,28.0
39555778,17.0,60.0
64774538,9.0,29.0
17609481,4.0,88.0
54363493,9.0,59.0
26863543,9.0,85.0
84232081,21.0,60.0
82305362,6.0,11.0
29575747,19.0,60.0
38530190,10.0,2.0
4773824,21.0,36.0
6446767,21.0,18.0
56785593,17.0,60.0
1658765,17.0,29.0
88443967,17.0,28.0
40839938,4.0,44.0
26601178,17.0,49.0
14641043,0.0,2.0
14768777,9.0,54.0
33919987,9.0,8.0
11971497,0.0,17.0
64708991,19.0,23.0
43968843,16.0,4.0
33851197,10.0,84.0
66551919,9.0,18.0
36443629,10.0,63.0
4385454,12.0,21.0
33154449,9.0,2.0
85789864,9.0,90.0
31712488,18.0,1.0
69310367,0.0,63.0
40836732,7.0,2.0
62376097,5.0,25.0
33841241,9.0,82.0
43201684,12.0,21.0
59112454,20.0,2.0
31241764,4.0,25.0
9729674,9.0,61.0
10515455,5.0,75.0
16487685,21.0,29.0
45421486,5.0,60.0
31536766,17.0,28.0
56602690,17.0,17.0
77545961,20.0,18.0
58761356,17.0,2.0
11279411,1.0,
25655627,20.0,11.0
75162264,4.0,60.0
87867612,4.0,51.0
15796336,17.0,14.0
70330558,6.0,63.0
81411865,19.0,76.0
55212490,17.0,2.0
57101452,4.0,2.0
26964029,20.0,21.0
72814679,21.0,22.0
35124004,19.0,2.0
12016050,20.0,22.0
75734730,9.0,25.0
53397369,21.0,90.0
2823170,15.0,
60871908,21.0,4.0
22781027,12.0,71.0
81794829,10.0,90.0
45834883,12.0,72.0
77582449,9.0,29.0
68529431,9.0,17.0
6831699,17.0,41.0
8489917,9.0,59.0
48260521,12.0,29.0
52884293,5.0,11.0
89792484,12.0,90.0
87540802,10.0,60.0
247745,20.0,18.0
38934057,5.0,64.0
29876591,8.0,21.0
84068055,17.0,43.0
40756180,12.0,24.0
25016006,21.0,49.0
36786212,21.0,60.0
32437865,17.0,84.0
18667841,9.0,49.0
19640945,21.0,77.0
70479521,19.0,81.0
34021511,20.0,0.0
37529420,12.0,2.0
80145794,17.0,59.0
65641403,12.0,54.0
82554429,12.0,2.0
8188770,9.0,2.0
39984767,4.0,2.0
27235356,5.0,18.0
44378407,19.0,64.0
81255295,7.0,12.0
6629088,4.0,2.0
8289866,18.0,55.0
68173284,17.0,27.0
42925239,6.0,90.0
55009420,21.0,75.0
79588461,17.0,90.0
20370256,10.0,73.0
45828047,4.0,2.0
26464016,4.0,60.0
69876893,4.0,82.0
51626545,9.0,61.0
88885158,4.0,67.0
31929927,9.0,59.0
64199634,10.0,27.0
69596579,10.0,28.0
24376932,17.0,59.0
14379045,17.0,81.0
34098328,5.0,8.0
9020593,20.0,85.0
29682774,10.0,12.0
6408749,15.0,59.0
84773629,0.0,63.0
81837750,0.0,36.0
61883748,0.0,16.0
57615612,9.0,37.0
73665643,17.0,2.0
3273772,10.0,34.0
18676678,15.0,78.0
53934129,10.0,71.0
47011741,9.0,59.0
51637252,9.0,29.0
15946999,21.0,59.0
28851915,17.0,2.0
30808282,4.0,11.0
22401508,21.0,9.0
49900472,0.0,86.0
59009572,20.0,2.0
50572508,12.0,2.0
8892930,12.0,55.0
74516217,21.0,90.0
16157116,17.0,29.0
65144707,9.0,60.0
48191759,7.0,37.0
43461741,12.0,2.0
83437933,12.0,2.0
80528326,4.0,59.0
16705813,10.0,24.0
12901508,9.0,12.0
19857443,10.0,2.0
40114807,10.0,17.0
26619758,10.0,60.0
70041727,12.0,60.0
12865289,12.0,53.0
72480243,21.0,63.0
87271323,12.0,2.0
75097023,17.0,60.0
17323523,17.0,18.0
80540427,9.0,17.0
9120345,5.0,54.0
88457889,21.0,61.0
57706626,0.0,60.0
50144492,19.0,2.0
15716222,12.0,21.0
82884760,17.0,90.0
5518962,4.0,17.0
4403,10.0,8.0
27058395,17.0,35.0
29932154,10.0,17.0
77053740,9.0,22.0
45178429,10.0,18.0
64595006,4.0,60.0
80832892,20.0,2.0
50979629,21.0,66.0
48990195,20.0,59.0
53066367,9.0,81.0
29381243,6.0,82.0
40454814,9.0,37.0
82718202,17.0,90.0
863966,19.0,28.0
46660644,19.0,86.0
4536377,17.0,18.0
48672246,10.0,18.0
15084216,21.0,31.0
56393768,5.0,26.0
58895332,21.0,2.0
14610414,19.0,36.0
80689300,20.0,28.0
34829166,12.0,24.0
32420280,9.0,54.0
6397432,12.0,86.0
34571438,4.0,73.0
32673736,19.0,2.0
63210459,9.0,2.0
75157624,12.0,60.0
14839040,19.0,53.0
60047980,9.0,60.0
48397268,13.0,
60053997,18.0,40.0
29250723,7.0,46.0
84081114,12.0,61.0
36811874,12.0,82.0
81084626,21.0,9.0
46115542,20.0,59.0
27943612,9.0,29.0
51505093,10.0,2.0
49645273,12.0,2.0
10117579,20.0,37.0
19423599,12.0,2.0
2991984,10.0,85.0
81004606,12.0,60.0
16929269,12.0,37.0
82218794,18.0,24.0
53819467,4.0,51.0
60213546,9.0,17.0
85538355,9.0,18.0
40356098,6.0,11.0
67461597,17.0,31.0
37466545,0.0,59.0
52427868,9.0,0.0
29586950,6.0,29.0
85849682,20.0,72.0
47843816,19.0,63.0
68054260,12.0,90.0
81203572,20.0,18.0
26337469,9.0,2.0
55979614,5.0,82.0
9844164,20.0,71.0
40553404,0.0,2.0
23675021,19.0,67.0
73910408,17.0,84.0
16720719,17.0,37.0
48707904,12.0,15.0
35788805,4.0,59.0
53041821,4.0,2.0
46688450,10.0,90.0
68386607,19.0,9.0
41882959,9.0,61.0
21673639,21.0,2.0
43532567,0.0,85.0
20871726,10.0,48.0
40978845,10.0,28.0
22049553,19.0,90.0
9160061,10.0,6.0
56451112,9.0,36.0
2004876,19.0,35.0
50502876,12.0,64.0
62166667,16.0,
87956648,17.0,24.0
58897970,10.0,18.0
86605585,17.0,70.0
87791908,7.0,40.0
15700033,21.0,71.0
43426337,17.0,82.0
22071951,5.0,18.0
75411985,4.0,48.0
75759257,13.0,24.0
19981462,12.0,25.0
41656539,5.0,2.0
79077767,12.0,60.0
12480869,12.0,67.0
28644953,21.0,4.0
38285465,9.0,59.0
42918694,20.0,17.0
45263133,9.0,2.0
58999332,20.0,11.0
75557486,9.0,28.0
77176485,19.0,29.0
27222792,20.0,61.0
5082805,7.0,55.0
7017158,13.0,54.0
74743720,10.0,59.0
39704348,4.0,2.0
41345414,10.0,90.0
87518587,10.0,33.0
5814994,19.0,67.0
76317217,17.0,36.0
4410723,12.0,8.0
88602259,21.0,90.0
60418353,20.0,2.0
6048314,7.0,29.0
63907372,4.0,63.0
55519104,0.0,89.0
41024932,17.0,31.0
73660719,17.0,28.0
61145909,12.0,21.0
61877886,12.0,28.0
25141022,5.0,90.0
51531958,17.0,15.0
44901786,20.0,2.0
67130828,9.0,2.0
54156717,19.0,24.0
2460456,10.0,62.0
48837061,13.0,22.0
34146630,9.0,71.0
64725296,19.0,81.0
59306007,21.0,90.0
85787791,20.0,81.0
13058967,21.0,60.0
25508856,18.0,1.0
25488602,12.0,18.0
80661521,17.0,81.0
49221666,20.0,82.0
46226061,19.0,90.0
7318579,21.0,2.0
17281231,17.0,2.0
83216749,18.0,17.0
34422868,21.0,60.0
49270959,7.0,9.0
49827727,4.0,2.0
61994963,5.0,54.0
39685425,21.0,10.0
66942298,4.0,7.0
42037290,18.0,2.0
74844951,0.0,22.0
3640016,16.0,76.0
31875800,20.0,16.0
49400784,4.0,54.0
6574846,10.0,59.0
69406719,17.0,89.0
70686597,7.0,2.0
44393239,17.0,41.0
55394631,19.0,61.0
67366563,20.0,82.0
56040666,6.0,90.0
55035475,6.0,29.0
46582005,0.0,32.0
2157589,5.0,38.0
27664463,9.0,84.0
45885340,12.0,66.0
25872860,19.0,60.0
6367339,12.0,2.0
21705558,20.0,60.0
35434637,10.0,49.0
21784928,4.0,90.0
43957084,20.0,17.0
27045683,4.0,17.0
74592447,20.0,60.0
6758534,17.0,42.0
76317252,9.0,17.0
80960522,12.0,2.0
54273391,17.0,2.0
59008581,20.0,2.0
36695120,7.0,24.0
40454786,9.0,11.0
84967147,12.0,2.0
10008184,10.0,59.0
5170642,4.0,2.0
87974607,21.0,64.0
84795528,12.0,23.0
30535927,21.0,67.0
41651175,17.0,11.0
89728150,4.0,55.0
54958942,12.0,60.0
54746215,12.0,58.0
83992272,18.0,61.0
64973352,7.0,17.0
78788128,21.0,1.0
15598921,9.0,2.0
24746165,4.0,29.0
66870596,12.0,51.0
39896929,1.0,59.0
11007153,19.0,35.0
10045146,17.0,36.0
46871059,4.0,73.0
80664326,17.0,90.0
48093937,21.0,53.0
53370587,18.0,23.0
30463190,12.0,0.0
9779482,18.0,55.0
45021911,12.0,59.0
40437750,10.0,37.0
35990079,4.0,85.0
71441293,19.0,38.0
54488421,3.0,24.0
30779718,5.0,18.0
59411804,9.0,11.0
81204095,19.0,60.0
12202557,20.0,38.0
45914123,13.0,18.0
77578901,5.0,64.0
84185432,21.0,18.0
70412037,21.0,77.0
7687334,12.0,2.0
61667067,12.0,2.0
84352097,7.0,60.0
79468489,7.0,33.0
19445363,10.0,9.0
62237059,,
41112925,9.0,63.0
77572068,12.0,60.0
52767763,20.0,1.0
32891560,12.0,67.0
60289561,4.0,17.0
2108528,10.0,82.0
20684948,0.0,2.0
56422682,12.0,60.0
21378116,20.0,90.0
53307229,5.0,3.0
72995048,21.0,29.0
21096338,7.0,60.0
41767905,4.0,60.0
36541,21.0,90.0
86597319,20.0,2.0
69744453,17.0,29.0
34405309,4.0,18.0
71065587,7.0,27.0
89387047,10.0,5.0
47424776,9.0,64.0
40939352,10.0,17.0
83127433,9.0,2.0
33093424,12.0,84.0
52889475,20.0,2.0
47500805,5.0,63.0
39185502,13.0,81.0
64075075,16.0,90.0
87190922,0.0,29.0
81195104,9.0,2.0
11430917,5.0,25.0
52550935,10.0,49.0
28472946,20.0,2.0
11089643,5.0,19.0
70024277,20.0,37.0
42004852,19.0,29.0
49818556,12.0,2.0
7045620,12.0,2.0
73180925,17.0,2.0
6863940,18.0,35.0
32589595,13.0,37.0
54468080,12.0,81.0
46831078,21.0,2.0
83704494,12.0,56.0
74226081,9.0,18.0
10809446,9.0,2.0
47022462,4.0,66.0
9517277,0.0,18.0
17080665,10.0,55.0
71975252,7.0,4.0
55181285,9.0,22.0
88854886,0.0,85.0
37336022,5.0,11.0
30373385,4.0,66.0
34807401,17.0,59.0
34431042,19.0,15.0
84753552,21.0,2.0
5488776,17.0,90.0
32878175,5.0,11.0
82871533,17.0,24.0
60685535,12.0,2.0
4310750,0.0,2.0
14877316,9.0,82.0
47135289,20.0,67.0
66020201,20.0,13.0
28454269,20.0,51.0
7602812,9.0,
44022736,19.0,88.0
31476797,9.0,24.0
69152621,5.0,67.0
79891055,17.0,90.0
70248789,6.0,
76833462,21.0,2.0
60869608,17.0,67.0
41073683,9.0,56.0
13800417,9.0,90.0
71066695,21.0,48.0
10141882,10.0,47.0
85132553,19.0,2.0
24918969,10.0,19.0
52664428,12.0,84.0
66580359,12.0,21.0
30569901,10.0,11.0
86271374,17.0,2.0
57771245,20.0,2.0
72791919,10.0,90.0
78438072,20.0,17.0
78445695,20.0,59.0
47405789,17.0,72.0
63575045,7.0,59.0
28603721,21.0,2.0
30763641,17.0,63.0
20033548,12.0,60.0
50788513,17.0,44.0
5679584,17.0,2.0
7823983,12.0,50.0
44692443,4.0,25.0
48336149,21.0,67.0
54094480,4.0,60.0
64726654,20.0,18.0
86975484,0.0,22.0
59507596,0.0,59.0
74799035,10.0,2.0
71727410,9.0,67.0
22578801,12.0,24.0
12711013,18.0,55.0
5338957,21.0,87.0
41734588,17.0,9.0
1906824,5.0,1.0
78553013,21.0,23.0
23094725,21.0,67.0
31966049,20.0,2.0
34940717,17.0,90.0
14374942,17.0,85.0
20583103,19.0,33.0
37196119,21.0,24.0
75441975,20.0,37.0
4508849,17.0,2.0
35758201,4.0,60.0
27136083,19.0,18.0
51928232,10.0,2.0
66729982,9.0,2.0
18629665,17.0,4.0
15433676,17.0,2.0
14202589,19.0,90.0
76597894,20.0,72.0
23722957,10.0,55.0
19681796,20.0,53.0
1849045,12.0,71.0
54782968,17.0,18.0
45423948,20.0,88.0
88270746,10.0,2.0
18544652,9.0,1.0
65940660,5.0,67.0
51432592,7.0,59.0
46026525,12.0,85.0
25243012,17.0,56.0
2858677,21.0,55.0
2075121,9.0,18.0
76981937,12.0,6.0
9924464,21.0,10.0
88252790,17.0,2.0
65208257,20.0,2.0
74882148,9.0,90.0
46183804,7.0,37.0
35206374,17.0,2.0
87012267,4.0,21.0
8049908,12.0,2.0
47761161,4.0,24.0
3019680,21.0,4.0
72011384,10.0,70.0
34783048,12.0,23.0
13304288,9.0,15.0
4638241,20.0,2.0
53601003,18.0,2.0
18492931,2.0,90.0
49889753,5.0,24.0
45514875,10.0,89.0
13479898,12.0,55.0
83198104,0.0,12.0
24648231,12.0,2.0
72405320,0.0,17.0
46923810,4.0,2.0
23147463,19.0,61.0
2139251,10.0,42.0
47325181,0.0,8.0
20204418,12.0,4.0
81016588,3.0,1.0
78387964,0.0,49.0
61039579,17.0,60.0
59421565,4.0,14.0
25576335,21.0,38.0
12189078,20.0,84.0
46731431,5.0,84.0
52319810,21.0,13.0
40085054,12.0,17.0
31512151,19.0,2.0
34018907,19.0,29.0
28087084,17.0,67.0
25769910,5.0,51.0
60916819,4.0,63.0
28308474,4.0,82.0
50158795,12.0,29.0
53286648,7.0,60.0
63404407,7.0,46.0
33071766,20.0,2.0
73303792,20.0,84.0
66255819,9.0,90.0
15324646,0.0,2.0
67581962,10.0,59.0
49308647,7.0,2.0
2590462,9.0,38.0
21641256,4.0,76.0
68399547,17.0,90.0
74232895,21.0,60.0
58573362,17.0,72.0
76437457,17.0,2.0
48832290,5.0,55.0
84360137,8.0,2.0
88052616,19.0,17.0
24370850,18.0,11.0
26128987,9.0,2.0
64241564,4.0,18.0
53549541,17.0,42.0
69783950,7.0,90.0
45619605,19.0,18.0
68893601,12.0,63.0
36591705,20.0,60.0
69602223,2.0,
64668063,9.0,22.0
71140289,10.0,2.0
67558385,10.0,11.0
49780235,6.0,66.0
3554283,17.0,2.0
59668387,20.0,2.0
50905307,4.0,64.0
31672019,10.0,59.0
27129467,20.0,27.0
62548481,0.0,4.0
2114010,17.0,85.0
23374839,4.0,2.0
85263667,12.0,51.0
68272584,19.0,32.0
31660366,10.0,25.0
87926934,17.0,60.0
84402261,12.0,86.0
14287859,21.0,90.0
15348976,20.0,38.0
43739477,17.0,81.0
76056736,17.0,2.0
62756302,10.0,18.0
19676464,7.0,60.0
77746355,12.0,63.0
51865807,10.0,60.0
26346909,17.0,70.0
79842089,4.0,18.0
21186363,17.0,21.0
30651760,21.0,18.0
74438380,0.0,17.0
69819114,5.0,40.0
41025715,4.0,2.0
41227014,12.0,2.0
81643715,21.0,18.0
32098358,10.0,28.0
67550039,20.0,60.0
46734801,18.0,11.0
6246679,21.0,60.0
14340619,20.0,64.0
19652601,0.0,70.0
66695179,20.0,55.0
22436042,17.0,17.0
86352953,7.0,2.0
37983938,19.0,45.0
22522766,17.0,2.0
17198053,21.0,83.0
81295187,10.0,9.0
16684566,12.0,18.0
79129440,4.0,41.0
62690803,12.0,36.0
19700528,9.0,35.0
32467265,0.0,2.0
62213765,19.0,55.0
53262719,20.0,2.0
84953121,18.0,60.0
20428843,4.0,8.0
28519333,10.0,11.0
59127367,19.0,85.0
32564338,5.0,2.0
2467924,12.0,2.0
82736899,20.0,55.0
28253500,12.0,76.0
33372930,5.0,71.0
3574154,5.0,2.0
63459368,21.0,73.0
35963259,17.0,2.0
44661736,6.0,67.0
1345486,17.0,32.0
21182368,4.0,4.0
12461881,21.0,60.0
81430152,7.0,11.0
30751431,12.0,11.0
10666222,17.0,7.0
83824729,4.0,36.0
43884149,0.0,2.0
64343482,19.0,74.0
4163269,9.0,60.0
33284483,5.0,39.0
67873821,12.0,2.0
5205315,21.0,25.0
42747060,12.0,2.0
28741149,21.0,47.0
23590717,17.0,86.0
39961819,12.0,2.0
33979461,21.0,60.0
45287971,19.0,17.0
48420439,9.0,17.0
72398471,17.0,56.0
63897502,20.0,8.0
61713522,9.0,83.0
33522981,12.0,2.0
22873502,9.0,55.0
63466377,21.0,17.0
63943492,20.0,54.0
46433603,,
66648426,13.0,90.0
28636005,19.0,75.0
65764587,4.0,84.0
84301639,19.0,18.0
42088933,21.0,2.0
28321166,19.0,2.0
5306086,5.0,61.0
83724935,6.0,12.0
88041822,4.0,46.0
18814275,9.0,24.0
74953782,12.0,18.0
79374134,17.0,17.0
44674683,0.0,70.0
7492470,7.0,17.0
46986649,20.0,71.0
7987860,19.0,18.0
8739928,9.0,2.0
82103095,0.0,90.0
72140864,5.0,11.0
12169661,4.0,38.0
67022106,19.0,15.0
48536034,9.0,56.0
22207950,9.0,90.0
81119686,9.0,2.0
38197884,20.0,84.0
24116850,9.0,2.0
35156277,0.0,81.0
41779223,10.0,84.0
61194951,10.0,90.0
81508879,20.0,29.0
16605498,12.0,2.0
36944150,21.0,60.0
15387788,4.0,11.0
66910639,17.0,34.0
51902825,12.0,29.0
67158285,21.0,2.0
51758842,6.0,84.0
61327438,19.0,17.0
41053301,6.0,88.0
62871742,20.0,66.0
42589535,9.0,23.0
3210152,17.0,2.0
79740973,17.0,90.0
29093077,17.0,53.0
84229685,19.0,24.0
19032167,20.0,61.0
46322250,12.0,60.0
29843523,4.0,18.0
68520604,17.0,90.0
21716369,12.0,66.0
21257310,0.0,81.0
89232196,12.0,18.0
75162237,12.0,18.0
61090388,21.0,18.0
61858710,19.0,21.0
74815374,0.0,11.0
81070230,18.0,85.0
65988842,12.0,24.0
6508664,20.0,71.0
35701785,17.0,82.0
23143350,18.0,15.0
77570543,4.0,60.0
11855091,20.0,25.0
55884345,17.0,5.0
29348364,21.0,48.0
53659068,10.0,84.0
86686379,18.0,2.0
18936447,4.0,5.0
9464281,17.0,14.0
24670215,20.0,59.0
50291134,20.0,24.0
50875474,9.0,11.0
24089159,10.0,17.0
48028121,4.0,36.0
89551626,20.0,35.0
86707037,20.0,29.0
72354595,0.0,2.0
86593246,17.0,83.0
79660654,20.0,2.0
48975582,12.0,75.0
22752026,13.0,
53698211,9.0,2.0
67961515,19.0,18.0
86562637,10.0,21.0
3168883,21.0,90.0
61962863,12.0,64.0
69755507,17.0,55.0
54289731,20.0,61.0
16317892,17.0,67.0
70050559,20.0,2.0
43728209,13.0,11.0
19186569,20.0,4.0
31352943,17.0,18.0
13324429,19.0,13.0
32002353,20.0,11.0
18575327,21.0,60.0
29528880,20.0,2.0
13490877,5.0,61.0
67119668,17.0,18.0
70368592,17.0,17.0
55731628,0.0,84.0
43331930,17.0,83.0
27394520,20.0,90.0
34375645,18.0,29.0
5177797,17.0,2.0
83530581,12.0,37.0
58072705,9.0,
1412272,4.0,2.0
19286585,20.0,29.0
37680655,21.0,82.0
23913731,17.0,2.0
2562896,5.0,53.0
67975320,20.0,11.0
36350737,0.0,2.0
56987498,20.0,85.0
2242673,21.0,60.0
20055129,8.0,11.0
70636751,18.0,44.0
73173847,20.0,55.0
55361972,10.0,59.0
16316406,10.0,85.0
25810771,12.0,24.0
14181291,9.0,
4405054,4.0,3.0
69029905,19.0,2.0
66585450,4.0,18.0
16602799,10.0,82.0
40693924,9.0,2.0
14120964,18.0,12.0
84564866,21.0,2.0
41609722,12.0,22.0
28452034,12.0,49.0
75449581,4.0,2.0
50782373,17.0,84.0
86762110,4.0,84.0
57785956,21.0,59.0
9290595,20.0,17.0
26110136,13.0,37.0
14867575,7.0,72.0
39033518,12.0,2.0
50754353,19.0,59.0
64652534,17.0,82.0
69034463,12.0,7.0
84017181,4.0,47.0
24582476,17.0,50.0
45699799,20.0,13.0
42894545,7.0,2.0
32355587,1.0,2.0
18978128,19.0,90.0
87946362,21.0,82.0
37435210,4.0,2.0
15026491,10.0,59.0
65612709,20.0,35.0
80511577,20.0,28.0
81565268,20.0,60.0
1578089,21.0,90.0
26791604,20.0,2.0
76671441,12.0,25.0
36752618,12.0,15.0
63403806,12.0,35.0
8275783,4.0,53.0
51662248,21.0,2.0
17039607,20.0,25.0
2759903,20.0,2.0
81554917,17.0,2.0
5184683,21.0,60.0
17693835,20.0,2.0
12577793,0.0,59.0
9470038,13.0,
33399897,12.0,28.0
9184688,17.0,66.0
51091347,4.0,8.0
46831615,17.0,61.0
73105320,17.0,32.0
24371983,9.0,2.0
56194427,21.0,90.0
89481413,21.0,55.0
88885713,20.0,60.0
9925949,1.0,60.0
36620045,21.0,72.0
27896649,18.0,
49022884,20.0,60.0
56056595,13.0,76.0
44335684,4.0,82.0
30456692,20.0,2.0
13425366,10.0,2.0
62626415,17.0,2.0
86904505,21.0,60.0
9379580,17.0,29.0
78529463,17.0,17.0
84009891,9.0,18.0
48577567,12.0,24.0
27892408,10.0,16.0
71617206,12.0,60.0
33067794,5.0,4.0
86026430,21.0,2.0
77046208,21.0,84.0
56271548,4.0,81.0
18513904,19.0,37.0
61995838,10.0,82.0
78479790,10.0,17.0
86841749,19.0,2.0
49539578,9.0,24.0
54221699,10.0,61.0
75428198,19.0,60.0
4515292,17.0,2.0
71038390,12.0,2.0
19474259,20.0,
35995342,17.0,2.0
4112055,12.0,23.0
57636429,8.0,
67042800,20.0,90.0
88376211,12.0,2.0
8888661,21.0,11.0
63328192,20.0,2.0
4198358,19.0,72.0
50622004,9.0,72.0
23809110,21.0,60.0
63060873,9.0,60.0
9821400,9.0,60.0
86686944,17.0,90.0
7842067,19.0,28.0
7546367,19.0,15.0
59296999,10.0,3.0
66264444,19.0,60.0
55814626,19.0,10.0
17930841,4.0,41.0
59645811,20.0,59.0
28916728,19.0,40.0
56639878,12.0,59.0
58646506,20.0,21.0
5841609,19.0,90.0
66458272,17.0,55.0
30517192,17.0,29.0
82557068,17.0,17.0
75754816,12.0,11.0
34764208,21.0,34.0
16823429,20.0,74.0
6113540,9.0,29.0
84650332,21.0,60.0
24258663,17.0,53.0
73239590,17.0,3.0
87605207,20.0,11.0
59088355,0.0,48.0
42034381,1.0,28.0
40949280,12.0,61.0
68545714,12.0,60.0
17736296,21.0,13.0
54445723,20.0,59.0
83415153,20.0,59.0
29928094,17.0,15.0
3954310,19.0,17.0
16772125,10.0,65.0
51935983,17.0,54.0
77838044,12.0,71.0
88462293,12.0,24.0
83311119,9.0,50.0
33356372,12.0,90.0
7692001,17.0,61.0
84897338,21.0,56.0
71641779,10.0,49.0
18857241,12.0,59.0
6058378,20.0,60.0
49669385,9.0,84.0
88616280,10.0,37.0
36824105,19.0,90.0
75587796,20.0,83.0
8690043,9.0,2.0
16193488,16.0,29.0
73910422,18.0,41.0
85144882,16.0,90.0
78546582,10.0,53.0
22969893,7.0,8.0
24758920,20.0,90.0
70424911,20.0,60.0
19689843,4.0,2.0
68326585,17.0,
62206824,19.0,29.0
52634717,17.0,15.0
43685245,20.0,
5832777,19.0,2.0
34516876,20.0,2.0
18987038,21.0,61.0
18917838,6.0,60.0
42559753,19.0,56.0
8516411,9.0,48.0
58169745,9.0,18.0
35553089,10.0,43.0
71627437,4.0,82.0
63153052,20.0,81.0
15656825,0.0,60.0
14881990,10.0,
12106799,7.0,15.0
81428279,9.0,17.0
27807385,19.0,47.0
30183558,19.0,60.0
23776514,17.0,24.0
20588655,20.0,64.0
12314509,21.0,2.0
50901145,0.0,2.0
2586415,18.0,71.0
26354583,20.0,38.0
44738992,18.0,37.0
34394588,20.0,48.0
6333533,,
37504235,20.0,8.0
55287708,17.0,24.0
80554168,12.0,31.0
39848741,21.0,2.0
17469229,19.0,22.0
23483755,20.0,2.0
44375439,13.0,36.0
39907243,21.0,2.0
21657758,12.0,0.0
55057402,4.0,2.0
44118840,17.0,60.0
77093435,0.0,60.0
49323653,12.0,15.0
9513204,17.0,82.0
20875250,5.0,72.0
15110770,7.0,2.0
52049986,20.0,51.0
36484756,21.0,82.0
80109960,12.0,17.0
62818673,9.0,2.0
10174394,21.0,60.0
35711899,10.0,54.0
76680328,4.0,29.0
80348072,20.0,83.0
17836391,18.0,85.0
34762819,9.0,2.0
75828115,20.0,4.0
73538463,10.0,22.0
29107572,18.0,2.0
3289611,9.0,24.0
53185391,21.0,88.0
77940713,0.0,31.0
40932224,9.0,81.0
46400476,12.0,90.0
12677604,17.0,58.0
10618415,17.0,29.0
49481942,4.0,71.0
72772333,12.0,64.0
48289894,17.0,2.0
70145342,0.0,2.0
7983426,4.0,18.0
76437558,4.0,53.0
73700849,9.0,17.0
13743539,12.0,60.0
45482830,10.0,33.0
30912964,12.0,85.0
11411003,12.0,2.0
51010213,19.0,75.0
69285970,17.0,90.0
14464526,17.0,2.0
21609862,21.0,60.0
54048299,4.0,90.0
76097868,21.0,82.0
78936766,9.0,61.0
11628510,17.0,44.0
5722232,4.0,60.0
73748895,19.0,14.0
38156713,17.0,82.0
7654863,21.0,18.0
9146616,9.0,2.0
89691399,4.0,44.0
74072775,18.0,59.0
9646724,20.0,2.0
11979599,5.0,75.0
79811577,20.0,35.0
50326399,9.0,41.0
74274264,5.0,18.0
67447042,12.0,90.0
3413572,12.0,17.0
32817798,9.0,85.0
24128584,18.0,28.0
27559028,9.0,2.0
41952734,,2.0
15442223,9.0,9.0
61139029,21.0,37.0
54865038,12.0,59.0
84836417,9.0,29.0
7107391,17.0,60.0
1965957,20.0,37.0
69736249,19.0,24.0
67433408,17.0,84.0
9608824,20.0,73.0
45625686,0.0,59.0
10160883,17.0,37.0
36771836,17.0,70.0
64993502,18.0,26.0
89121240,10.0,
18328384,13.0,48.0
55199245,20.0,9.0
27244898,4.0,2.0
42904667,4.0,29.0
45682228,18.0,24.0
35990754,9.0,37.0
49761454,9.0,81.0
55838308,1.0,31.0
83417880,9.0,60.0
39108570,20.0,2.0
54759177,9.0,64.0
4453957,20.0,90.0
78908724,10.0,67.0
30169887,20.0,
30853945,21.0,41.0
53797743,12.0,2.0
27493638,17.0,11.0
27638260,21.0,24.0
63310494,21.0,17.0
45145692,19.0,47.0
63028710,12.0,2.0
25609570,4.0,2.0
24423095,5.0,49.0
7787284,20.0,90.0
47805071,12.0,49.0
62408635,10.0,82.0
30860941,19.0,85.0
58010213,9.0,60.0
35091300,0.0,53.0
40638769,7.0,28.0
79243752,12.0,2.0
34273646,12.0,45.0
10077066,19.0,79.0
27551213,10.0,21.0
48463286,21.0,90.0
8833343,12.0,66.0
61616667,12.0,60.0
82769639,21.0,67.0
39135102,20.0,
66978664,19.0,60.0
26161142,12.0,59.0
71999805,18.0,82.0
75755419,10.0,60.0
11651918,12.0,88.0
74938400,21.0,21.0
20831037,12.0,2.0
87042636,19.0,82.0
63644130,20.0,7.0
5480686,4.0,2.0
63158245,17.0,11.0
2282394,5.0,54.0
58829684,19.0,2.0
72221614,5.0,
73529573,12.0,2.0
77070336,18.0,
23392768,17.0,18.0
77302067,17.0,17.0
31779866,9.0,84.0
639342,21.0,73.0
34202723,10.0,45.0
85370247,10.0,2.0
29539480,17.0,73.0
29891391,0.0,90.0
17086689,18.0,66.0
16287830,18.0,2.0
33103361,20.0,90.0
37386526,4.0,15.0
12763521,17.0,11.0
82248500,21.0,54.0
78586217,6.0,29.0
23240013,20.0,37.0
56756715,10.0,83.0
50039283,17.0,25.0
73093101,5.0,2.0
38013018,9.0,0.0
21343682,17.0,60.0
80888650,20.0,73.0
61352631,12.0,2.0
74819591,17.0,4.0
28416993,6.0,18.0
87134919,17.0,86.0
42784659,12.0,87.0
43863052,17.0,23.0
3570022,7.0,83.0
9666296,21.0,36.0
12827517,12.0,90.0
7119563,9.0,18.0
57839261,18.0,61.0
53338005,12.0,43.0
2729615,0.0,59.0
39705325,0.0,11.0
71422116,9.0,90.0
59304244,18.0,29.0
29090554,6.0,18.0
42686231,13.0,2.0
1893957,20.0,2.0
27943871,12.0,42.0
38605174,10.0,3.0
69885665,20.0,82.0
16119259,20.0,59.0
33496517,0.0,2.0
69983671,12.0,71.0
35240961,10.0,60.0
29262008,19.0,15.0
12770872,20.0,37.0
35236062,10.0,37.0
31661990,19.0,59.0
16300663,10.0,60.0
31739766,5.0,82.0
29919843,4.0,85.0
80649697,19.0,82.0
82622220,12.0,50.0
69199182,21.0,14.0
5505487,17.0,53.0
87570780,19.0,66.0
66376141,19.0,24.0
71145023,21.0,60.0
80281399,2.0,
49357997,10.0,56.0
78267150,10.0,24.0
62400120,9.0,2.0
81832703,10.0,61.0
79839664,12.0,54.0
59773336,4.0,90.0
46630490,17.0,17.0
13745534,21.0,27.0
66722062,16.0,59.0
38719616,0.0,85.0
41787564,9.0,2.0
89264512,10.0,18.0
55360020,0.0,59.0
82369666,21.0,2.0
21380442,9.0,2.0
24186982,5.0,11.0
4770955,17.0,29.0
78981206,2.0,90.0
44733016,10.0,9.0
81074189,18.0,22.0
85526158,20.0,44.0
3646427,21.0,90.0
31056430,19.0,32.0
13513376,5.0,2.0
25433991,12.0,90.0
87478425,4.0,85.0
31167916,9.0,32.0
54384762,21.0,21.0
69907224,13.0,60.0
55862550,4.0,15.0
88861184,0.0,58.0
21335919,20.0,66.0
22911868,21.0,2.0
11912495,12.0,11.0
79197237,21.0,50.0
39792372,10.0,14.0
72158081,10.0,2.0
25686900,20.0,84.0
4152987,17.0,46.0
56463257,18.0,
21594155,10.0,82.0
17509227,17.0,58.0
78366883,4.0,90.0
73659069,10.0,24.0
19219758,9.0,2.0
87103606,20.0,37.0
46161538,0.0,60.0
4179214,20.0,60.0
84113949,19.0,11.0
4298986,4.0,2.0
22471376,17.0,54.0
12339463,17.0,60.0
38180820,20.0,50.0
6345474,7.0,66.0
86239065,21.0,90.0
66597826,20.0,60.0
46735599,5.0,15.0
20876811,0.0,60.0
65845687,20.0,84.0
73676306,21.0,64.0
47293358,7.0,84.0
51771586,5.0,81.0
8137701,4.0,58.0
10534197,19.0,82.0
79176325,17.0,27.0
37125391,21.0,38.0
754780,9.0,53.0
27131040,12.0,53.0
63402558,9.0,82.0
61678572,20.0,60.0
2015251,20.0,37.0
35785872,0.0,53.0
15352789,9.0,32.0
37986331,0.0,54.0
17201624,10.0,1.0
88576963,19.0,60.0
26261436,12.0,59.0
8427270,21.0,37.0
30910013,19.0,2.0
88697180,20.0,2.0
79542502,12.0,5.0
71633400,12.0,23.0
43795577,21.0,29.0
12135398,17.0,56.0
82362,12.0,17.0
1133507,9.0,60.0
64205954,4.0,2.0
18721479,17.0,19.0
33498479,5.0,60.0
72627351,17.0,59.0
77448296,12.0,2.0
62624994,19.0,59.0
44289282,17.0,60.0
52804728,9.0,55.0
77374615,17.0,18.0
22403680,20.0,6.0
50156761,1.0,2.0
80657811,9.0,2.0
56830048,5.0,24.0
63492740,17.0,2.0
20557799,21.0,90.0
82109625,17.0,2.0
39126833,17.0,71.0
43208864,21.0,17.0
23415353,7.0,84.0
19616721,5.0,29.0
66052479,20.0,46.0
2083260,2.0,90.0
82679739,19.0,25.0
84250267,21.0,29.0
43232334,12.0,62.0
64097111,19.0,31.0
14154540,20.0,75.0
74374979,9.0,73.0
55798674,10.0,1.0
46223765,12.0,88.0
74419168,9.0,66.0
56627280,17.0,29.0
11641933,20.0,24.0
1723084,21.0,2.0
35994148,5.0,59.0
34749215,20.0,36.0
72052145,17.0,24.0
33249075,20.0,60.0
11104095,20.0,90.0
72904707,10.0,2.0
20600095,20.0,17.0
16161594,12.0,18.0
56662602,12.0,85.0
89689006,21.0,59.0
54007018,0.0,61.0
24504887,12.0,10.0
38535975,18.0,17.0
25979487,17.0,53.0
5498360,19.0,72.0
47194916,0.0,55.0
48242455,5.0,24.0
84763478,19.0,21.0
66367144,5.0,73.0
49547604,21.0,2.0
50233167,12.0,61.0
429167,21.0,2.0
30575562,16.0,76.0
81189250,17.0,2.0
47113024,17.0,64.0
82387839,12.0,76.0
76624817,12.0,37.0
55032568,20.0,2.0
51097816,12.0,2.0
40727785,17.0,17.0
30842281,17.0,60.0
69192920,20.0,2.0
32865988,4.0,90.0
28575931,17.0,11.0
77374509,12.0,2.0
40962253,17.0,29.0
67253662,17.0,17.0
50937003,12.0,29.0
57091504,17.0,82.0
9651773,17.0,67.0
15348503,17.0,14.0
61047996,9.0,25.0
58643753,20.0,86.0
81049010,0.0,54.0
7308468,9.0,2.0
5941945,19.0,84.0
59984031,4.0,77.0
37531257,9.0,90.0
10595602,17.0,2.0
20569525,4.0,36.0
42387552,4.0,53.0
10719282,9.0,60.0
40041064,19.0,60.0
74090995,18.0,61.0
5018190,20.0,12.0
28862979,19.0,76.0
34338252,21.0,17.0
25115180,10.0,2.0
59662923,9.0,38.0
60430656,0.0,29.0
77216635,20.0,49.0
42855918,6.0,90.0
24878757,20.0,26.0
6146034,0.0,17.0
14503045,20.0,2.0
34658717,17.0,60.0
28159261,21.0,2.0
18363520,20.0,
30000723,10.0,2.0
5815138,20.0,56.0
36801977,5.0,66.0
55611213,20.0,53.0
10813297,0.0,19.0
16368049,0.0,61.0
2882303,21.0,62.0
31174530,20.0,2.0
676081,12.0,60.0
56421757,20.0,21.0
10670949,20.0,76.0
42824140,19.0,15.0
77309955,20.0,54.0
26503586,2.0,
67617570,0.0,17.0
34091718,4.0,60.0
52287290,10.0,63.0
80941256,21.0,17.0
43710725,19.0,2.0
60617516,17.0,63.0
22300894,0.0,82.0
66828934,21.0,2.0
27640826,10.0,90.0
31164994,12.0,2.0
20327970,9.0,28.0
76801589,4.0,18.0
19257368,12.0,2.0
8293898,21.0,15.0
9607839,20.0,11.0
16137907,4.0,84.0
221000,10.0,2.0
78362425,7.0,90.0
80063516,20.0,90.0
36754778,0.0,22.0
88397266,20.0,37.0
32418929,12.0,85.0
44136060,12.0,18.0
79422652,19.0,67.0
60714532,10.0,54.0
14062307,21.0,26.0
34109410,19.0,18.0
12219553,7.0,55.0
75930926,20.0,60.0
70287597,0.0,84.0
78693573,21.0,55.0
61071436,10.0,89.0
64352320,16.0,59.0
12841187,9.0,59.0
38087832,20.0,84.0
6234775,21.0,2.0
76562819,21.0,24.0
50646485,12.0,83.0
73943275,5.0,82.0
50130227,4.0,89.0
15191842,20.0,66.0
48823820,9.0,84.0
38046609,12.0,4.0
77568605,12.0,61.0
8541542,19.0,70.0
39929270,4.0,18.0
13561561,9.0,85.0
17482222,18.0,17.0
74414334,17.0,63.0
14205938,12.0,76.0
85472453,12.0,2.0
82055695,10.0,2.0
85994601,9.0,63.0
26285428,17.0,55.0
42099753,20.0,0.0
83878877,10.0,77.0
22536969,21.0,36.0
26452103,4.0,54.0
30895440,17.0,24.0
46868862,9.0,66.0
51398248,20.0,59.0
63941293,12.0,2.0
11822641,21.0,60.0
70381607,17.0,5.0
32489447,9.0,60.0
21070516,10.0,59.0
17048253,9.0,70.0
77125684,20.0,24.0
46216524,10.0,25.0
20786434,7.0,17.0
24347059,12.0,88.0
79089204,20.0,77.0
50391050,21.0,54.0
67864105,17.0,2.0
15048579,4.0,84.0
35042167,9.0,17.0
81969121,,
19381488,17.0,49.0
9432440,21.0,31.0
75618487,12.0,2.0
87919646,12.0,75.0
34369468,20.0,90.0
1691017,5.0,18.0
79258017,9.0,84.0
64245770,9.0,22.0
11876738,5.0,67.0
75492782,9.0,15.0
79628085,12.0,46.0
16471220,18.0,22.0
61133409,12.0,46.0
12630544,20.0,28.0
81775147,19.0,53.0
18757211,9.0,2.0
40624833,4.0,90.0
43622909,12.0,11.0
75553978,21.0,2.0
64163867,17.0,2.0
86124360,12.0,17.0
46891275,4.0,79.0
87749482,12.0,2.0
17401830,10.0,60.0
65226370,4.0,12.0
82356494,12.0,33.0
61511280,9.0,18.0
50097265,17.0,88.0
4156223,20.0,43.0
68596123,5.0,73.0
76513398,17.0,2.0
49230639,17.0,2.0
40770291,0.0,83.0
39893249,10.0,24.0
13877616,17.0,90.0
59527698,1.0,90.0
72752036,19.0,37.0
56615190,12.0,60.0
46401278,17.0,59.0
2425421,10.0,25.0
63651175,10.0,81.0
49210258,21.0,59.0
30569597,20.0,9.0
34479285,20.0,55.0
39380182,12.0,53.0
22569222,10.0,2.0
85840615,0.0,47.0
13410689,21.0,60.0
80818517,20.0,8.0
18970541,9.0,2.0
46553773,20.0,59.0
5554360,10.0,38.0
41433142,12.0,24.0
45250930,8.0,
75489882,7.0,88.0
72427247,17.0,11.0
63754792,20.0,41.0
71603974,8.0,
89386264,20.0,60.0
80162944,5.0,2.0
72846099,12.0,60.0
58731630,9.0,75.0
41682543,5.0,2.0
19517963,18.0,2.0
64855784,20.0,63.0
43835711,12.0,18.0
13842859,17.0,61.0
24714283,5.0,29.0
2214783,10.0,16.0
88175012,17.0,2.0
24524279,12.0,84.0
40578868,17.0,15.0
52494625,9.0,60.0
2059025,4.0,88.0
14245539,21.0,59.0
17595513,7.0,60.0
63302116,20.0,33.0
42140956,9.0,2.0
2816390,10.0,61.0
35305076,21.0,76.0
64176056,17.0,81.0
28997318,21.0,27.0
25381775,4.0,9.0
50338651,17.0,59.0
31279554,21.0,81.0
58665231,5.0,9.0
84330997,4.0,21.0
58076961,17.0,2.0
19753183,17.0,51.0
13991610,9.0,29.0
11710371,19.0,59.0
74611159,4.0,55.0
41811344,17.0,17.0
49191532,5.0,81.0
4628652,4.0,58.0
79753786,21.0,74.0
79590140,21.0,56.0
85217748,12.0,23.0
78683083,20.0,60.0
23773878,20.0,53.0
76741931,20.0,2.0
80358134,21.0,41.0
67129977,20.0,29.0
13891304,20.0,61.0
20953434,12.0,66.0
57363801,17.0,81.0
49743787,10.0,61.0
22756116,12.0,2.0
62281175,20.0,2.0
22191764,19.0,2.0
55009880,17.0,2.0
19463315,12.0,41.0
48441297,12.0,64.0
19082386,21.0,44.0
88886888,20.0,11.0
33515414,12.0,2.0
54703944,19.0,24.0
59769828,21.0,60.0
80765476,21.0,71.0
46879396,9.0,71.0
6593178,2.0,41.0
14173794,9.0,90.0
42791483,4.0,24.0
25771680,19.0,90.0
28782228,9.0,61.0
82938892,4.0,56.0
9752870,9.0,21.0
51935319,10.0,66.0
24800733,19.0,59.0
55204621,20.0,61.0
38050219,17.0,90.0
86246536,17.0,2.0
60871974,17.0,59.0
85006421,18.0,41.0
52166954,12.0,76.0
53212145,21.0,2.0
9096523,9.0,2.0
5680993,17.0,25.0
46972518,7.0,25.0
584526,0.0,24.0
60137883,19.0,63.0
73436464,21.0,37.0
60543453,17.0,59.0
88309677,9.0,75.0
67812156,12.0,90.0
6705262,7.0,2.0
47214239,12.0,64.0
53547120,9.0,2.0
50867197,10.0,63.0
26542863,17.0,29.0
60168514,21.0,29.0
74772316,10.0,25.0
77380966,12.0,2.0
24565896,9.0,60.0
60195652,4.0,82.0
7797107,17.0,67.0
74076842,10.0,25.0
54957977,4.0,60.0
53688866,19.0,74.0
51905151,0.0,2.0
32659091,4.0,18.0
13048480,20.0,85.0
12336624,9.0,15.0
44758407,10.0,63.0
83572115,7.0,29.0
81074655,12.0,37.0
17021596,20.0,37.0
48726664,7.0,85.0
3828772,4.0,90.0
4257328,4.0,21.0
24049097,20.0,18.0
59130735,20.0,90.0
9228069,18.0,61.0
24951871,17.0,2.0
31619837,4.0,2.0
13188725,13.0,
60666759,0.0,54.0
3110964,13.0,90.0
18074942,4.0,2.0
84522840,10.0,24.0
10379319,0.0,72.0
17654526,0.0,10.0
66217876,10.0,84.0
80833623,9.0,60.0
28612361,21.0,2.0
13416428,12.0,32.0
21177764,0.0,15.0
26232650,17.0,13.0
74261583,20.0,35.0
34768506,9.0,18.0
7412601,0.0,66.0
41189260,7.0,2.0
79157456,12.0,53.0
69850719,21.0,2.0
23133326,17.0,2.0
34078567,19.0,73.0
65583063,12.0,63.0
18961464,18.0,82.0
29630968,4.0,2.0
85930501,21.0,48.0
20334572,17.0,0.0
17249417,17.0,32.0
41717426,19.0,82.0
8915849,0.0,25.0
77797100,19.0,18.0
13508272,20.0,2.0
41858576,9.0,12.0
54441945,12.0,53.0
55634866,21.0,11.0
78734039,2.0,60.0
46436047,10.0,76.0
28869584,0.0,11.0
33027004,20.0,66.0
33634799,21.0,44.0
15949406,7.0,18.0
63563938,12.0,2.0
32846962,5.0,24.0
76848805,18.0,90.0
15979576,4.0,38.0
42990003,20.0,18.0
71909137,12.0,55.0
50942443,10.0,32.0
37678991,17.0,2.0
3262485,10.0,72.0
40372400,10.0,84.0
16275090,21.0,2.0
25804645,17.0,59.0
34795159,20.0,87.0
40521259,9.0,73.0
45947951,20.0,11.0
44358397,19.0,15.0
5567124,12.0,63.0
22405177,10.0,2.0
61069409,5.0,35.0
44072564,12.0,11.0
23886238,10.0,60.0
53140819,20.0,29.0
59072770,5.0,29.0
31173089,17.0,2.0
51297542,9.0,2.0
46870366,17.0,15.0
33176319,21.0,2.0
49866907,17.0,29.0
14634435,17.0,2.0
47502205,10.0,81.0
2858791,17.0,48.0
42167435,12.0,24.0
65055024,20.0,90.0
40916279,18.0,29.0
66846273,9.0,37.0
29912721,9.0,59.0
40460338,17.0,53.0
14394166,17.0,86.0
81502591,12.0,15.0
30222461,17.0,76.0
33766444,18.0,22.0
10575149,20.0,82.0
44875451,12.0,60.0
9761457,17.0,55.0
52637524,4.0,85.0
16895047,21.0,24.0
43634582,9.0,2.0
57407222,10.0,11.0
36238178,0.0,71.0
55358944,12.0,2.0
13050384,17.0,76.0
23236735,10.0,90.0
31628412,7.0,51.0
64020403,20.0,59.0
25299966,21.0,11.0
79419701,12.0,29.0
40450209,17.0,43.0
13133003,21.0,61.0
33082485,12.0,37.0
44239478,19.0,60.0
33410503,20.0,67.0
29470527,10.0,61.0
86900926,17.0,90.0
9916700,12.0,82.0
28267998,9.0,33.0
62224465,12.0,61.0
70083272,21.0,52.0
75993750,9.0,84.0
89678286,19.0,49.0
10812130,5.0,2.0
32763969,9.0,2.0
51778307,4.0,82.0
13115126,20.0,14.0
64156991,10.0,81.0
33810190,7.0,2.0
72524718,20.0,24.0
1796282,21.0,18.0
15674262,20.0,24.0
11207156,0.0,57.0
38205188,17.0,46.0
69983221,7.0,50.0
74905464,9.0,63.0
40012829,19.0,71.0
37069911,17.0,82.0
75023222,4.0,60.0
46914365,1.0,2.0
59921109,9.0,76.0
84851355,17.0,84.0
59814034,9.0,2.0
14702733,10.0,25.0
9152902,19.0,7.0
37284382,17.0,28.0
57479300,12.0,2.0
46287292,19.0,60.0
53975833,17.0,48.0
61352166,17.0,71.0
18005486,17.0,18.0
48988455,21.0,63.0
12077480,20.0,90.0
33043006,4.0,18.0
27506871,9.0,86.0
32678448,4.0,17.0
88132167,10.0,18.0
59811146,12.0,11.0
18315099,10.0,2.0
61749093,4.0,29.0
10198800,0.0,70.0
8481276,12.0,85.0
89296120,20.0,11.0
65051571,7.0,89.0
89413328,20.0,52.0
84101975,17.0,51.0
17845832,19.0,82.0
85937897,19.0,55.0
36194106,4.0,38.0
54872885,12.0,58.0
68604459,21.0,56.0
44916708,20.0,24.0
7316595,12.0,24.0
15222410,7.0,18.0
14761922,12.0,2.0
16562667,10.0,82.0
49137400,17.0,17.0
58170649,17.0,83.0
46147897,5.0,15.0
53442022,4.0,29.0
68948357,19.0,24.0
28233751,9.0,56.0
56823176,0.0,15.0
25530194,9.0,90.0
28550543,18.0,18.0
56764553,7.0,60.0
71172418,21.0,21.0
23538990,10.0,52.0
49149030,9.0,60.0
51783062,9.0,24.0
24956412,17.0,6.0
27402541,6.0,
9956500,4.0,18.0
8429727,12.0,2.0
74733237,21.0,42.0
38614305,18.0,82.0
85983646,21.0,55.0
1664732,12.0,36.0
6045306,17.0,84.0
47731049,10.0,70.0
24915943,17.0,59.0
43325658,20.0,85.0
41859420,19.0,86.0
8531927,12.0,2.0
5164,9.0,60.0
75426301,10.0,24.0
89776639,17.0,90.0
69329189,21.0,61.0
44744035,12.0,52.0
40217726,12.0,63.0
89729029,17.0,23.0
52798959,17.0,29.0
61870378,21.0,59.0
29630754,4.0,60.0
50438885,10.0,2.0
27320544,21.0,90.0
11651321,4.0,70.0
2125093,5.0,90.0
27419028,19.0,13.0
5015915,19.0,54.0
61429913,9.0,61.0
82662443,17.0,18.0
69836033,17.0,85.0
6084531,12.0,75.0
16503806,21.0,82.0
60826530,12.0,36.0
45162026,5.0,64.0
64826457,17.0,54.0
71856253,17.0,84.0
59017615,20.0,63.0
53504812,4.0,24.0
16206508,10.0,90.0
10306950,7.0,59.0
1099481,20.0,37.0
69680024,17.0,71.0
23199206,21.0,44.0
51130999,20.0,17.0
2796629,20.0,29.0
34519085,17.0,67.0
10822848,12.0,90.0
62514394,12.0,2.0
81620934,21.0,39.0
3918960,0.0,56.0
88771767,4.0,2.0
84513707,12.0,25.0
7846155,5.0,76.0
34220318,9.0,90.0
50473181,20.0,83.0
44651418,1.0,59.0
67307945,12.0,84.0
54916873,17.0,84.0
85210051,0.0,29.0
13739772,18.0,25.0
8017915,20.0,55.0
14431080,5.0,2.0
10597151,9.0,82.0
8580341,12.0,2.0
34259723,0.0,60.0
35189307,17.0,85.0
18807888,4.0,60.0
56134207,9.0,2.0
49986583,6.0,60.0
87250284,9.0,2.0
88025700,7.0,85.0
12732145,20.0,59.0
46918853,12.0,2.0
40586121,9.0,2.0
3401733,4.0,2.0
59156233,17.0,70.0
6182615,21.0,24.0
33375817,0.0,75.0
31058600,20.0,9.0
66186584,20.0,60.0
28769891,19.0,71.0
77622772,17.0,54.0
22205248,20.0,59.0
76863970,12.0,90.0
68809078,20.0,28.0
30633775,9.0,9.0
49006472,4.0,18.0
64354097,21.0,60.0
5534477,17.0,90.0
44658743,21.0,24.0
66602530,21.0,23.0
45455522,12.0,2.0
28217037,9.0,64.0
69392797,17.0,66.0
12637176,17.0,88.0
52595948,12.0,2.0
41278860,18.0,67.0
10986695,6.0,3.0
80067513,0.0,24.0
34549503,17.0,59.0
76950806,21.0,2.0
59307251,4.0,84.0
39986737,0.0,73.0
78751610,19.0,47.0
29713089,7.0,38.0
12740095,18.0,37.0
42089684,21.0,73.0
30334816,1.0,90.0
59192754,7.0,60.0
54531408,20.0,2.0
5836120,21.0,23.0
51399942,12.0,11.0
71223540,18.0,6.0
74022364,19.0,60.0
23712912,9.0,2.0
33033621,5.0,41.0
9489136,17.0,63.0
868901,5.0,85.0
69921512,19.0,73.0
30006789,9.0,84.0
35816333,9.0,18.0
72865171,0.0,66.0
27011027,6.0,24.0
27013826,21.0,76.0
13823561,21.0,17.0
5881098,19.0,76.0
78226087,7.0,29.0
41106423,0.0,50.0
3398010,9.0,60.0
35467847,9.0,84.0
35117655,21.0,53.0
31784877,17.0,84.0
42454468,10.0,31.0
82987773,17.0,23.0
68377334,7.0,85.0
45310857,12.0,37.0
39509727,12.0,2.0
41007175,13.0,13.0
66298457,4.0,18.0
55382242,12.0,37.0
72723749,4.0,29.0
55013938,4.0,28.0
36250885,17.0,76.0
60211736,21.0,60.0
68777634,19.0,28.0
40730359,21.0,12.0
88042477,0.0,11.0
88937379,5.0,29.0
39448696,20.0,44.0
34111078,12.0,64.0
71493455,21.0,64.0
73220613,17.0,59.0
72553209,19.0,29.0
76690759,20.0,2.0
14775934,9.0,75.0
74733229,9.0,25.0
66450581,17.0,82.0
34032955,17.0,1.0
84020869,12.0,15.0
53024276,10.0,18.0
87146377,19.0,24.0
22560536,5.0,53.0
70490609,21.0,63.0
31134163,7.0,7.0
56669726,20.0,37.0
38400367,18.0,71.0
68418088,17.0,17.0
55303659,12.0,50.0
19983190,9.0,18.0
39179492,0.0,79.0
84140384,19.0,16.0
2417078,20.0,24.0
43983850,19.0,77.0
55034047,6.0,60.0
88257665,17.0,2.0
1528431,17.0,87.0
28958447,17.0,60.0
6153184,1.0,2.0
38763672,9.0,66.0
73322450,4.0,60.0
13884603,4.0,85.0
63912115,9.0,18.0
67097829,4.0,43.0
13700699,4.0,46.0
23900420,19.0,90.0
64913578,5.0,84.0
77595492,21.0,18.0
32005160,10.0,44.0
6760939,4.0,37.0
18309410,17.0,64.0
13383857,17.0,2.0
78086251,20.0,60.0
14432405,4.0,29.0
80911411,7.0,60.0
85968761,9.0,18.0
36563498,0.0,31.0
43819892,12.0,2.0
57965535,4.0,51.0
13331994,21.0,60.0
85990473,9.0,60.0
3633897,17.0,64.0
51017224,12.0,2.0
12151715,19.0,2.0
27314315,6.0,11.0
18762441,12.0,81.0
52728067,9.0,25.0
7712469,17.0,43.0
16367109,17.0,83.0
50685784,20.0,25.0
81122815,12.0,41.0
66056774,20.0,71.0
77399420,10.0,33.0
2098610,12.0,2.0
52108172,12.0,9.0
17175036,5.0,21.0
11997939,20.0,90.0
24454094,17.0,53.0
53897730,20.0,63.0
67783555,20.0,9.0
6915607,17.0,59.0
58845135,9.0,13.0
3959955,9.0,2.0
47239435,7.0,36.0
52772990,20.0,33.0
6902626,12.0,2.0
78009274,20.0,2.0
7392048,6.0,11.0
61243136,0.0,55.0
32492256,17.0,58.0
54879417,19.0,42.0
26717546,10.0,2.0
38375128,17.0,55.0
33843247,18.0,62.0
29909812,19.0,59.0
37818839,17.0,60.0
93266,4.0,2.0
40966105,19.0,16.0
82848978,9.0,61.0
14911748,4.0,64.0
55196714,0.0,84.0
50668196,17.0,42.0
42116277,17.0,55.0
88853856,5.0,62.0
87909516,9.0,2.0
58826292,4.0,24.0
48267177,21.0,58.0
47418020,21.0,29.0
16078683,20.0,59.0
88918848,5.0,82.0
77781785,4.0,10.0
74258153,17.0,71.0
66362969,7.0,53.0
55432129,9.0,24.0
17753022,10.0,16.0
55385714,10.0,24.0
28950931,0.0,60.0
83124857,20.0,1.0
46419560,9.0,25.0
5512822,7.0,29.0
10429867,10.0,55.0
22926210,17.0,2.0
53098044,9.0,38.0
17965712,0.0,
72358452,17.0,90.0
46032403,12.0,67.0
57323737,20.0,90.0
77014862,19.0,1.0
5503377,4.0,2.0
85420589,21.0,60.0
32897863,5.0,2.0
83430682,10.0,15.0
3540846,17.0,36.0
61299325,19.0,60.0
68293608,9.0,2.0
62412019,20.0,2.0
38196179,4.0,90.0
88634528,12.0,2.0
8172486,12.0,90.0
40813528,20.0,2.0
80631892,20.0,61.0
44306643,4.0,17.0
17667192,19.0,64.0
22040504,19.0,55.0
60743016,10.0,90.0
228831,9.0,60.0
32943322,5.0,84.0
79139452,5.0,18.0
72893967,7.0,36.0
37906053,10.0,17.0
25262028,17.0,64.0
49745427,4.0,59.0
49335677,21.0,2.0
65418991,19.0,2.0
14854332,13.0,11.0
20987989,12.0,63.0
55976994,19.0,18.0
41710492,4.0,67.0
44232949,0.0,59.0
54425458,21.0,63.0
42269209,12.0,71.0
49133951,9.0,15.0
57849582,12.0,85.0
83404651,20.0,29.0
65279157,17.0,2.0
29666386,20.0,28.0
69697559,17.0,10.0
8915916,17.0,59.0
11589168,0.0,49.0
58524961,20.0,24.0
3593429,18.0,19.0
44837128,2.0,60.0
46674162,19.0,61.0
1897801,5.0,1.0
65527463,19.0,66.0
73280708,12.0,48.0
21296846,9.0,2.0
41366689,20.0,37.0
80453425,21.0,90.0
27411034,9.0,12.0
66282147,18.0,9.0
59517413,4.0,83.0
83508526,19.0,2.0
15717107,17.0,18.0
26540162,0.0,59.0
78519387,21.0,56.0
83164460,12.0,88.0
16207569,17.0,84.0
33534799,18.0,41.0
61278709,20.0,50.0
81801525,20.0,17.0
62593710,20.0,81.0
81149717,21.0,18.0
768984,0.0,60.0
42319334,17.0,29.0
23706789,9.0,60.0
75471973,8.0,29.0
14568359,10.0,60.0
77063282,12.0,41.0
72723069,0.0,12.0
86774658,19.0,2.0
40682462,21.0,29.0
11018907,21.0,2.0
14329707,19.0,29.0
40212825,17.0,54.0
71732174,10.0,17.0
83650416,21.0,60.0
42368633,17.0,37.0
54848206,18.0,24.0
67065652,12.0,87.0
20035913,20.0,62.0
73516779,9.0,75.0
62165214,10.0,66.0
14196759,20.0,17.0
53829665,19.0,90.0
74898697,7.0,46.0
76267640,10.0,43.0
36264822,10.0,2.0
36381582,7.0,60.0
62715169,7.0,5.0
87410699,21.0,29.0
2012890,19.0,81.0
83417357,12.0,2.0
30755369,20.0,82.0
86613499,12.0,57.0
48231966,7.0,25.0
75628791,21.0,29.0
24878823,18.0,55.0
18595011,20.0,90.0
58947788,17.0,2.0
22747326,17.0,29.0
68191307,19.0,49.0
42751347,12.0,2.0
16741246,9.0,60.0
15295560,21.0,15.0
60509562,20.0,12.0
46189454,17.0,18.0
68620175,12.0,2.0
57998216,10.0,75.0
45507131,9.0,17.0
57450996,17.0,47.0
4043856,17.0,85.0
62701363,12.0,64.0
9735130,19.0,63.0
56769549,10.0,85.0
89187114,10.0,6.0
53829314,10.0,29.0
74399883,4.0,36.0
5646436,10.0,82.0
740485,7.0,90.0
3602266,19.0,23.0
70505282,4.0,2.0
3378226,0.0,25.0
15040191,10.0,70.0
56307818,17.0,27.0
26193317,5.0,2.0
71893720,10.0,63.0
38169776,12.0,23.0
47467389,9.0,2.0
60770109,12.0,61.0
63119586,0.0,9.0
4214843,9.0,2.0
21810550,7.0,18.0
67931586,12.0,46.0
80723962,21.0,22.0
58286443,12.0,2.0
646333,4.0,15.0
50668326,6.0,2.0
74785772,12.0,11.0
67684150,0.0,19.0
88923074,7.0,63.0
43274679,12.0,18.0
73993643,20.0,29.0
72852278,17.0,11.0
67401320,17.0,8.0
8958040,5.0,36.0
74893317,9.0,59.0
87306287,7.0,51.0
36549703,0.0,2.0
33219492,4.0,41.0
23021478,12.0,60.0
79074289,0.0,79.0
79774530,21.0,9.0
43775182,7.0,9.0
11663901,7.0,62.0
83275909,10.0,
59376714,5.0,67.0
26561421,18.0,37.0
78447112,21.0,1.0
58789496,12.0,21.0
55973432,19.0,29.0
17599563,7.0,18.0
14976948,0.0,49.0
19092078,17.0,2.0
54165330,9.0,2.0
20173155,9.0,90.0
47276392,12.0,81.0
20769907,20.0,24.0
73814776,4.0,29.0
38413580,5.0,24.0
37185852,4.0,2.0
9014541,17.0,63.0
38724207,17.0,2.0
11496285,9.0,90.0
39399200,20.0,22.0
17246322,9.0,59.0
55634358,19.0,16.0
10445751,4.0,48.0
26048315,18.0,81.0
49201619,,
79794699,17.0,33.0
35262971,18.0,67.0
75558276,10.0,2.0
27201516,20.0,53.0
55425834,17.0,60.0
77961857,19.0,2.0
1019944,21.0,16.0
20649164,17.0,4.0
57329341,5.0,55.0
79118884,9.0,79.0
5588275,19.0,89.0
87036526,9.0,2.0
37042339,17.0,61.0
41005862,21.0,53.0
48041934,0.0,59.0
79931549,20.0,12.0
86097158,17.0,4.0
63413520,5.0,84.0
71846641,19.0,9.0
40362274,12.0,59.0
65378691,10.0,
26786293,20.0,90.0
69751784,20.0,66.0
30035138,17.0,88.0
79917271,10.0,60.0
10576517,4.0,7.0
2848930,10.0,2.0
78249773,21.0,59.0
5030453,20.0,73.0
20424022,17.0,17.0
12266876,10.0,56.0
31535771,4.0,84.0
78270510,21.0,50.0
38666027,12.0,60.0
39198827,7.0,24.0
216220,0.0,18.0
55765,5.0,2.0
34195687,12.0,60.0
1742238,21.0,75.0
61145032,12.0,17.0
76393480,20.0,48.0
89008820,12.0,60.0
69343815,17.0,71.0
43760605,17.0,63.0
55969154,9.0,90.0
16142889,12.0,64.0
63403440,9.0,31.0
4969261,7.0,37.0
23473910,0.0,24.0
1811826,20.0,24.0
9779973,12.0,71.0
71862209,20.0,21.0
58871890,9.0,85.0
47435579,10.0,67.0
68020342,12.0,29.0
73729872,0.0,64.0
43693427,10.0,90.0
66482555,9.0,84.0
49051235,0.0,67.0
52841531,9.0,17.0
79959548,20.0,9.0
81294208,0.0,2.0
24664244,10.0,17.0
63027742,0.0,85.0
5801312,7.0,59.0
58670810,17.0,84.0
44402125,0.0,53.0
70415638,9.0,82.0
56924683,21.0,50.0
39842746,17.0,67.0
64397351,18.0,31.0
69316834,21.0,15.0
32845916,0.0,2.0
26718521,9.0,60.0
28107618,10.0,59.0
48554425,18.0,75.0
2256447,0.0,90.0
56972376,9.0,11.0
3671027,4.0,17.0
30612637,17.0,2.0
744173,4.0,38.0
35874358,4.0,44.0
26127231,9.0,
85662713,18.0,82.0
54124824,21.0,2.0
84926129,4.0,2.0
63627679,5.0,11.0
19500832,12.0,59.0
84750343,17.0,60.0
77262364,20.0,2.0
84771588,18.0,84.0
79911347,9.0,16.0
28982110,18.0,29.0
18384304,0.0,2.0
22967596,20.0,2.0
55968225,4.0,52.0
40142274,20.0,60.0
61529384,0.0,25.0
88414585,20.0,17.0
26565808,12.0,2.0
5215863,12.0,53.0
89122242,7.0,37.0
76265757,21.0,60.0
17691812,21.0,74.0
3362122,20.0,82.0
36458257,19.0,87.0
51967925,17.0,60.0
22546911,17.0,60.0
10434122,20.0,2.0
64996842,12.0,22.0
71095375,9.0,82.0
51031901,7.0,2.0
5389763,10.0,64.0
7054490,4.0,2.0
46574433,19.0,18.0
37169266,21.0,29.0
60052395,9.0,28.0
55927025,9.0,85.0
70966331,17.0,25.0
69815960,12.0,17.0
66819848,21.0,15.0
87509086,17.0,45.0
17000227,19.0,70.0
53019136,17.0,11.0
29311100,10.0,2.0
37301206,21.0,71.0
46081918,21.0,90.0
2709522,19.0,55.0
7528099,20.0,88.0
26037485,20.0,87.0
13494984,17.0,67.0
1293485,20.0,6.0
47752369,4.0,18.0
45248114,12.0,2.0
67260546,21.0,15.0
78773483,21.0,24.0
28808024,21.0,2.0
57971543,21.0,2.0
80896768,20.0,53.0
2473445,20.0,87.0
39517709,,
49609180,17.0,18.0
28206370,17.0,2.0
42104240,21.0,38.0
37419450,5.0,11.0
79098269,12.0,84.0
84552147,10.0,16.0
74987742,12.0,48.0
11817694,20.0,9.0
62829622,19.0,53.0
64644779,17.0,41.0
85594061,21.0,2.0
9954232,19.0,82.0
23288346,10.0,29.0
24737676,10.0,7.0
18546347,9.0,60.0
42823587,12.0,17.0
81267084,12.0,29.0
51571727,0.0,24.0
56454041,7.0,2.0
62900408,12.0,61.0
56453001,9.0,60.0
52629088,10.0,61.0
2040690,0.0,67.0
21728171,17.0,50.0
51035719,17.0,60.0
82100150,19.0,22.0
26609212,4.0,18.0
67699310,21.0,60.0
29426270,20.0,13.0
30267141,21.0,72.0
25709490,17.0,26.0
33889944,0.0,90.0
54611248,10.0,2.0
8265582,21.0,2.0
84777739,10.0,43.0
34450016,9.0,
79328300,21.0,18.0
55673833,0.0,61.0
11212104,20.0,46.0
55431753,17.0,18.0
84719116,5.0,41.0
6050727,9.0,84.0
502370,21.0,23.0
54435897,20.0,60.0
41025095,6.0,29.0
63413619,10.0,6.0
17679205,13.0,
37087817,5.0,90.0
67011501,9.0,2.0
35333623,9.0,2.0
72899063,4.0,11.0
13863897,19.0,66.0
4432148,17.0,85.0
33868081,4.0,25.0
61691873,6.0,82.0
82845789,20.0,60.0
15639851,9.0,18.0
42271524,4.0,24.0
76910871,0.0,15.0
54878116,10.0,84.0
9056532,20.0,29.0
23437829,9.0,24.0
53238209,17.0,60.0
32542377,21.0,2.0
27041206,20.0,29.0
43553234,19.0,25.0
65837212,9.0,56.0
38813727,10.0,60.0
66414570,17.0,61.0
18561641,20.0,32.0
8863364,17.0,28.0
50487859,20.0,1.0
82681667,0.0,84.0
31772398,17.0,18.0
77696516,9.0,42.0
3619480,5.0,82.0
62630969,10.0,61.0
106780,4.0,11.0
1780290,5.0,
20902161,19.0,55.0
22647349,0.0,49.0
20353745,20.0,
57182047,10.0,84.0
160830,0.0,24.0
22737530,17.0,90.0
77463472,9.0,2.0
2357471,5.0,73.0
30628172,20.0,18.0
11914497,4.0,
58837532,19.0,83.0
49049863,9.0,31.0
85961606,5.0,27.0
31286634,17.0,47.0
65493018,10.0,60.0
48816582,17.0,61.0
88003959,12.0,60.0
49820772,17.0,53.0
88033864,21.0,82.0
65840098,7.0,32.0
73509827,0.0,90.0
78953398,21.0,85.0
6077508,19.0,23.0
20434280,21.0,36.0
17705980,21.0,22.0
14125727,20.0,55.0
59029548,21.0,3.0
74234076,5.0,52.0
15870652,17.0,60.0
62679735,1.0,18.0
39170466,9.0,54.0
26802414,9.0,24.0
57423915,17.0,90.0
73902565,0.0,2.0
41835026,17.0,2.0
27833907,10.0,60.0
55697062,17.0,24.0
56380506,20.0,41.0
62735280,4.0,24.0
77154758,10.0,11.0
12112105,9.0,2.0
60060429,9.0,21.0
79427848,10.0,84.0
64123309,19.0,2.0
41192635,19.0,88.0
28905318,4.0,22.0
5170261,4.0,55.0
51544320,18.0,50.0
82799570,12.0,2.0
19523563,17.0,23.0
16051921,17.0,59.0
18897387,19.0,9.0
64916295,19.0,90.0
25454955,21.0,67.0
31158122,7.0,63.0
86942980,20.0,24.0
30379882,9.0,90.0
25689955,21.0,56.0
35610845,12.0,12.0
45345305,19.0,18.0
28329512,9.0,55.0
18411106,19.0,2.0
7114772,17.0,75.0
76004186,4.0,17.0
48226995,20.0,70.0
73641940,0.0,79.0
47020431,9.0,7.0
16979900,9.0,60.0
68423210,1.0,90.0
72642279,20.0,59.0
774380,20.0,60.0
61274190,9.0,59.0
5739620,20.0,86.0
65847988,21.0,76.0
82412964,2.0,17.0
47365875,19.0,37.0
40714719,20.0,15.0
61571888,9.0,2.0
85088892,12.0,28.0
12422206,0.0,44.0
41076048,5.0,59.0
68602093,21.0,21.0
51839008,12.0,2.0
582705,5.0,2.0
28859323,21.0,60.0
54882921,9.0,35.0
36301538,17.0,2.0
48522473,17.0,85.0
36777370,19.0,2.0
69379982,9.0,22.0
54453943,9.0,60.0
66032302,20.0,17.0
87551336,17.0,90.0
72253447,21.0,62.0
27244308,2.0,8.0
4989445,12.0,75.0
44810765,20.0,29.0
2599735,0.0,15.0
74406491,12.0,60.0
58877284,10.0,24.0
56411440,4.0,61.0
55202295,12.0,2.0
25140468,12.0,51.0
22204472,20.0,11.0
22270358,13.0,
19222580,12.0,81.0
22666374,17.0,71.0
76006741,17.0,90.0
22401386,9.0,15.0
3760280,9.0,2.0
22419655,5.0,61.0
59821442,0.0,53.0
63858343,10.0,86.0
81669378,4.0,17.0
12688184,21.0,34.0
60540571,5.0,2.0
60085107,12.0,2.0
27845922,17.0,29.0
45575459,10.0,
46616872,21.0,29.0
29700915,9.0,38.0
2103174,12.0,36.0
61791950,17.0,2.0
16927326,19.0,18.0
40881990,12.0,28.0
54619804,5.0,
59703392,17.0,90.0
4100555,17.0,84.0
73677466,10.0,53.0
71307072,20.0,60.0
75302946,19.0,67.0
51146559,12.0,2.0
31963257,10.0,2.0
35233553,17.0,2.0
63184486,20.0,60.0
68047249,10.0,71.0
7523827,17.0,2.0
49168148,12.0,37.0
66078364,19.0,2.0
10666070,17.0,60.0
86814565,21.0,11.0
15338498,5.0,11.0
53971132,20.0,23.0
52024807,0.0,2.0
32393357,9.0,82.0
39875695,21.0,64.0
67527117,17.0,38.0
6499010,4.0,36.0
53618420,10.0,10.0
38332271,12.0,66.0
24425892,7.0,24.0
28339961,19.0,4.0
47884344,20.0,82.0
27602795,0.0,90.0
58849702,12.0,42.0
32598035,17.0,47.0
3495554,12.0,90.0
88451698,,
3216096,4.0,50.0
16265144,12.0,2.0
67413153,20.0,12.0
48953480,9.0,25.0
9899126,9.0,59.0
14481910,21.0,29.0
47514807,4.0,82.0
76753124,19.0,13.0
28354913,4.0,67.0
14927022,17.0,15.0
30713622,12.0,2.0
44753956,9.0,60.0
70762356,17.0,46.0
35074662,19.0,4.0
53255511,5.0,15.0
33332986,9.0,81.0
36384994,20.0,2.0
81067380,20.0,84.0
27406483,20.0,90.0
66097069,17.0,22.0
7777425,18.0,81.0
27130364,17.0,28.0
29713369,20.0,37.0
19497931,19.0,41.0
67781355,12.0,2.0
42096738,7.0,17.0
5377271,18.0,47.0
19581829,8.0,
79013256,21.0,17.0
73167113,20.0,42.0
78247528,12.0,59.0
49709902,17.0,54.0
25912510,21.0,82.0
10363691,4.0,85.0
60063346,5.0,19.0
24458224,20.0,61.0
6389661,20.0,67.0
86158082,7.0,48.0
36340498,20.0,22.0
66391796,18.0,60.0
50449496,9.0,2.0
58540926,13.0,21.0
47568186,4.0,19.0
43352663,20.0,72.0
73692221,19.0,36.0
87765773,0.0,5.0
61408210,4.0,8.0
32939291,9.0,59.0
75025110,13.0,24.0
70051405,0.0,17.0
55968720,9.0,59.0
46848627,12.0,2.0
7537642,21.0,2.0
76796308,4.0,43.0
8392130,7.0,90.0
54316892,0.0,60.0
11401762,17.0,82.0
81796474,20.0,2.0
85048192,7.0,29.0
72541692,4.0,87.0
15486611,,84.0
40988967,20.0,9.0
21438271,19.0,11.0
70275167,10.0,63.0
19685125,9.0,28.0
37357774,21.0,53.0
59109299,21.0,60.0
33428193,12.0,76.0
57005794,10.0,6.0
387116,20.0,60.0
61960568,9.0,60.0
17595170,20.0,2.0
49430072,12.0,60.0
41896574,12.0,7.0
58187811,17.0,2.0
1208676,9.0,9.0
64605125,19.0,84.0
53476892,19.0,2.0
37262519,10.0,24.0
17234184,19.0,86.0
84399979,12.0,44.0
7649981,4.0,2.0
44963157,4.0,11.0
25791271,20.0,2.0
14924159,17.0,60.0
45613867,21.0,81.0
52903124,5.0,57.0
3839778,18.0,23.0
55116867,9.0,67.0
28074408,10.0,81.0
79592385,10.0,4.0
46372695,12.0,2.0
46023985,4.0,41.0
57110916,7.0,64.0
69318734,7.0,60.0
73501653,17.0,18.0
9661617,21.0,18.0
82041794,0.0,24.0
60233624,4.0,23.0
86818546,5.0,50.0
73051602,19.0,63.0
39531337,4.0,29.0
79633108,20.0,36.0
5105602,12.0,38.0
5875644,20.0,61.0
68003674,13.0,60.0
36121901,0.0,81.0
57988771,9.0,18.0
74343533,12.0,35.0
66354982,7.0,2.0
22554484,20.0,67.0
6497807,7.0,90.0
72340742,20.0,29.0
24964590,20.0,17.0
10790032,9.0,63.0
18554191,20.0,2.0
87503445,12.0,11.0
68761551,19.0,64.0
16583217,5.0,
33465567,12.0,15.0
9277950,20.0,2.0
55355458,12.0,2.0
12596017,20.0,2.0
88415546,9.0,11.0
38707286,4.0,32.0
1771304,10.0,24.0
63331133,17.0,60.0
71556316,9.0,60.0
6901113,21.0,71.0
21537948,21.0,90.0
82126966,12.0,48.0
27153758,12.0,63.0
54266901,12.0,13.0
89058234,20.0,41.0
2474164,12.0,5.0
528898,4.0,21.0
53259169,9.0,63.0
37439658,4.0,90.0
87991506,20.0,60.0
13017465,21.0,18.0
84379067,17.0,75.0
61717253,17.0,63.0
89033931,12.0,2.0
71260956,7.0,90.0
12828986,5.0,64.0
30796176,19.0,18.0
47016875,4.0,9.0
58799694,21.0,54.0
39592993,5.0,81.0
5668491,12.0,54.0
40241746,10.0,2.0
53781088,19.0,52.0
27878057,17.0,5.0
59790573,12.0,68.0
71824225,20.0,60.0
16446763,10.0,35.0
61516789,12.0,14.0
73539285,17.0,24.0
61655468,7.0,21.0
25510412,5.0,82.0
1978333,21.0,67.0
31660395,17.0,84.0
79877633,10.0,2.0
53080680,20.0,85.0
87132464,21.0,2.0
8842187,10.0,73.0
82307698,19.0,11.0
31203166,19.0,18.0
85774564,0.0,24.0
70305370,20.0,31.0
2860067,21.0,15.0
5062601,10.0,60.0
76223573,20.0,29.0
23025358,21.0,90.0
41269223,19.0,4.0
4375716,10.0,41.0
71148504,9.0,29.0
35082393,4.0,60.0
85803869,7.0,41.0
34111863,4.0,63.0
35633426,12.0,2.0
54327427,0.0,42.0
50466500,13.0,
31116910,9.0,38.0
59505567,12.0,18.0
46005208,20.0,18.0
12628720,4.0,90.0
27968088,17.0,60.0
34384796,21.0,52.0
82424939,9.0,60.0
26642309,11.0,
84504669,4.0,60.0
56795661,0.0,33.0
1731798,17.0,75.0
30074144,21.0,2.0
13811042,,
80351437,21.0,60.0
9181304,12.0,7.0
22451624,17.0,2.0
38207319,18.0,25.0
14802911,0.0,25.0
9531510,9.0,
81507259,17.0,17.0
46861784,10.0,17.0
63211450,21.0,71.0
50685221,19.0,54.0
38884093,17.0,82.0
67038687,19.0,53.0
72016045,12.0,2.0
81387383,12.0,15.0
36217555,17.0,60.0
5880170,4.0,24.0
2365596,4.0,2.0
81399491,19.0,46.0
3908251,0.0,86.0
28432791,6.0,35.0
72066925,12.0,90.0
51172048,20.0,59.0
56046026,8.0,2.0
53327589,20.0,67.0
66462912,7.0,25.0
58364017,7.0,2.0
45390335,19.0,17.0
2073623,12.0,60.0
67678966,20.0,90.0
23531203,10.0,63.0
75236420,5.0,61.0
80854212,19.0,17.0
5215963,19.0,2.0
81303340,5.0,37.0
75014279,5.0,81.0
54636542,12.0,25.0
87019196,20.0,17.0
34890813,18.0,7.0
44359661,19.0,11.0
48416400,10.0,53.0
10556907,19.0,2.0
47249933,0.0,24.0
83514744,17.0,2.0
6995402,21.0,2.0
17166461,9.0,67.0
22883478,18.0,61.0
410194,17.0,2.0
48052729,10.0,2.0
14074551,20.0,61.0
19058354,18.0,2.0
83687087,7.0,55.0
71104212,19.0,18.0
24267349,21.0,42.0
86430253,17.0,2.0
82086053,12.0,17.0
82445984,12.0,2.0
77062700,17.0,2.0
15240547,21.0,29.0
16272425,0.0,52.0
70607712,4.0,2.0
19173257,17.0,2.0
74780004,20.0,59.0
60224786,9.0,50.0
45325268,9.0,85.0
49038857,17.0,12.0
64742942,12.0,
5899583,17.0,60.0
88211591,9.0,90.0
27797176,17.0,29.0
31425905,17.0,33.0
84351619,9.0,60.0
70817281,4.0,9.0
3245149,10.0,2.0
70080017,21.0,2.0
79388609,17.0,24.0
19758172,10.0,60.0
64257980,12.0,42.0
55769336,12.0,12.0
85958877,17.0,2.0
53646631,10.0,66.0
34446229,18.0,29.0
73679863,12.0,2.0
52120971,0.0,2.0
65686104,4.0,60.0
18505633,20.0,61.0
76881328,19.0,25.0
73083684,4.0,36.0
61182803,17.0,18.0
26017214,9.0,55.0
71524422,20.0,2.0
82347633,18.0,75.0
28693002,17.0,85.0
41632468,20.0,61.0
33786155,17.0,2.0
26961271,7.0,65.0
50658443,17.0,44.0
13577105,12.0,73.0
19415302,0.0,59.0
5432034,4.0,60.0
71864136,21.0,2.0
88224974,4.0,2.0
82567755,21.0,17.0
71612594,4.0,51.0
2630743,12.0,27.0
56609074,5.0,
55722554,6.0,
61936164,10.0,48.0
38102544,21.0,19.0
30316330,4.0,2.0
70359206,12.0,8.0
50845741,9.0,60.0
85882064,12.0,70.0
2993725,17.0,60.0
21084640,12.0,2.0
82525843,19.0,37.0
51124790,10.0,31.0
87975426,12.0,18.0
32841174,5.0,24.0
73401648,12.0,90.0
78812129,20.0,22.0
5450562,7.0,11.0
42989533,19.0,81.0
17615947,21.0,11.0
84761525,17.0,87.0
32779560,19.0,24.0
89745494,17.0,81.0
78023535,12.0,2.0
26382520,0.0,90.0
68652915,12.0,2.0
60294903,20.0,37.0
72680463,,
10593535,21.0,90.0
31473542,20.0,21.0
7270522,17.0,60.0
24888945,17.0,2.0
39059955,10.0,21.0
10840128,18.0,2.0
63872047,4.0,60.0
4742670,4.0,11.0
34367811,17.0,2.0
14034631,12.0,24.0
71840944,17.0,66.0
39785309,17.0,85.0
58367087,4.0,29.0
10403055,12.0,90.0
85746532,9.0,2.0
69343068,10.0,5.0
4036806,12.0,82.0
22766636,5.0,2.0
79021567,17.0,2.0
55180918,12.0,67.0
9855429,19.0,70.0
10733455,,
2239804,17.0,8.0
9839281,20.0,60.0
12231340,9.0,2.0
68469645,10.0,2.0
28603178,5.0,2.0
86801813,3.0,90.0
16651006,12.0,82.0
16721941,12.0,36.0
66764950,12.0,2.0
81480725,12.0,90.0
44542072,9.0,70.0
86246198,10.0,2.0
54908440,21.0,90.0
36621610,5.0,37.0
83316907,21.0,17.0
8363218,10.0,2.0
73918062,7.0,81.0
70205865,7.0,2.0
49346539,19.0,82.0
18987700,10.0,60.0
74140730,17.0,15.0
37728854,20.0,72.0
71916498,0.0,84.0
52579807,12.0,52.0
62870558,9.0,2.0
4607766,20.0,54.0
83395952,20.0,66.0
88075335,12.0,84.0
689614,13.0,9.0
50816233,21.0,60.0
45933860,21.0,31.0
54706974,17.0,23.0
9143332,9.0,
38779334,18.0,17.0
61099769,10.0,2.0
83120712,12.0,41.0
71041028,12.0,2.0
46650211,19.0,38.0
30775216,5.0,17.0
22638224,9.0,63.0
85474383,21.0,60.0
72368023,0.0,8.0
85775172,17.0,35.0
52039580,17.0,2.0
72119026,12.0,56.0
55641702,5.0,17.0
53136388,5.0,
85554897,9.0,11.0
63393004,17.0,39.0
15122947,21.0,81.0
76204752,17.0,52.0
42123260,20.0,38.0
39119612,19.0,10.0
88890645,20.0,60.0
87397358,12.0,60.0
13921858,17.0,2.0
21352360,19.0,29.0
33536172,4.0,4.0
65291344,12.0,8.0
26683006,20.0,76.0
59773933,10.0,18.0
57681775,10.0,82.0
3916958,4.0,2.0
55784414,17.0,17.0
46961573,9.0,17.0
51215189,17.0,2.0
89518371,0.0,85.0
41600510,12.0,38.0
60863700,12.0,90.0
72745600,19.0,11.0
54196683,12.0,41.0
76261237,17.0,82.0
25719087,4.0,2.0
1489718,17.0,11.0
33936209,0.0,46.0
85107904,0.0,11.0
46385667,9.0,11.0
43806649,9.0,2.0
60501088,9.0,59.0
76301886,9.0,63.0
12262649,0.0,56.0
2435803,12.0,36.0
64923914,20.0,46.0
60336362,10.0,29.0
40703401,4.0,4.0
71454709,20.0,81.0
89425494,12.0,24.0
63247997,13.0,90.0
24260668,12.0,2.0
5048712,19.0,60.0
55120703,10.0,37.0
35315918,12.0,60.0
5782291,19.0,15.0
9762530,9.0,38.0
9746731,9.0,2.0
37596691,17.0,2.0
3369775,9.0,31.0
52369126,17.0,38.0
64191900,18.0,75.0
67631316,20.0,59.0
40500172,19.0,60.0
29544018,12.0,10.0
52613810,20.0,17.0
36217316,12.0,2.0
79539673,18.0,1.0
13084470,21.0,73.0
61686311,12.0,
4560491,20.0,18.0
17395294,19.0,36.0
83079697,4.0,5.0
56530056,9.0,2.0
41421199,10.0,33.0
71438203,0.0,48.0
6620130,20.0,85.0
56926901,21.0,90.0
9438679,13.0,90.0
36105836,12.0,42.0
79643287,18.0,63.0
65923116,4.0,55.0
10299687,4.0,90.0
42038851,19.0,24.0
75162769,21.0,17.0
35198931,9.0,
6981972,20.0,18.0
45577482,21.0,29.0
45128755,6.0,70.0
38857965,17.0,11.0
57748496,12.0,11.0
21959412,0.0,90.0
53758732,19.0,15.0
7814865,9.0,90.0
66413604,5.0,4.0
23077021,21.0,29.0
12405517,20.0,2.0
78350340,9.0,84.0
43328078,19.0,63.0
9236841,19.0,54.0
19386100,19.0,7.0
36355432,4.0,29.0
66995710,20.0,59.0
24105760,4.0,90.0
68854638,17.0,90.0
63225081,10.0,61.0
67044221,5.0,76.0
71131730,4.0,59.0
65217944,17.0,18.0
23638165,20.0,17.0
1212363,17.0,86.0
30666966,20.0,2.0
85621050,21.0,10.0
48477488,5.0,12.0
36868683,20.0,17.0
88542838,7.0,67.0
89351590,9.0,33.0
52582849,21.0,36.0
66118178,19.0,11.0
67536735,20.0,73.0
80172761,20.0,12.0
37761652,9.0,35.0
50578809,9.0,90.0
47085202,19.0,60.0
9379536,17.0,58.0
8750782,19.0,53.0
68480227,18.0,21.0
82506307,10.0,84.0
51912878,17.0,60.0
29802290,5.0,45.0
18724943,20.0,13.0
41812907,21.0,46.0
14744805,7.0,2.0
72841699,20.0,57.0
87469399,10.0,13.0
44036936,5.0,2.0
48346525,12.0,2.0
46613514,9.0,56.0
1464988,17.0,24.0
14259357,9.0,11.0
6478466,9.0,60.0
50997070,12.0,59.0
65819350,6.0,
21524681,10.0,77.0
47493796,10.0,47.0
54597678,19.0,2.0
85611421,12.0,9.0
15316592,21.0,82.0
68404923,21.0,2.0
26433626,7.0,61.0
79389435,0.0,36.0
3412649,4.0,37.0
62124897,0.0,25.0
3122461,19.0,18.0
87388561,12.0,29.0
66300195,9.0,61.0
46578746,20.0,32.0
43464069,20.0,77.0
70472770,20.0,46.0
20336524,17.0,47.0
15190968,0.0,86.0
89203377,19.0,59.0
62627886,10.0,84.0
25514630,0.0,90.0
41862866,0.0,2.0
65168662,9.0,73.0
31493700,20.0,76.0
44527933,9.0,49.0
80688647,5.0,21.0
67868228,17.0,90.0
9547084,21.0,2.0
36452300,12.0,84.0
14468251,9.0,2.0
38649202,17.0,17.0
75849860,5.0,18.0
4980857,9.0,24.0
41848101,12.0,61.0
53191493,21.0,23.0
20678217,20.0,29.0
99265,17.0,2.0
19165002,4.0,17.0
55934564,19.0,64.0
26332495,9.0,75.0
78509966,20.0,56.0
50714889,20.0,46.0
70457551,4.0,24.0
37208386,20.0,29.0
71809489,0.0,73.0
22598691,9.0,11.0
21545704,9.0,11.0
19068419,4.0,3.0
140311,20.0,81.0
22764645,10.0,8.0
22328696,7.0,59.0
74853490,20.0,82.0
64887788,19.0,81.0
37254922,20.0,61.0
647370,7.0,29.0
56813492,21.0,55.0
33754988,10.0,59.0
27776363,4.0,18.0
83460320,17.0,25.0
77046279,19.0,2.0
53337272,4.0,82.0
59822583,21.0,41.0
89433944,19.0,2.0
48305712,17.0,2.0
55874103,9.0,82.0
12161830,12.0,59.0
12008455,21.0,12.0
82976095,9.0,90.0
54127803,18.0,82.0
59305806,21.0,21.0
76301178,5.0,33.0
56100696,4.0,86.0
12378165,17.0,0.0
70964246,9.0,17.0
12002459,9.0,82.0
66668545,4.0,19.0
33295218,9.0,2.0
42656135,10.0,59.0
88660719,10.0,29.0
59034612,9.0,60.0
5734660,21.0,82.0
25655331,0.0,17.0
75266108,0.0,29.0
61580866,20.0,59.0
15847263,10.0,24.0
78270759,9.0,36.0
32304988,21.0,64.0
15866681,21.0,41.0
54978502,9.0,24.0
41800671,21.0,29.0
24929940,20.0,60.0
86503569,21.0,15.0
7294923,12.0,2.0
43295894,21.0,60.0
25506090,19.0,29.0
51991946,17.0,60.0
8942366,21.0,7.0
37324891,21.0,87.0
70188149,20.0,18.0
86302590,17.0,2.0
3953806,17.0,2.0
14384160,19.0,18.0
19079345,12.0,2.0
45746177,12.0,60.0
18879313,21.0,61.0
64065525,5.0,36.0
19464739,17.0,82.0
21650887,10.0,5.0
7541369,12.0,9.0
10856480,17.0,48.0
68462034,21.0,23.0
49610681,12.0,66.0
58088221,17.0,85.0
64814812,4.0,8.0
20465792,21.0,11.0
39672948,9.0,0.0
27797914,21.0,72.0
56201692,21.0,61.0
49280238,6.0,
4043575,4.0,23.0
45090761,5.0,59.0
47015018,10.0,61.0
80886588,0.0,59.0
67556567,18.0,55.0
40639027,9.0,17.0
46686878,17.0,17.0
43727696,17.0,24.0
19114869,12.0,90.0
59178008,0.0,63.0
17623772,12.0,7.0
77808566,10.0,2.0
51598534,4.0,1.0
17518277,4.0,60.0
2125246,12.0,13.0
52992670,4.0,60.0
35437257,0.0,56.0
57248950,5.0,48.0
67629378,17.0,2.0
78873814,12.0,2.0
34999563,17.0,60.0
68516667,18.0,36.0
4114784,10.0,59.0
52235558,19.0,9.0
5305240,17.0,71.0
29328323,12.0,56.0
19028582,20.0,2.0
44634509,17.0,84.0
83131957,1.0,2.0
74676142,12.0,60.0
31012230,21.0,32.0
26823184,12.0,2.0
10363368,5.0,82.0
62737375,13.0,58.0
31598302,12.0,2.0
54165823,20.0,18.0
6955326,7.0,85.0
37371845,19.0,18.0
74084994,12.0,61.0
64549960,4.0,24.0
68218530,17.0,23.0
32718224,7.0,2.0
40618870,5.0,90.0
49936634,9.0,63.0
52290491,19.0,37.0
10038015,20.0,18.0
78977579,17.0,79.0
28895151,19.0,
49741732,20.0,2.0
73764339,20.0,59.0
81292405,10.0,2.0
88259561,7.0,2.0
7872759,1.0,2.0
81111218,20.0,24.0
44394610,7.0,70.0
16824334,5.0,58.0
13093247,20.0,60.0
72193946,17.0,29.0
7306493,5.0,33.0
46002499,10.0,84.0
82710314,7.0,11.0
28715930,20.0,41.0
6927737,4.0,11.0
86258680,18.0,9.0
74702915,20.0,2.0
27145264,1.0,2.0
42526654,5.0,32.0
48285592,21.0,21.0
28761903,12.0,66.0
79077058,12.0,18.0
87343504,20.0,59.0
18340718,5.0,11.0
47971021,20.0,8.0
84322625,7.0,11.0
38192928,9.0,0.0
4874275,4.0,88.0
57662893,5.0,26.0
82524898,4.0,29.0
35381558,12.0,6.0
37688035,4.0,
83854840,12.0,59.0
60503231,17.0,2.0
71198460,10.0,37.0
84461172,12.0,60.0
13597785,20.0,24.0
89885962,17.0,29.0
12769047,0.0,70.0
58914380,10.0,21.0
16028767,4.0,90.0
18418562,2.0,66.0
64190626,18.0,17.0
79869669,12.0,60.0
16667495,5.0,61.0
10832865,20.0,60.0
52086451,17.0,9.0
59468167,18.0,84.0
28216173,9.0,2.0
42040220,21.0,90.0
299227,21.0,18.0
24492436,0.0,55.0
76111478,5.0,32.0
46054646,12.0,2.0
51051903,10.0,60.0
64538854,6.0,55.0
24583058,17.0,84.0
5245511,20.0,9.0
80255030,19.0,25.0
37527382,17.0,18.0
7168044,5.0,72.0
75147808,2.0,82.0
57325148,9.0,75.0
86815915,10.0,61.0
57678731,10.0,2.0
24050163,17.0,2.0
4878524,4.0,84.0
48718957,7.0,10.0
18731619,17.0,2.0
37720121,10.0,59.0
59360140,13.0,18.0
18595307,20.0,90.0
35066593,5.0,60.0
78878110,16.0,60.0
62689871,17.0,24.0
9321432,20.0,13.0
72720232,9.0,67.0
55138376,20.0,2.0
74700065,12.0,81.0
75118701,18.0,59.0
87225557,13.0,38.0
16449226,12.0,9.0
30113564,17.0,90.0
30491435,7.0,51.0
13123392,21.0,90.0
69895729,20.0,61.0
76548176,20.0,60.0
72991028,5.0,88.0
37849020,20.0,25.0
10429800,5.0,63.0
31525630,12.0,85.0
75684210,19.0,18.0
30343294,17.0,2.0
5800346,9.0,60.0
9665081,12.0,
17579641,21.0,60.0
39946549,20.0,45.0
38221094,19.0,29.0
46752963,10.0,18.0
68530887,10.0,2.0
51839340,5.0,29.0
54777208,19.0,90.0
35513790,20.0,90.0
5177062,10.0,84.0
82242845,21.0,61.0
17717067,19.0,9.0
18135177,0.0,17.0
43831392,21.0,60.0
3708883,20.0,15.0
27593171,12.0,2.0
28994865,17.0,22.0
58524869,0.0,85.0
12496242,12.0,15.0
36604331,9.0,41.0
85687663,18.0,37.0
25496299,4.0,2.0
77378935,12.0,2.0
8861637,17.0,71.0
16438808,21.0,59.0
61175457,20.0,76.0
27148766,9.0,2.0
8442097,21.0,2.0
26734787,19.0,3.0
88062715,12.0,41.0
57202899,20.0,82.0
26899573,17.0,59.0
9723372,20.0,2.0
70093422,17.0,2.0
37544913,17.0,74.0
81632921,4.0,90.0
52101051,12.0,55.0
80833882,12.0,53.0
61940604,21.0,2.0
68857680,21.0,11.0
15921611,6.0,85.0
84966094,9.0,41.0
6240627,19.0,11.0
41084307,9.0,3.0
23483759,9.0,47.0
56465753,12.0,5.0
31026610,0.0,60.0
25403910,21.0,22.0
4852159,20.0,60.0
84728607,10.0,17.0
85324974,20.0,37.0
79319,17.0,41.0
48373220,20.0,85.0
43453246,7.0,2.0
78544069,0.0,82.0
53006802,9.0,2.0
57299448,5.0,67.0
35953212,0.0,64.0
75586077,10.0,24.0
72019528,19.0,61.0
83560133,4.0,82.0
17730173,20.0,4.0
71145175,20.0,60.0
39776883,12.0,2.0
86950445,17.0,49.0
80640842,12.0,90.0
44473752,20.0,60.0
49152409,17.0,77.0
4065092,0.0,37.0
1973760,17.0,37.0
80336041,4.0,18.0
59384075,12.0,24.0
73124053,19.0,60.0
68686136,4.0,2.0
7254586,21.0,13.0
75523453,17.0,35.0
30656369,5.0,8.0
1618587,12.0,60.0
49014842,10.0,81.0
32802527,17.0,86.0
23750066,12.0,54.0
73014147,12.0,2.0
83892883,21.0,2.0
51797900,20.0,2.0
56632313,12.0,36.0
25232257,21.0,4.0
23712304,13.0,17.0
14580535,17.0,35.0
24198540,9.0,9.0
75499892,17.0,55.0
18245086,20.0,19.0
35704895,20.0,
67680914,9.0,2.0
57758486,20.0,81.0
88550649,17.0,63.0
78718446,12.0,76.0
19509273,12.0,22.0
61595712,0.0,27.0
11510616,0.0,71.0
13858633,4.0,85.0
30103750,21.0,63.0
63660503,4.0,90.0
40415465,19.0,24.0
41897176,6.0,
33818081,9.0,35.0
37952290,17.0,60.0
56099053,10.0,56.0
69219955,4.0,2.0
3675868,17.0,2.0
20810703,21.0,2.0
9037281,18.0,52.0
71590608,4.0,32.0
84397710,21.0,75.0
57624806,0.0,64.0
71128202,12.0,2.0
88239341,12.0,88.0
43604724,18.0,76.0
19154036,20.0,82.0
25511099,6.0,67.0
76720013,10.0,63.0
89514530,10.0,71.0
85728601,17.0,60.0
43146722,0.0,85.0
89236430,21.0,13.0
26933244,10.0,1.0
55472309,12.0,90.0
45106614,17.0,61.0
36554448,19.0,54.0
62557347,12.0,2.0
79929820,9.0,86.0
73910415,17.0,31.0
38325106,0.0,2.0
41483743,19.0,50.0
76972415,19.0,53.0
11640462,20.0,11.0
49705748,17.0,71.0
77638614,21.0,29.0
35622961,21.0,90.0
73593315,4.0,2.0
26268800,21.0,23.0
24195442,17.0,11.0
36059483,20.0,2.0
22763189,9.0,
75121461,20.0,61.0
82663906,17.0,2.0
85784891,0.0,55.0
45214043,17.0,18.0
55045871,0.0,37.0
43242915,12.0,60.0
72885464,18.0,
69194999,9.0,2.0
60423709,21.0,29.0
22034108,12.0,29.0
3459157,0.0,2.0
41966903,,
77168364,12.0,2.0
85576902,17.0,2.0
68144551,20.0,60.0
71078447,10.0,25.0
7864811,4.0,2.0
2368553,4.0,46.0
31420311,18.0,67.0
20647261,4.0,2.0
22667638,17.0,90.0
44681239,19.0,56.0
16500752,0.0,2.0
25172264,12.0,76.0
82424458,21.0,60.0
38206513,5.0,60.0
49980946,10.0,66.0
32705271,13.0,24.0
62522922,17.0,35.0
26551965,21.0,24.0
34072064,19.0,11.0
73080980,10.0,2.0
24374009,10.0,29.0
34196329,0.0,2.0
55401379,9.0,25.0
26899416,0.0,90.0
88768997,12.0,60.0
39615832,12.0,60.0
65933848,19.0,17.0
36042108,10.0,31.0
58988152,21.0,38.0
38883778,9.0,2.0
71834248,17.0,61.0
48932631,20.0,2.0
82275970,0.0,90.0
69129455,0.0,76.0
32927546,10.0,2.0
6475696,17.0,88.0
6053972,20.0,63.0
54944483,17.0,53.0
38537367,19.0,11.0
73906657,9.0,2.0
58487869,20.0,84.0
85299412,19.0,38.0
19936145,20.0,17.0
72998231,10.0,28.0
45482004,4.0,81.0
29659889,17.0,18.0
14641030,17.0,2.0
2812815,10.0,55.0
72205343,5.0,66.0
56906431,18.0,37.0
39598576,17.0,25.0
58070197,7.0,2.0
68607381,10.0,90.0
67864664,10.0,8.0
32700196,9.0,61.0
88608549,17.0,23.0
70105725,9.0,2.0
47613225,19.0,11.0
38159424,10.0,0.0
18974743,12.0,24.0
57864812,4.0,22.0
66513132,16.0,53.0
45268980,21.0,72.0
16336103,9.0,60.0
65618098,0.0,90.0
74218570,0.0,23.0
53230466,17.0,18.0
21755863,7.0,37.0
74938398,7.0,2.0
78356609,10.0,18.0
30592741,0.0,81.0
63922165,9.0,63.0
70591119,21.0,2.0
72672181,21.0,60.0
74459162,17.0,28.0
22579227,9.0,60.0
10419324,21.0,2.0
15769038,4.0,8.0
84933252,17.0,29.0
48279251,12.0,44.0
41031379,4.0,53.0
7801697,17.0,60.0
21557650,21.0,60.0
32689578,19.0,81.0
71390814,12.0,15.0
32935559,12.0,50.0
76938550,21.0,24.0
3351780,5.0,42.0
89831254,18.0,71.0
75132359,5.0,81.0
11836058,10.0,28.0
16134890,17.0,57.0
69961814,13.0,29.0
80427199,6.0,66.0
25250603,12.0,86.0
48637746,7.0,2.0
64901159,17.0,35.0
4805521,9.0,90.0
37196903,12.0,73.0
50783924,12.0,29.0
49130741,17.0,59.0
77908603,13.0,67.0
66808735,10.0,75.0
1696639,5.0,19.0
43984316,17.0,2.0
75727172,9.0,13.0
32976748,19.0,17.0
5878570,0.0,12.0
19934948,21.0,2.0
83778833,20.0,73.0
62315156,10.0,61.0
692666,17.0,45.0
19250205,4.0,87.0
4624409,7.0,2.0
12047741,10.0,24.0
75976013,21.0,81.0
70238627,5.0,82.0
48233434,1.0,24.0
56969070,17.0,18.0
58611671,9.0,61.0
21887812,17.0,67.0
5189931,19.0,24.0
49131902,21.0,11.0
87485961,12.0,90.0
48151213,0.0,2.0
75932246,10.0,86.0
32757026,10.0,19.0
39633117,12.0,2.0
80440182,9.0,87.0
14168934,17.0,89.0
56553932,17.0,90.0
80940173,5.0,59.0
19259647,17.0,66.0
29786425,3.0,
19848834,21.0,42.0
71131688,9.0,1.0
76880278,13.0,90.0
23216972,9.0,53.0
71425083,0.0,31.0
2823316,12.0,16.0
88102233,5.0,34.0
55340003,9.0,2.0
19953871,10.0,71.0
46935087,12.0,60.0
17940129,18.0,84.0
77889168,5.0,77.0
89481292,9.0,66.0
575797,17.0,2.0
39288121,0.0,31.0
85810965,20.0,53.0
8841474,20.0,17.0
22319649,21.0,29.0
57143046,10.0,28.0
6257819,12.0,
77059873,17.0,2.0
61896109,19.0,8.0
10247583,17.0,16.0
13628703,12.0,90.0
15206876,10.0,49.0
32392909,21.0,41.0
51959981,12.0,9.0
1767719,4.0,43.0
31860647,21.0,8.0
27199655,17.0,27.0
89205379,7.0,54.0
20627006,17.0,2.0
73644944,10.0,53.0
59752571,12.0,53.0
84833996,21.0,60.0
60997975,3.0,76.0
9628806,17.0,60.0
88121150,0.0,23.0
23300487,17.0,4.0
21250146,10.0,17.0
81273403,12.0,83.0
44565971,21.0,5.0
65335307,12.0,25.0
40372663,12.0,4.0
12466514,1.0,2.0
74491973,7.0,2.0
16675715,4.0,53.0
57164105,4.0,23.0
46125308,7.0,60.0
76008740,6.0,37.0
45200124,7.0,29.0
6167110,9.0,2.0
20581475,5.0,82.0
61905238,6.0,90.0
46495814,9.0,63.0
30408906,12.0,2.0
37884883,20.0,41.0
53696672,17.0,11.0
26449492,21.0,61.0
488345,17.0,61.0
74079930,5.0,71.0
15576790,12.0,2.0
55906343,17.0,55.0
19128797,19.0,2.0
13120169,20.0,2.0
79823880,20.0,2.0
60175622,10.0,2.0
54842151,7.0,18.0
65424487,20.0,2.0
88036317,20.0,82.0
61771121,5.0,37.0
61997476,17.0,2.0
55187694,12.0,17.0
66015357,9.0,2.0
66928947,9.0,58.0
34846915,7.0,18.0
30516078,20.0,2.0
75818900,17.0,2.0
1694119,12.0,48.0
66883291,9.0,60.0
73104982,5.0,15.0
77661092,12.0,2.0
2473597,9.0,83.0
60603615,12.0,61.0
81505757,9.0,17.0
26889462,20.0,28.0
16442027,4.0,81.0
43098845,0.0,15.0
56681476,5.0,28.0
28718102,19.0,11.0
59748609,10.0,60.0
38240735,20.0,2.0
31283847,12.0,6.0
58576547,9.0,84.0
3999568,17.0,24.0
60995499,12.0,2.0
22381677,7.0,2.0
45246147,17.0,38.0
74954565,9.0,41.0
44754811,0.0,60.0
10573573,0.0,85.0
89446064,19.0,14.0
37471030,10.0,2.0
51404278,10.0,61.0
49754312,12.0,74.0
26013668,18.0,2.0
10324299,13.0,43.0
78167192,18.0,17.0
57733952,6.0,2.0
56368207,10.0,18.0
87417681,7.0,29.0
36063137,0.0,17.0
50101863,0.0,17.0
24019945,20.0,2.0
3583945,17.0,2.0
83910108,17.0,24.0
34457091,10.0,66.0
81791963,17.0,53.0
47297809,9.0,9.0
31321111,5.0,84.0
11421974,5.0,61.0
60008718,10.0,17.0
20641634,12.0,61.0
82741636,0.0,71.0
12208198,9.0,19.0
26517113,12.0,19.0
49073420,4.0,66.0
9436373,5.0,58.0
20260929,12.0,61.0
26947150,4.0,24.0
15392632,19.0,24.0
54379231,7.0,25.0
39952128,17.0,82.0
34463901,0.0,41.0
26735503,20.0,24.0
59175420,6.0,7.0
56483776,5.0,61.0
88013520,19.0,2.0
45890329,9.0,10.0
3797403,9.0,63.0
9225030,17.0,60.0
23884182,6.0,74.0
44646582,19.0,17.0
35285330,4.0,60.0
63055114,20.0,63.0
14232067,7.0,60.0
68391633,12.0,60.0
57800127,4.0,85.0
89551179,20.0,60.0
18414892,4.0,2.0
71292607,12.0,24.0
12066153,4.0,32.0
83663150,20.0,18.0
19321217,17.0,81.0
25070734,20.0,59.0
24338384,10.0,60.0
60213020,9.0,63.0
26860791,0.0,33.0
65660114,0.0,90.0
2476281,21.0,90.0
989657,20.0,90.0
59206474,21.0,2.0
2715324,4.0,59.0
32349002,12.0,60.0
499393,10.0,30.0
75119600,12.0,60.0
17949427,20.0,2.0
39448218,12.0,60.0
66746407,5.0,15.0
66468446,9.0,60.0
62146820,9.0,61.0
2432689,12.0,52.0
55379103,21.0,2.0
58120147,17.0,82.0
52095660,20.0,18.0
26655343,0.0,66.0
594843,10.0,2.0
87551346,0.0,82.0
71178243,20.0,54.0
23859518,20.0,13.0
79440748,7.0,24.0
68240462,9.0,90.0
74545765,7.0,60.0
65048994,20.0,60.0
39993878,20.0,60.0
35750214,12.0,31.0
54921487,21.0,60.0
18478860,21.0,60.0
48885077,6.0,60.0
29506656,4.0,61.0
36013431,17.0,35.0
51741211,0.0,88.0
45585394,12.0,53.0
18750884,12.0,25.0
38608181,17.0,11.0
57121814,7.0,56.0
52088988,20.0,64.0
67062080,12.0,49.0
79653349,17.0,12.0
37255719,19.0,75.0
48982712,4.0,41.0
51316231,17.0,2.0
16050977,19.0,24.0
24220192,10.0,11.0
13727234,9.0,66.0
18708757,20.0,67.0
24654562,19.0,59.0
18888064,0.0,2.0
32795682,17.0,59.0
39112658,2.0,
72963392,12.0,90.0
23953453,17.0,17.0
45469738,19.0,77.0
68730700,0.0,2.0
12853403,21.0,90.0
37135888,13.0,74.0
78996860,17.0,48.0
41365922,21.0,48.0
48618742,19.0,2.0
69641402,0.0,2.0
36920983,19.0,53.0
58052237,19.0,17.0
77806078,4.0,60.0
36255762,17.0,41.0
89111490,17.0,42.0
19184922,9.0,11.0
48052816,10.0,29.0
2775762,21.0,2.0
7626978,19.0,90.0
31636432,10.0,41.0
60538691,17.0,2.0
30287346,10.0,90.0
88112974,10.0,59.0
57040667,2.0,46.0
63680358,4.0,90.0
70519366,9.0,18.0
67926234,9.0,59.0
81299307,12.0,18.0
29319212,17.0,2.0
10638145,12.0,2.0
75588041,9.0,18.0
63165347,19.0,2.0
62846123,20.0,41.0
13727417,21.0,11.0
12119626,12.0,2.0
40555563,17.0,85.0
46025893,8.0,
71555700,12.0,59.0
37854112,13.0,2.0
23745907,12.0,24.0
41010429,9.0,31.0
29689164,18.0,2.0
17687888,12.0,11.0
42299221,10.0,71.0
72790047,5.0,29.0
3700142,20.0,60.0
390530,21.0,24.0
83584317,20.0,2.0
79853367,12.0,67.0
46981542,19.0,17.0
3027612,20.0,85.0
57115064,0.0,2.0
50948169,17.0,78.0
70917085,20.0,61.0
80264846,4.0,4.0
51654081,17.0,71.0
21295035,9.0,54.0
51914099,20.0,2.0
80974962,17.0,2.0
31310550,8.0,1.0
84267277,20.0,2.0
42512873,21.0,84.0
36603461,10.0,71.0
28052541,21.0,2.0
42640895,12.0,55.0
41588220,17.0,49.0
85159125,10.0,
12816684,5.0,24.0
88987798,21.0,61.0
51528932,10.0,13.0
86655506,4.0,51.0
54829576,19.0,31.0
74549950,19.0,28.0
20948420,7.0,18.0
6425184,0.0,33.0
6640583,6.0,24.0
71472889,20.0,18.0
71353804,20.0,2.0
72755978,4.0,25.0
68224494,4.0,2.0
66304620,9.0,24.0
89384434,10.0,63.0
61188717,19.0,70.0
80393620,4.0,37.0
20372866,19.0,2.0
8426707,5.0,2.0
71190957,4.0,42.0
68378387,17.0,24.0
33834854,12.0,90.0
86576154,20.0,59.0
23277469,9.0,18.0
65045884,17.0,90.0
78866675,19.0,40.0
67476479,0.0,36.0
80331926,9.0,60.0
40975794,12.0,63.0
31312009,20.0,2.0
17259912,17.0,68.0
65245172,20.0,45.0
32565752,10.0,55.0
32588334,17.0,41.0
1285028,17.0,2.0
89811857,19.0,60.0
24260580,12.0,71.0
47717509,10.0,2.0
87796600,20.0,59.0
4706369,12.0,2.0
9297158,12.0,17.0
63787782,19.0,2.0
75762163,12.0,44.0
56379483,4.0,54.0
66709510,7.0,60.0
20165543,20.0,54.0
3912375,5.0,11.0
60068392,9.0,60.0
29793861,12.0,2.0
62043165,4.0,2.0
17192721,10.0,84.0
4416996,19.0,18.0
28214562,6.0,85.0
68128115,21.0,15.0
19991571,10.0,49.0
33242797,9.0,2.0
85904728,17.0,2.0
1359092,17.0,29.0
30760162,6.0,11.0
28421143,19.0,2.0
32153075,13.0,76.0
81751632,12.0,32.0
5149762,19.0,2.0
63295051,9.0,61.0
52560551,4.0,2.0
38928592,20.0,2.0
83135648,13.0,61.0
73701617,20.0,18.0
61791977,12.0,60.0
3248240,19.0,67.0
78683054,5.0,82.0
55847282,19.0,36.0
868616,20.0,35.0
54551031,20.0,29.0
52100404,17.0,24.0
9069138,10.0,2.0
52451694,17.0,90.0
5353976,20.0,81.0
76530431,5.0,83.0
60326611,18.0,29.0
58902320,21.0,59.0
27892932,9.0,90.0
58262128,0.0,2.0
12804164,20.0,50.0
85140949,20.0,60.0
72095384,16.0,19.0
79219839,10.0,2.0
57400185,20.0,48.0
17150671,19.0,2.0
56052203,4.0,60.0
8708650,17.0,86.0
54954696,12.0,26.0
21235425,7.0,36.0
63768342,21.0,25.0
40613909,10.0,47.0
3734021,9.0,23.0
85884181,5.0,17.0
1285513,10.0,19.0
6859966,17.0,4.0
50904178,0.0,90.0
45417349,7.0,81.0
10887292,18.0,41.0
78438098,0.0,17.0
40910521,20.0,59.0
22236849,20.0,2.0
69446776,10.0,82.0
86797513,9.0,3.0
1938438,12.0,60.0
74471334,12.0,67.0
16621488,12.0,90.0
76375527,17.0,25.0
18634148,21.0,2.0
29554740,20.0,60.0
40479637,10.0,47.0
75473460,13.0,6.0
42110238,13.0,73.0
41234745,7.0,66.0
18516178,18.0,44.0
79148407,13.0,73.0
33299647,12.0,2.0
71769467,19.0,53.0
87137367,17.0,2.0
84943475,10.0,9.0
12384015,4.0,24.0
20848569,18.0,2.0
70679529,0.0,2.0
48403549,17.0,24.0
40086617,5.0,2.0
48990769,18.0,51.0
2416793,17.0,23.0
47442644,17.0,86.0
22756767,0.0,82.0
44099582,19.0,85.0
43132753,6.0,84.0
55696759,0.0,72.0
60579217,19.0,55.0
69221032,9.0,
35375506,0.0,82.0
33375748,12.0,23.0
40113367,7.0,81.0
14193794,18.0,86.0
46630823,21.0,43.0
85813970,21.0,25.0
67642871,21.0,59.0
36848758,0.0,35.0
82547133,9.0,18.0
87500199,21.0,71.0
9588276,9.0,60.0
1226458,4.0,60.0
62594641,13.0,82.0
54858818,12.0,90.0
52802876,13.0,18.0
14937489,20.0,31.0
70592479,7.0,82.0
45703000,9.0,2.0
55524957,12.0,2.0
4728072,10.0,25.0
17358000,13.0,61.0
47435990,21.0,18.0
60496815,20.0,55.0
46377679,20.0,11.0
19488578,9.0,81.0
78771104,4.0,79.0
60311068,12.0,88.0
58664234,12.0,32.0
17549335,20.0,71.0
81376541,10.0,3.0
84064019,17.0,82.0
58890599,18.0,67.0
37898141,12.0,17.0
51648750,9.0,89.0
81236080,10.0,2.0
66534171,9.0,60.0
45615962,21.0,25.0
67108638,5.0,2.0
5689627,19.0,90.0
51737200,20.0,71.0
13559085,9.0,17.0
23039341,9.0,60.0
39611903,19.0,66.0
56189527,19.0,53.0
33934753,7.0,60.0
81490004,5.0,83.0
17146346,4.0,66.0
6992367,20.0,71.0
84166222,12.0,19.0
75453334,20.0,60.0
44188926,0.0,61.0
77072745,17.0,2.0
17690135,20.0,18.0
66124571,21.0,33.0
152630,9.0,54.0
3010388,6.0,55.0
57244769,12.0,18.0
67121353,21.0,44.0
71394084,20.0,17.0
83989715,6.0,59.0
60225652,9.0,2.0
17983338,0.0,18.0
75149326,20.0,63.0
50003717,10.0,16.0
82285614,17.0,2.0
25361286,21.0,61.0
55219815,0.0,90.0
69586202,19.0,24.0
56546560,12.0,54.0
49812904,0.0,22.0
74254881,10.0,24.0
55644982,0.0,90.0
18570126,4.0,90.0
15015905,21.0,61.0
45415281,19.0,60.0
75120766,9.0,24.0
73412287,20.0,82.0
67036085,12.0,86.0
39552579,12.0,76.0
20860118,10.0,36.0
15059955,0.0,90.0
30839691,0.0,66.0
19478739,10.0,2.0
3315728,17.0,61.0
6843927,20.0,17.0
25603553,20.0,60.0
53008352,17.0,23.0
61647642,20.0,56.0
81575875,10.0,53.0
1773315,12.0,87.0
59819457,4.0,22.0
19431144,19.0,67.0
70173979,9.0,36.0
20045789,4.0,25.0
87971270,20.0,2.0
946586,10.0,82.0
72637044,20.0,22.0
81105427,9.0,90.0
81797432,4.0,2.0
23978459,6.0,18.0
85547292,20.0,25.0
14005937,17.0,84.0
28863197,13.0,
20110204,10.0,61.0
3408707,10.0,41.0
10250565,17.0,2.0
19642640,5.0,49.0
89643885,17.0,2.0
79957454,10.0,22.0
39370675,9.0,90.0
37200505,18.0,23.0
1372956,12.0,24.0
85113282,4.0,17.0
85890988,7.0,18.0
34520148,7.0,2.0
20630060,4.0,76.0
5858908,9.0,60.0
26164068,20.0,9.0
61944916,18.0,25.0
352866,4.0,37.0
26872200,17.0,90.0
69881271,20.0,24.0
66573447,12.0,90.0
77320486,10.0,2.0
16847918,17.0,27.0
44441311,6.0,24.0
30037544,10.0,15.0
42728972,19.0,29.0
19462547,7.0,18.0
74185304,17.0,2.0
36869335,5.0,2.0
81349352,10.0,4.0
23935781,13.0,11.0
42163522,1.0,24.0
50874829,19.0,17.0
73216340,5.0,
37528197,20.0,43.0
60882343,12.0,52.0
36974022,20.0,76.0
37608122,20.0,2.0
15778044,7.0,90.0
40369988,20.0,21.0
57011156,19.0,61.0
41331758,4.0,60.0
83205500,19.0,88.0
71867130,21.0,64.0
7008036,18.0,61.0
28328566,12.0,60.0
73949869,20.0,44.0
44251842,10.0,83.0
15811789,17.0,24.0
34129090,21.0,18.0
22923672,12.0,87.0
12774428,10.0,15.0
79284648,9.0,
73387011,21.0,81.0
85063529,5.0,60.0
43772632,20.0,2.0
64550705,17.0,60.0
48468355,0.0,48.0
33376392,20.0,41.0
74931771,19.0,82.0
69724854,20.0,42.0
56675578,9.0,19.0
70011770,0.0,66.0
15003684,4.0,2.0
37916608,17.0,2.0
38106705,12.0,2.0
9904471,21.0,41.0
27155386,5.0,
36318720,0.0,52.0
83569710,4.0,11.0
44298776,21.0,61.0
53694466,10.0,22.0
27852723,7.0,61.0
50754302,10.0,67.0
23401561,17.0,74.0
21921407,20.0,2.0
80653021,19.0,90.0
28693559,9.0,15.0
59836400,21.0,24.0
54238670,0.0,
72573905,7.0,4.0
69711425,6.0,18.0
79279780,0.0,66.0
89053539,21.0,90.0
66833579,5.0,23.0
29523726,0.0,31.0
51195315,20.0,17.0
34063713,10.0,2.0
72462437,17.0,2.0
22410733,9.0,46.0
16975831,21.0,56.0
6289821,17.0,86.0
9356931,21.0,15.0
13279547,9.0,90.0
86060939,12.0,41.0
79792816,7.0,5.0
8840164,17.0,11.0
80558280,7.0,48.0
33968212,17.0,18.0
12378877,17.0,21.0
27046686,21.0,41.0
89610671,19.0,76.0
73896183,7.0,
17967297,12.0,60.0
39496839,5.0,81.0
37227862,5.0,49.0
60281279,12.0,12.0
11687417,21.0,24.0
59368179,6.0,60.0
1165843,4.0,27.0
52627786,20.0,2.0
51386685,4.0,67.0
32579900,18.0,22.0
12701242,12.0,63.0
53212237,20.0,29.0
69938305,20.0,17.0
48388015,6.0,18.0
8508428,10.0,60.0
62214973,17.0,27.0
51432120,0.0,2.0
1387320,9.0,60.0
10582806,9.0,90.0
44160248,9.0,83.0
16480982,21.0,11.0
20095046,17.0,87.0
57205619,19.0,61.0
14661458,20.0,48.0
13438989,17.0,60.0
22696240,13.0,17.0
24746934,10.0,61.0
5786688,20.0,60.0
81141658,17.0,37.0
85036823,12.0,
70455668,12.0,2.0
27763260,13.0,1.0
49587080,18.0,18.0
83151983,21.0,60.0
54343217,0.0,83.0
48058426,4.0,2.0
74278588,13.0,90.0
34462798,0.0,60.0
54367435,7.0,90.0
70529621,20.0,49.0
52521267,20.0,90.0
16833032,17.0,71.0
36042016,9.0,54.0
11630894,12.0,74.0
72627866,0.0,90.0
10773034,20.0,60.0
65361560,9.0,2.0
10345347,20.0,63.0
85886067,17.0,29.0
66629038,9.0,2.0
28973468,12.0,90.0
75033728,10.0,61.0
2042882,4.0,76.0
9440285,17.0,7.0
15372246,6.0,1.0
81671075,17.0,22.0
24251358,6.0,19.0
13054999,12.0,11.0
14433997,0.0,2.0
4493758,0.0,60.0
73998566,21.0,66.0
84782573,19.0,17.0
28781210,9.0,2.0
31464110,12.0,60.0
47874480,12.0,21.0
14142649,4.0,23.0
7620763,18.0,84.0
80407257,4.0,17.0
44611889,,
87099819,9.0,4.0
66563557,18.0,82.0
143497,17.0,28.0
51754524,10.0,36.0
74717371,17.0,2.0
59127861,17.0,2.0
17737141,20.0,18.0
57859964,21.0,84.0
43067177,10.0,2.0
46108584,19.0,24.0
21125551,12.0,81.0
16140706,17.0,17.0
64508463,4.0,51.0
8753937,10.0,41.0
36123021,13.0,15.0
34149216,0.0,60.0
81363399,4.0,54.0
76203723,1.0,18.0
89691179,0.0,53.0
70334802,10.0,13.0
2152165,10.0,17.0
67541611,13.0,88.0
3566274,9.0,12.0
73472383,10.0,90.0
7926935,20.0,59.0
25087877,20.0,17.0
29803894,17.0,90.0
33096353,9.0,82.0
53883498,0.0,37.0
76160846,5.0,29.0
80815719,0.0,60.0
34733130,20.0,89.0
80022086,10.0,59.0
19209840,20.0,41.0
22329346,10.0,2.0
49878896,12.0,81.0
83142155,21.0,53.0
15457207,17.0,62.0
66974686,20.0,2.0
41118610,10.0,75.0
23771131,19.0,52.0
44033906,17.0,18.0
82792170,7.0,2.0
23572284,4.0,81.0
60498268,17.0,2.0
51771420,9.0,49.0
1005558,12.0,56.0
69780440,4.0,2.0
31436407,2.0,9.0
42013805,12.0,10.0
31315899,4.0,2.0
46395851,0.0,90.0
85392372,20.0,43.0
12054691,20.0,54.0
29728022,9.0,2.0
73863492,6.0,0.0
51576278,4.0,67.0
38596785,9.0,25.0
23877128,20.0,29.0
7996258,12.0,2.0
11593278,21.0,60.0
38488544,12.0,44.0
73770427,10.0,31.0
80236105,12.0,87.0
34062435,21.0,2.0
16639083,0.0,85.0
69299336,7.0,24.0
60509415,10.0,2.0
79300075,12.0,2.0
3044442,12.0,70.0
77894868,17.0,2.0
46546063,9.0,84.0
3931957,10.0,48.0
58118354,17.0,70.0
15834733,10.0,28.0
89442024,9.0,37.0
6110440,17.0,24.0
83988235,0.0,60.0
32866537,0.0,60.0
73264491,17.0,60.0
48069814,19.0,61.0
13411721,19.0,41.0
36558966,20.0,24.0
48784981,10.0,90.0
47960987,0.0,31.0
16826230,7.0,64.0
78868570,0.0,10.0
33213921,20.0,12.0
32053202,0.0,49.0
87108375,9.0,82.0
88721922,9.0,25.0
39841225,12.0,90.0
7678063,20.0,2.0
36191704,10.0,77.0
80077476,4.0,2.0
23126950,9.0,24.0
79476925,19.0,24.0
31115618,9.0,73.0
87445263,12.0,35.0
25912327,9.0,42.0
36311769,10.0,22.0
75655539,4.0,40.0
22976643,20.0,29.0
65924586,17.0,51.0
46494691,0.0,60.0
30655428,12.0,2.0
38108060,4.0,8.0
4676900,9.0,61.0
83686713,0.0,38.0
22198390,20.0,60.0
18755349,12.0,18.0
11234054,12.0,90.0
83554573,12.0,2.0
81197750,19.0,66.0
41991056,13.0,60.0
81673330,0.0,17.0
6408775,18.0,86.0
1603543,20.0,51.0
39092780,0.0,61.0
41770356,9.0,19.0
46131479,18.0,81.0
76605798,20.0,84.0
63061862,12.0,2.0
85089587,20.0,18.0
35120831,4.0,2.0
4749536,12.0,77.0
50005428,20.0,60.0
49179391,17.0,27.0
4218048,21.0,17.0
52667242,4.0,2.0
87854500,0.0,84.0
83251659,12.0,11.0
60013944,0.0,28.0
12275587,20.0,60.0
16897601,19.0,86.0
69224398,9.0,11.0
28494868,12.0,2.0
26252623,21.0,2.0
75961524,0.0,2.0
7366448,9.0,64.0
73816497,12.0,2.0
71524017,9.0,63.0
11466647,17.0,59.0
32261180,19.0,17.0
64677637,9.0,15.0
55257726,12.0,61.0
83877551,19.0,22.0
54284770,5.0,25.0
37703706,12.0,70.0
34143938,13.0,18.0
19797409,21.0,18.0
47445494,17.0,88.0
59811878,17.0,17.0
62174816,17.0,11.0
31230512,19.0,0.0
84804965,20.0,35.0
29203019,7.0,2.0
2810005,19.0,29.0
40014440,0.0,63.0
35572644,21.0,
21060683,10.0,2.0
40012991,12.0,24.0
45543119,9.0,2.0
16345791,20.0,64.0
75562780,0.0,46.0
70276674,17.0,2.0
82145397,9.0,9.0
74476872,1.0,2.0
39902642,4.0,58.0
30295065,5.0,59.0
81050819,0.0,90.0
7303974,21.0,82.0
53688913,17.0,24.0
51599904,20.0,81.0
60293028,12.0,59.0
790225,21.0,84.0
21560578,0.0,72.0
8186115,12.0,21.0
32951174,0.0,31.0
14565072,7.0,23.0
12337738,0.0,59.0
23820440,7.0,2.0
80169456,7.0,54.0
22566829,12.0,64.0
34554544,4.0,63.0
53226150,12.0,2.0
32840450,17.0,82.0
64447343,9.0,61.0
12650570,17.0,59.0
32998805,21.0,17.0
75472223,0.0,79.0
31684707,5.0,10.0
76293536,13.0,29.0
55685370,21.0,2.0
24097590,12.0,2.0
4594241,17.0,9.0
53649313,9.0,41.0
86422686,20.0,16.0
37988806,9.0,61.0
2541536,17.0,60.0
15313671,9.0,85.0
4244710,9.0,41.0
52866538,7.0,2.0
10059382,1.0,
19422483,17.0,53.0
41693163,17.0,10.0
59678541,17.0,90.0
41652089,20.0,18.0
31365182,5.0,15.0
52661463,10.0,9.0
57709710,12.0,2.0
49855331,9.0,25.0
64326544,17.0,61.0
68098779,9.0,64.0
35194158,17.0,12.0
48446657,19.0,41.0
24274673,9.0,18.0
45328828,9.0,66.0
47432704,9.0,17.0
47273578,17.0,90.0
25859230,9.0,82.0
80299185,21.0,2.0
54219134,9.0,82.0
16534944,9.0,61.0
9730912,19.0,37.0
14219015,9.0,90.0
52089183,17.0,21.0
38536451,18.0,90.0
44240580,4.0,53.0
22259641,10.0,60.0
68203005,17.0,67.0
21029004,0.0,31.0
43591288,19.0,81.0
31421750,19.0,84.0
72674058,20.0,17.0
41589334,18.0,32.0
19567639,21.0,38.0
1248832,12.0,29.0
51650933,4.0,11.0
53931466,5.0,66.0
9739335,5.0,63.0
67004202,21.0,2.0
82765998,21.0,2.0
73611082,12.0,11.0
10031521,21.0,2.0
28214037,20.0,24.0
5343581,17.0,
38635829,12.0,25.0
32363093,0.0,2.0
53333947,19.0,70.0
29235291,4.0,46.0
1051078,4.0,61.0
35525929,0.0,71.0
15551566,18.0,84.0
9726943,5.0,38.0
85223160,18.0,18.0
32400696,12.0,2.0
71254196,17.0,63.0
50877310,21.0,52.0
25280726,19.0,90.0
40354031,20.0,41.0
28579206,9.0,2.0
5402181,17.0,59.0
44562193,10.0,75.0
63283297,20.0,63.0
28364649,19.0,64.0
18922945,4.0,2.0
38991939,17.0,67.0
66535624,21.0,33.0
43476660,10.0,82.0
33260662,17.0,15.0
26467873,21.0,60.0
39084507,21.0,82.0
24462468,20.0,65.0
1260395,5.0,54.0
53891296,20.0,18.0
48714993,9.0,2.0
50411403,4.0,60.0
69999403,17.0,28.0
14383298,17.0,2.0
22459156,7.0,24.0
61696256,4.0,24.0
54607331,,
49527105,16.0,29.0
5026183,20.0,8.0
33729311,17.0,60.0
25650616,5.0,60.0
45915001,0.0,
7598735,9.0,29.0
47675475,10.0,
59183146,7.0,67.0
10127599,12.0,11.0
663252,5.0,16.0
27165174,20.0,63.0
32612798,18.0,60.0
79513677,17.0,59.0
59482395,5.0,12.0
79227326,19.0,38.0
20481238,17.0,12.0
20452739,10.0,60.0
2679493,0.0,17.0
25033403,17.0,24.0
11448245,13.0,37.0
72332542,5.0,50.0
52897181,21.0,72.0
48936688,0.0,33.0
85657407,12.0,63.0
10171388,20.0,13.0
83150468,17.0,2.0
77226001,19.0,60.0
72715994,0.0,17.0
88172164,4.0,18.0
42285079,10.0,1.0
80254346,7.0,37.0
23178909,19.0,2.0
17838119,0.0,60.0
81194576,10.0,2.0
3440218,18.0,87.0
26183216,17.0,60.0
13939011,10.0,55.0
72191933,0.0,46.0
12267215,9.0,28.0
68177228,0.0,2.0
1470027,5.0,61.0
37821472,12.0,61.0
48520835,5.0,10.0
33042387,21.0,70.0
16788746,10.0,53.0
81745464,19.0,29.0
63936402,10.0,53.0
6953156,10.0,60.0
25025448,12.0,2.0
70475170,17.0,47.0
83047803,4.0,37.0
56645826,17.0,38.0
57318063,0.0,41.0
45468233,12.0,60.0
62591552,10.0,11.0
83009297,21.0,71.0
5427244,10.0,90.0
21858055,20.0,59.0
60608929,17.0,29.0
45498683,20.0,2.0
8411116,17.0,17.0
20176334,18.0,81.0
69733856,10.0,66.0
11145384,12.0,59.0
58010145,9.0,17.0
66794416,9.0,18.0
27210596,20.0,60.0
69966949,9.0,24.0
72780017,21.0,79.0
38750472,20.0,15.0
41043460,12.0,18.0
31623270,10.0,2.0
40184273,10.0,2.0
60755235,12.0,37.0
73258920,20.0,2.0
88819018,21.0,11.0
22207175,9.0,76.0
6788811,21.0,90.0
71840164,20.0,51.0
89396124,20.0,38.0
23886600,20.0,29.0
24139441,7.0,44.0
2337229,20.0,2.0
86168757,18.0,31.0
89498922,,
60670919,20.0,59.0
68562143,17.0,66.0
50082926,20.0,2.0
17440077,5.0,18.0
2254327,12.0,82.0
50084217,4.0,2.0
62600650,4.0,60.0
80633232,20.0,18.0
45559101,13.0,37.0
13220387,7.0,82.0
83240062,9.0,61.0
19760918,9.0,75.0
39905876,17.0,29.0
14545131,12.0,90.0
68161163,20.0,84.0
64192782,21.0,25.0
58596079,21.0,2.0
7682780,10.0,18.0
77811032,12.0,2.0
17775914,17.0,82.0
11505846,10.0,
26793129,4.0,18.0
86220077,19.0,2.0
29322658,12.0,71.0
31258600,20.0,61.0
78931120,4.0,46.0
47030732,9.0,17.0
59049461,19.0,18.0
82953666,12.0,64.0
58435561,12.0,24.0
8872041,7.0,60.0
69817354,20.0,71.0
72432694,12.0,56.0
36306391,17.0,76.0
19755255,20.0,55.0
51547094,21.0,84.0
84187706,17.0,48.0
20932377,5.0,90.0
45337716,17.0,24.0
29317432,5.0,90.0
68833429,20.0,60.0
50663470,12.0,15.0
51497236,12.0,88.0
69554440,0.0,46.0
54420690,20.0,8.0
29371665,21.0,61.0
72679918,12.0,38.0
41446902,12.0,85.0
46756542,10.0,37.0
89710861,7.0,8.0
50777807,20.0,60.0
66791275,10.0,61.0
85653649,20.0,72.0
27644262,17.0,48.0
33365871,20.0,25.0
38441868,17.0,46.0
4626069,17.0,90.0
64696762,10.0,2.0
67800632,12.0,2.0
29229642,17.0,2.0
28293544,0.0,22.0
68982067,20.0,63.0
68799671,10.0,71.0
55886942,20.0,54.0
75240848,7.0,66.0
81701021,20.0,2.0
20280816,20.0,82.0
9758205,12.0,11.0
3685645,9.0,3.0
681630,21.0,41.0
32925224,5.0,2.0
87454309,20.0,59.0
3381620,17.0,21.0
70621631,9.0,41.0
14846912,18.0,46.0
87253966,16.0,82.0
58944954,9.0,73.0
84423495,12.0,19.0
85705311,9.0,60.0
36597429,21.0,59.0
30780471,12.0,29.0
8973147,0.0,28.0
62969918,17.0,18.0
24837012,20.0,55.0
26708155,9.0,60.0
32000831,9.0,11.0
40588257,7.0,90.0
61035194,9.0,
12825342,7.0,43.0
17558964,21.0,53.0
17603291,21.0,18.0
18085855,17.0,71.0
18683312,10.0,18.0
51076233,4.0,17.0
15004342,20.0,31.0
56744743,18.0,81.0
31988310,12.0,4.0
77345176,9.0,37.0
38347523,0.0,60.0
60854110,17.0,2.0
36242999,21.0,2.0
3391623,13.0,
188032,2.0,11.0
51591593,12.0,81.0
18857076,0.0,85.0
37759444,21.0,2.0
77212616,21.0,25.0
66987959,20.0,41.0
36202557,20.0,82.0
4674598,17.0,67.0
77196771,10.0,36.0
61923420,0.0,2.0
77582822,5.0,22.0
2638374,9.0,90.0
23806067,17.0,24.0
75433364,4.0,63.0
70299472,0.0,2.0
66922554,17.0,2.0
47021676,10.0,75.0
1761869,20.0,9.0
53545057,19.0,67.0
11666159,4.0,27.0
26830810,20.0,36.0
43879325,18.0,54.0
48920571,17.0,18.0
66277100,0.0,2.0
50997481,0.0,60.0
54441057,17.0,11.0
26321641,10.0,41.0
43363778,21.0,88.0
57810460,0.0,40.0
12684463,20.0,49.0
77566832,17.0,60.0
8707006,20.0,24.0
30725324,12.0,59.0
23927710,4.0,23.0
78423860,20.0,25.0
6280389,9.0,51.0
38192090,20.0,49.0
74564558,9.0,52.0
70309234,19.0,37.0
20335772,21.0,84.0
56090508,9.0,17.0
10331408,2.0,50.0
15859642,10.0,29.0
23727118,20.0,12.0
76031399,20.0,24.0
54849271,9.0,2.0
47488178,21.0,18.0
16946310,8.0,
24684051,10.0,18.0
74572835,6.0,
20716168,17.0,85.0
10832624,17.0,25.0
69170379,4.0,18.0
10387027,12.0,60.0
46145957,10.0,17.0
86759330,21.0,64.0
54698151,20.0,2.0
3804703,9.0,85.0
9752551,20.0,7.0
84602394,12.0,2.0
72883707,4.0,82.0
22890681,17.0,2.0
67688839,17.0,54.0
43517477,21.0,57.0
17626736,10.0,18.0
16053795,17.0,53.0
37475892,4.0,22.0
8969068,7.0,25.0
44247682,7.0,
81857823,10.0,60.0
80216531,7.0,2.0
20729143,17.0,60.0
23378199,17.0,66.0
55586184,0.0,49.0
37697530,10.0,67.0
34633824,19.0,24.0
21789008,17.0,55.0
62108307,19.0,24.0
12790843,12.0,60.0
52241588,10.0,2.0
36734712,20.0,90.0
31956002,9.0,69.0
88951671,20.0,70.0
63648717,9.0,85.0
10494033,12.0,59.0
9174228,12.0,2.0
43726723,9.0,90.0
85938382,17.0,53.0
3605558,18.0,88.0
45874386,20.0,18.0
45849779,4.0,81.0
42799710,12.0,82.0
53283926,1.0,2.0
24774467,10.0,18.0
78443328,9.0,39.0
65143035,9.0,2.0
3880677,5.0,7.0
52001400,19.0,11.0
68101140,17.0,63.0
59594336,21.0,64.0
5884355,16.0,
40626171,12.0,2.0
51345730,12.0,60.0
88091844,4.0,34.0
16628360,17.0,2.0
68941277,4.0,86.0
21314748,10.0,61.0
17338582,0.0,37.0
81420738,12.0,56.0
57911940,20.0,90.0
40625430,20.0,85.0
12148399,21.0,61.0
76496365,9.0,21.0
67911466,21.0,38.0
13163524,20.0,75.0
24287038,20.0,60.0
1505731,21.0,90.0
22991471,18.0,17.0
1414896,20.0,2.0
38551285,18.0,41.0
69090418,19.0,2.0
39539048,17.0,2.0
51542606,9.0,23.0
25435814,17.0,2.0
75829183,10.0,2.0
60976373,6.0,89.0
48236616,9.0,24.0
60545245,12.0,2.0
16994886,4.0,51.0
67202476,4.0,55.0
53824367,9.0,17.0
87063857,6.0,24.0
69891895,4.0,84.0
63164736,20.0,
33562523,7.0,90.0
6302842,17.0,18.0
53554169,12.0,11.0
40409217,18.0,4.0
45254732,13.0,89.0
76339671,12.0,2.0
4864690,2.0,2.0
12694534,12.0,50.0
13618592,12.0,90.0
43802460,18.0,26.0
17380685,0.0,60.0
55424738,20.0,14.0
3878174,17.0,18.0
36055036,9.0,2.0
2046930,4.0,61.0
89028417,20.0,18.0
82654970,5.0,28.0
56079682,0.0,59.0
30033876,4.0,83.0
52501346,9.0,84.0
12380072,20.0,2.0
79097010,21.0,24.0
75244962,17.0,81.0
73279506,12.0,44.0
8005180,20.0,75.0
38672705,20.0,2.0
39580397,20.0,72.0
16587985,12.0,53.0
51665024,0.0,60.0
89330897,9.0,53.0
23655704,9.0,28.0
31732740,0.0,74.0
62523815,20.0,63.0
34591854,17.0,11.0
49076433,20.0,59.0
56514004,0.0,
32743523,17.0,2.0
3523952,4.0,60.0
38781092,17.0,11.0
72294897,18.0,2.0
26087834,17.0,14.0
49685448,17.0,2.0
40945664,12.0,37.0
18382108,19.0,61.0
15013755,12.0,84.0
31731717,19.0,73.0
11091441,12.0,25.0
75255274,5.0,2.0
85866449,20.0,25.0
186945,3.0,90.0
39854204,5.0,24.0
42493310,17.0,2.0
53152492,20.0,2.0
74147442,4.0,85.0
35102519,17.0,2.0
79685756,4.0,61.0
9757677,21.0,60.0
85032428,21.0,7.0
49314093,19.0,37.0
73861229,10.0,24.0
43314805,10.0,5.0
17499750,12.0,2.0
82195200,21.0,85.0
85497623,20.0,90.0
34600589,20.0,70.0
67015918,9.0,22.0
58896970,19.0,30.0
3457261,17.0,51.0
22820395,4.0,23.0
37231356,4.0,85.0
75088584,7.0,2.0
9369366,9.0,2.0
41596627,9.0,59.0
33797481,17.0,2.0
69410943,18.0,60.0
37401844,20.0,33.0
66002651,17.0,59.0
20714126,12.0,2.0
76096427,17.0,46.0
74733658,5.0,53.0
51970250,19.0,16.0
19601098,18.0,2.0
1194245,19.0,53.0
29256512,20.0,29.0
30459291,12.0,2.0
2432637,10.0,2.0
85797291,9.0,29.0
31440789,5.0,90.0
71931044,18.0,37.0
31654959,10.0,59.0
14875975,17.0,59.0
12334987,20.0,25.0
56051786,4.0,82.0
6445251,12.0,59.0
34967005,13.0,7.0
79057366,19.0,2.0
40756252,17.0,55.0
31359537,5.0,12.0
30184688,12.0,24.0
12768171,17.0,29.0
87552084,19.0,81.0
86790634,12.0,2.0
45185267,10.0,
38959328,17.0,67.0
60003881,12.0,2.0
69636030,18.0,24.0
70922382,20.0,11.0
50962974,0.0,90.0
14869847,4.0,24.0
78078009,20.0,60.0
31657373,21.0,67.0
55833186,12.0,17.0
55955638,17.0,53.0
53281628,19.0,36.0
22766076,9.0,11.0
82952396,10.0,40.0
71627555,12.0,2.0
65984642,20.0,8.0
87179890,12.0,24.0
39659794,17.0,9.0
28669306,19.0,64.0
14682,19.0,61.0
67310054,17.0,36.0
25471028,21.0,37.0
46649632,21.0,81.0
49525516,17.0,2.0
62049797,6.0,36.0
48438776,12.0,2.0
86359112,11.0,90.0
27043880,10.0,60.0
29596043,4.0,84.0
39830025,19.0,49.0
46492989,5.0,9.0
84065387,6.0,90.0
46237196,17.0,27.0
63483598,4.0,63.0
435429,10.0,23.0
62868595,20.0,
55211228,9.0,2.0
16476118,0.0,2.0
49341755,21.0,9.0
74850914,7.0,18.0
14824367,17.0,84.0
28838563,5.0,71.0
10019932,9.0,2.0
4305500,4.0,28.0
75877607,9.0,81.0
83094438,12.0,11.0
39286572,20.0,90.0
59269052,12.0,23.0
78852435,1.0,85.0
44389667,12.0,90.0
79473566,9.0,2.0
25949807,13.0,
75607101,0.0,73.0
8287937,17.0,53.0
11539279,4.0,85.0
67403089,3.0,
58886046,4.0,58.0
455902,20.0,2.0
80169014,9.0,64.0
87591110,4.0,27.0
16078503,7.0,2.0
24934061,17.0,15.0
40276986,20.0,90.0
26015724,17.0,2.0
82461700,9.0,24.0
42198001,16.0,3.0
63121690,19.0,61.0
58035552,12.0,11.0
57804209,17.0,61.0
3468251,12.0,2.0
11956885,17.0,2.0
61641266,19.0,6.0
71200915,4.0,2.0
22629835,20.0,2.0
30430209,20.0,18.0
22549624,10.0,2.0
78211277,10.0,13.0
78486661,9.0,60.0
71469162,17.0,17.0
42071498,21.0,90.0
61963865,9.0,24.0
33219422,18.0,24.0
8075477,9.0,2.0
67534595,19.0,24.0
44005480,20.0,60.0
78900337,21.0,60.0
35636913,18.0,64.0
49810949,12.0,60.0
78479885,19.0,81.0
27257143,5.0,63.0
39240632,5.0,37.0
34907430,10.0,59.0
63691269,9.0,73.0
163364,17.0,55.0
34739856,17.0,42.0
66730231,20.0,2.0
25784523,21.0,
16067264,9.0,83.0
36644450,17.0,61.0
17528236,10.0,0.0
86647223,12.0,16.0
30119268,0.0,2.0
42085607,17.0,2.0
51517001,9.0,24.0
38435067,17.0,86.0
59549623,19.0,11.0
35971765,19.0,67.0
65548619,7.0,90.0
27258876,4.0,2.0
63462070,4.0,68.0
45354110,6.0,81.0
3546081,17.0,17.0
41828789,4.0,24.0
45487052,12.0,19.0
1743825,10.0,73.0
52632297,10.0,24.0
76194405,10.0,82.0
37180558,10.0,2.0
23633771,20.0,60.0
38466950,10.0,90.0
24511378,9.0,37.0
66111915,0.0,24.0
54760468,12.0,31.0
69975748,18.0,1.0
12832769,7.0,60.0
22456695,0.0,63.0
32200936,10.0,73.0
692834,17.0,2.0
55741351,21.0,22.0
89576348,17.0,90.0
69013557,19.0,61.0
47031371,17.0,2.0
86077245,9.0,24.0
33573416,20.0,60.0
62085898,21.0,17.0
88126672,0.0,2.0
28190437,10.0,38.0
18292681,9.0,51.0
60001772,10.0,29.0
37589504,13.0,18.0
12091069,20.0,29.0
84037001,12.0,11.0
64927950,13.0,67.0
78298023,12.0,87.0
73017107,4.0,64.0
11837746,0.0,41.0
43748301,21.0,13.0
38675961,4.0,84.0
22123626,12.0,18.0
36540025,10.0,85.0
38911755,17.0,90.0
71640089,9.0,2.0
31490678,20.0,2.0
65161334,9.0,15.0
36207405,12.0,75.0
54483869,18.0,15.0
27748255,21.0,76.0
35616127,17.0,2.0
38446385,21.0,90.0
36530355,10.0,2.0
14659934,12.0,46.0
72099772,13.0,17.0
87232082,17.0,25.0
75006966,12.0,51.0
11100429,9.0,59.0
63621141,0.0,84.0
50188816,19.0,38.0
46619585,7.0,2.0
38670362,12.0,2.0
4879182,21.0,9.0
11423245,21.0,25.0
48635262,17.0,79.0
48358890,12.0,24.0
49367725,4.0,31.0
52493379,21.0,56.0
4317716,12.0,24.0
59029671,12.0,67.0
64288458,0.0,38.0
64758225,10.0,82.0
12407955,0.0,22.0
34961914,6.0,
33589190,20.0,59.0
24710149,12.0,2.0
63336536,9.0,75.0
53707885,20.0,2.0
42926070,10.0,2.0
13635445,19.0,
34016289,10.0,67.0
85711195,7.0,60.0
19922959,19.0,64.0
7299138,12.0,2.0
21790264,9.0,
59320820,12.0,60.0
10585614,4.0,49.0
82018582,12.0,2.0
45622294,9.0,60.0
68718915,17.0,29.0
83674879,20.0,36.0
75278701,17.0,72.0
83302021,12.0,2.0
85333617,11.0,2.0
38013707,18.0,23.0
5991199,7.0,84.0
71540039,10.0,36.0
83434065,9.0,5.0
59192731,21.0,2.0
49488346,20.0,29.0
23709639,,
77193441,18.0,46.0
67542771,9.0,15.0
11674696,12.0,60.0
4760078,19.0,7.0
55330083,17.0,2.0
81819797,9.0,37.0
4964035,19.0,59.0
55041508,4.0,2.0
11177423,5.0,59.0
87703545,4.0,2.0
15894688,12.0,21.0
78483811,21.0,60.0
9554504,12.0,86.0
13265364,21.0,55.0
83657470,17.0,38.0
40688670,9.0,2.0
48168279,19.0,24.0
60606126,12.0,2.0
69259263,19.0,29.0
75398883,10.0,59.0
79552520,0.0,18.0
79891248,20.0,84.0
76519633,10.0,56.0
68673246,12.0,83.0
37552366,17.0,71.0
13898776,20.0,11.0
28967508,12.0,64.0
40099491,10.0,63.0
67032421,10.0,2.0
1414944,21.0,11.0
44831708,20.0,60.0
1620138,20.0,2.0
42803062,21.0,2.0
61118713,13.0,35.0
50655120,17.0,12.0
40165576,10.0,52.0
64490167,12.0,54.0
8468614,21.0,61.0
28182791,19.0,25.0
77497315,4.0,54.0
12894877,21.0,63.0
14904481,12.0,11.0
9780452,4.0,2.0
19171616,20.0,53.0
88656044,9.0,85.0
1359862,20.0,60.0
53400382,0.0,29.0
45589429,0.0,66.0
29082911,9.0,85.0
63822,10.0,21.0
73809963,21.0,75.0
78641362,17.0,56.0
51796479,9.0,60.0
81090308,20.0,1.0
32964621,12.0,63.0
41751282,2.0,37.0
74768605,4.0,2.0
10269962,4.0,2.0
80798432,0.0,61.0
56000682,9.0,35.0
51260925,7.0,81.0
66131295,20.0,36.0
76624483,19.0,60.0
49568294,4.0,2.0
16019085,17.0,56.0
40185301,20.0,12.0
6577174,17.0,2.0
5772856,20.0,2.0
63360695,20.0,82.0
4187659,19.0,73.0
55076624,4.0,60.0
23685356,21.0,28.0
19552047,0.0,56.0
71420614,17.0,55.0
10781725,17.0,28.0
67481837,7.0,45.0
1498460,21.0,63.0
69323224,17.0,60.0
79786811,12.0,37.0
59071541,6.0,88.0
89059644,0.0,
76360933,1.0,90.0
23781300,7.0,82.0
14822677,10.0,51.0
23736561,21.0,42.0
77406304,17.0,2.0
64428075,20.0,2.0
21701837,8.0,
46561562,20.0,11.0
71680393,12.0,54.0
44784336,21.0,24.0
679703,17.0,11.0
43711727,20.0,11.0
70472640,12.0,18.0
33240191,0.0,2.0
5881812,12.0,82.0
673848,17.0,2.0
72067837,7.0,23.0
20382172,20.0,35.0
85019744,12.0,90.0
89297309,19.0,90.0
88830605,19.0,29.0
23926733,10.0,59.0
20355858,17.0,2.0
4751586,4.0,18.0
69468300,12.0,90.0
35014584,7.0,73.0
67949450,10.0,87.0
16167294,0.0,24.0
11462029,12.0,64.0
48030937,20.0,59.0
5119287,10.0,84.0
36211907,0.0,18.0
83588670,0.0,3.0
82150410,20.0,59.0
85875369,19.0,82.0
70585523,9.0,15.0
12234345,12.0,60.0
64464589,12.0,82.0
82883420,9.0,60.0
74957700,21.0,17.0
16864164,9.0,82.0
50225505,21.0,24.0
84017257,5.0,48.0
14326557,19.0,13.0
18357702,9.0,48.0
31225549,12.0,60.0
47421127,17.0,86.0
42300567,21.0,23.0
64644521,19.0,2.0
47930448,4.0,24.0
6466022,12.0,2.0
68666933,9.0,60.0
37974529,4.0,71.0
2290107,18.0,18.0
59891642,4.0,41.0
11351534,0.0,45.0
73841109,20.0,24.0
78682083,21.0,4.0
89246076,12.0,53.0
44452395,17.0,81.0
37890121,19.0,25.0
75838997,4.0,38.0
67485955,5.0,10.0
70449221,19.0,25.0
89258657,12.0,60.0
40412245,20.0,82.0
59118470,9.0,36.0
35082186,17.0,18.0
145311,9.0,60.0
23648089,12.0,18.0
36253954,10.0,82.0
62173988,17.0,59.0
54698303,17.0,1.0
20445721,19.0,22.0
46910338,9.0,74.0
6260259,12.0,66.0
42364714,20.0,2.0
33600800,9.0,2.0
65757567,21.0,15.0
66262977,9.0,2.0
27550540,5.0,2.0
59807285,19.0,55.0
4134886,7.0,61.0
58408392,0.0,60.0
34779915,5.0,2.0
29126081,9.0,90.0
36709367,4.0,2.0
53989198,12.0,36.0
46879430,0.0,59.0
6156034,19.0,2.0
55318919,18.0,60.0
52319498,17.0,84.0
19181101,17.0,11.0
61636296,12.0,37.0
30713688,18.0,84.0
23312870,9.0,11.0
41015214,20.0,18.0
34903430,13.0,32.0
31535722,10.0,2.0
13678976,5.0,59.0
3920799,4.0,53.0
4332515,17.0,2.0
10427636,20.0,24.0
16987030,21.0,21.0
18074519,20.0,43.0
20256468,12.0,82.0
77516142,12.0,18.0
25515537,6.0,2.0
79366504,17.0,84.0
30271230,19.0,11.0
30395477,4.0,41.0
9924546,7.0,85.0
46552784,17.0,15.0
33981419,20.0,53.0
43226265,20.0,2.0
74432785,12.0,2.0
74849314,12.0,2.0
37596110,19.0,71.0
12292453,1.0,35.0
28412729,17.0,73.0
25043688,10.0,83.0
29750776,4.0,61.0
71994299,6.0,
62499142,12.0,24.0
85095226,19.0,61.0
19758451,9.0,86.0
71685979,19.0,0.0
36457791,20.0,17.0
42716366,17.0,23.0
45387092,1.0,
62900522,7.0,41.0
30519165,0.0,73.0
62909579,17.0,53.0
10407965,20.0,60.0
88754434,10.0,67.0
55567522,19.0,2.0
10226886,0.0,53.0
16710026,20.0,89.0
5289643,19.0,60.0
50130840,17.0,86.0
34881081,10.0,84.0
30996580,10.0,17.0
45371198,21.0,2.0
75450822,10.0,
85656472,21.0,29.0
48705,12.0,21.0
34123827,5.0,18.0
56484571,5.0,90.0
48838739,12.0,59.0
69188058,9.0,29.0
62435079,17.0,60.0
6185831,12.0,24.0
21534905,9.0,18.0
62774302,5.0,2.0
60957682,12.0,71.0
64427321,0.0,81.0
5963257,19.0,2.0
40757880,19.0,24.0
49188030,18.0,81.0
23010752,19.0,60.0
23382061,12.0,2.0
28940890,21.0,41.0
72916923,19.0,18.0
65932564,10.0,90.0
45468950,20.0,22.0
26819018,21.0,72.0
17311884,17.0,9.0
27701409,18.0,
65244283,5.0,28.0
73727976,21.0,59.0
85569408,17.0,
60060232,21.0,86.0
23528317,4.0,61.0
59296567,17.0,18.0
34712115,21.0,18.0
89551167,18.0,21.0
52255285,19.0,64.0
5638213,12.0,2.0
58882841,12.0,52.0
56051731,4.0,
31335412,20.0,71.0
19105363,10.0,15.0
19872739,12.0,60.0
74094443,17.0,2.0
6991218,17.0,90.0
48015883,10.0,11.0
18608634,4.0,18.0
43137061,9.0,60.0
87203544,19.0,29.0
15832678,12.0,82.0
61559736,17.0,23.0
76104858,10.0,59.0
55629172,19.0,2.0
2751212,20.0,24.0
85456743,12.0,67.0
50211948,4.0,51.0
66815750,9.0,22.0
5832255,9.0,2.0
22046872,19.0,59.0
57245622,10.0,79.0
54475301,4.0,60.0
87674432,16.0,60.0
56042127,20.0,2.0
53675127,0.0,25.0
55140466,9.0,2.0
27137260,13.0,
85959150,7.0,2.0
37843968,19.0,59.0
61215624,4.0,23.0
25412475,10.0,23.0
35117012,17.0,2.0
89328983,18.0,24.0
82448432,17.0,66.0
31622177,0.0,61.0
70759893,9.0,18.0
24851106,19.0,90.0
8968443,18.0,18.0
53379360,5.0,5.0
81698011,4.0,59.0
32163396,17.0,29.0
21171986,9.0,
6218265,20.0,60.0
44404328,1.0,59.0
26922444,12.0,71.0
62333908,17.0,27.0
66326235,20.0,18.0
72016804,1.0,2.0
72688088,4.0,22.0
32674719,7.0,25.0
12554370,19.0,2.0
78468494,12.0,46.0
88616721,9.0,2.0
23974781,17.0,88.0
12947657,7.0,52.0
62420676,17.0,90.0
63946473,12.0,60.0
47254046,9.0,60.0
36249367,17.0,2.0
56972140,18.0,33.0
72799428,10.0,2.0
88181560,9.0,2.0
28543913,12.0,18.0
6119057,12.0,60.0
2143151,17.0,44.0
54684394,17.0,90.0
42012927,7.0,2.0
14578091,17.0,29.0
79936343,9.0,70.0
47402631,21.0,36.0
34157623,9.0,61.0
82163929,20.0,2.0
27257043,4.0,90.0
23341767,17.0,66.0
78763733,5.0,55.0
83929961,9.0,41.0
37615398,12.0,71.0
36905578,12.0,63.0
33197874,21.0,59.0
66283630,9.0,2.0
40003518,10.0,53.0
2465897,5.0,71.0
1702739,20.0,1.0
54318611,4.0,6.0
60199028,10.0,60.0
3650982,12.0,15.0
42808030,0.0,36.0
89765804,12.0,15.0
43176926,12.0,16.0
47881624,20.0,35.0
9804759,4.0,18.0
55600069,5.0,24.0
41743509,17.0,90.0
80459827,1.0,8.0
46631359,12.0,24.0
49345706,10.0,25.0
75257797,13.0,59.0
55252198,9.0,55.0
24900952,20.0,13.0
74645245,17.0,18.0
6343916,20.0,19.0
62596715,17.0,60.0
1824421,0.0,33.0
41397408,21.0,62.0
62388340,21.0,2.0
11936222,0.0,41.0
17136979,10.0,18.0
63305116,10.0,59.0
83115392,5.0,82.0
21028428,0.0,74.0
17890213,12.0,90.0
51603394,17.0,11.0
26918491,17.0,59.0
33290192,17.0,85.0
2526144,20.0,31.0
47915757,21.0,82.0
43737077,9.0,25.0
19664503,20.0,2.0
12928427,17.0,2.0
51322158,10.0,29.0
35491266,4.0,2.0
46505143,17.0,32.0
69832408,20.0,61.0
62726293,21.0,14.0
34316821,12.0,84.0
63517210,20.0,2.0
67089461,10.0,25.0
16930376,9.0,2.0
71143834,17.0,2.0
30466897,21.0,71.0
38349659,12.0,59.0
1593458,21.0,41.0
26306658,5.0,2.0
70847872,17.0,37.0
66479611,17.0,76.0
79370990,21.0,15.0
47428921,20.0,85.0
59139905,21.0,
948439,20.0,29.0
66175862,21.0,76.0
7889178,4.0,2.0
16271970,20.0,58.0
26282475,0.0,18.0
24726886,9.0,18.0
55114840,21.0,59.0
42051365,21.0,66.0
30225557,5.0,73.0
27607546,12.0,2.0
28328586,17.0,2.0
85677435,20.0,2.0
35605805,12.0,24.0
42806376,19.0,18.0
53379517,20.0,49.0
27408963,12.0,2.0
7535864,12.0,8.0
79789917,12.0,24.0
19445322,12.0,15.0
2083544,20.0,11.0
49509087,17.0,76.0
58196600,20.0,2.0
70181330,10.0,24.0
13035730,9.0,2.0
40040043,21.0,14.0
44722134,20.0,24.0
28664738,21.0,60.0
71534510,5.0,42.0
5606846,17.0,24.0
16546651,0.0,90.0
45897578,12.0,49.0
80749229,20.0,72.0
50246263,0.0,
74363182,4.0,90.0
60644277,4.0,84.0
39807089,4.0,90.0
7525522,10.0,2.0
6601214,18.0,90.0
35575523,10.0,2.0
49100379,0.0,60.0
42753866,17.0,59.0
13779386,18.0,2.0
33800597,9.0,2.0
47813609,9.0,17.0
8060590,20.0,70.0
76515495,10.0,85.0
47235906,17.0,0.0
71626719,0.0,90.0
34845402,0.0,24.0
51897550,12.0,35.0
82063622,4.0,61.0
11909362,10.0,60.0
9556748,12.0,
3294750,12.0,2.0
49496143,4.0,24.0
12044568,17.0,2.0
23751389,4.0,15.0
42959419,9.0,36.0
55209332,21.0,61.0
77579606,5.0,54.0
3406166,9.0,22.0
81344934,9.0,40.0
35516890,17.0,55.0
70313553,12.0,2.0
37610212,5.0,24.0
60302750,9.0,64.0
16532900,10.0,24.0
57462761,9.0,19.0
19400318,21.0,67.0
88066552,17.0,2.0
14982392,5.0,50.0
72321567,20.0,41.0
33955175,20.0,25.0
3573919,17.0,10.0
81656769,9.0,43.0
52717049,17.0,84.0
1072840,19.0,15.0
79049713,4.0,46.0
18499717,9.0,2.0
78099541,4.0,89.0
10886494,0.0,38.0
60406164,7.0,51.0
32813251,20.0,59.0
78021981,20.0,9.0
81681737,12.0,18.0
19869790,21.0,2.0
40837105,20.0,18.0
89796453,4.0,17.0
50295140,17.0,2.0
10334836,12.0,4.0
65585304,21.0,70.0
70427122,20.0,2.0
4778144,20.0,60.0
8525235,17.0,36.0
29323421,12.0,54.0
80609388,17.0,19.0
48781011,17.0,2.0
19607703,9.0,15.0
88298712,4.0,17.0
84141194,4.0,2.0
34936397,21.0,2.0
32974776,17.0,27.0
10301845,7.0,61.0
3897113,7.0,18.0
49871243,12.0,31.0
49811916,17.0,75.0
1109600,9.0,4.0
29376749,12.0,17.0
24869689,9.0,61.0
41416737,7.0,2.0
2590347,10.0,21.0
13180686,12.0,63.0
87805744,17.0,10.0
40824543,17.0,90.0
45606634,13.0,29.0
26193365,20.0,37.0
53547077,12.0,60.0
84053615,4.0,85.0
44566031,17.0,2.0
46423959,12.0,67.0
7751477,9.0,60.0
63610473,21.0,5.0
81360890,17.0,11.0
78712440,4.0,12.0
27439810,21.0,90.0
7269608,19.0,37.0
71134051,17.0,15.0
80870699,17.0,48.0
30831946,19.0,29.0
12880767,12.0,2.0
77417501,9.0,2.0
27004754,6.0,15.0
1605527,19.0,61.0
67102794,4.0,18.0
55323581,4.0,73.0
48879731,21.0,59.0
28538454,20.0,84.0
68962722,9.0,6.0
65259264,17.0,2.0
36625966,18.0,55.0
35504222,21.0,2.0
29490463,13.0,41.0
56196354,16.0,60.0
36087806,12.0,17.0
37152966,21.0,25.0
2978146,21.0,86.0
7905160,17.0,2.0
1509716,4.0,2.0
40036434,12.0,2.0
78747342,9.0,2.0
10482642,0.0,60.0
61822048,19.0,1.0
61354176,4.0,18.0
19473928,9.0,55.0
13235629,19.0,1.0
48572215,21.0,60.0
64729485,17.0,2.0
1125509,20.0,60.0
31428136,17.0,82.0
61127513,17.0,34.0
24147989,12.0,90.0
69998883,10.0,11.0
42310057,17.0,90.0
71406457,7.0,36.0
36670418,0.0,67.0
70721476,19.0,29.0
54080086,0.0,24.0
9650955,12.0,67.0
13265884,4.0,33.0
11574319,12.0,60.0
79230993,4.0,53.0
64431149,21.0,90.0
36605140,21.0,63.0
29230763,10.0,56.0
86467251,17.0,61.0
9462898,17.0,15.0
23932053,20.0,37.0
61916835,20.0,18.0
21691091,4.0,63.0
71086686,17.0,60.0
53788915,9.0,41.0
16792079,9.0,50.0
14394053,12.0,2.0
6801558,17.0,25.0
14866942,10.0,60.0
27853332,19.0,17.0
3272737,12.0,48.0
75806697,0.0,2.0
52058338,4.0,60.0
86051995,0.0,2.0
2218589,12.0,82.0
53931792,21.0,79.0
17909354,5.0,61.0
82241436,0.0,17.0
18874355,19.0,60.0
52589135,17.0,18.0
55249782,20.0,18.0
68203791,20.0,70.0
82808992,17.0,32.0
5233879,1.0,15.0
39497855,19.0,53.0
80446700,10.0,11.0
9870394,6.0,2.0
75454737,9.0,22.0
73315679,19.0,2.0
89434932,0.0,2.0
3703281,5.0,15.0
82880358,6.0,25.0
53924527,6.0,29.0
66340408,17.0,18.0
77928637,19.0,28.0
83082336,20.0,2.0
89777748,10.0,2.0
52988878,12.0,2.0
63307957,17.0,86.0
65793863,9.0,48.0
54198810,10.0,85.0
72698694,12.0,86.0
10020244,19.0,2.0
63427361,17.0,17.0
31255954,9.0,17.0
55389438,10.0,90.0
53906517,17.0,55.0
23327850,20.0,12.0
79630328,12.0,24.0
54655434,4.0,29.0
84863166,12.0,1.0
5333024,21.0,2.0
1331805,10.0,82.0
38701826,13.0,
61278638,20.0,2.0
15544082,4.0,2.0
68752590,17.0,18.0
58601764,20.0,29.0
18628005,9.0,24.0
11743222,9.0,72.0
22521194,12.0,18.0
58033388,20.0,18.0
2328949,17.0,10.0
65976103,10.0,63.0
29673642,9.0,60.0
61755628,21.0,2.0
83561953,6.0,24.0
45725762,21.0,18.0
14019969,19.0,38.0
89014006,21.0,81.0
33120224,19.0,60.0
33749395,17.0,90.0
32445942,9.0,15.0
47455752,19.0,1.0
67064975,18.0,49.0
54227158,21.0,44.0
66730256,4.0,53.0
32108425,10.0,2.0
55965763,12.0,31.0
2524674,7.0,
82299577,5.0,
40824201,9.0,67.0
73011979,12.0,85.0
48041205,0.0,48.0
25959627,19.0,84.0
11254470,0.0,79.0
82467081,10.0,43.0
55530801,4.0,2.0
88769500,9.0,12.0
30212158,9.0,46.0
39125185,20.0,28.0
83018247,20.0,32.0
10444637,12.0,34.0
67880705,21.0,85.0
34082366,20.0,11.0
5857659,19.0,8.0
32431591,0.0,2.0
21877851,12.0,29.0
52927342,10.0,67.0
47474385,7.0,2.0
2828967,12.0,61.0
38742959,12.0,29.0
81445520,20.0,81.0
47006651,20.0,2.0
52337969,0.0,18.0
25729172,17.0,2.0
4524601,9.0,70.0
1195937,20.0,23.0
256519,21.0,81.0
88465803,10.0,1.0
61220026,0.0,2.0
54439569,12.0,27.0
84700163,17.0,29.0
76280923,18.0,24.0
52715843,7.0,46.0
63394792,1.0,2.0
2490695,5.0,79.0
60418667,20.0,52.0
75539889,20.0,2.0
36150622,9.0,24.0
49378945,18.0,11.0
27765460,21.0,2.0
50015147,7.0,2.0
59960006,0.0,2.0
6563269,9.0,37.0
17211805,0.0,2.0
77572293,10.0,46.0
74250387,19.0,60.0
50075626,17.0,70.0
70997499,20.0,11.0
74551038,1.0,2.0
69232152,20.0,90.0
30993704,12.0,2.0
80680002,21.0,55.0
62466921,9.0,59.0
29535050,4.0,53.0
55742554,10.0,2.0
77891394,7.0,77.0
53847702,12.0,74.0
14185574,21.0,81.0
80740753,21.0,38.0
37059830,17.0,38.0
56448737,17.0,54.0
26951130,17.0,17.0
34930123,17.0,2.0
24613290,10.0,70.0
23088791,21.0,54.0
63807299,0.0,24.0
70167610,21.0,88.0
1152948,17.0,23.0
78468084,17.0,4.0
61533868,20.0,2.0
89805000,19.0,17.0
63657713,12.0,2.0
86176334,20.0,2.0
63821747,21.0,2.0
10686478,17.0,17.0
46308106,17.0,17.0
39560033,20.0,90.0
54604942,12.0,60.0
57026555,17.0,85.0
44155023,10.0,90.0
34845771,5.0,2.0
42946128,4.0,18.0
28383714,4.0,60.0
39602658,0.0,35.0
86959392,9.0,61.0
63022013,4.0,90.0
15688344,7.0,56.0
34887454,21.0,22.0
5841449,12.0,59.0
58557443,20.0,10.0
60549443,20.0,59.0
32264120,20.0,36.0
46988577,12.0,61.0
8313011,10.0,15.0
3272169,18.0,19.0
82240431,21.0,34.0
39338848,13.0,90.0
21289273,5.0,41.0
60808664,4.0,29.0
78829784,12.0,2.0
21476093,4.0,29.0
70028506,12.0,24.0
24987563,10.0,26.0
52705572,10.0,2.0
85303766,12.0,2.0
4831471,6.0,41.0
2277097,4.0,82.0
79026455,17.0,56.0
34181097,10.0,29.0
68666806,17.0,46.0
27025884,19.0,46.0
38773221,7.0,18.0
67217621,10.0,23.0
59367225,20.0,24.0
28223752,17.0,60.0
27938420,9.0,49.0
69442213,20.0,8.0
28321779,21.0,35.0
86392454,17.0,2.0
14308666,20.0,60.0
55713459,5.0,2.0
23062907,2.0,59.0
20738610,17.0,25.0
17920267,6.0,90.0
3182869,17.0,41.0
33619774,5.0,60.0
8304767,21.0,17.0
84914356,9.0,25.0
33869195,0.0,25.0
24811616,12.0,2.0
45708429,9.0,2.0
28460944,12.0,2.0
15155754,10.0,74.0
29460796,19.0,7.0
46497773,21.0,60.0
78175354,21.0,9.0
43739190,12.0,81.0
63397906,9.0,7.0
57444064,12.0,41.0
226886,5.0,85.0
67825032,4.0,2.0
43310950,19.0,16.0
36858010,20.0,50.0
52173050,9.0,33.0
50084432,9.0,24.0
67705868,4.0,81.0
42652185,21.0,29.0
57825357,21.0,75.0
46657468,10.0,2.0
83495356,4.0,24.0
64110881,5.0,61.0
33949906,10.0,18.0
17814855,20.0,2.0
67876599,17.0,60.0
57767226,1.0,12.0
81839354,20.0,85.0
10703024,20.0,53.0
62930091,17.0,54.0
85660582,0.0,17.0
15887646,20.0,60.0
67012028,20.0,70.0
48194977,10.0,16.0
16086088,21.0,2.0
7351508,12.0,11.0
14131789,18.0,36.0
34719088,17.0,60.0
56375340,19.0,18.0
63853441,19.0,10.0
33917398,0.0,66.0
55453691,12.0,21.0
34157561,12.0,27.0
84820907,17.0,48.0
57611249,20.0,39.0
25149606,5.0,8.0
70166239,12.0,18.0
83428119,10.0,66.0
84482801,20.0,59.0
14527306,20.0,90.0
76337852,20.0,15.0
49993593,17.0,71.0
37458894,19.0,29.0
61324416,19.0,60.0
53831503,17.0,90.0
69818233,12.0,85.0
32480239,19.0,10.0
46628160,7.0,2.0
3791761,19.0,32.0
84048434,10.0,28.0
5119946,17.0,90.0
55451702,17.0,37.0
7722589,17.0,84.0
3347731,20.0,21.0
47441457,19.0,28.0
16921771,9.0,81.0
31519261,17.0,2.0
52818995,18.0,2.0
55023145,20.0,55.0
51308199,21.0,2.0
42775980,5.0,8.0
30929084,7.0,21.0
44901463,5.0,53.0
2102831,9.0,11.0
55425551,10.0,24.0
82922477,20.0,2.0
7061462,21.0,24.0
12041390,9.0,7.0
32442381,12.0,64.0
41277623,9.0,36.0
26973687,20.0,90.0
26050024,12.0,60.0
64197675,17.0,44.0
81609426,20.0,56.0
36970066,18.0,41.0
37186357,9.0,1.0
65308485,18.0,23.0
11321786,0.0,85.0
55795216,4.0,47.0
2830713,1.0,
